dz,sigma1,dm,rep,err,err_hard,err_pa,lam_pa,err_oracle,eps_hat,entropy,v_hat,lam_proxy,lam_oracle,dm_hat,dy_hat
0.75,0.3,1.5,0,22.00904822015154,16.760682750946735,19.705038722068977,0.039101896258312424,0.13677998727887297,0.8191330797348896,0.29152457996708897,0.08974762547609681,0.041993882716095235,0.04301353095418378,0.5408281617279016,13.395389135271898
0.75,0.3,1.5,1,17.955339934548498,16.003100328483402,16.613518432629473,0.20392610203249006,0.15487598389962368,0.7515044120764931,0.45244003713994063,0.147449962575091,0.2196130031109793,0.03580289423436651,0.30101479960372357,10.402252583329584
0.75,0.3,1.5,2,19.042196778881355,15.662939869533966,16.97571708699815,0.15206397478199263,0.23342290974674376,0.7430270849603792,0.49262052914113996,0.16319210111279728,0.178189577633497,0.036353086975514565,0.4465566248641415,12.093453076931013
0.75,0.3,1.5,3,21.168231437980804,16.655529960102655,19.295106264808414,0.016536609722097983,0.09787181858692978,0.7449651090999161,0.07059901287057167,0.020262521729322497,0.015502273906518718,0.03701886995464458,0.32486320602276475,14.778944264421966
0.75,0.3,1.5,4,12.511978020870247,15.357357208924181,12.181094830805295,0.034053489146893136,0.15150586114716863,1.0788118516242229,0.12114217747736186,0.038555518870806854,0.03546463938655855,0.037945182527438226,0.23548209690378252,8.12847900504682
0.75,0.3,1.5,5,22.68330244568805,17.452077302815546,19.429038796276505,0.08339415483116289,0.034810976635555525,0.726741588063709,0.5050307553287152,0.1676389807322409,0.10302773483131195,0.0380531736840784,0.43069956039572155,11.083175946827076
0.75,0.3,1.5,6,15.68727689236032,13.411721139867998,14.572040409015745,0.12592155665377003,0.09208579986653935,0.862226579084973,0.4509898325850235,0.14677980458214973,0.1322113066555423,0.03767144684937629,0.3865671940011337,10.673059123572596
0.75,0.3,1.5,7,32.81790652947462,18.459654927097276,26.08756087785447,0.010808658500432375,0.24833006407809724,0.838126436801428,0.1219661516551759,0.03131368236311051,0.008492266321532592,0.03905547836965009,0.5442118421472055,16.73341231480731
0.75,0.3,1.5,8,24.686805827925063,19.26472748010054,22.304452928210313,0.07437991477730209,0.08656339236830524,0.6768972918107218,0.3994094741802957,0.12793135337739717,0.07866610059484345,0.03742744205765998,0.4898300656372139,13.803470481621027
0.75,0.3,1.5,9,20.75553409396108,16.381680559923215,18.706545823298107,0.13735345130205193,0.23689678040424897,0.6776606753366851,0.5171321621227049,0.17230538598677872,0.1598026900285761,0.04478672100960464,0.5019986538024441,13.64895687386882
0.75,0.3,1.5,10,22.565704906120015,17.564685060856817,19.117778186240553,0.13854173543243875,0.4861391291476072,0.5764864163203075,0.39664257300309347,0.12631841159758864,0.16048820211028786,0.03545457266673306,0.6563663596311216,17.354360890911494
0.75,0.3,1.5,11,22.54189968594344,17.891741683824073,19.262337053049322,0.10889896278343954,0.12033432679358726,0.6475204209064132,0.40917074251695984,0.1309551111947082,0.12768934749956382,0.03794295696413066,0.5377647422845584,15.133895108382067
0.75,0.3,1.5,12,17.100424477787485,13.573536334446256,15.225573771122317,0.123386794615984,0.22267830993244533,0.829376049737434,0.4861194051220578,0.1591585234026552,0.12454630530226274,0.03857240718028728,0.36356135374839926,10.757056501621317
0.75,0.3,1.5,13,17.389499684646914,15.387056340362738,15.383498355307196,0.15438960616735925,0.055808360406006764,0.7510207258751336,0.41518446815249055,0.13474415440933063,0.16454156949542328,0.044754189588239734,0.4799340662153746,12.961429897830836
0.75,0.3,1.5,14,14.757346737029144,19.115230727257835,14.97752132165969,0.0026010863674858923,0.07055890548657737,1.0401732448181777,0.006316065902111981,0.002098446748631037,0.00303911013602173,0.04300805688105947,0.3591189250603213,12.749505912003393
0.75,0.3,1.5,15,16.78755365730377,14.374284360644314,15.026064367937126,0.09709098368237626,0.04137395554219109,0.760593388067419,0.36349903993437077,0.11406154161900806,0.10093148380631285,0.046072188195482554,0.4991971428499782,13.962878951492705
0.75,0.3,1.5,16,20.058821127892962,18.364163696018586,18.74010145196321,0.12006777161479205,0.06971919369229679,0.7768648093903223,0.3702189595438502,0.11811744011847594,0.12419367254489722,0.04519251355714236,0.39109481330978557,10.116719531605234
0.75,0.3,1.5,17,22.038892357259922,17.849865914316553,19.73944280066395,0.14528111910102637,0.13406393251303694,0.7026523970952648,0.48843592760451204,0.1615109212216162,0.16182828010378258,0.03682996029292141,0.3979512003464425,12.179654946943046
0.75,0.3,1.5,18,15.874021952377534,13.395659806564979,14.132829034301022,0.09860174589956713,0.09950021418909713,0.8795524163917211,0.4291497758542557,0.13939954298818885,0.09721666985688474,0.040510270455697724,0.36377306281197086,10.555013313366842
0.75,0.3,1.5,19,21.503279417465084,15.965482377260736,17.09037958970014,0.1445702658736121,0.3847948371762347,0.5717344367092708,0.40315060058358315,0.1289283039302151,0.17459452548027443,0.037663532496638875,0.6723336639864055,17.827401892934752
0.75,0.3,3.0,0,17.984114364834564,14.61950102518269,16.169357448906947,0.09195642915688619,0.13679603164614135,0.8191330797348896,0.29152457996708897,0.08974762547609681,0.10163096552623109,0.04301371556608333,1.0052904202841413,14.556544781662495
0.75,0.3,3.0,1,15.052965265742737,14.129367732956977,14.127633679172677,0.445792697283903,0.1548600724058103,0.7515044120764931,0.45244003713994063,0.147449962575091,0.5007904122959697,0.03580315703778164,0.6749172186242598,11.337008630880923
0.75,0.3,3.0,2,14.654047403717678,13.37239888595035,13.335396465592536,0.29559056920724613,0.23339901404633753,0.7430270849603792,0.49262052914113996,0.16319210111279728,0.3749754902334159,0.03635307618175085,0.8790702277261082,13.174737084085933
0.75,0.3,3.0,3,16.716507159122518,14.423991870606148,14.805162270578908,0.03822672209636429,0.09787072917062756,0.7449651090999161,0.07059901287057167,0.020262521729322497,0.037597131757452905,0.03701842769462632,0.8694906769427782,16.140512941722
0.75,0.3,3.0,4,12.521609255138305,13.925799592590373,12.039916254719563,0.06481182261223986,0.15150249304771374,1.0788118516242229,0.12114217747736186,0.038555518870806854,0.06877651211698091,0.037943851928360924,0.5340976060338556,8.87501777787201
0.75,0.3,3.0,5,17.042895466392036,15.108793531074589,15.636247733642568,0.20031333629869344,0.034796123395593306,0.726741588063709,0.5050307553287152,0.1676389807322409,0.2754772308621682,0.0380534325475461,0.8221479154828741,12.06179683454495
0.75,0.3,3.0,6,13.34651870479777,12.730141542217648,12.270876041124717,0.21322105975255679,0.09209087945494149,0.862226579084973,0.4509898325850235,0.14677980458214973,0.238329244056402,0.03767193953435473,0.7594457654366753,11.605255552161452
0.75,0.3,3.0,7,22.167834910602817,14.703145640241951,16.627073922377583,0.02920256613414503,0.24831655948843082,0.838126436801428,0.1219661516551759,0.03131368236311051,0.021821552348543067,0.03905485592958568,1.1327008128637974,18.20463474159878
0.75,0.3,3.0,8,17.6521114225536,15.353467544159427,16.010144391547755,0.18905338036204544,0.08657917991464732,0.6768972918107218,0.3994094741802957,0.12793135337739717,0.21129728563900813,0.03742743777824295,0.9743440828609646,15.014755524680403
0.75,0.3,3.0,9,15.668446721893936,13.79946627526101,13.995065101882242,0.26695797432906415,0.2368696572488516,0.6776606753366851,0.5171321621227049,0.17230538598677872,0.35263513146457304,0.0447867733737417,0.9843988568050093,14.854957381375236
0.75,0.3,3.0,10,17.22692900835892,14.637517001133386,14.887599709011928,0.3309525797679227,0.48612160727941656,0.5764864163203075,0.39664257300309347,0.12631841159758864,0.42617181655098957,0.035454566778140774,1.275143649634951,18.901304115921064
0.75,0.3,3.0,11,17.164244186021143,14.88001618322739,15.204730389813532,0.27567677586081196,0.12032657845854967,0.6475204209064132,0.40917074251695984,0.1309551111947082,0.3462082731439724,0.037942620521086046,1.0776583765122316,16.483629193951252
0.75,0.3,3.0,12,13.673193161726903,12.409915603540117,12.54075498463679,0.2171343273558689,0.22266385668477404,0.829376049737434,0.4861194051220578,0.1591585234026552,0.22784449917695093,0.038572573618693616,0.745168966701597,11.711075534004316
0.75,0.3,3.0,13,14.600202219044002,13.7303703947251,13.389843628485961,0.30187305043548507,0.05580035125242299,0.7510207258751336,0.41518446815249055,0.13474415440933063,0.3323986096928582,0.044754676512638744,0.9422666776632247,14.117261426450455
0.75,0.3,3.0,14,15.651300940123644,15.746632529618292,16.84915132230901,0.007208573762268812,0.07053443995511331,1.0401732448181777,0.006316065902111981,0.002098446748631037,0.006924501941869529,0.04300669106576436,0.8334962371409818,13.935449192205038
0.75,0.3,3.0,15,13.7705781338679,12.794773324489345,12.413430651033021,0.16963469721014696,0.041373408523373886,0.760593388067419,0.36349903993437077,0.11406154161900806,0.18158093998366054,0.0460725962427244,0.9975767982660093,15.208828090032782
0.75,0.3,3.0,16,16.619586904258092,15.586564564390768,15.82915919375609,0.31246677394984557,0.0697185520600268,0.7768648093903223,0.3702189595438502,0.11811744011847594,0.33106373523803717,0.04519273606377483,0.7462789844715725,11.004679959509701
0.75,0.3,3.0,17,16.254197201963745,14.646722246855054,14.915747434531317,0.34018336406754934,0.13406963452685536,0.7026523970952648,0.48843592760451204,0.1615109212216162,0.40454962695515084,0.03683013929225851,0.83187340378191,13.264460455531712
0.75,0.3,3.0,18,13.264797880719245,12.417837685840038,12.496815445911551,0.18927645856232633,0.09951818307411384,0.8795524163917211,0.4291497758542557,0.13939954298818885,0.18661094267568257,0.040510983894263,0.7364882247815796,11.486801218290868
0.75,0.3,3.0,19,16.993117911097528,14.019765483661498,14.393240211616328,0.3255053703443358,0.38478880142549277,0.5717344367092708,0.40315060058358315,0.1289283039302151,0.4406076089058035,0.03766468598047495,1.300600521769717,19.398069037393043
0.75,0.3,6.0,0,11.112724606866133,9.525231859749645,9.941529264678431,0.3109040378059506,0.13682797398692592,0.8191330797348896,0.29152457996708897,0.08974762547609681,0.3446850991003194,0.04301415307147795,1.9342149373966233,16.878856074443696
0.75,0.3,6.0,1,9.932999650164014,9.401724201402969,9.344316081275212,1.365488111509139,0.15482765144073973,0.7515044120764931,0.45244003713994063,0.147449962575091,1.5674776627029952,0.0358038216802875,1.422722056665334,13.206520725983601
0.75,0.3,6.0,2,9.74227091009263,9.08337533106591,8.903348607742371,0.8166320451096623,0.23335040820527644,0.7430270849603792,0.49262052914113996,0.16319210111279728,1.0887291255725537,0.03635318090573369,1.744097433450042,15.337305098395767
0.75,0.3,6.0,3,10.656151674903652,9.461368330793077,9.348169797423369,0.116745006165593,0.0978683777309521,0.7449651090999161,0.07059901287057167,0.020262521729322497,0.12055868686529543,0.03701767902916504,1.958745618782805,18.863650296322064
0.75,0.3,6.0,4,9.316450705215537,9.340603486542241,8.972491542450953,0.18978983749113237,0.15149531752947837,1.0788118516242229,0.12114217747736186,0.038555518870806854,0.20070772239952211,0.037941305151018116,1.1313286242940026,10.368095323522368
0.75,0.3,6.0,5,10.472648235783943,9.706805439789779,9.72914730953953,0.6756077423862659,0.03476638203967847,0.726741588063709,0.5050307553287152,0.1676389807322409,0.9723619801483422,0.03805404593324005,1.605044625657178,14.019038609980711
0.75,0.3,6.0,6,9.570656418061303,9.081894301519629,8.714017408987456,0.5562630048074017,0.09210102313143825,0.862226579084973,0.4509898325850235,0.14677980458214973,0.6557445392466367,0.03767306010460022,1.505202908307759,13.469648409339158
0.75,0.3,6.0,7,13.396461068918548,9.410059384756163,9.721113940518423,0.10005411166653114,0.24828899377341443,0.838126436801428,0.1219661516551759,0.03131368236311051,0.07219404763431293,0.039053702491953605,2.309678754296983,21.147079595181737
0.75,0.3,6.0,8,10.68506736201701,9.648949118300518,9.69254613271296,0.6302273935569912,0.08661054572342673,0.6768972918107218,0.3994094741802957,0.12793135337739717,0.7316740130313321,0.03742754300711886,1.9433721173084662,17.437325610799157
0.75,0.3,6.0,9,10.255177998608572,9.224630320626355,9.00375952651768,0.7193225576687222,0.23681490225341123,0.6776606753366851,0.5171321621227049,0.17230538598677872,1.0638304851774372,0.044786973769657304,1.9491992628101409,17.26695839638807
0.75,0.3,6.0,10,10.923586063250067,9.505076752442882,9.425057816451616,1.050007847391423,0.48608512057573655,0.5764864163203075,0.39664257300309347,0.12631841159758864,1.4445644166488936,0.03545466002608004,2.5126982296426075,21.995190565940206
0.75,0.3,6.0,11,10.749515358450628,9.569118484391767,9.584014741388767,0.9322357635008574,0.12031078933698588,0.6475204209064132,0.40917074251695984,0.1309551111947082,1.2071276589601432,0.03794203310154245,2.1574456449675785,19.183097365089623
0.75,0.3,6.0,12,9.725593704174283,8.810084826764319,8.729084508300355,0.569989028474412,0.22263430577828872,0.829376049737434,0.4861194051220578,0.1591585234026552,0.6284360905976107,0.03857301860588474,1.5083841926079948,13.619113598770312
0.75,0.3,6.0,13,9.942145649104948,9.311789412908258,9.171799536104407,0.8772526253836537,0.05578415618303096,0.7510207258751336,0.41518446815249055,0.13474415440933063,0.9805279436592244,0.044755735287716265,1.8669319005589236,16.428924483689702
0.75,0.3,6.0,14,10.357375653831731,9.843472096778507,10.64064786275185,0.030323600073003963,0.07048530353650466,1.0401732448181777,0.006316065902111981,0.002098446748631037,0.025387472778193254,0.04300404473817928,1.7822508613023027,16.30733575260834
0.75,0.3,6.0,15,9.922631227250175,8.941751802235787,8.601580891947378,0.4497692292182276,0.04137206258233739,0.760593388067419,0.36349903993437077,0.11406154161900806,0.49268932328916565,0.046073487980925476,1.994336109098072,17.70072636711293
0.75,0.3,6.0,16,10.305989493732106,9.80782283330013,9.863311971392772,1.1124828973097052,0.06971707544047895,0.7768648093903223,0.3702189595438502,0.11811744011847594,1.1903949153084925,0.04519326635283058,1.456647326795145,12.780600815318628
0.75,0.3,6.0,17,10.27820735880536,9.515220457958362,9.465053650924117,1.064499284933524,0.13408071573633182,0.7026523970952648,0.48843592760451204,0.1615109212216162,1.3222608938087275,0.03683059900077464,1.6997178106528468,15.434071472709043
0.75,0.3,6.0,18,9.4869642551353,8.91896022884202,8.904162291151707,0.543459124866559,0.0995542258355928,0.8795524163917211,0.4291497758542557,0.13939954298818885,0.5383196719741576,0.040512526141591065,1.4819185487207958,13.350377028138908
0.75,0.3,6.0,19,10.935710921531477,9.37485266209462,9.347969933900659,1.0147847124958405,0.3847756663956623,0.5717344367092708,0.40315060058358315,0.1289283039302151,1.4563567333732508,0.03766709759944188,2.5571342373363417,22.539403326309596
0.75,0.75,1.5,0,14.808800971214257,13.169877035478802,13.191890765540045,0.06725477572430234,0.06315642519164445,0.8191330797348896,0.29152457996708897,0.08974762547609681,0.06998230004956506,0.2688195711296355,0.5528491622193772,13.425441636500587
0.75,0.75,1.5,1,14.380027371110396,13.23226011587085,13.118555839028723,0.24499398460697958,0.06715374407196563,0.7515044120764931,0.45244003713994063,0.147449962575091,0.2598765287114457,0.22378915831309365,0.3006535772046641,10.401349527331927
0.75,0.75,1.5,2,14.954380001559175,13.078032409319256,12.842086498216522,0.181665140792136,0.09563239112637388,0.7430270849603792,0.49262052914113996,0.16319210111279728,0.20520845619644001,0.22718201962848436,0.44331427037904314,12.08534719071827
0.75,0.75,1.5,3,13.90812663561359,13.071979690102541,13.513350239069188,0.02842687531391733,0.06678850963759808,0.7449651090999161,0.07059901287057167,0.020262521729322497,0.026670812899866978,0.23136386421983796,0.3013607119356747,14.720188029204238
0.75,0.75,1.5,4,11.179236919635752,14.031503547953779,10.727973787521705,0.03713222727925877,0.08211625310414802,1.0788118516242229,0.12114217747736186,0.038555518870806854,0.03844942195491403,0.23714964079390963,0.22807625529257702,8.109964401018807
0.75,0.75,1.5,5,16.550118822347883,13.859630043357125,13.733319280173099,0.12365406215299686,0.01653110149053091,0.726741588063709,0.5050307553287152,0.1676389807322409,0.14344214830560734,0.2378123325164441,0.4461843596401289,11.121887944938088
0.75,0.75,1.5,6,12.715433295177471,11.318774888375316,11.594805443515197,0.1391455191437026,0.07982485837201085,0.862226579084973,0.4509898325850235,0.14677980458214973,0.14478918619817766,0.23541220649239358,0.39466981799399914,10.693315683554765
0.75,0.75,1.5,7,14.626475765751108,12.986940457460381,13.367988118085496,0.026213171676593882,0.10276056745736997,0.838126436801428,0.1219661516551759,0.03131368236311051,0.0205504126052555,0.2440958223055274,0.5442672839901452,16.733550919414647
0.75,0.75,1.5,8,17.239346564473543,14.494627401611854,15.371845661160311,0.1070980564053508,0.0403994641459684,0.6768972918107218,0.3994094741802957,0.12793135337739717,0.11260051011824118,0.23387389842283965,0.49678721763716815,13.820863361620912
0.75,0.75,1.5,9,15.493424130381625,13.30361959665374,13.118723622631487,0.18327136750125314,0.0949040470731158,0.6776606753366851,0.5171321621227049,0.17230538598677872,0.2078111261498168,0.2799031852639336,0.5142818798045283,13.679664938874033
0.75,0.75,1.5,10,15.88109592827037,13.158166181708834,12.955998732304822,0.21004794958043982,0.19744494055896145,0.5764864163203075,0.39664257300309347,0.12631841159758864,0.22915756830207323,0.2215933143048228,0.6463539431446419,17.32932984969529
0.75,0.75,1.5,11,15.924517715261938,13.55700565967772,13.248069249151701,0.17758716640633893,0.05110921302785175,0.6475204209064132,0.40917074251695984,0.1309551111947082,0.1966169164599218,0.23712327133576783,0.5438317473047429,15.14906262093254
0.75,0.75,1.5,12,13.395036989778763,11.288244543217214,11.72411623593652,0.13691242829398362,0.0987402776506071,0.829376049737434,0.4861194051220578,0.1591585234026552,0.13707586543891667,0.24108765969327636,0.3741528453043723,10.783535230511248
0.75,0.75,1.5,13,13.752531096519965,12.634182341857647,12.04842145080661,0.1767417401456383,0.034088604556398464,0.7510207258751336,0.41518446815249055,0.13474415440933063,0.1851701380987437,0.2796818273169084,0.48593874890080846,12.97644160454442
0.75,0.75,1.5,14,12.10805789799541,17.661335901080434,12.271743512892312,0.0025187357651268354,0.03898259245044429,1.0401732448181777,0.006316065902111981,0.002098446748631037,0.0028704561713135983,0.26876047960806476,0.38354668117771595,12.810575302296876
0.75,0.75,1.5,15,13.013893208106097,11.867364916656305,11.305621561272341,0.11242678859238805,0.040263817238872665,0.760593388067419,0.36349903993437077,0.11406154161900806,0.11455828237758053,0.2878989780750509,0.4873279570344402,13.933205986953865
0.75,0.75,1.5,16,14.982202926901788,14.167667456857671,13.979535484185527,0.1720507012805634,0.06002341247170962,0.7768648093903223,0.3702189595438502,0.11811744011847594,0.17550093524614854,0.2824480897691915,0.387919819627339,10.108782047399117
0.75,0.75,1.5,17,16.746840336176632,14.420808766194723,14.5441702805835,0.19280233713065897,0.09396344878920969,0.7026523970952648,0.48843592760451204,0.1615109212216162,0.2079966653481916,0.23015888346009453,0.401568363124853,12.188697853889067
0.75,0.75,1.5,18,12.527916366130976,11.059279373596452,11.163583678337659,0.10817117738161883,0.09205423527949781,0.8795524163917211,0.4291497758542557,0.13939954298818885,0.10553128154225663,0.25316868284542254,0.3605106159761986,10.546857196277415
0.75,0.75,1.5,19,14.829777020617872,12.043329690291044,11.352515459395697,0.22429663900161556,0.1541577081567005,0.5717344367092708,0.40315060058358315,0.1289283039302151,0.25018919151247154,0.23536686536629664,0.6560985282903511,17.786814053694627
0.75,0.75,3.0,0,14.912522874725427,12.935061196067943,13.422623595871942,0.12058870423336071,0.06316021540650411,0.8191330797348896,0.29152457996708897,0.08974762547609681,0.13059843545797992,0.2688199661166855,1.0173114207756173,14.586597282891177
0.75,0.75,3.0,1,14.034553533770413,13.23332177371026,13.088801973005383,0.4729043709928389,0.06715163522347256,0.7515044120764931,0.45244003713994063,0.147449962575091,0.5269780981296615,0.22378970122340305,0.6745559962252012,11.33610557488327
0.75,0.75,3.0,2,13.646816381773839,12.540324438970606,12.229863110773826,0.3172959345460562,0.09562880956719798,0.7430270849603792,0.49262052914113996,0.16319210111279728,0.39369969903544566,0.22718187634246742,0.8758278732410103,13.16663119787318
0.75,0.75,3.0,3,13.813052916350347,12.734484663261803,12.675784486846965,0.05129998781784141,0.06678939979918752,0.7449651090999161,0.07059901287057167,0.020262521729322497,0.049032460609439894,0.23136260408248419,0.8459881828556877,16.08175670650428
0.75,0.75,3.0,4,12.0681873340512,13.259028949281433,11.61326259209347,0.06864119627752543,0.08211556901319317,1.0788118516242229,0.12114217747736186,0.038555518870806854,0.07250280759854368,0.23714622568203983,0.526691764422651,8.856503173843983
0.75,0.75,3.0,5,15.266427474350738,13.764276040743043,13.713012628782078,0.23921494548356453,0.016528636600882295,0.726741588063709,0.5050307553287152,0.1676389807322409,0.31475140886935576,0.23781294768712768,0.8376327147272811,12.100508832655969
0.75,0.75,3.0,6,12.531477659225839,11.933550980136946,11.410269623342403,0.22406714981335976,0.07982605751398753,0.862226579084973,0.4509898325850235,0.14677980458214973,0.24826328095950345,0.23541334082256193,0.7675483894295412,11.625512112143618
0.75,0.75,3.0,7,15.209939425706219,12.413978988379675,12.641058834242392,0.046014400846191295,0.10275898447038413,0.838126436801428,0.1219661516551759,0.03131368236311051,0.033908844870150424,0.2440941924675443,1.1327562547067362,18.20477334620613
0.75,0.75,3.0,8,15.513239700203677,13.760949159001557,13.974605311913832,0.21958896700561992,0.04040301344298418,0.6768972918107218,0.3994094741802957,0.12793135337739717,0.24348139292564752,0.23387381968653442,0.9813012348609194,15.032148404680289
0.75,0.75,3.0,9,14.16919923308857,12.618470117287966,12.257588186712935,0.3100882237574121,0.09489963953999836,0.6776606753366851,0.5171321621227049,0.17230538598677872,0.4005692876266965,0.2799032222556646,0.9966820828070935,14.885665446380447
0.75,0.75,3.0,10,15.292382320019941,13.181674725395771,12.913035605538228,0.3931069102687518,0.19744260017814452,0.5764864163203075,0.39664257300309347,0.12631841159758864,0.48361675265625936,0.2215932529259654,1.2651312331484696,18.876273074704866
0.75,0.75,3.0,11,15.144561447421435,13.31998161875798,13.195708933145852,0.34499470729282816,0.05110808274287681,0.6475204209064132,0.40917074251695984,0.1309551111947082,0.41706470545716373,0.2371223425967681,1.0837253815324166,16.498796706501714
0.75,0.75,3.0,12,12.82699471175009,11.589741559975321,11.592492692297135,0.22674268264078834,0.09873864814327582,0.829376049737434,0.4861194051220578,0.1591585234026552,0.23634811307757758,0.24108797999893142,0.7557604582575714,11.73755426289425
0.75,0.75,3.0,13,13.606525449664147,12.804150819643612,12.426603465634043,0.3198576508653571,0.03408607672740524,0.7510207258751336,0.41518446815249055,0.13474415440933063,0.3483601588759572,0.27968298337164743,0.9482713603486577,14.132273133164041
0.75,0.75,3.0,14,15.248947603828054,15.705154229788482,16.613944906746912,0.006501139988273203,0.03898308063270485,1.0401732448181777,0.006316065902111981,0.002098446748631037,0.0061248808997138564,0.26875697209113375,0.8579239932583755,13.996518582498531
0.75,0.75,3.0,15,12.88107861959759,11.901227468615016,11.446336948705067,0.18597572643155655,0.040259691908350555,0.760593388067419,0.36349903993437077,0.11406154161900806,0.1958565206906766,0.2878999055024957,0.9857076124504713,15.179155125493942
0.75,0.75,3.0,16,14.846966965503222,14.07619434082428,14.105651206364007,0.36232189636222967,0.060023223681334656,0.7768648093903223,0.3702189595438502,0.11811744011847594,0.3796476530389927,0.2824485602138662,0.743103990789125,10.996742475303591
0.75,0.75,3.0,17,14.92138626910461,13.575549910402213,13.497791608029093,0.38290060977196394,0.09396240475341949,0.7026523970952648,0.48843592760451204,0.1615109212216162,0.4454059848929032,0.2301592533047275,0.8354905665603201,13.273503362477737
0.75,0.75,3.0,18,12.553850038054494,11.658821792114107,11.792343661542224,0.1965134714772662,0.09205550724031049,0.8795524163917211,0.4291497758542557,0.13939954298818885,0.19218792474823476,0.2531703388188189,0.7332257779458065,11.47864510120144
0.75,0.75,3.0,19,15.03485339508779,12.72000615910177,12.384231489399438,0.3936448197474882,0.15415690801597545,0.5717344367092708,0.40315060058358315,0.1289283039302151,0.5009369511441211,0.23536963283693968,1.284365386073664,19.3574811981529
0.75,0.75,6.0,0,10.507151474048815,9.152609750798954,9.432929003544345,0.3407161777448767,0.06316790904745087,0.8191330797348896,0.29152457996708897,0.08974762547609681,0.3757093795370261,0.2688208243723811,1.9462359378880985,16.908908575672392
0.75,0.75,6.0,1,9.795843138081228,9.25640175500186,9.205997820816094,1.37771719518055,0.06714734241582505,0.7515044120764931,0.45244003713994063,0.147449962575091,1.5792699535497516,0.22379092607969728,1.422360834266275,13.205617669985951
0.75,0.75,6.0,2,9.603675338455453,8.927175590664927,8.763672305916709,0.8334110492754429,0.09562156922464753,0.7430270849603792,0.49262052914113996,0.16319210111279728,1.102464031374249,0.22718171608194382,1.7408550789649437,15.32919921218302
0.75,0.75,6.0,3,9.987214321584501,9.027686544442446,8.876816341210464,0.1322044479874634,0.0667912534475115,0.7449651090999161,0.07059901287057167,0.020262521729322497,0.13253739399776873,0.23136021966235182,1.935243124695714,18.80489406110435
0.75,0.75,6.0,4,9.185876643380716,9.157711316689237,8.851702766721678,0.19521864444222947,0.08211408185371968,1.0788118516242229,0.12114217747736186,0.038555518870806854,0.20601293991876504,0.23713950987911184,1.123922782682798,10.349580719494348
0.75,0.75,6.0,5,10.192585816391961,9.461434137163087,9.431297822270622,0.7145068221701646,0.016523795295453354,0.726741588063709,0.5050307553287152,0.1676389807322409,1.012531264057027,0.23781427368725333,1.6205294249015836,14.05775060809173
0.75,0.75,6.0,6,9.45380966836946,8.961947415773704,8.597459653961995,0.5658305641582257,0.07982854704409473,0.862226579084973,0.4509898325850235,0.14677980458214973,0.6637917280444066,0.23541574468318743,1.5133055323006248,13.489904969321323
0.75,0.75,6.0,7,11.833800485217461,8.805499660099512,8.92163478066994,0.11972303518854216,0.10275582727868578,0.838126436801428,0.1219661516551759,0.03131368236311051,0.08435002239721395,0.2440910242340748,2.3097341961399227,21.1472181997891
0.75,0.75,6.0,8,10.332302057609194,9.363637377769301,9.364947937435845,0.6583635563098422,0.0404101753942935,0.6768972918107218,0.3994094741802957,0.12793135337739717,0.7619396961448105,0.23387377600163403,1.9503292693084209,17.454718490799046
0.75,0.75,6.0,9,9.967723970378753,8.943331428490366,8.704555646459031,0.7701530014263896,0.0948907841376552,0.6776606753366851,0.5171321621227049,0.17230538598677872,1.1235524825893513,0.27990339190676833,1.9614824888122242,17.297666461393277
0.75,0.75,6.0,10,10.607419776332321,9.247029579557537,9.11522418618277,1.1032845600195451,0.1974378011967155,0.5764864163203075,0.39664257300309347,0.12631841159758864,1.4886912759199953,0.22159323519337448,2.502685813156127,21.970159524724004
0.75,0.75,6.0,11,10.39995919744548,9.271018987585,9.240527539711122,1.0062868938656944,0.05110574088845176,0.6475204209064132,0.40917074251695984,0.1309551111947082,1.2851136969792687,0.2371205705853142,2.163512649987764,19.198264877640085
0.75,0.75,6.0,12,9.66343485677696,8.678144740214435,8.641385417602478,0.576780151352146,0.09873529411614897,0.829376049737434,0.4861194051220578,0.1591585234026552,0.6337695823288141,0.24108873272062017,1.5189756841639688,13.645592327660239
0.75,0.75,6.0,13,9.78722360140892,9.162284579134514,9.033624845901471,0.8926183854555609,0.03408085667950324,0.7510207258751336,0.41518446815249055,0.13474415440933063,0.9936920705081381,0.27968538040740537,1.8729365832443574,16.44393619040328
0.75,0.75,6.0,14,10.461249569501028,9.943428137703018,10.7410248230014,0.028366187348153906,0.03898388091891076,1.0401732448181777,0.006316065902111981,0.002098446748631037,0.02332601242796322,0.2687500423602769,1.8066786174196965,16.36840514290182
0.75,0.75,6.0,15,9.736661323676813,8.727474234967282,8.452863827524013,0.47096453960964324,0.040251169654667414,0.760593388067419,0.36349903993437077,0.11406154161900806,0.5108579878737853,0.2879018360011029,1.9824669232825336,17.671053402574085
0.75,0.75,6.0,16,10.021103590630666,9.55650354102533,9.586352168799053,1.1590984955114048,0.06002266737990048,0.7768648093903223,0.3702189595438502,0.11811744011847594,1.234377386662783,0.2824495863790064,1.4534723331126989,12.772663331112511
0.75,0.75,6.0,17,10.078350728569488,9.32905653557459,9.254033487521532,1.1076931834678352,0.09396016646986498,0.7026523970952648,0.48843592760451204,0.1615109212216162,1.3629783364449974,0.23016009470383542,1.7033349734312564,15.443114379655086
0.75,0.75,6.0,18,9.4360741821332,8.83455175571864,8.843877625158362,0.5484152637067805,0.09205816909506881,0.8795524163917211,0.4291497758542557,0.13939954298818885,0.5407581872670767,0.25317376613580916,1.478656101885023,13.342220911049484
0.75,0.75,6.0,19,10.655054261884308,9.171117025165872,9.061870839847566,1.0702948401757038,0.15415524862288582,0.5717344367092708,0.40315060058358315,0.1289283039302151,1.4988669702042436,0.2353752724295206,2.5408991016402886,22.498815487069464
0.75,1.5,1.5,0,9.098529572349856,8.579884268725774,8.327978052659265,0.1645753266258031,0.04340599227767396,0.8191330797348896,0.29152457996708897,0.08974762547609681,0.16584095153144562,0.5217883567350334,0.5728841630385046,13.475529138548403
0.75,1.5,1.5,1,9.260432062102677,8.80791095595037,8.324286167633396,0.36342522905453367,0.04156432558246313,0.7515044120764931,0.45244003713994063,0.147449962575091,0.37672269915708406,0.618424597353921,0.30005153987289823,10.399844434002514
0.75,1.5,1.5,2,9.44740408296589,8.704772026788598,8.01963951086003,0.2610472485725144,0.05155234622814751,0.7430270849603792,0.49262052914113996,0.16319210111279728,0.2803369207576048,0.5831114061257783,0.43791034623721314,12.071837380363696
0.75,1.5,1.5,3,8.267022398958385,8.602001488743019,8.29418635908945,0.06919264674946449,0.061057941714460266,0.7449651090999161,0.07059901287057167,0.020262521729322497,0.06594599627333333,0.6274119619492831,0.2621898884571907,14.62226097050803
0.75,1.5,1.5,4,9.234074989718113,11.29317787626755,8.676269554179322,0.04681979564302457,0.0665620661869627,1.0788118516242229,0.12114217747736186,0.038555518870806854,0.04797327102056115,0.5811602189721935,0.215733185940568,8.07910672763878
0.75,1.5,1.5,5,10.200603516898479,9.070570061961932,8.751898613480893,0.24756833375852605,0.011805498453731375,0.726741588063709,0.5050307553287152,0.1676389807322409,0.2667091701919947,0.5598724377783,0.47199235838080655,11.186407941789781
0.75,1.5,1.5,6,8.42371849850346,7.53595558537987,7.482968926174687,0.17917068581191692,0.07790322468030894,0.862226579084973,0.4509898325850235,0.14677980458214973,0.1837252490334487,0.6156336479922426,0.40817419131544197,10.727076616858366
0.75,1.5,1.5,7,8.392018135023276,8.575470525843082,8.173393119008326,0.07746092651496796,0.05702702971306684,0.838126436801428,0.1219661516551759,0.03131368236311051,0.06275938802849246,0.5829741489929877,0.5443596870617111,16.733781927093574
0.75,1.5,1.5,8,10.177465478532545,9.292022328587427,8.792974438438398,0.218410828309701,0.028194879711598335,0.6768972918107218,0.3994094741802957,0.12793135337739717,0.22730049510565425,0.5420966837517925,0.5083824709704254,13.849851494954063
0.75,1.5,1.5,9,10.26451774690684,9.040161101082905,8.20355942033771,0.30314600030207933,0.04762805370419334,0.6776606753366851,0.5171321621227049,0.17230538598677872,0.3299052598966712,0.5497471946038055,0.5347539231413356,13.73084504721605
0.75,1.5,1.5,10,9.789367158830501,8.558026530686075,7.931136366330923,0.41407917208431844,0.10374807996064792,0.5764864163203075,0.39664257300309347,0.12631841159758864,0.43482265412881355,0.5644172768981661,0.6296665823338423,17.287611447668297
0.75,1.5,1.5,11,10.315969679815208,9.249003469064242,8.978348262139727,0.39079497919496625,0.030345967162901253,0.6475204209064132,0.40917074251695984,0.1309551111947082,0.4088502365002841,0.5635321511536515,0.5539434223383859,15.17434180851664
0.75,1.5,1.5,12,8.535190275714982,7.351022658627754,7.410235339828762,0.1723280988309599,0.06379828694786469,0.829376049737434,0.4861194051220578,0.1591585234026552,0.1709426302112984,0.6047024829794075,0.3918053312309957,10.827666445327807
0.75,1.5,1.5,13,9.818752119129526,8.511959485220574,8.698994479527256,0.23458944038711627,0.02969913103871674,0.7510207258751336,0.41518446815249055,0.13474415440933063,0.241828225730158,0.5365327237041515,0.49594655337653215,13.001461115733733
0.75,1.5,1.5,14,7.413608179637575,13.98388153236917,7.4851836771770515,0.0027688906995954566,0.03201773507148663,1.0401732448181777,0.006316065902111981,0.002098446748631037,0.003054798256920205,0.5210523234772828,0.42425960804003804,12.912357619452685
0.75,1.5,1.5,15,9.016862343079113,7.853674387984267,7.905752976016113,0.154081500924086,0.04011298057797174,0.760593388067419,0.36349903993437077,0.11406154161900806,0.15363552887782117,0.5067163092635332,0.4675459806752098,13.883751046055792
0.75,1.5,1.5,16,9.163041036308826,8.779056922589032,8.620563250579181,0.35317995955471276,0.0584989684691782,0.7768648093903223,0.3702189595438502,0.11811744011847594,0.3549516728828355,0.5532197560189481,0.3826281634899269,10.095552907055591
0.75,1.5,1.5,17,10.363604816722765,9.316669702470229,8.927177554355938,0.32701171626589964,0.08678351981490987,0.7026523970952648,0.48843592760451204,0.1615109212216162,0.33822215909242226,0.5298440519431891,0.4075969677555351,12.203769365465767
0.75,1.5,1.5,18,8.016678753222257,6.960180809432253,7.606195342875521,0.1367337993781661,0.09094512198698326,0.8795524163917211,0.4291497758542557,0.13939954298818885,0.1318294196200198,0.5726904571103834,0.35507320458324276,10.533263667795026
0.75,1.5,1.5,19,8.836961947168072,7.5423169029439405,7.093498361396822,0.43419966981221725,0.0775775551498489,0.5717344367092708,0.40315060058358315,0.1289283039302151,0.45285535680013567,0.6069885552312013,0.629039968796929,17.71916765496106
0.75,1.5,3.0,0,10.62141429661236,9.927697098107851,9.782655321892943,0.21975879732798703,0.043408796728273795,0.8191330797348896,0.29152457996708897,0.08974762547609681,0.22928049109115423,0.5217893316986645,1.0373464215947439,14.636684784938993
0.75,1.5,3.0,1,11.545098984689002,10.883916461322094,10.653742409601225,0.5739685502375579,0.04156422107679892,0.7515044120764931,0.45244003713994063,0.147449962575091,0.625870534655712,0.6184237704258303,0.6739539588934353,11.334600481553856
0.75,1.5,3.0,2,11.290662348587986,10.3498595356067,9.988960670790773,0.3896766420068106,0.05155170695145992,0.7430270849603792,0.49262052914113996,0.16319210111279728,0.45939781429099225,0.583110963333307,0.8704239490991803,13.153121387518606
0.75,1.5,3.0,3,9.894413854197156,9.912656673092783,9.592424058283147,0.09407333810365039,0.06105906806217473,0.7449651090999161,0.07059901287057167,0.020262521729322497,0.08880654028418838,0.6274130605005919,0.8068173593772041,15.983829647808072
0.75,1.5,3.0,4,10.911934401294834,11.569570280507651,10.511541800277753,0.07959747133480835,0.06656161486978845,1.0788118516242229,0.12114217747736186,0.038555518870806854,0.08327009143301453,0.5811600505974529,0.5143486950706411,8.82564550046396
0.75,1.5,3.0,5,11.945911542898097,10.888738156269408,10.68234514183362,0.365000990289599,0.011804458714359126,0.726741588063709,0.5050307553287152,0.1676389807322409,0.43995139044759113,0.5598722619932346,0.8634407134679583,12.165028829507662
0.75,1.5,3.0,6,10.685047850245077,9.91157810226865,9.583942046385758,0.26166389128343215,0.07790416549427527,0.862226579084973,0.4509898325850235,0.14677980458214973,0.28403547404528984,0.6156343104818105,0.7810527627509836,11.659273045447225
0.75,1.5,3.0,7,9.70360789279747,9.651197597073708,9.284303855120156,0.09977979595172118,0.05702748017999587,0.838126436801428,0.1219661516551759,0.03131368236311051,0.07636624287801809,0.582974214753107,1.132848657778304,18.205004353885045
0.75,1.5,3.0,8,11.631682675393067,10.630852776702474,10.359272219129354,0.32909781349558875,0.028197359808776676,0.6768972918107218,0.3994094741802957,0.12793135337739717,0.3577500393471956,0.5420981063402748,0.9928964881941771,15.061136538013436
0.75,1.5,3.0,9,11.478049968048653,10.105292209695117,9.487992551795585,0.4343818209631859,0.04762676490202746,0.6776606753366851,0.5171321621227049,0.17230538598677872,0.5318989885173622,0.5497488395776902,1.0171541261439008,14.936845554722467
0.75,1.5,3.0,10,11.792701856008529,10.33648465490566,9.856349768434109,0.589680364368962,0.10374820543247655,0.5764864163203075,0.39664257300309347,0.12631841159758864,0.6794098941184447,0.5644164644685649,1.24844387233767,18.834554672677868
0.75,1.5,3.0,11,11.760223477579412,10.517241686014344,10.299335531222818,0.5687698954439073,0.030345760863061084,0.6475204209064132,0.40917074251695984,0.1309551111947082,0.6421120526493002,0.5635321027233234,1.0938370565660591,16.524075894085815
0.75,1.5,3.0,12,11.074376497868233,9.542894421879568,9.784109898802388,0.25857531887094337,0.06379858683740632,0.829376049737434,0.4861194051220578,0.1591585234026552,0.26573738676755765,0.604701797667644,0.7734129441841935,11.781685477710806
0.75,1.5,3.0,13,11.642793095371852,10.642939100348505,10.672967417303056,0.377001787198949,0.0296969545261277,0.7510207258751336,0.41518446815249055,0.13474415440933063,0.40245531388033573,0.5365327363119615,0.9582791648243809,14.157292644353355
0.75,1.5,3.0,14,14.02511969764846,15.432505066667773,15.748843127229414,0.005709514242176753,0.032021585107956864,1.0401732448181777,0.006316065902111981,0.002098446748631037,0.005257565486303813,0.5210505896232291,0.8986369201206981,14.098300899654326
0.75,1.5,3.0,15,11.005642649659428,9.669220819268427,9.639669741896926,0.23133901587592196,0.04010863280292797,0.760593388067419,0.36349903993437077,0.11406154161900806,0.23737144367866003,0.5067190288893864,0.9659256360912409,15.129700184595862
0.75,1.5,3.0,16,11.19544387062669,10.786402077343967,10.623701132626904,0.5422832943940069,0.05849880879017468,0.7768648093903223,0.3702189595438502,0.11811744011847594,0.5571052406117369,0.5532194925075866,0.7378123346517143,10.983513334960051
0.75,1.5,3.0,17,12.03938578462742,10.997319306340927,10.692882190540045,0.5151901827600356,0.08678179039834136,0.7026523970952648,0.48843592760451204,0.1615109212216162,0.5720338298308215,0.5298441367953495,0.8415191711910035,13.288574874054447
0.75,1.5,3.0,18,10.836482537121377,9.653498495874821,10.239854544414573,0.22261559807722087,0.09094530958653077,0.8795524163917211,0.4291497758542557,0.13939954298818885,0.21486478899301087,0.5726904662207258,0.7277883665528515,11.465051572719048
0.75,1.5,3.0,19,11.570457252939082,9.978859291856914,9.55281601882671,0.6009202025153279,0.077577525194371,0.5717344367092708,0.40315060058358315,0.1289283039302151,0.692315598400222,0.6069894052237669,1.2573068265802405,19.28983479941935
0.75,1.5,6.0,0,9.038542208488272,8.180917886393667,8.221725665906648,0.44255737500856024,0.04341458580059817,0.8191330797348896,0.29152457996708897,0.08974762547609681,0.47867599449472314,0.5217913511513087,1.9662709387072264,16.958996077720215
0.75,1.5,6.0,1,9.297263489202253,8.74069042060914,8.71495783443551,1.4558364752691417,0.041563942508768145,0.7515044120764931,0.45244003713994063,0.147449962575091,1.6554977473545254,0.6184221503648457,1.4217587969345096,13.204112576656541
0.75,1.5,6.0,2,9.136446055733499,8.4095713424591,8.326297642836678,0.8994040503173724,0.05155037256823216,0.7430270849603792,0.49262052914113996,0.16319210111279728,1.1602038772143086,0.5831101159463132,1.7354511548231142,15.315689401828447
0.75,1.5,6.0,3,8.530266287128123,8.074687125066903,7.8738843416375985,0.1789960824207241,0.06106140974738416,0.7449651090999161,0.07059901287057167,0.020262521729322497,0.17326986213881918,0.6274152919877083,1.89607230121723,18.706967002408135
0.75,1.5,6.0,4,8.84141722483539,8.689723350192525,8.53036103203848,0.20882809688705328,0.06656058644335253,1.0788118516242229,0.12114217747736186,0.038555518870806854,0.21939337190036542,0.5811597577791485,1.111579713330789,10.318723046114332
0.75,1.5,6.0,5,9.420369405471275,8.743232046820237,8.675009159798003,0.8435397987448087,0.011802508617565799,0.726741588063709,0.5050307553287152,0.1676389807322409,1.14226929641818,0.5598719610509958,1.6463374236422617,14.122270604943424
0.75,1.5,6.0,6,9.078764354095526,8.525075533453242,8.240304811021435,0.6016446845213549,0.07790614338727388,0.862226579084973,0.4509898325850235,0.14677980458214973,0.696596662510489,0.6156356712608501,1.5268099056220668,13.523665902624938
0.75,1.5,6.0,7,8.9109338399525,7.790172936935211,7.6324342171002275,0.17841129186800242,0.05702845696848524,0.838126436801428,0.1219661516551759,0.03131368236311051,0.12707206388727166,0.5829744001568916,2.3098265992114877,21.147449207468007
0.75,1.5,6.0,8,9.350487219155204,8.543478151592259,8.462847015826185,0.7651272052544221,0.02820242889832656,0.6768972918107218,0.3994094741802957,0.12793135337739717,0.8747115661779994,0.5421009943738613,1.961924522641679,17.483706624132196
0.75,1.5,6.0,9,9.257942728273582,8.214659380128023,7.975371549420343,0.9096714183707947,0.047624167385882994,0.6776606753366851,0.5171321621227049,0.17230538598677872,1.2783218460905605,0.5497521819308977,1.9819545321490324,17.348846569735286
0.75,1.5,6.0,10,9.738008739283492,8.51597417374361,8.337255976477094,1.29130765304501,0.10374839250220644,0.5764864163203075,0.39664257300309347,0.12631841159758864,1.6673401307130717,0.5644148870735021,2.4859984523453273,21.92844112269701
0.75,1.5,6.0,11,9.480626587038138,8.483070529253649,8.401228103034068,1.2436391853583062,0.03034523648969245,0.6475204209064132,0.40917074251695984,0.1309551111947082,1.5279342079673328,0.5635320621415162,2.1736243250214065,19.223544065224196
0.75,1.5,6.0,12,9.420748314280369,8.226505122121408,8.365202148089844,0.6050947766570173,0.06379909115341573,0.829376049737434,0.4861194051220578,0.1591585234026552,0.6585446372335879,0.6047004693999848,1.53662817009059,13.689723542476806
0.75,1.5,6.0,13,9.349150017077806,8.679874336993892,8.64995390074539,0.9486445672906575,0.0296924163853445,0.7510207258751336,0.41518446815249055,0.13474415440933063,1.0446528267427722,0.5365328205350949,1.8829443877200793,16.46895570159259
0.75,1.5,6.0,14,10.568850817735932,10.040987639146493,10.843210030361549,0.025491254647912798,0.03202907400314714,1.0401732448181777,0.006316065902111981,0.002098446748631037,0.020355575010725494,0.5210471895650357,1.8473915442820177,16.470187460057634
0.75,1.5,6.0,15,9.270347082525397,8.116640158700712,8.053524912034257,0.5246914150525437,0.040099664203366664,0.760593388067419,0.36349903993437077,0.11406154161900806,0.5588245148507217,0.5067245455820174,1.9626849469233036,17.62159846167602
0.75,1.5,6.0,16,9.137855934391087,8.765165113484422,8.732673550071357,1.3346440738788399,0.0584983072202625,0.7768648093903223,0.3702189595438502,0.11811744011847594,1.4054019460555645,0.5532190217134082,1.4481806769752872,12.759434190768985
0.75,1.5,6.0,17,9.465096545858419,8.737269277806309,8.631425809140094,1.2434818719287088,0.08677817705397778,0.7026523970952648,0.48843592760451204,0.1615109212216162,1.4918125699898965,0.5298443523115756,1.7093635780619394,15.458185891231778
0.75,1.5,6.0,18,9.173241213226298,8.468487408240014,8.586153358076997,0.5712469449510507,0.09094580404501275,0.8795524163917211,0.4291497758542557,0.13939954298818885,0.5584149617587187,0.572690525765104,1.473218690492068,13.328627382567085
0.75,1.5,6.0,19,9.828367728171807,8.5043135835538,8.334755767414945,1.2708478352633166,0.0775774748222333,0.5717344367092708,0.40315060058358315,0.1289283039302151,1.6720336700677605,0.6069911526469569,2.5138405421468657,22.431169088335906
1.25,0.3,1.5,0,22.208915065717203,15.824134264757454,17.985251072337448,0.12105247503458566,0.13677998727887297,0.5172346233197829,0.3935475937291959,0.1257719770456858,0.1505340173569153,0.04301353095418378,0.7630857150492432,20.599405011629848
1.25,0.3,1.5,1,22.432124567873238,15.591056778251627,17.627824482858575,0.1732477000028405,0.15487598389962368,0.4725971532602915,0.3469577468989705,0.10824007845248933,0.20565815077175392,0.03580289423436651,0.7135863232855875,21.520506038948685
1.25,0.3,1.5,2,23.22031799184412,16.189047881426887,17.767708111912473,0.14706428173086966,0.23342290974674376,0.4839563740805507,0.3678510001026262,0.11610608751073831,0.1957257594393307,0.036353086975514565,0.7542558644986581,20.983073912658902
1.25,0.3,1.5,3,24.21781064175649,16.447440624234957,18.070863957537085,0.12951602781285926,0.09787181858692978,0.5059099248035197,0.3943722997257922,0.1257691131419854,0.16004448600556062,0.03701886995464458,0.6407979337963918,19.876742532661087
1.25,0.3,1.5,4,29.722709913248803,17.913178210077856,23.345069139051276,0.07914648601158349,0.15150586114716863,0.5070295076727075,0.4101607697511025,0.13114811059155293,0.11019534872295961,0.037945182527438226,0.714304381486853,20.27293096556524
1.25,0.3,1.5,5,25.96878254098342,16.186836802989284,18.294658695270353,0.08589212500367947,0.034810976635555525,0.48546298730440585,0.3837349176866707,0.12211384278821219,0.11447639316508443,0.0380531736840784,0.8189880285694606,21.676012706716843
1.25,0.3,1.5,6,22.331069106025936,15.119708185431953,17.479149159582068,0.16317993551918525,0.09208579986653935,0.5228475022026011,0.39794627321227877,0.12713816959295013,0.20236828460371803,0.03767144684937629,0.7223677720423662,20.047467665185184
1.25,0.3,1.5,7,24.231471700114334,15.852937522775985,18.656489216843337,0.13094417816153425,0.24833006407809724,0.48563319678415173,0.3874566951951253,0.12253374634363415,0.1613177221319583,0.03905547836965009,0.6259402868557968,21.34595349988772
1.25,0.3,1.5,8,24.593506493228617,16.877343530768407,18.966710664670067,0.10784985296862569,0.08656339236830524,0.4508363472318804,0.32222211101582093,0.09988279532133582,0.12195981618763645,0.03742744205765998,0.8570294595789658,23.319861430710127
1.25,0.3,1.5,9,23.54567157078817,15.290669236297704,18.2264262664324,0.12923323813761692,0.23689678040424897,0.43028248003119945,0.3532516244330532,0.11106543641730676,0.16398370638911455,0.04478672100960464,0.9000806614689347,24.007442345139687
1.25,0.3,1.5,10,24.39727204597303,16.027610750935846,18.112949496807673,0.12187975407480264,0.4861391291476072,0.37973086848082904,0.29648045053711475,0.09169072672598404,0.1461459402442331,0.03545457266673306,0.9728012001127695,25.917542905470007
1.25,0.3,1.5,11,23.95495649112864,16.535192376374646,18.16720203920812,0.12089100839237742,0.12033432679358726,0.4445987760416824,0.31615492192581274,0.09782253096428226,0.14437432852565155,0.03794295696413066,0.82775505417812,23.422385247062863
1.25,0.3,1.5,12,23.068326098079567,15.382275812479474,17.873106612765977,0.144077685073053,0.22267830993244533,0.47721409338201304,0.38226209844636666,0.12137231907457273,0.17554848436256565,0.03857240718028728,0.710980266126148,21.587824701513952
1.25,0.3,1.5,13,20.590644656737087,15.254242961810998,16.0652006432069,0.19897794738606828,0.055808360406006764,0.480175976032943,0.3345219558457581,0.10445316969240014,0.23291598358182414,0.044754189588239734,0.8072059782275174,22.1975560579059
1.25,0.3,1.5,14,22.73097855957611,15.647226839938913,17.169617890210645,0.13064188211949895,0.07055890548657737,0.4729482275673278,0.3557701751079058,0.11132817438940715,0.15756444688794183,0.04300805688105947,0.6986534731306175,22.14137948518311
1.25,0.3,1.5,15,20.758971705837418,14.855676815355228,15.905724249879203,0.17996929644493215,0.04137395554219109,0.5018995609993626,0.342134963132708,0.10709807011011338,0.2100655125891598,0.046072188195482554,0.8044666948409622,22.410492033140784
1.25,0.3,1.5,16,21.73099500561991,14.493934506727523,16.434083902310444,0.13980259093720326,0.06971919369229679,0.4909817959108136,0.3865837775682225,0.1228742567297369,0.17001249228025672,0.04519251355714236,0.7813124902150284,21.44671380766799
1.25,0.3,1.5,17,26.17823313359346,17.396243979890265,20.457220143330204,0.10736547176935765,0.13406393251303694,0.48251384222192656,0.3669096636430416,0.11609003843522278,0.13615653592761756,0.03682996029292141,0.7419198890145404,21.60019820782045
1.25,0.3,1.5,18,21.720183783546734,14.52736905714786,16.4897399672735,0.1619451407544958,0.09950021418909713,0.49770496566891687,0.38434491934178394,0.12146806254339,0.19535457244024096,0.040510270455697724,0.7359811672037178,21.086666156358806
1.25,0.3,1.5,19,23.227057120785663,14.710685691838284,16.46754879643753,0.1093248792332604,0.3847948371762347,0.3930369209727433,0.2764636773559236,0.08442627248019964,0.13318176847439747,0.037663532496638875,0.9484672591102035,25.651796019871497
1.25,0.3,3.0,0,17.880237080855032,14.139206672178338,14.732217908802472,0.2466762698378114,0.13679603164614135,0.5172346233197829,0.3935475937291959,0.1257719770456858,0.36680874399288294,0.04301371556608333,1.491510939969523,22.420468073930554
1.25,0.3,3.0,1,16.80535385043275,12.814220921773844,13.710238398093415,0.38910391080693235,0.1548600724058103,0.4725971532602915,0.3469577468989705,0.10824007845248933,0.5023217374307555,0.03580315703778164,1.481741133231846,23.44089306381434
1.25,0.3,3.0,2,17.1939403458778,13.294654485346207,13.82134761671564,0.3196437462125208,0.23339901404633753,0.4839563740805507,0.3678510001026262,0.11610608751073831,0.4821092538305183,0.03635307618175085,1.5050907281307513,22.860161071739142
1.25,0.3,3.0,3,17.907510319848086,13.656427095847542,14.593512447969147,0.28368387356806185,0.09787072917062756,0.5059099248035197,0.3943722997257922,0.1257691131419854,0.41027817602785044,0.03701842769462632,1.349712639299827,21.649029296419684
1.25,0.3,3.0,4,19.975870434353297,14.450106964359664,17.005720556658133,0.18352935669749393,0.15150249304771374,0.5070295076727075,0.4101607697511025,0.13114811059155293,0.3028640348795898,0.037943851928360924,1.4365433175447442,22.078528305709963
1.25,0.3,3.0,5,19.714242341292355,14.219716450783435,15.271653030536264,0.18605064575240093,0.034796123395593306,0.48546298730440585,0.3837349176866707,0.12211384278821219,0.30000081866123957,0.0380534325475461,1.585691477858305,23.59277132993897
1.25,0.3,3.0,6,16.391143249067206,12.82369465492377,13.515432173244388,0.3241795783221119,0.09209087945494149,0.5228475022026011,0.39794627321227877,0.12713816959295013,0.4488154173319841,0.03767193953435473,1.425723257448814,21.805856378701307
1.25,0.3,3.0,7,17.680576286841983,13.341897183290769,14.036162774087707,0.2781838534744312,0.24831655948843082,0.48563319678415173,0.3874566951951253,0.12253374634363415,0.3973354886794039,0.03905485592958568,1.391788516395489,23.260574073736954
1.25,0.3,3.0,8,18.76913692388526,14.323354047814789,14.672910728278904,0.25833747097729154,0.08657917991464732,0.4508363472318804,0.32222211101582093,0.09988279532133582,0.3231276249539739,0.03742743777824295,1.6787118362671034,25.37406737243048
1.25,0.3,3.0,9,17.874409594793217,13.051952042015717,14.014172165408363,0.26158677283959564,0.2368696572488516,0.43028248003119945,0.3532516244330532,0.11106543641730676,0.3933852466283448,0.0447867733737417,1.7498120323416018,26.131770772321357
1.25,0.3,3.0,10,18.837930203985035,13.241736516042135,14.131029347682585,0.2726048270895358,0.48612160727941656,0.37973086848082904,0.29648045053711475,0.09169072672598404,0.3836847887663289,0.035454566778140774,1.8936237381794947,28.219599250636808
1.25,0.3,3.0,11,18.356655456731193,13.923350481263643,14.322062025391435,0.2908345244117783,0.12032657845854967,0.4445987760416824,0.31615492192581274,0.09782253096428226,0.3903219057248569,0.037942620521086046,1.6621594828721489,25.508396318797928
1.25,0.3,3.0,12,17.335050741375287,12.904475078558077,13.840471115348235,0.30963029092673794,0.22266385668477404,0.47721409338201304,0.38226209844636666,0.12137231907457273,0.4245659062243475,0.038572573618693616,1.479941935778064,23.510228875643744
1.25,0.3,3.0,13,16.631241986660058,13.177961606463118,13.336743054113336,0.39854085997731886,0.05580035125242299,0.480175976032943,0.3345219558457581,0.10445316969240014,0.515415464889497,0.044754676512638744,1.597384983504377,24.173003571098057
1.25,0.3,3.0,14,18.111067066324043,13.743928455752753,14.100997959318583,0.2810924239162957,0.07053443995511331,0.4729482275673278,0.3557701751079058,0.11132817438940715,0.39278316109323974,0.04300669106576436,1.4916298485591133,24.123820423754353
1.25,0.3,3.0,15,16.075673007955327,12.236497607350346,13.06056558274379,0.3068094188253935,0.041373408523373886,0.5018995609993626,0.342134963132708,0.10709807011011338,0.3740070085326562,0.0460725962427244,1.6024923820416874,24.405556251142595
1.25,0.3,3.0,16,17.669970165350716,13.359460244474818,14.130060534291609,0.2846413459521979,0.0697185520600268,0.4909817959108136,0.3865837775682225,0.1228742567297369,0.4041407109987461,0.04519273606377483,1.543571007274787,23.35236010031739
1.25,0.3,3.0,17,18.762744661490146,14.230378390655577,15.122473045902671,0.251857407919321,0.13406963452685536,0.48251384222192656,0.3669096636430416,0.11609003843522278,0.3661178173939128,0.03683013929225851,1.509259613653923,23.51854751941891
1.25,0.3,3.0,18,16.804364232970165,12.872678634368608,13.440715384504738,0.3345488709391462,0.09951818307411384,0.49770496566891687,0.38434491934178394,0.12146806254339,0.44170627205116125,0.040510983894263,1.48292265744066,22.954019881951155
1.25,0.3,3.0,19,19.151601100569856,13.675001601642206,14.502834587979239,0.24540239502589703,0.38478880142549277,0.3930369209727433,0.2764636773559236,0.08442627248019964,0.34737477271328365,0.03766468598047495,1.8551385288423359,27.918474194201824
1.25,0.3,6.0,0,11.593868629133524,9.446430305048844,9.348332014100691,0.7096501536999711,0.13682797398692592,0.5172346233197829,0.3935475937291959,0.1257719770456858,1.2049316832032395,0.04301415307147795,2.9483613898100813,26.06259419853196
1.25,0.3,6.0,1,11.139839303424734,8.814909555246237,8.749918930163021,1.021248133406898,0.15482765144073973,0.4725971532602915,0.3469577468989705,0.10824007845248933,1.3888012958707143,0.0358038216802875,3.0180507531243634,27.281667113545627
1.25,0.3,6.0,2,11.177099965066395,9.001240282805481,8.921171584175944,0.9024396358306863,0.23335040820527644,0.4839563740805507,0.3678510001026262,0.11610608751073831,1.4472855037616226,0.03635318090573369,3.006760455394936,26.614335389899605
1.25,0.3,6.0,3,11.304162760195048,9.158109776247487,9.144616292743056,0.8002925008402502,0.0978683777309521,0.5059099248035197,0.3943722997257922,0.1257691131419854,1.2879265517470022,0.03701767902916504,2.7675420503066976,25.193602823936853
1.25,0.3,6.0,4,11.928170453437206,9.446112029904405,9.658078233412638,0.5632041952746516,0.15149531752947837,0.5070295076727075,0.4101607697511025,0.13114811059155293,1.0303644522671123,0.037941305151018116,2.881021189660526,25.689722985999413
1.25,0.3,6.0,5,12.31490765000255,9.456474143008707,9.497470018703234,0.5630489516954355,0.03476638203967847,0.48546298730440585,0.3837349176866707,0.12211384278821219,1.0240692863445904,0.03805404593324005,3.119098376435994,27.426288576383183
1.25,0.3,6.0,6,10.876676052713657,8.94446070800196,8.729427834563115,0.8101934862751923,0.09210102313143825,0.5228475022026011,0.39794627321227877,0.12713816959295013,1.2323383326509638,0.03767306010460022,2.832434228261708,25.322633805733545
1.25,0.3,6.0,7,11.523214270739372,9.148794684690627,8.969800235357111,0.7672546154109988,0.24828899377341443,0.48563319678415173,0.3874566951951253,0.12253374634363415,1.2449820979668427,0.039053702491953605,2.9234849754748744,27.08981522143541
1.25,0.3,6.0,8,11.964513155377677,9.398300810324253,9.28256274948218,0.8133005906311892,0.08661054572342673,0.4508363472318804,0.32222211101582093,0.09988279532133582,1.101320640552384,0.03742754300711886,3.3220765896433795,29.48247925587117
1.25,0.3,6.0,9,11.898290558922003,8.990852651077022,8.865586426520474,0.6761401494909816,0.23681490225341123,0.43028248003119945,0.3532516244330532,0.11106543641730676,1.2055435094082403,0.044786973769657304,3.4492747740869323,30.380427626684682
1.25,0.3,6.0,10,12.419472002441317,9.011808802526279,8.990588611667137,0.7708795868447966,0.48608512057573655,0.37973086848082904,0.29648045053711475,0.09169072672598404,1.2529330236054845,0.03545466002608004,3.7352688143129438,32.82371194097044
1.25,0.3,6.0,11,11.884364804073158,9.274954843770976,9.213074177670405,0.9177407720316485,0.12031078933698588,0.4445987760416824,0.31615492192581274,0.09782253096428226,1.3343305859248191,0.03794203310154245,3.3309683402602035,29.680418462268072
1.25,0.3,6.0,12,11.521023095331543,8.979147921142614,8.880586783635685,0.8330059476359502,0.22263430577828872,0.47721409338201304,0.38226209844636666,0.12137231907457273,1.274412745628922,0.03857301860588474,3.0178652750819,27.355037223903338
1.25,0.3,6.0,13,11.30169020950743,9.079577814012644,8.949936034574007,1.0380571054672127,0.05578415618303096,0.480175976032943,0.3345219558457581,0.10445316969240014,1.4386276007283876,0.044755735287716265,3.1777429940580983,28.12389859748236
1.25,0.3,6.0,14,11.822873817648922,9.310692941216354,9.27386678941312,0.8247733279833475,0.07048530353650466,0.4729482275673278,0.3557701751079058,0.11132817438940715,1.2785771342647343,0.04300404473817928,3.0775825994161057,28.088702300896834
1.25,0.3,6.0,15,11.260233507382605,8.43987687346412,8.55619727326631,0.699549931070353,0.04137206258233739,0.5018995609993626,0.342134963132708,0.10709807011011338,0.9115272457246646,0.046073487980925476,3.1985437564431374,28.395684687146215
1.25,0.3,6.0,16,11.657365241527216,9.191272937825868,9.050611715721253,0.7749606889579878,0.06971707544047895,0.4909817959108136,0.3865837775682225,0.1228742567297369,1.2555061264131118,0.04519326635283058,3.068088041394305,27.16365268561619
1.25,0.3,6.0,17,11.813464826849723,9.37537645516501,9.344818261675304,0.7638529902360778,0.13408071573633182,0.48251384222192656,0.3669096636430416,0.11609003843522278,1.2243277028870254,0.03683059900077464,3.0439390629326857,27.355246142615812
1.25,0.3,6.0,18,11.272572745724736,8.990136053774211,8.856835277400455,0.8900648619408897,0.0995542258355928,0.49770496566891687,0.38434491934178394,0.12146806254339,1.2631912412768334,0.040512526141591065,2.9768056379145422,26.688727333135866
1.25,0.3,6.0,19,12.463095711817093,9.296141021937077,9.320354884744356,0.7691707318799034,0.3847756663956623,0.3930369209727433,0.2764636773559236,0.08442627248019964,1.2020017505797802,0.03766709759944188,3.668481068306601,32.451830542862496
1.25,0.75,1.5,0,14.710423785934266,11.813704983210407,10.878654847422426,0.2063338570400236,0.06315642519164445,0.5172346233197829,0.3935475937291959,0.1257719770456858,0.23577204095501114,0.2688195711296355,0.7655466293863205,20.60555729747255
1.25,0.75,1.5,1,14.670388654633575,10.791601538265343,10.756892147880745,0.2690284588673973,0.06715374407196563,0.4725971532602915,0.3469577468989705,0.10824007845248933,0.29902176856501916,0.22378915831309365,0.7088558402278013,21.508679831304228
1.25,0.75,1.5,2,15.601320768765094,11.663588136021033,10.95880950682437,0.23489621792729096,0.09563239112637388,0.4839563740805507,0.3678510001026262,0.11610608751073831,0.28137346072544256,0.22718201962848436,0.7482637455712098,20.968093615340283
1.25,0.75,1.5,3,15.126165497917581,11.22204777830982,10.52456577680803,0.2203958494950559,0.06678850963759808,0.5059099248035197,0.3943722997257922,0.1257691131419854,0.2454075001233961,0.23136386421983796,0.6210961290887957,19.827488020892094
1.25,0.75,1.5,4,17.108381210061143,11.646364565102184,11.69965460689675,0.1561888778232747,0.08211625310414802,0.5070295076727075,0.4101607697511025,0.13114811059155293,0.18218436016215608,0.23714964079390963,0.706508581756792,20.253441466240083
1.25,0.75,1.5,5,15.414748551282615,10.603746603856814,9.830692845024465,0.17120890671210276,0.01653110149053091,0.48546298730440585,0.3837349176866707,0.12211384278821219,0.20290004744659254,0.2378123325164441,0.8408050846740993,21.730555346978445
1.25,0.75,1.5,6,15.001664637410588,11.14908838870818,10.872098779574822,0.24777937599971156,0.07982485837201085,0.5228475022026011,0.39794627321227877,0.12713816959295013,0.2811224473304964,0.23541220649239358,0.7402443131774414,20.092159018022876
1.25,0.75,1.5,7,15.118496179126982,11.07018132880041,10.770486383969004,0.22768035323592234,0.10276056745736997,0.48563319678415173,0.3874566951951253,0.12253374634363415,0.2536620456431229,0.2440958223055274,0.6294279904115441,21.354672758777077
1.25,0.75,1.5,8,15.173747689818015,11.278039551950227,11.100495185737229,0.1985920735791728,0.0403994641459684,0.4508363472318804,0.32222211101582093,0.09988279532133582,0.21370490762581404,0.23387389842283965,0.8715457906008077,23.356152258264743
1.25,0.75,1.5,9,14.565134954639895,10.696059765947906,10.114813656543593,0.2354785778575014,0.0949040470731158,0.43028248003119945,0.3532516244330532,0.11106543641730676,0.27437326873304296,0.2799031852639336,0.9243089669545852,24.068013108853812
1.25,0.75,1.5,10,14.346485649306157,10.05704190014468,9.799973470664735,0.23355196437243395,0.19744494055896145,0.37973086848082904,0.29648045053711475,0.09169072672598404,0.2569286247173138,0.2215933143048228,0.9708337863684391,25.912624371109167
1.25,0.75,1.5,11,14.620459514782453,11.229085909083858,10.56307482270077,0.23558540455683272,0.05110921302785175,0.4445987760416824,0.31615492192581274,0.09782253096428226,0.25927423611329015,0.23712327133576783,0.8338681745876237,23.43766804808662
1.25,0.75,1.5,12,14.913012628937738,10.596022853310101,10.511502169865876,0.23571304814000835,0.0987402776506071,0.47721409338201304,0.38226209844636666,0.12137231907457273,0.269064462988817,0.24108765969327636,0.7287138653343246,21.6321586995344
1.25,0.75,1.5,13,13.724558508223497,10.743145098259246,10.090559482256422,0.2975576659998263,0.034088604556398464,0.480175976032943,0.3345219558457581,0.10445316969240014,0.3255173057417088,0.2796818273169084,0.818346214234738,22.225406647923954
1.25,0.75,1.5,14,14.324366720757533,10.927490182910752,10.131855281875799,0.23919595269274135,0.03898259245044429,0.4729482275673278,0.3557701751079058,0.11132817438940715,0.2687328134808881,0.26876047960806476,0.7125711512763981,22.176173680547564
1.25,0.75,1.5,15,13.632625710819392,10.401678927769574,9.633514602570292,0.24004548704823847,0.040263817238872665,0.5018995609993626,0.342134963132708,0.10709807011011338,0.257344652419654,0.2878989780750509,0.7968247378213662,22.391387140591796
1.25,0.75,1.5,16,13.61120045377884,10.200844003100793,9.350299340017225,0.23512521802002528,0.06002341247170962,0.4909817959108136,0.3865837775682225,0.1228742567297369,0.2650517719397845,0.2824480897691915,0.7724809966834139,21.424635073838957
1.25,0.75,1.5,17,16.244394667793927,12.13356639981812,11.506355326914724,0.19558102042108658,0.09396344878920969,0.48251384222192656,0.3669096636430416,0.11609003843522278,0.22615079459387238,0.23015888346009453,0.7470805907983942,21.61309996228008
1.25,0.75,1.5,18,14.305036577941971,10.350065865012379,10.062555228309554,0.24309068298664793,0.09205423527949781,0.49770496566891687,0.38434491934178394,0.12146806254339,0.27247729014464134,0.25316868284542254,0.726248851091277,21.062335366077708
1.25,0.75,1.5,19,13.048410777467351,9.725119803846567,8.807908649890573,0.22603633077282612,0.1541577081567005,0.3930369209727433,0.2764636773559236,0.08442627248019964,0.2495552259823301,0.23536686536629664,0.9205236432352293,25.581936980184054
1.25,0.75,3.0,0,15.37882435728532,12.572030314678958,11.950192987686213,0.319207836337096,0.06316021540650411,0.5172346233197829,0.3935475937291959,0.1257719770456858,0.4417704049488457,0.2688199661166855,1.4939718543065998,22.426620359773246
1.25,0.75,3.0,1,14.670596211016921,11.36671678043634,11.426291174168535,0.4484587906987775,0.06715163522347256,0.4725971532602915,0.3469577468989705,0.10824007845248933,0.5521872906951719,0.22378970122340305,1.4770106501740599,23.42906685616987
1.25,0.75,3.0,2,15.062242442076041,11.885251426414436,11.541366879601314,0.39003261947434625,0.09562880956719798,0.4839563740805507,0.3678510001026262,0.11610608751073831,0.5446858880375145,0.22718187634246742,1.499098609203302,22.84518077442052
1.25,0.75,3.0,3,15.321291455435864,12.047947512755735,11.754290389864323,0.3573042617027916,0.06678939979918752,0.5059099248035197,0.3943722997257922,0.1257691131419854,0.4731503569710414,0.23136260408248419,1.3300108345922306,21.59977478465068
1.25,0.75,3.0,4,16.5528623298401,12.471797674143952,12.643665329551633,0.25124592506530335,0.08211556901319317,0.5070295076727075,0.4101607697511025,0.13114811059155293,0.3617542405359675,0.23714622568203983,1.4287475178146831,22.059038806384816
1.25,0.75,3.0,5,16.23532734720972,12.097194223647401,11.673415558411575,0.26409905256783767,0.016528636600882295,0.48546298730440585,0.3837349176866707,0.12211384278821219,0.38409494365065294,0.23781294768712768,1.6075085339629438,23.647313970200557
1.25,0.75,3.0,6,14.360931653741957,11.524522623661653,11.238440384319048,0.3838350957144963,0.07982605751398753,0.5228475022026011,0.39794627321227877,0.12713816959295013,0.49449691961118114,0.23541334082256193,1.4435997985838886,21.850547731539002
1.25,0.75,3.0,7,15.102365337659654,11.787096860521839,11.30648368891611,0.357956826949915,0.10275898447038413,0.48563319678415173,0.3874566951951253,0.12253374634363415,0.46985941080576543,0.2440941924675443,1.3952762199512359,23.26929333262632
1.25,0.75,3.0,8,15.705750852594651,12.272812223280605,11.911431079340336,0.34306598641289177,0.04040301344298418,0.4508363472318804,0.32222211101582093,0.09988279532133582,0.41024283006010503,0.23387381968653442,1.6932281672889453,25.410358199985083
1.25,0.75,3.0,9,14.892181634678192,11.287421966598878,10.787744505221411,0.35183956628666885,0.09489963953999836,0.43028248003119945,0.3532516244330532,0.11106543641730676,0.4934559174374798,0.2799032222556646,1.7740403378272518,26.192341536035478
1.25,0.75,3.0,10,15.499867652274535,11.18450545701456,10.908925964140286,0.3690864681931626,0.19744260017814452,0.37973086848082904,0.29648045053711475,0.09169072672598404,0.48122238759510855,0.2215932529259654,1.8916563244351638,28.21468071627599
1.25,0.75,3.0,11,15.335364204519049,12.015680499636956,11.578928758565885,0.39991067869265695,0.05110808274287681,0.4445987760416824,0.31615492192581274,0.09782253096428226,0.5017090730535193,0.2371223425967681,1.6682726032816513,25.523679119821697
1.25,0.75,3.0,12,14.979585275540618,11.338134682741341,11.2388463441699,0.38318211815395836,0.09873864814327582,0.47721409338201304,0.38226209844636666,0.12137231907457273,0.49945471689541965,0.24108797999893142,1.4976755349862425,23.55456287366419
1.25,0.75,3.0,13,14.520933133736403,11.635929482232337,11.237365770469733,0.4620837813971692,0.03408607672740524,0.480175976032943,0.3345219558457581,0.10445316969240014,0.5653989502420164,0.27968298337164743,1.6085252195115984,24.200854161116105
1.25,0.75,3.0,14,15.341935605722403,11.992027474878473,11.501350344163502,0.378060361396641,0.03898308063270485,0.4729482275673278,0.3557701751079058,0.11132817438940715,0.49494183975951384,0.26875697209113375,1.5055475267048952,24.158614619118808
1.25,0.75,3.0,15,14.15354491488346,10.79792802061238,10.850334140137702,0.34354728472004115,0.040259691908350555,0.5018995609993626,0.342134963132708,0.10709807011011338,0.4008036257539307,0.2878999055024957,1.594850425022091,24.386451358593604
1.25,0.75,3.0,16,15.037560589358979,11.730006781805162,11.194163616274093,0.35543706600733876,0.060023223681334656,0.4909817959108136,0.3865837775682225,0.1228742567297369,0.4757009237426464,0.2824485602138662,1.5347395137431734,23.33028136648835
1.25,0.75,3.0,17,15.97564368362971,12.543410835944087,12.164278928619744,0.3304987007407656,0.09396240475341949,0.48251384222192656,0.3669096636430416,0.11609003843522278,0.44907665181368106,0.2301592533047275,1.5144203154377767,23.53144927387853
1.25,0.75,3.0,18,14.720557208328966,11.442076189457747,11.226813978340276,0.3906851488281239,0.09205550724031049,0.49770496566891687,0.38434491934178394,0.12146806254339,0.4900517390788601,0.2531703388188189,1.4731903413282188,22.929689091670063
1.25,0.75,3.0,19,15.30173306619022,11.631009739900223,11.026578145838567,0.3527547547949713,0.15415690801597545,0.3930369209727433,0.2764636773559236,0.08442627248019964,0.45557221915763246,0.23536963283693968,1.8271949129673617,27.84861515451439
1.25,0.75,6.0,0,11.175822883397924,9.147385212411116,8.920238531693947,0.7716898906639991,0.06316790904745087,0.5172346233197829,0.3935475937291959,0.1257719770456858,1.270902326572376,0.2688208243723811,2.9508223041471595,26.068746484374653
1.25,0.75,6.0,1,10.889634867170216,8.616215398391237,8.469494898508337,1.0450534726044205,0.06714734241582505,0.4725971532602915,0.3469577468989705,0.10824007845248933,1.4018341562861978,0.22379092607969728,3.013320270066576,27.269840905901162
1.25,0.75,6.0,2,10.863580021899107,8.754643423047263,8.607248176768746,0.9579196600797742,0.09562156922464753,0.4839563740805507,0.3678510001026262,0.11610608751073831,1.4919804923857558,0.22718171608194382,3.0007683364674884,26.599355092580982
1.25,0.75,6.0,3,10.942210293888543,8.896988364348442,8.748328852707326,0.8572917000752037,0.0667912534475115,0.5059099248035197,0.3943722997257922,0.1257691131419854,1.3289647433715706,0.23136021966235182,2.7478402455991016,25.14434831216786
1.25,0.75,6.0,4,11.43582982786735,9.10803876026198,9.043924507618117,0.6231144602550251,0.08211408185371968,0.5070295076727075,0.4101607697511025,0.13114811059155293,1.0761681609234937,0.23713950987911184,2.8732253899304636,25.670233486674274
1.25,0.75,6.0,5,11.756881747527231,9.079689880683194,8.940480540467703,0.6340166614138187,0.016523795295453354,0.48546298730440585,0.3837349176866707,0.12211384278821219,1.1068368780228872,0.23781427368725333,3.1409154325406345,27.48083121664478
1.25,0.75,6.0,6,10.612409043453987,8.72357833911057,8.437662152474811,0.855565121002531,0.07982854704409473,0.5228475022026011,0.39794627321227877,0.12713816959295013,1.2612748068088224,0.23541574468318743,2.850310769396783,25.367325158571234
1.25,0.75,6.0,7,11.125631093893102,8.861838218627728,8.572530429415483,0.8332817980772176,0.10275582727868578,0.48563319678415173,0.3874566951951253,0.12253374634363415,1.3019346665101639,0.2440910242340748,2.9269726790306203,27.09853448032478
1.25,0.75,6.0,8,11.442366056091924,9.030482272623622,8.841474538086924,0.8923346014556712,0.0404101753942935,0.4508363472318804,0.32222211101582093,0.09988279532133582,1.1840344119876387,0.23387377600163403,3.33659292066522,29.518770083425764
1.25,0.75,6.0,9,11.323471184784706,8.59768997268628,8.304447068064098,0.7565809131921599,0.0948907841376552,0.43028248003119945,0.3532516244330532,0.11106543641730676,1.3051090986250762,0.27990339190676833,3.4735030795725823,30.440998390398804
1.25,0.75,6.0,10,11.851776994586205,8.641961272451297,8.47875168704348,0.8471212489433853,0.1974378011967155,0.37973086848082904,0.29648045053711475,0.09169072672598404,1.3299468854590364,0.22159323519337448,3.7333014005686125,32.8187934066096
1.25,0.75,6.0,11,11.346728885809272,8.9094936167651,8.75626522721219,1.0243823071010354,0.05110574088845176,0.4445987760416824,0.31615492192581274,0.09782253096428226,1.445872441674929,0.2371205705853142,3.337081460669708,29.695701263291827
1.25,0.75,6.0,12,11.199088405358086,8.712161326653007,8.5160688060231,0.8930799610568536,0.09873529411614897,0.47721409338201304,0.38226209844636666,0.12137231907457273,1.337605415219167,0.24108873272062017,3.0355988742900766,27.39937122192378
1.25,0.75,6.0,13,10.977213971042005,8.82017002335719,8.65219774348876,1.0869850078044867,0.03408085667950324,0.480175976032943,0.3345219558457581,0.10445316969240014,1.470710931778508,0.27968538040740537,3.188883230065319,28.151749187500414
1.25,0.75,6.0,14,11.355937994457964,8.974649771021193,8.850158986705852,0.913690391222907,0.03898388091891076,0.4729482275673278,0.3557701751079058,0.11132817438940715,1.3765618913317412,0.2687500423602769,3.091500277561887,28.12349649626128
1.25,0.75,6.0,15,10.98824181748229,8.195969161138132,8.2851895164059,0.7321132348017163,0.040251169654667414,0.5018995609993626,0.342134963132708,0.10709807011011338,0.937313078540051,0.2879018360011029,3.190901799423541,28.376579794597227
1.25,0.75,6.0,16,11.275695110793931,8.916632512907091,8.6375915354829,0.82579677568162,0.06002266737990048,0.4909817959108136,0.3865837775682225,0.1228742567297369,1.3088801675109991,0.2824495863790064,3.0592565478626907,27.141573951787148
1.25,0.75,6.0,17,11.389139908874347,9.079482624526825,8.919332564105396,0.8344132741272288,0.09396016646986498,0.48251384222192656,0.3669096636430416,0.11609003843522278,1.3036518114736966,0.23016009470383542,3.0490997647165394,27.368147897075442
1.25,0.75,6.0,18,11.00880232981859,8.75448396325996,8.572512226732043,0.9301592925682283,0.09205816909506881,0.49770496566891687,0.38434491934178394,0.12146806254339,1.2962463539667015,0.25317376613580916,2.967073321802102,26.664396542854767
1.25,0.75,6.0,19,11.797193134193412,8.939614132992117,8.750091124987135,0.8627830784223505,0.15415524862288582,0.3930369209727433,0.2764636773559236,0.08442627248019964,1.297088091497886,0.2353752724295206,3.6405374524316283,32.381971503175066
1.25,1.5,1.5,0,9.511380736123437,7.854760302275646,6.678974297051765,0.3992381297649257,0.04340599227767396,0.5172346233197829,0.3935475937291959,0.1257719770456858,0.43528392581257946,0.5217883567350334,0.7696481532814485,20.615811107210373
1.25,1.5,1.5,1,7.6281874818055355,5.861355402111148,5.30254472411537,0.44794265341856615,0.04156432558246313,0.4725971532602915,0.3469577468989705,0.10824007845248933,0.4685349139680525,0.618424597353921,0.7009717017981569,21.488969485230115
1.25,1.5,1.5,2,8.61710495268476,7.166534913266694,6.343210291535025,0.4378422315335587,0.05155234622814751,0.4839563740805507,0.3678510001026262,0.11610608751073831,0.47140791303869456,0.5831114061257783,0.7382768806921276,20.94312645314259
1.25,1.5,1.5,3,8.32149486151711,6.83355877869627,6.052292084678161,0.4385008409832579,0.061057941714460266,0.5059099248035197,0.3943722997257922,0.1257691131419854,0.4573644568531479,0.6274119619492831,0.5882597879094673,19.74539716794378
1.25,1.5,1.5,4,8.99495501299557,7.181437412928527,6.390546941624389,0.36408966116848507,0.0665620661869627,0.5070295076727075,0.4101607697511025,0.13114811059155293,0.38354412585349057,0.5811602189721935,0.6935155822066905,20.220958967364837
1.25,1.5,1.5,5,9.06098376178308,6.84520569715839,6.090476690689553,0.39558872572238907,0.011805498453731375,0.48546298730440585,0.3837349176866707,0.12211384278821219,0.43064446808108425,0.5598724377783,0.8771668448484964,21.82145974741444
1.25,1.5,1.5,6,8.199645191792289,6.646100889871984,5.9332150374904975,0.40119814660990466,0.07790322468030894,0.5228475022026011,0.39794627321227877,0.12713816959295013,0.4155096241587807,0.6156336479922426,0.7700385484025674,20.166644606085697
1.25,1.5,1.5,7,8.775930580545353,7.08232272750708,6.286127847132581,0.4379678389160016,0.05702702971306684,0.48563319678415173,0.3874566951951253,0.12253374634363415,0.4574857775245727,0.5829741489929877,0.6352408296711225,21.36920485692604
1.25,1.5,1.5,8,9.225896335171571,7.514573918214064,6.573556759593241,0.4679447463490913,0.028194879711598335,0.4508363472318804,0.32222211101582093,0.09988279532133582,0.48962708086370876,0.5420966837517925,0.8957396756372105,23.41663697085575
1.25,1.5,1.5,9,9.036230968709503,7.105072954859235,6.198824391995422,0.47900039931061583,0.04762805370419334,0.43028248003119945,0.3532516244330532,0.11106543641730676,0.5245711863994802,0.5497471946038055,0.9646894760973357,24.16896438171069
1.25,1.5,1.5,10,8.19282475635809,6.152987663123981,5.325460372326978,0.4978821509658939,0.10374807996064792,0.37973086848082904,0.29648045053711475,0.09169072672598404,0.534907711059776,0.5644172768981661,0.9675547634612207,25.904426813841127
1.25,1.5,1.5,11,9.24569026305836,7.62268269661633,7.0735549230337975,0.5332452319233013,0.030345967162901253,0.4445987760416824,0.31615492192581274,0.09782253096428226,0.5611110430207177,0.5635321511536515,0.844056708603464,23.46313938312622
1.25,1.5,1.5,12,8.247799251364949,6.132452925485993,5.4721342619922995,0.4360482335421476,0.06379828694786469,0.47721409338201304,0.38226209844636666,0.12137231907457273,0.45979299113668076,0.6047024829794075,0.7582698640146193,21.706048696235143
1.25,1.5,1.5,13,8.593673993364417,6.487779897530876,6.190466304972143,0.4206660282905217,0.02969913103871674,0.480175976032943,0.3345219558457581,0.10445316969240014,0.4413122635283604,0.5365327237041515,0.836913274246772,22.271824297954044
1.25,1.5,1.5,14,9.288158221349326,7.384804118443439,6.714859843453876,0.45711491911719304,0.03201773507148663,0.4729482275673278,0.3557701751079058,0.11132817438940715,0.4895414251980771,0.5210523234772828,0.7357672815193661,22.234164006154984
1.25,1.5,1.5,15,7.910607346696429,5.621890617439688,5.6369124392632655,0.3246203620488971,0.04011298057797174,0.5018995609993626,0.342134963132708,0.10709807011011338,0.33377242950853137,0.5067163092635332,0.7840881427887041,22.35954565301013
1.25,1.5,1.5,16,8.800907397633837,6.4043131522599355,5.887685241294448,0.39399103948431063,0.0584989684691782,0.4909817959108136,0.3865837775682225,0.1228742567297369,0.42508230517331547,0.5532197560189481,0.7577618407973907,21.387837184123896
1.25,1.5,1.5,17,9.281814750578427,7.634903150090249,6.644727467377953,0.4366529877803018,0.08678351981490987,0.48251384222192656,0.3669096636430416,0.11609003843522278,0.4680538033368461,0.5298440519431891,0.7556817604381494,21.63460288637947
1.25,1.5,1.5,18,7.828211839459201,6.22018406127154,5.601278490203434,0.3886054988164601,0.09094512198698326,0.49770496566891687,0.38434491934178394,0.12146806254339,0.40393551207151707,0.5726904571103834,0.7100283242372081,21.021784048942543
1.25,1.5,1.5,19,7.512261331752797,6.480985539286182,5.522706667135197,0.5559678303869833,0.0775775551498489,0.3930369209727433,0.2764636773559236,0.08442627248019964,0.5830438336547935,0.6069885552312013,0.8739509501102729,25.46550524737166
1.25,1.5,3.0,0,11.91423012009062,9.776042435316413,9.011970237016234,0.5159848723799,0.043408796728273795,0.5172346233197829,0.3935475937291959,0.1257719770456858,0.6545909248213003,0.5217893316986645,1.4980733782017284,22.436874169511068
1.25,1.5,3.0,1,10.93778014748762,8.576657350136013,8.028644373849794,0.5795046601051586,0.04156422107679892,0.4725971532602915,0.3469577468989705,0.10824007845248933,0.6623255528905663,0.6184237704258303,1.469126511744415,23.409356510095762
1.25,1.5,3.0,2,11.277683683705826,9.150048805610925,8.585534832155219,0.5821963129636072,0.05155170695145992,0.4839563740805507,0.3678510001026262,0.11610608751073831,0.7090246526177583,0.583110963333307,1.4891117443242208,22.820213612222815
1.25,1.5,3.0,3,11.19465157448155,9.134503127122567,8.456547086241327,0.5615498735380148,0.06105906806217473,0.5059099248035197,0.3943722997257922,0.1257691131419854,0.6598789001669845,0.6274130605005919,1.2971744934129026,21.51768393170237
1.25,1.5,3.0,4,11.60968499695946,9.305680283227344,8.525882311024162,0.4534487617977453,0.06656161486978845,0.5070295076727075,0.4101607697511025,0.13114811059155293,0.5512833350849283,0.5811600505974529,1.4157545182645808,22.02655630750956
1.25,1.5,3.0,5,11.910254327194147,9.219321344250323,8.630713909153604,0.49364662790129216,0.011804458714359126,0.48546298730440585,0.3837349176866707,0.12211384278821219,0.6234789107685363,0.5598722619932346,1.6438702941373418,23.738218370636556
1.25,1.5,3.0,6,11.006627255708215,8.99998593946607,8.328326796036484,0.5195667950334072,0.07790416549427527,0.5228475022026011,0.39794627321227877,0.12713816959295013,0.5985736865500599,0.6156343104818105,1.4733940338090141,21.925033319601816
1.25,1.5,3.0,7,11.520492381666402,9.2287689095285,8.502559209092606,0.5629285761050697,0.05702748017999587,0.48563319678415173,0.3874566951951253,0.12253374634363415,0.6643917780291232,0.582974214753107,1.4010890592108143,23.283825430775266
1.25,1.5,3.0,8,11.601866821625931,9.365391993599747,8.702977910117585,0.6117762719950646,0.028197359808776676,0.4508363472318804,0.32222211101582093,0.09988279532133582,0.6926307322317825,0.5420981063402748,1.7174220523253476,25.47084291257608
1.25,1.5,3.0,9,11.116258454888607,8.591937123343735,7.776838580442562,0.5968912148353661,0.04762676490202746,0.43028248003119945,0.3532516244330532,0.11106543641730676,0.7567272045455421,0.5497488395776902,1.8144208469700018,26.293292808892357
1.25,1.5,3.0,10,11.203132029718187,8.298585170509307,7.680649732223427,0.6181993678749386,0.10374820543247655,0.37973086848082904,0.29648045053711475,0.09169072672598404,0.7501433904040438,0.5644164644685649,1.8883773015279455,28.206483159007938
1.25,1.5,3.0,11,11.47577962021181,9.271434304879755,8.866230067876705,0.7171282981312314,0.030345760863061084,0.4445987760416824,0.31615492192581274,0.09782253096428226,0.8292079940152165,0.5635321027233234,1.678461137297492,25.549150454861284
1.25,1.5,3.0,12,11.395892533111736,8.640335390451654,7.97780411235316,0.5666630206367551,0.06379858683740632,0.47721409338201304,0.38226209844636666,0.12137231907457273,0.6713958942342154,0.604701797667644,1.5272315336665367,23.628452870364924
1.25,1.5,3.0,13,11.392254619275258,8.957020924524288,8.6715238124654,0.584581959445059,0.0296969545261277,0.480175976032943,0.3345219558457581,0.10445316969240014,0.6692326528538024,0.5365327363119615,1.627092279523633,24.24727181114619
1.25,1.5,3.0,14,11.927168569117057,9.410698226270595,9.08761261264865,0.6239842932751768,0.032021585107956864,0.4729482275673278,0.3557701751079058,0.11132817438940715,0.7501217481694161,0.5210505896232291,1.5287436569478623,24.21660494472622
1.25,1.5,3.0,15,10.983121588654795,7.942235127266608,8.08635779855456,0.4286844317613968,0.04010863280292797,0.5018995609993626,0.342134963132708,0.10709807011011338,0.4721446637682224,0.5067190288893864,1.5821138299894293,24.354609871011952
1.25,1.5,3.0,16,11.635584341014706,8.953517720119622,8.288289847699302,0.5167857678725998,0.05849880879017468,0.4909817959108136,0.3865837775682225,0.1228742567297369,0.6404068998832783,0.5532194925075866,1.520020357857149,23.293483476773293
1.25,1.5,3.0,17,11.873201223219182,9.61564050760802,8.84437662618887,0.5695368741909728,0.08678179039834136,0.48251384222192656,0.3669096636430416,0.11609003843522278,0.6937391333823797,0.5298441367953495,1.523021485077531,23.55295219797793
1.25,1.5,3.0,18,11.16854323189653,8.742764710321389,8.21968814368517,0.5240383362835349,0.09094530958653077,0.49770496566891687,0.38434491934178394,0.12146806254339,0.6010727889962408,0.5726904662207258,1.4569698144741499,22.889137774534888
1.25,1.5,3.0,19,10.696992735161677,8.711852603741528,7.963365920898815,0.6876109659177732,0.077577525194371,0.3930369209727433,0.2764636773559236,0.08442627248019964,0.8002465778188245,0.6069894052237669,1.7806222198424058,27.732183421702004
1.25,1.5,6.0,0,10.147715067448425,8.317338682268117,8.077714056702524,0.9740435289369279,0.04341458580059817,0.5172346233197829,0.3935475937291959,0.1257719770456858,1.4953957210466118,0.5217913511513087,2.9549238280422876,26.07900029411247
1.25,1.5,6.0,1,10.137311592755129,7.987354002468114,7.74582504607099,1.1353429393462788,0.041563942508768145,0.4725971532602915,0.3469577468989705,0.10824007845248933,1.4663770023594354,0.6184221503648457,3.005436131636932,27.25013055982705
1.25,1.5,6.0,2,9.953982303005455,8.02770617143321,7.858361048471616,1.1410169037715017,0.05155037256823216,0.4839563740805507,0.3678510001026262,0.11610608751073831,1.6373503721021496,0.5831101159463132,2.9907814715884062,26.57438793038328
1.25,1.5,6.0,3,9.95172656544852,8.134327756141507,7.880507626940702,1.0464795603892796,0.06106140974738416,0.5059099248035197,0.3943722997257922,0.1257691131419854,1.4859194529105673,0.6274152919877083,2.715003904419773,25.062257459219538
1.25,1.5,6.0,4,10.176673247507486,8.20105812702492,7.858325631344317,0.8198795492621316,0.06656058644335253,0.5070295076727075,0.4101607697511025,0.13114811059155293,1.2498057475617625,0.5811597577791485,2.8602323903803626,25.63775098779901
1.25,1.5,6.0,5,10.465934083897771,8.168120999458711,7.970829142010364,0.8685720871617282,0.011802508617565799,0.48546298730440585,0.3837349176866707,0.12211384278821219,1.3625566274123182,0.5598719610509958,3.1772771927150316,27.57173561708078
1.25,1.5,6.0,6,9.904496937531787,8.08973759452673,7.805052586399181,0.9858459644187716,0.07790614338727388,0.5228475022026011,0.39794627321227877,0.12713816959295013,1.3501689023454517,0.6156356712608501,2.8801050046219094,25.441810746634047
1.25,1.5,6.0,7,10.162611832537126,8.107294274729743,7.8246538327542625,1.0406282018973703,0.05702845696848524,0.48563319678415173,0.3874566951951253,0.12253374634363415,1.4939449731958028,0.5829744001568916,2.932785518290199,27.113066578473724
1.25,1.5,6.0,8,10.171365828951835,8.105301880089712,7.872704960446015,1.1611947065748702,0.02820242889832656,0.4508363472318804,0.32222211101582093,0.09988279532133582,1.4710211065808432,0.5421009943738613,3.3607868057016224,29.57925479601678
1.25,1.5,6.0,9,10.05165209649452,7.661306986947342,7.284966066960477,1.0078197641893758,0.047624167385882994,0.43028248003119945,0.3532516244330532,0.11106543641730676,1.5938566131853606,0.5497521819308977,3.5138835887153337,30.541949663255682
1.25,1.5,6.0,10,10.529796400119942,7.731490047551161,7.523626968809767,1.0850396106905047,0.10374839250220644,0.37973086848082904,0.29648045053711475,0.09169072672598404,1.5848206351359968,0.5644148870735021,3.7300223776613946,32.81059584934156
1.25,1.5,6.0,11,10.097464684797828,8.027147338152142,7.85476439570484,1.3608323862442422,0.03034523648969245,0.4445987760416824,0.31615492192581274,0.09782253096428226,1.79807271570355,0.5635320621415162,3.347269994685547,29.72117259833143
1.25,1.5,6.0,12,10.355159668363633,7.98137767481135,7.691648584951001,1.0702024768284166,0.06379909115341573,0.47721409338201304,0.38226209844636666,0.12137231907457273,1.5087418145358062,0.6047004693999848,3.065154872970371,27.473261218624515
1.25,1.5,6.0,13,10.162559465503346,8.108011745498388,7.994198054574392,1.219446935521019,0.0296924163853445,0.480175976032943,0.3345219558457581,0.10445316969240014,1.5694044872685036,0.5365328205350949,3.2074502900773534,28.198166837530493
1.25,1.5,6.0,14,10.272107711409006,8.140733093309564,8.066133168668115,1.1943508024884983,0.03202907400314714,0.4729482275673278,0.3557701751079058,0.11132817438940715,1.6749800549904132,0.5210471895650357,3.1146964078048534,28.181486821868702
1.25,1.5,6.0,15,10.256486786078753,7.47575760074185,7.656482171952604,0.8232265595067101,0.040099664203366664,0.5018995609993626,0.342134963132708,0.10709807011011338,1.0110078211669062,0.5067245455820174,3.1781652043908797,28.344738307015575
1.25,1.5,6.0,16,10.331378581848334,8.129973680058201,7.803729565716945,0.9866103389895156,0.0584983072202625,0.4909817959108136,0.3865837775682225,0.1228742567297369,1.475989236347408,0.5532190217134082,3.0445373919766667,27.104776062072084
1.25,1.5,6.0,17,10.29198539203362,8.261649892967888,7.984602570339402,1.071610701394367,0.08677817705397778,0.48251384222192656,0.3669096636430416,0.11609003843522278,1.5556515355499385,0.5298443523115756,3.057700934356294,27.389650821174833
1.25,1.5,6.0,18,10.210431819518114,8.034555409118774,7.835754656181177,1.0558359458930584,0.09094580404501275,0.49770496566891687,0.38434491934178394,0.12146806254339,1.3967147916461855,0.572690525765104,2.950852794948032,26.623845225719588
1.25,1.5,6.0,19,10.230674649978774,7.993056235180941,7.672549642966369,1.192159882792432,0.0775774748222333,0.3930369209727433,0.2764636773559236,0.08442627248019964,1.6400607682071566,0.6069911526469569,3.5939647593066715,32.265539770362665
2.0,0.3,1.5,0,22.426604071708255,13.325073159806417,14.288589264552442,0.10420050798275794,0.13677998727887297,0.264667039850486,0.22925418602300018,0.06930316271269317,0.12859663974227503,0.04301353095418378,1.1160814125055851,31.041076290205652
2.0,0.3,1.5,1,21.96441642773613,14.267533051348815,15.448443103108582,0.13914088757653126,0.15487598389962368,0.2552184687213384,0.18728874647003052,0.05533859477829311,0.16938305628635955,0.03580289423436651,1.0462790660409262,30.677025015271745
2.0,0.3,1.5,2,25.947404030461136,14.385858557483822,16.592942346720836,0.08657486464325387,0.23342290974674376,0.2522898358500233,0.19996620461644757,0.059228978809999284,0.11347992379810311,0.036353086975514565,1.132959425630336,30.966716035528908
2.0,0.3,1.5,3,23.205322941247697,12.272475371194178,13.656531817330263,0.09864549515092866,0.09787181858692978,0.2551731432548406,0.2150883250043534,0.06458644116883758,0.11714927084117881,0.03701886995464458,1.0068573470095084,30.790362231605418
2.0,0.3,1.5,4,29.277891964338387,14.083038696774652,17.018449827152935,0.06562266837921427,0.15150586114716863,0.24607981395400869,0.2084188081106304,0.062039019559722866,0.08310085479689776,0.037945182527438226,1.0977297183557861,31.60501681360154
2.0,0.3,1.5,5,23.239136177379528,12.02541152313371,13.744828244902074,0.07736985570391239,0.034810976635555525,0.22361950061188993,0.1929029525705882,0.056846663521858444,0.09403009533946585,0.0380531736840784,1.203154724853583,32.857342509285246
2.0,0.3,1.5,6,24.763417574499528,14.167091699695636,16.640359044881514,0.10175929922074721,0.09208579986653935,0.25970775374913524,0.2226547238549514,0.0672179721392387,0.13370765871655188,0.03767144684937629,1.0691998628215207,30.89394731759797
2.0,0.3,1.5,7,23.544777966442734,14.209148719970672,16.103321671350923,0.12377694923587808,0.24833006407809724,0.2623472002480752,0.2183177039086336,0.06558144460142125,0.15475337115967494,0.03905547836965009,0.9517684560619775,30.816409135349183
2.0,0.3,1.5,8,22.565636110312415,13.405448917808606,15.348835784565962,0.10606532288285711,0.08656339236830524,0.24935605069862135,0.191602946666706,0.057209769812172066,0.12382398244922099,0.03742744205765998,1.153633793788158,31.633451204916668
2.0,0.3,1.5,9,23.062792908876432,12.11266700440384,14.278610860632474,0.10008164873514225,0.23689678040424897,0.20601907459726088,0.18405908871036197,0.05497930953489883,0.12484585267464286,0.04478672100960464,1.2659616067048027,33.57597783706414
2.0,0.3,1.5,10,23.970797908063815,13.373456889594888,13.734170226694726,0.07867314362186574,0.4861391291476072,0.17956444176638675,0.15372865787722964,0.0449016675562424,0.09879904305644012,0.03545457266673306,1.2884575831725473,34.54393905399473
2.0,0.3,1.5,11,23.066253125676923,15.197338789774172,16.294758741197683,0.09991723878063727,0.12033432679358726,0.24197913220966238,0.18391393595515504,0.05462972689422454,0.11424353842426792,0.03794295696413066,1.122779896237824,32.00783941589046
2.0,0.3,1.5,12,24.134144174784673,13.635349480869735,15.500925764485268,0.09209658161152033,0.22267830993244533,0.23840946955885708,0.19947166723566226,0.0592133652426709,0.10938875693273228,0.03857240718028728,1.0979980082487018,31.96999155508724
2.0,0.3,1.5,13,21.22401854146747,13.876514805902362,14.23953283263317,0.1361602010542439,0.055808360406006764,0.25010590223688267,0.19309534537200335,0.05788609604721664,0.16721780647405546,0.044754189588239734,1.1299970165067554,31.63377500549948
2.0,0.3,1.5,14,20.996361741582632,12.900222561975234,14.019875814306376,0.10513541332967097,0.07055890548657737,0.24646718207964122,0.19763560342447622,0.05906978472696977,0.12897227601030328,0.04300805688105947,1.017165210000051,31.6603801010138
2.0,0.3,1.5,15,22.88580550834674,13.387117123201783,13.34225404689896,0.11434206878754835,0.04137395554219109,0.2325258872546609,0.20015750510089741,0.05964653122184258,0.14167931221555113,0.046072188195482554,1.09792661579118,32.370224681975074
2.0,0.3,1.5,16,22.638926110438323,14.165966297988884,12.725866972194927,0.09977772142897544,0.06971919369229679,0.23795672280320035,0.1986666320529548,0.05903988789686312,0.12244985444509561,0.04519251355714236,1.1463661984421876,32.0630637669065
2.0,0.3,1.5,17,26.1433600109217,14.427669253110992,17.128009714689416,0.08854887219885561,0.13406393251303694,0.23954421112853916,0.20739015727660975,0.06188732419942807,0.1054380492444513,0.03682996029292141,1.1311935744816894,32.06386065973558
2.0,0.3,1.5,18,21.595347713543553,13.964329020394494,14.644355768704045,0.1362130136414301,0.09950021418909713,0.2616209224164523,0.2039778788738385,0.060433386585548234,0.16367616848246472,0.040510270455697724,1.0580494273482919,30.84810136317163
2.0,0.3,1.5,19,23.048333257803158,12.659685802645193,13.316580549589458,0.0731188793624001,0.3847948371762347,0.21313711402947655,0.16492844163368184,0.04867482605777104,0.08542825605643224,0.037663532496638875,1.202997646257303,33.30894681625848
2.0,0.3,3.0,0,19.750256458345074,12.226528251203947,13.634439130824488,0.20250093232837546,0.13679603164614135,0.264667039850486,0.22925418602300018,0.06930316271269317,0.3076624653575151,0.04301371556608333,2.2190735843227953,33.79855671974869
2.0,0.3,3.0,1,17.187703343101976,11.652447220003928,12.864471393267262,0.32380452399472026,0.1548600724058103,0.2552184687213384,0.18728874647003052,0.05533859477829311,0.45396118232291877,0.03580315703778164,2.138586952492477,33.40779473140063
2.0,0.3,3.0,2,20.604721726631645,12.219122806272111,14.024733943914713,0.18929444292939368,0.23339901404633753,0.2522898358500233,0.19996620461644757,0.059228978809999284,0.29394704155656437,0.03635307618175085,2.2393730484323147,33.73275009253385
2.0,0.3,3.0,3,20.25425568202325,11.399402725065476,12.97775211438899,0.20254264497291327,0.09787072917062756,0.2551731432548406,0.2150883250043534,0.06458644116883758,0.2896997828735968,0.03701842769462632,2.1050935661008525,33.535952779333776
2.0,0.3,3.0,4,23.50553634852169,12.579093970002683,15.744243585026013,0.14072464652729338,0.15150249304771374,0.24607981395400869,0.2084188081106304,0.062039019559722866,0.21641833548550934,0.037943851928360924,2.223832283611045,34.420273226739695
2.0,0.3,3.0,5,21.251024937733074,11.473000248939622,13.458033761375534,0.1516543358039689,0.034796123395593306,0.22361950061188993,0.1929029525705882,0.056846663521858444,0.22078292368098895,0.0380534325475461,2.3679451073940916,35.769318465636516
2.0,0.3,3.0,6,19.286444454146874,11.624456641865246,13.701866772443628,0.2154337672164011,0.09209087945494149,0.25970775374913524,0.2226547238549514,0.0672179721392387,0.34068798828276664,0.03767193953435473,2.1590129795340203,33.61848010937923
2.0,0.3,3.0,7,18.18514186420808,11.52979221235831,12.991781603317332,0.2650506131120475,0.24831655948843082,0.2623472002480752,0.2183177039086336,0.06558144460142125,0.38727876193455635,0.03905485592958568,2.0543670682664414,33.57290566586035
2.0,0.3,3.0,8,18.803405819511774,11.947188170455327,13.035691874735871,0.2358189169015503,0.08657917991464732,0.24935605069862135,0.191602946666706,0.057209769812172066,0.31219495855200496,0.03742743777824295,2.273217952341202,34.43241160129928
2.0,0.3,3.0,9,19.340957103406904,10.582352255175044,12.497159849889334,0.19170391114457008,0.2368696572488516,0.20601907459726088,0.18405908871036197,0.05497930953489883,0.2884083209976175,0.0447867733737417,2.4543219884068113,36.54687879131915
2.0,0.3,3.0,10,20.58156325076776,11.05391649990236,12.822558355724551,0.15545406447313062,0.48612160727941656,0.17956444176638675,0.15372865787722964,0.0449016675562424,0.23826017891885728,0.035454566778140774,2.5143810034918594,37.60874760479301
2.0,0.3,3.0,11,18.98732326814569,12.420906974549151,13.224606650247551,0.22087273916064354,0.12032657845854967,0.24197913220966238,0.18391393595515504,0.05462972689422454,0.2882771106255916,0.037942620521086046,2.261934660330627,34.855726326122465
2.0,0.3,3.0,12,19.90602500798208,11.90326425484022,13.2635445153436,0.20613694916396796,0.22266385668477404,0.23840946955885708,0.19947166723566226,0.0592133652426709,0.27510246610142497,0.038572573618693616,2.2350359327453653,34.8125863663289
2.0,0.3,3.0,13,17.828192491321214,11.49281793350871,12.50611268567987,0.2878611129703364,0.05580035125242299,0.25010590223688267,0.19309534537200335,0.05788609604721664,0.4180292504035273,0.044754676512638744,2.2542842672167454,34.44449313227445
2.0,0.3,3.0,14,18.786709600893808,11.813525653737303,12.727948022807988,0.2025576512154364,0.07053443995511331,0.24646718207964122,0.19763560342447622,0.05906978472696977,0.30089827404954983,0.04300669106576436,2.148614112501911,34.48900235726844
2.0,0.3,3.0,15,19.315303793556758,11.393259799541552,12.246199306894681,0.23738808756375473,0.041373408523373886,0.2325258872546609,0.20015750510089741,0.05964653122184258,0.3531250577906742,0.0460725962427244,2.2518359922279467,35.25499812306699
2.0,0.3,3.0,16,20.14237346590423,12.32260431398578,13.333056262411253,0.20715233099899666,0.0697185520600268,0.23795672280320035,0.1986666320529548,0.05903988789686312,0.3110270078326911,0.04519273606377483,2.2880712163022787,34.917326311556735
2.0,0.3,3.0,17,20.74816976453924,12.145971486735199,13.80981610312421,0.1971490493015779,0.13406963452685536,0.23954421112853916,0.20739015727660975,0.06188732419942807,0.27138996734113474,0.03683013929225851,2.2678981444313235,34.90562208460967
2.0,0.3,3.0,18,17.631180446608628,11.920813606456992,12.55278984014379,0.29602714473245667,0.09951818307411384,0.2616209224164523,0.2039778788738385,0.060433386585548234,0.41322219621783657,0.040510983894263,2.153341861571774,33.586332448730325
2.0,0.3,3.0,19,21.579915536601746,12.445205148028913,14.05705320084038,0.1473007552735789,0.38478880142549277,0.21313711402947655,0.16492844163368184,0.04867482605777104,0.2060785275970532,0.03766468598047495,2.383200924468846,36.25945501178733
2.0,0.3,6.0,0,13.877239051990784,8.757813723043823,8.809435848946041,0.5044183924269341,0.13682797398692592,0.264667039850486,0.22925418602300018,0.06930316271269317,0.9713420011061578,0.04301415307147795,4.4250579279572175,39.31351757883474
2.0,0.3,6.0,1,11.779609787252975,8.124032480323123,8.060116599123486,0.7918584840311935,0.15482765144073973,0.2552184687213384,0.18728874647003052,0.05533859477829311,1.1572750611884473,0.0358038216802875,4.323202725395578,38.86933416365838
2.0,0.3,6.0,2,13.680665646366515,8.603275893761442,8.855857289041994,0.5533009511091024,0.23335040820527644,0.2522898358500233,0.19996620461644757,0.059228978809999284,0.984879539059398,0.03635318090573369,4.452200294036272,39.26481820654374
2.0,0.3,6.0,3,13.786841109688792,8.329454259715101,8.616585403774495,0.5611046752422967,0.0978683777309521,0.2551731432548406,0.2150883250043534,0.06458644116883758,0.9531641333986702,0.03701767902916504,4.301566004283542,39.0271338747905
2.0,0.3,6.0,4,14.889998751338156,8.730269772088969,9.438097764040803,0.42541720697409696,0.15149531752947837,0.24607981395400869,0.2084188081106304,0.062039019559722866,0.7600279753740105,0.037941305151018116,4.4760374141215635,40.05078605301599
2.0,0.3,6.0,5,14.899332593732199,8.528576162540404,8.849981830476402,0.4134695504429951,0.03476638203967847,0.22361950061188993,0.1929029525705882,0.056846663521858444,0.7205531027051503,0.03805404593324005,4.697525872475109,41.59327037833906
2.0,0.3,6.0,6,13.142827617612616,8.38739935742772,8.484294981602973,0.5414551472202107,0.09210102313143825,0.25970775374913524,0.2226547238549514,0.0672179721392387,1.050621665863725,0.03767306010460022,4.338639212959016,39.06754569294172
2.0,0.3,6.0,7,12.692923320470095,8.286862098357686,8.218008236501703,0.654314389188401,0.24828899377341443,0.2623472002480752,0.2183177039086336,0.06558144460142125,1.1117785909466802,0.039053702491953605,4.259564292675372,39.085898726882675
2.0,0.3,6.0,8,13.068020014545086,8.578164976318059,8.557663223159244,0.6776416414678039,0.08661054572342673,0.24935605069862135,0.191602946666706,0.057209769812172066,1.0271758889506546,0.03742754300711886,4.512386269447288,40.030332394064494
2.0,0.3,6.0,9,13.924704741531578,7.962736020894465,8.26533738534934,0.4575458801650635,0.23681490225341123,0.20601907459726088,0.18405908871036197,0.05497930953489883,0.8638341706433655,0.044786973769657304,4.83104275181083,42.488680699829196
2.0,0.3,6.0,10,14.455843946475945,8.046643821195042,8.511582155159864,0.41163766773446714,0.48608512057573655,0.17956444176638675,0.15372865787722964,0.0449016675562424,0.7687799301453256,0.03545466002608004,4.966227844130484,43.73836470638956
2.0,0.3,6.0,11,13.235919316140363,8.682808388129288,8.581767097923283,0.618270613778734,0.12031078933698588,0.24197913220966238,0.18391393595515504,0.05462972689422454,0.943605822105718,0.03794203310154245,4.540244188516235,40.551500146586484
2.0,0.3,6.0,12,13.73272174492423,8.48038576924898,8.527590474072406,0.5982428558024141,0.22263430577828872,0.23840946955885708,0.19947166723566226,0.0592133652426709,0.9007227788422216,0.03857301860588474,4.509111781738694,40.49777598881222
2.0,0.3,6.0,13,12.737431414838486,8.202633380991132,8.290122137692617,0.7086944751423458,0.05578415618303096,0.25010590223688267,0.19309534537200335,0.05788609604721664,1.151796421937996,0.044755735287716265,4.502858768636724,40.065929385824404
2.0,0.3,6.0,14,13.553833831621608,8.687692348552192,8.634827714681236,0.5239859954663187,0.07048530353650466,0.24646718207964122,0.19763560342447622,0.05906978472696977,0.9474281469278663,0.04300404473817928,4.411511917505629,40.14624686977774
2.0,0.3,6.0,15,13.601832105750074,8.078697649555007,8.253402917259455,0.6166275636533036,0.04137206258233739,0.2325258872546609,0.20015750510089741,0.05964653122184258,1.012666547655995,0.046073487980925476,4.559654745101482,41.024545005250815
2.0,0.3,6.0,16,13.766249249673654,8.429002999773406,8.65770980207914,0.5773435237957494,0.06971707544047895,0.23795672280320035,0.1986666320529548,0.05903988789686312,1.011157045277033,0.04519326635283058,4.571481252022464,40.62585140085719
2.0,0.3,6.0,17,14.116898842995585,8.56204591016241,8.63770041115038,0.5473859612809733,0.13408071573633182,0.23954421112853916,0.20739015727660975,0.06188732419942807,0.8889677503461086,0.03683059900077464,4.54130728433059,40.58914493435783
2.0,0.3,6.0,18,12.448436573361986,8.427598924213946,8.260870283453059,0.753135263154746,0.0995542258355928,0.2616209224164523,0.2039778788738385,0.060433386585548234,1.170757411902543,0.040512526141591065,4.343926730018736,39.06279461984773
2.0,0.3,6.0,19,14.663901960745644,8.795071123760534,9.148524025198055,0.4385154108906051,0.3847756663956623,0.21313711402947655,0.16492844163368184,0.04867482605777104,0.7155311959193108,0.03766709759944188,4.743607480891931,42.16047140284505
2.0,0.75,1.5,0,10.991895116538812,7.509538417783266,6.129657961530629,0.2607853348670398,0.06315642519164445,0.264667039850486,0.22925418602300018,0.06930316271269317,0.2872897291751167,0.2688195711296355,1.1173031831073685,31.04413071671012
2.0,0.75,1.5,1,11.524883811956471,8.392987000091784,7.30656168038772,0.2908927745419708,0.06715374407196563,0.2552184687213384,0.18728874647003052,0.05533859477829311,0.3218489841792277,0.22378915831309365,1.037669446058827,30.655500965316506
2.0,0.75,1.5,2,12.09980727727545,8.023153133293478,6.837284207808983,0.22490391092890882,0.09563239112637388,0.2522898358500233,0.19996620461644757,0.059228978809999284,0.254414219749385,0.22718201962848436,1.1247373439472037,30.946160831321077
2.0,0.75,1.5,3,10.839938906346132,6.6364477658965635,5.982015417303474,0.2447105981371624,0.06678850963759808,0.2551731432548406,0.2150883250043534,0.06458644116883758,0.26180052949384014,0.23136386421983796,0.9864731281192416,30.739401684379754
2.0,0.75,1.5,4,11.309487370224765,6.5799625080218735,6.092234434045833,0.2144088094315968,0.08211625310414802,0.24607981395400869,0.2084188081106304,0.062039019559722866,0.22894350854483894,0.23714964079390963,1.096126023962972,31.601007577619505
2.0,0.75,1.5,5,10.025741881282347,6.488708829675603,5.215557963657839,0.22635476463532994,0.01653110149053091,0.22361950061188993,0.1929029525705882,0.056846663521858444,0.24660695246810727,0.2378123325164441,1.226377409520644,32.91539922095291
2.0,0.75,1.5,6,12.162221066394377,7.99867300885606,6.9488273173435555,0.24699324238891668,0.07982485837201085,0.25970775374913524,0.2226547238549514,0.0672179721392387,0.28405450912197067,0.23541220649239358,1.0928095245333158,30.95297147187746
2.0,0.75,1.5,7,11.884652708900301,7.994486033630229,7.244459867903772,0.2817015704856836,0.10276056745736997,0.2623472002480752,0.2183177039086336,0.06558144460142125,0.31303069632721847,0.2440958223055274,0.9579920755496687,30.83196818406842
2.0,0.75,1.5,8,11.49021606894159,7.7625531142187825,7.130568973803761,0.2484329487129011,0.0403994641459684,0.24935605069862135,0.191602946666706,0.057209769812172066,0.26806105974980604,0.23387389842283965,1.1748092565893216,31.686389861919565
2.0,0.75,1.5,9,10.26068892432154,6.176398348018959,5.634463505929088,0.2800180635411595,0.0949040470731158,0.20601907459726088,0.18405908871036197,0.05497930953489883,0.3066331903252796,0.2799031852639336,1.3073081275095149,33.67934413907591
2.0,0.75,1.5,10,9.875343709864822,6.518904689413477,4.998941212475639,0.23252453409914242,0.19744494055896145,0.17956444176638675,0.15372865787722964,0.0449016675562424,0.2520703000147747,0.2215933143048228,1.2970017250301304,34.56529940863869
2.0,0.75,1.5,11,10.997990977173721,8.400581348204792,7.121197694918426,0.25661255528517596,0.05110921302785175,0.24197913220966238,0.18391393595515504,0.05462972689422454,0.272095120429869,0.23712327133576783,1.132642392380617,32.03249565624745
2.0,0.75,1.5,12,10.844686603008439,6.4797175826044064,6.129751997995137,0.23813219500406918,0.0987402776506071,0.23840946955885708,0.19947166723566226,0.0592133652426709,0.26109360028194073,0.24108765969327636,1.1132874430978492,32.008215142210105
2.0,0.75,1.5,13,10.572751485925012,7.673828753810895,6.335704805973229,0.31901623484088204,0.034088604556398464,0.25010590223688267,0.19309534537200335,0.05788609604721664,0.3540194990523207,0.2796818273169084,1.143200818355146,31.666784510120454
2.0,0.75,1.5,14,10.258740993965429,7.56842285201713,6.108298046639833,0.27336257076158654,0.03898259245044429,0.24646718207964122,0.19763560342447622,0.05906978472696977,0.30240769660754013,0.26876047960806476,1.0315075386839525,31.696235922723545
2.0,0.75,1.5,15,10.290236672848533,6.545924745737608,5.437642622953074,0.29949564691183866,0.040263817238872665,0.2325258872546609,0.20015750510089741,0.05964653122184258,0.3281214323341965,0.2878989780750509,1.0886373566133813,32.34700153403058
2.0,0.75,1.5,16,9.449783521754965,6.458865870690312,4.800888579330573,0.28690358394691917,0.06002341247170962,0.23795672280320035,0.1986666320529548,0.05903988789686312,0.3101295538623469,0.2824480897691915,1.1356555353898061,32.03628710927555
2.0,0.75,1.5,17,11.787950449786479,7.321360411075661,6.935632660993477,0.23206484586787027,0.09396344878920969,0.23954421112853916,0.20739015727660975,0.06188732419942807,0.24970511491288064,0.23015888346009453,1.1278790536007257,32.055574357533175
2.0,0.75,1.5,18,10.993679408399764,7.905792488914575,6.8237307777480805,0.2931899511538726,0.09205423527949781,0.2616209224164523,0.2039778788738385,0.060433386585548234,0.32159497543566445,0.25316868284542254,1.0366324553291064,30.79455893312366
2.0,0.75,1.5,19,8.865224180850134,5.827216508264123,4.886747693824181,0.2316516150016762,0.1541577081567005,0.21313711402947655,0.16492844163368184,0.04867482605777104,0.24327736097825015,0.23536686536629664,1.1696131320909116,33.22548553084249
2.0,0.75,3.0,0,14.498450658161323,9.667172622395132,8.612495145654766,0.3384859417630283,0.06316021540650411,0.264667039850486,0.22925418602300018,0.06930316271269317,0.4523410949063112,0.2688199661166855,2.2202953549245796,33.80161114625315
2.0,0.75,3.0,1,13.357373906080683,9.555829741931124,9.12186923531437,0.44817806008367755,0.06715163522347256,0.2552184687213384,0.18728874647003052,0.05533859477829311,0.5729384886473304,0.22378970122340305,2.129977332510378,33.38627068144538
2.0,0.75,3.0,2,14.873649500722188,9.758984737652051,9.073349173974306,0.3183410719509187,0.09562880956719798,0.2522898358500233,0.19996620461644757,0.059228978809999284,0.42994451682544044,0.22718187634246742,2.231150966749182,33.712194888326025
2.0,0.75,3.0,3,14.425038113621959,8.811706856275546,8.411409505943405,0.3398114618685096,0.06678939979918752,0.2551731432548406,0.2150883250043534,0.06458644116883758,0.42621977610843836,0.23136260408248419,2.084709347210586,33.484992232108105
2.0,0.75,3.0,4,15.167380241543702,9.13701815963825,8.785754521105696,0.28367045196051827,0.08211556901319317,0.24607981395400869,0.2084188081106304,0.062039019559722866,0.35560669479848117,0.23714622568203983,2.222228589218231,34.416263990757656
2.0,0.75,3.0,5,14.170087150604123,8.827418369815339,7.848687446157429,0.2928824673300908,0.016528636600882295,0.22361950061188993,0.1929029525705882,0.056846663521858444,0.37180669236084973,0.23781294768712768,2.3911677920611534,35.82737517730418
2.0,0.75,3.0,6,14.311807393758617,9.372424501101763,8.79191268105085,0.3462192618491753,0.07982605751398753,0.25970775374913524,0.2226547238549514,0.0672179721392387,0.4819795976583334,0.23541334082256193,2.182622641245815,33.67750426365872
2.0,0.75,3.0,7,13.832277966767343,9.276558401469169,8.801722619344659,0.39945578412188354,0.10275898447038413,0.2623472002480752,0.2183177039086336,0.06558144460142125,0.5194059343027733,0.2440941924675443,2.060590687754134,33.58846471457957
2.0,0.75,3.0,8,14.202773915137065,9.596093790683133,9.101925379633785,0.3698269163183805,0.04040301344298418,0.24935605069862135,0.191602946666706,0.057209769812172066,0.45237762538198373,0.23387381968653442,2.2943934151423653,34.485350258302184
2.0,0.75,3.0,9,13.131370956163275,7.868440420372138,7.334948473866614,0.35736926039998324,0.09489963953999836,0.20601907459726088,0.18405908871036197,0.05497930953489883,0.4615419416427128,0.2799032222556646,2.4956685092115247,36.65024509333092
2.0,0.75,3.0,10,13.478521338215879,8.213548997518577,7.250441569182861,0.30380961953022134,0.19744260017814452,0.17956444176638675,0.15372865787722964,0.0449016675562424,0.3880051687589377,0.2215932529259654,2.522925145349442,37.63010795943696
2.0,0.75,3.0,11,13.771404859385052,9.889368445386841,8.890422734395559,0.37118258260838044,0.05110808274287681,0.24197913220966238,0.18391393595515504,0.05462972689422454,0.4451047037456672,0.2371223425967681,2.2717971564734207,34.880382566479454
2.0,0.75,3.0,12,14.025231342901268,8.716792014283826,8.408818821702218,0.34325470901338484,0.09873864814327582,0.23840946955885708,0.19947166723566226,0.0592133652426709,0.42535142882883664,0.24108797999893142,2.250325367594513,34.850809953451765
2.0,0.75,3.0,13,13.353679484127154,9.070578892485445,8.439058036286239,0.436680295758214,0.03408607672740524,0.25010590223688267,0.19309534537200335,0.05788609604721664,0.5634802048694035,0.27968298337164743,2.2674880690651364,34.47750263689542
2.0,0.75,3.0,14,13.715165520127814,9.549046224431603,8.36326892975309,0.354600071088469,0.03898308063270485,0.24646718207964122,0.19763560342447622,0.05906978472696977,0.4674315484978452,0.26875697209113375,2.1629564411858127,34.52485817897821
2.0,0.75,3.0,15,13.660851298528954,8.404650495040674,7.735495441847179,0.39861198461347996,0.040259691908350555,0.2325258872546609,0.20015750510089741,0.05964653122184258,0.5080733335892924,0.2878999055024957,2.242546733050149,35.2317749751225
2.0,0.75,3.0,16,13.656137049103414,8.96657662294193,7.815904328662569,0.3733794529581018,0.060023223681334656,0.23795672280320035,0.1986666320529548,0.05903988789686312,0.4792299536533835,0.2824485602138662,2.2773605532498977,34.890549653925774
2.0,0.75,3.0,17,14.76893050004289,9.234497184371593,8.793756293696678,0.32904465145484707,0.09396240475341949,0.23954421112853916,0.20739015727660975,0.06188732419942807,0.40889025188137235,0.2301592533047275,2.264583623550359,34.89733578240726
2.0,0.75,3.0,18,13.494083303014447,9.606850193290587,8.815242151170308,0.4238614756046597,0.09205550724031049,0.2616209224164523,0.2039778788738385,0.060433386585548234,0.5371577363649883,0.2531703388188189,2.1319248895525873,33.53279001868236
2.0,0.75,3.0,19,13.426609878285852,8.793750336811335,7.851874683505423,0.29988018994039284,0.15415690801597545,0.21313711402947655,0.16492844163368184,0.04867482605777104,0.35983891821903935,0.23536963283693968,2.349816410302454,36.175993726371345
2.0,0.75,6.0,0,12.870109093558533,8.259736004973966,7.776821882850711,0.6061660145138628,0.06316790904745087,0.264667039850486,0.22925418602300018,0.06930316271269317,1.0856930080805527,0.2688208243723811,4.426279698559001,39.31657200533921
2.0,0.75,6.0,1,11.215044241355127,7.802173168853567,7.442631160832453,0.8333302227354457,0.06714734241582505,0.2552184687213384,0.18728874647003052,0.05533859477829311,1.1563059171560182,0.22379092607969728,4.314593105413479,38.84781011370314
2.0,0.75,6.0,2,12.57506454387399,8.159697747230577,7.9338214883534235,0.6642845386147465,0.09562156922464753,0.2522898358500233,0.19996620461644757,0.059228978809999284,1.1093928725180657,0.22718171608194382,4.443978212353139,39.24426300233591
2.0,0.75,6.0,3,12.627816813831377,7.821859078339891,7.677537175194786,0.6770290208459776,0.0667912534475115,0.2551731432548406,0.2150883250043534,0.06458644116883758,1.0682271588576817,0.23136021966235182,4.281181785393274,38.97617332756483
2.0,0.75,6.0,4,13.24560597063977,8.081338709233357,7.980919625641334,0.5551404929739133,0.08211408185371968,0.24607981395400869,0.2084188081106304,0.062039019559722866,0.8855603408090182,0.23713950987911184,4.474433719728749,40.04677681703396
2.0,0.75,6.0,5,13.304530282104773,7.983592259288679,7.588003439185084,0.5371912786779233,0.016523795295453354,0.22361950061188993,0.1929029525705882,0.056846663521858444,0.8677119711409901,0.23781427368725333,4.72074855714217,41.65132709000673
2.0,0.75,6.0,6,12.263216045916908,7.982427118824587,7.545161729170788,0.6403588186586171,0.07982854704409473,0.25970775374913524,0.2226547238549514,0.0672179721392387,1.1567768677464139,0.23541574468318743,4.362248874670813,39.126569847221205
2.0,0.75,6.0,7,11.94259534570568,7.8702923238188145,7.458168436830106,0.743348379659616,0.10275582727868578,0.2623472002480752,0.2183177039086336,0.06558144460142125,1.1836209738549102,0.2440910242340748,4.265787912163064,39.1014577756019
2.0,0.75,6.0,8,12.197344966359285,8.124572341108605,7.844614504454092,0.7923445824588919,0.0404101753942935,0.24935605069862135,0.191602946666706,0.057209769812172066,1.1562043135091735,0.23387377600163403,4.533561732248451,40.0832710510674
2.0,0.75,6.0,9,12.438284062414088,7.339281819709045,6.966241938422688,0.5936475996408774,0.0948907841376552,0.20601907459726088,0.18405908871036197,0.05497930953489883,1.0132087438246078,0.27990339190676833,4.872389272615543,42.59204700184097
2.0,0.75,6.0,10,12.851068877078694,7.497501404127691,7.151819460710032,0.5423312035752026,0.1974378011967155,0.17956444176638675,0.15372865787722964,0.0449016675562424,0.9051905090242537,0.22159323519337448,4.974771985988068,43.75972506103352
2.0,0.75,6.0,11,12.1015804177771,8.179993610164843,7.741474529865643,0.7563233780710061,0.05110574088845176,0.24197913220966238,0.18391393595515504,0.05462972689422454,1.098494179412777,0.2371205705853142,4.550106684659028,40.576156386943474
2.0,0.75,6.0,12,12.580879025512917,7.844767575300014,7.588157409527027,0.7144290827522098,0.09873529411614897,0.23840946955885708,0.19947166723566226,0.0592133652426709,1.0455463226972412,0.24108873272062017,4.524401216587841,40.535999575935094
2.0,0.75,6.0,13,11.909584896988624,7.755067879235055,7.550357087477693,0.8024788661402484,0.03408085667950324,0.25010590223688267,0.19309534537200335,0.05788609604721664,1.204284196968797,0.27968538040740537,4.516062570485115,40.09893889044538
2.0,0.75,6.0,14,12.455805989231306,8.215203333167498,7.744052945859877,0.6516564975938149,0.03898388091891076,0.24646718207964122,0.19763560342447622,0.05906978472696977,1.1024433790213508,0.2687500423602769,4.42585424618953,40.1821026914875
2.0,0.75,6.0,15,12.48862981439412,7.495975184482413,7.330993655112904,0.7302411327354332,0.040251169654667414,0.2325258872546609,0.20015750510089741,0.05964653122184258,1.0852593337313412,0.2879018360011029,4.550365485923683,41.00132185730632
2.0,0.75,6.0,16,12.58756770204455,7.863652045973417,7.5370824077881196,0.6908125512387098,0.06002266737990048,0.23795672280320035,0.1986666320529548,0.05903988789686312,1.1013623667976618,0.2824495863790064,4.5607705889700805,40.59907474322624
2.0,0.75,6.0,17,12.93179670571153,7.988477522124709,7.661660188396035,0.6518586493814497,0.09396016646986498,0.23954421112853916,0.20739015727660975,0.06188732419942807,1.0098597847939539,0.23016009470383542,4.537992763449626,40.580858632155426
2.0,0.75,6.0,18,11.75212068641123,8.03743136105616,7.624178523899583,0.8250207680333832,0.09205816909506881,0.2616209224164523,0.2039778788738385,0.060433386585548234,1.211210346291349,0.25317376613580916,4.3225097579995495,39.00925218979977
2.0,0.75,6.0,19,12.819733149483316,8.08778029899031,7.706918839554659,0.5757464821201798,0.15415524862288582,0.21313711402947655,0.16492844163368184,0.04867482605777104,0.8600778247882606,0.2353752724295206,4.710222966725539,42.07701011742907
2.0,1.5,1.5,0,6.591966944233546,4.722329735006933,3.5952101998209964,0.483734385473632,0.04340599227767396,0.264667039850486,0.22925418602300018,0.06930316271269317,0.5111287586492529,0.5217883567350334,1.119339467443674,31.049221427550883
2.0,1.5,1.5,1,4.901245841572947,3.844293429774498,2.947200026956051,0.5475067751876606,0.04156432558246313,0.2552184687213384,0.18728874647003052,0.05533859477829311,0.561538013676027,0.618424597353921,1.0233200794219957,30.619627548724424
2.0,1.5,1.5,2,6.099851353876166,4.767497792097454,3.8995567747746755,0.568284034779106,0.05155234622814751,0.2522898358500233,0.19996620461644757,0.059228978809999284,0.6015192330354311,0.5831114061257783,1.111033874475317,30.911902157641364
2.0,1.5,1.5,3,5.7596930707263425,4.14369412143239,3.4140572010358015,0.5891330046694006,0.061057941714460266,0.2551731432548406,0.2150883250043534,0.06458644116883758,0.6154967660939745,0.6274119619492831,0.952499429968797,30.654467439003643
2.0,1.5,1.5,4,6.207197555610716,4.403278975609018,3.8513393926614263,0.585383242107319,0.0665620661869627,0.24607981395400869,0.2084188081106304,0.062039019559722866,0.6016351162556988,0.5811602189721935,1.0934531999749488,31.59432551764946
2.0,1.5,1.5,5,5.6548643425015355,3.850404978781467,2.934715435810882,0.5383073960527645,0.011805498453731375,0.22361950061188993,0.1929029525705882,0.056846663521858444,0.5667874615473862,0.5598724377783,1.2650818839657472,33.012160407065664
2.0,1.5,1.5,6,5.7038414216787805,4.22746883270076,3.2835366888347526,0.5570807743510825,0.07790322468030894,0.25970775374913524,0.2226547238549514,0.0672179721392387,0.5788957627085639,0.6156336479922426,1.1321589607196412,31.05134506234328
2.0,1.5,1.5,7,5.979035253689328,4.4434005074818295,3.7400630567586997,0.5397812260427357,0.05702702971306684,0.2623472002480752,0.2183177039086336,0.06558144460142125,0.5524225041867865,0.5829741489929877,0.9683647746958219,30.857899931933797
2.0,1.5,1.5,8,6.366482516813645,4.57050037932149,3.899029168413014,0.5690606225647441,0.028194879711598335,0.24935605069862135,0.191602946666706,0.057209769812172066,0.5911453392618844,0.5420966837517925,1.2101016945912608,31.774620956924423
2.0,1.5,1.5,9,5.980253742110868,3.7863498968229163,3.4410431107115054,0.5607366223754725,0.04762805370419334,0.20601907459726088,0.18405908871036197,0.05497930953489883,0.5862736431109902,0.5497471946038055,1.3762189955173691,33.85162130909555
2.0,1.5,1.5,10,4.708797396417222,3.137704485716429,2.494964817361508,0.5600241503750576,0.10374807996064792,0.17956444176638675,0.15372865787722964,0.0449016675562424,0.5783930601519047,0.5644172768981661,1.3112419614594368,34.60089999971194
2.0,1.5,1.5,11,6.662537544888714,5.503409020281975,4.370793464671071,0.6161438286672128,0.030345967162901253,0.24197913220966238,0.18391393595515504,0.05462972689422454,0.6465174096806722,0.5635321511536515,1.1490798859519398,32.07358939017575
2.0,1.5,1.5,12,5.435580375267945,3.939285063274565,3.133252196843553,0.5962650625817622,0.06379828694786469,0.23840946955885708,0.19947166723566226,0.0592133652426709,0.6169726641195207,0.6047024829794075,1.1387698345130954,32.07192112074823
2.0,1.5,1.5,13,5.701882538993006,4.044455453938359,3.4843841437949505,0.4995796075118067,0.02969913103871674,0.25010590223688267,0.19309534537200335,0.05788609604721664,0.5179507118585411,0.5365327237041515,1.16520715476913,31.721800351155416
2.0,1.5,1.5,14,6.425969556114267,4.971152890517538,3.9008113941880875,0.4997947992652963,0.03201773507148663,0.24646718207964122,0.19763560342447622,0.05906978472696977,0.528885881673012,0.5210523234772828,1.0554114198237885,31.75599562557315
2.0,1.5,1.5,15,5.394467385318759,3.4919045100288812,3.184002162858015,0.5048293156408763,0.04011298057797174,0.2325258872546609,0.20015750510089741,0.05964653122184258,0.5206208386776642,0.5067163092635332,1.0731552579837174,32.308296287456415
2.0,1.5,1.5,16,5.313063753262616,3.5601562237234825,2.9063715295181103,0.4911218435259637,0.0584989684691782,0.23795672280320035,0.1986666320529548,0.05903988789686312,0.5110650075078698,0.5532197560189481,1.1178044303025034,31.991659346557284
2.0,1.5,1.5,17,6.421334731447899,4.69611378212719,3.60883978207245,0.5337978975713112,0.08678351981490987,0.23954421112853916,0.20739015727660975,0.06188732419942807,0.5643671697908441,0.5298440519431891,1.1223548521324527,32.04176385386249
2.0,1.5,1.5,18,5.334065862420192,4.1571229828503045,3.4477066716782185,0.5090416912421448,0.09094512198698326,0.2616209224164523,0.2039778788738385,0.060433386585548234,0.5208533546682931,0.5726904571103834,1.0009375019637972,30.705321549710376
2.0,1.5,1.5,19,5.130337364468322,3.89158878726527,3.0621401012805793,0.598837164149818,0.0775775551498489,0.21313711402947655,0.16492844163368184,0.04867482605777104,0.6238006300580596,0.6069885552312013,1.1139722751469252,33.08638338848253
2.0,1.5,3.0,0,10.187036495648048,6.984848878325019,5.769143084408749,0.5706901109286286,0.043408796728273795,0.264667039850486,0.22925418602300018,0.06930316271269317,0.6883720365721461,0.5217893316986645,2.222331639260885,33.80670185709391
2.0,1.5,3.0,1,8.39509576584586,6.3774296470585,5.267378398520521,0.6177038289031621,0.04156422107679892,0.2552184687213384,0.18728874647003052,0.05533859477829311,0.6754822021330967,0.6184237704258303,2.1156279658735464,33.35039726485331
2.0,1.5,3.0,2,9.434092468009375,7.0020447945844015,6.079004355718131,0.6713223259820992,0.05155170695145992,0.2522898358500233,0.19996620461644757,0.059228978809999284,0.7966280063507876,0.583110963333307,2.217447497277295,33.67793621464631
2.0,1.5,3.0,3,9.200394760908187,6.269410716637605,5.572978767339075,0.685080363836273,0.06105906806217473,0.2551731432548406,0.2150883250043534,0.06458644116883758,0.7865732678642812,0.6274130605005919,2.0507356490601403,33.400057986731994
2.0,1.5,3.0,4,9.432649473073134,6.478601452712786,5.80980649294594,0.6752356889474046,0.06656161486978845,0.24607981395400869,0.2084188081106304,0.062039019559722866,0.7565106538012454,0.5811600505974529,2.219555765230208,34.409581930787596
2.0,1.5,3.0,5,9.406025489342857,6.413436240637316,5.233752128779866,0.6204414244662021,0.011804458714359126,0.22361950061188993,0.1929029525705882,0.056846663521858444,0.7339280056047736,0.5598722619932346,2.429872266506256,35.924136363416935
2.0,1.5,3.0,6,9.240432598635765,6.655793025818929,5.370173293972196,0.6312433802185261,0.07790416549427527,0.25970775374913524,0.2226547238549514,0.0672179721392387,0.7371073002178483,0.6156343104818105,2.22197207743214,33.77587785412452
2.0,1.5,3.0,7,9.342185929557704,6.587915894621898,5.686193965048663,0.6333169575911678,0.05702748017999587,0.2623472002480752,0.2183177039086336,0.06558144460142125,0.7100119978962974,0.582974214753107,2.070963386900287,33.61439646244495
2.0,1.5,3.0,8,9.716128967165849,6.908340923234482,6.094148522712688,0.6912215941693924,0.028197359808776676,0.24935605069862135,0.191602946666706,0.057209769812172066,0.7899918158528701,0.5420981063402748,2.329685853144303,34.573581353307034
2.0,1.5,3.0,9,8.822846037028329,5.650017762878929,5.008754364193427,0.652537703985766,0.04762676490202746,0.20601907459726088,0.18405908871036197,0.05497930953489883,0.7522978660163692,0.5497488395776902,2.564579377219378,36.822522263350564
2.0,1.5,3.0,10,8.148053178706414,5.425363584076607,4.531912426944821,0.6348376496542382,0.10374820543247655,0.17956444176638675,0.15372865787722964,0.0449016675562424,0.7113815208114262,0.5644164644685649,2.537165381778749,37.665708550510224
2.0,1.5,3.0,11,9.539221381479727,7.376170617566947,6.255359957335579,0.7556643789096756,0.030345760863061084,0.24197913220966238,0.18391393595515504,0.05462972689422454,0.8764765899553332,0.5635321027233234,2.2882346500447435,34.92147630040776
2.0,1.5,3.0,12,9.021562523280224,6.120788654700432,5.226814070170272,0.6995928036136,0.06379858683740632,0.23840946955885708,0.19947166723566226,0.0592133652426709,0.7957991795196392,0.604701797667644,2.275807759009759,34.91451593198988
2.0,1.5,3.0,13,9.096941961660798,6.227435500902456,5.683205972148405,0.6052991689072746,0.0296969545261277,0.25010590223688267,0.19309534537200335,0.05788609604721664,0.6773344346767382,0.5365327363119615,2.2894944054791204,34.53251847793039
2.0,1.5,3.0,14,10.000769645770431,7.307078182181059,6.300264218315769,0.6149510812634459,0.032021585107956864,0.24646718207964122,0.19763560342447622,0.05906978472696977,0.7357669969475975,0.5210505896232291,2.1868603223256478,34.58461788182779
2.0,1.5,3.0,15,8.816253514150752,5.485277210507249,5.202346772340571,0.6070343022008453,0.04010863280292797,0.2325258872546609,0.20015750510089741,0.05964653122184258,0.6666426907357372,0.5067190288893864,2.2270646344204854,35.19306972854834
2.0,1.5,3.0,16,8.926314141831002,5.880190009148005,5.1617052135856305,0.584472544160082,0.05849880879017468,0.23795672280320035,0.1986666320529548,0.05903988789686312,0.6597321067758658,0.5532194925075866,2.259509448162595,34.84592189120752
2.0,1.5,3.0,17,9.800270330599508,6.635593055516822,5.603659472342135,0.6247467448857744,0.08678179039834136,0.23954421112853916,0.20739015727660975,0.06188732419942807,0.7372183990417246,0.5298441367953495,2.259059422082086,34.883525278736585
2.0,1.5,3.0,18,8.921253987262599,6.589860205199247,5.706104161686309,0.6095114823015519,0.09094530958653077,0.2616209224164523,0.2039778788738385,0.060433386585548234,0.67256600818362,0.5726904662207258,2.096229936187278,33.4435526352691
2.0,1.5,3.0,19,8.517519079463202,6.205368648572103,5.274774445293241,0.6981113892777122,0.077577525194371,0.21313711402947655,0.16492844163368184,0.04867482605777104,0.7959870474792908,0.6069894052237669,2.2941755533584676,36.03689158401139
2.0,1.5,6.0,0,11.030483222798424,7.188745399966442,6.55716664292084,0.8588894277540914,0.04341458580059817,0.264667039850486,0.22925418602300018,0.06930316271269317,1.348840036451706,0.5217913511513087,4.428315982895308,39.32166271617996
2.0,1.5,6.0,1,9.853930911495583,6.9501757108363975,6.278547757142348,0.9244411469255092,0.041563942508768145,0.2552184687213384,0.18728874647003052,0.05533859477829311,1.1683119046333958,0.6184221503648457,4.300243738776648,38.81193669711106
2.0,1.5,6.0,2,10.344174616758384,7.162889226892053,6.6806475990089025,1.0179736851670291,0.05155037256823216,0.2522898358500233,0.19996620461644757,0.059228978809999284,1.4940672434371016,0.5831101159463132,4.430274742881252,39.2100043286562
2.0,1.5,6.0,3,10.39151021469096,6.764891778361429,6.439176847890833,1.017019995306253,0.06106140974738416,0.2551731432548406,0.2150883250043534,0.06458644116883758,1.4189223810072942,0.6274152919877083,4.2472080872428295,38.89123908218872
2.0,1.5,6.0,4,10.478062858937866,6.862292282103922,6.4538655810555055,0.9542155691645152,0.06656058644335253,0.24607981395400869,0.2084188081106304,0.062039019559722866,1.300983646231435,0.5811597577791485,4.471760895740725,40.040094757063905
2.0,1.5,6.0,5,10.826059509000563,6.965338159894926,6.336266116178437,0.8916345445912441,0.011802508617565799,0.22361950061188993,0.1929029525705882,0.056846663521858444,1.3063790716943051,0.5598719610509958,4.759453031587273,41.74808827611947
2.0,1.5,6.0,6,10.49170596958791,7.0753571321525195,6.287015795238728,0.900259578351672,0.07790614338727388,0.25970775374913524,0.2226547238549514,0.0672179721392387,1.3730665741494341,0.6156356712608501,4.401598310857137,39.22494343768702
2.0,1.5,6.0,7,10.405486745181028,6.932034177590119,6.3591355625443144,0.959896375569884,0.05702845696848524,0.2623472002480752,0.2183177039086336,0.06558144460142125,1.3356935241906032,0.5829744001568916,4.276160611309216,39.12738952346728
2.0,1.5,6.0,8,10.425945696961593,7.12309381053707,6.699120592851598,1.1167285313968318,0.02820242889832656,0.24935605069862135,0.191602946666706,0.057209769812172066,1.5210485153465472,0.5421009943738613,4.568854170250391,40.171502146072235
2.0,1.5,6.0,9,10.154069964559277,6.270928521722297,5.78014928358132,0.9242187637288991,0.047624167385882994,0.20601907459726088,0.18405908871036197,0.05497930953489883,1.339430289562455,0.5497521819308977,4.941300140623398,42.76432417186061
2.0,1.5,6.0,10,10.222668233242512,6.420822254229276,5.82611769863378,0.889688876569091,0.10374839250220644,0.17956444176638675,0.15372865787722964,0.0449016675562424,1.2398287460206012,0.5644148870735021,4.989012222417373,43.79532565210678
2.0,1.5,6.0,11,10.0842905584765,7.164565880249005,6.6172716591416885,1.165879719868515,0.03034523648969245,0.24197913220966238,0.18391393595515504,0.05462972689422454,1.588821325888213,0.5635320621415162,4.56654417823035,40.61725012087177
2.0,1.5,6.0,12,10.454502088025855,6.688722170001712,6.216332976406402,1.0591502738573049,0.06379909115341573,0.23840946955885708,0.19947166723566226,0.0592133652426709,1.447990542945855,0.6047004693999848,4.549883608003087,40.5997055544732
2.0,1.5,6.0,13,10.294090888437266,6.771047505136323,6.519093717740098,0.9885252280391202,0.0296924163853445,0.25010590223688267,0.19309534537200335,0.05788609604721664,1.2972327981943992,0.5365328205350949,4.538068906899099,40.15395473148034
2.0,1.5,6.0,14,10.632090614507284,7.2757906502284415,6.8751754144233335,0.9870747309345653,0.03202907400314714,0.24646718207964122,0.19763560342447622,0.05906978472696977,1.491111029974807,0.5210471895650357,4.449758127329366,40.2418623943371
2.0,1.5,6.0,15,10.40371181095672,6.306511628250862,6.166445931383662,0.967032837032094,0.040099664203366664,0.2325258872546609,0.20015750510089741,0.05964653122184258,1.2232962273336676,0.5067245455820174,4.53488338729402,40.96261661073218
2.0,1.5,6.0,16,10.536474421168021,6.691732448682629,6.283901133882574,0.9189598142156287,0.0584983072202625,0.23795672280320035,0.1986666320529548,0.05903988789686312,1.2418749156181037,0.5532190217134082,4.542919483882779,40.55444698050798
2.0,1.5,6.0,17,10.787211119542318,6.863506238145369,6.356961186044702,0.9401623675418334,0.08677817705397778,0.23954421112853916,0.20739015727660975,0.06188732419942807,1.3562180300351734,0.5298443523115756,4.532468561981353,40.56704812848476
2.0,1.5,6.0,18,10.213885133997668,7.066073331982598,6.555122498201286,0.9890644634504325,0.09094580404501275,0.2616209224164523,0.2039778788738385,0.060433386585548234,1.29215819222261,0.572690525765104,4.28681480463424,38.92001480638649
2.0,1.5,6.0,19,10.02951532085987,6.831401314146158,6.284664443005109,0.9984205285322629,0.0775774748222333,0.21313711402947655,0.16492844163368184,0.04867482605777104,1.347525732804372,0.6069911526469569,4.654582109781552,41.93790797506909
3.0,0.3,1.5,0,16.578645293184938,9.382268794726661,8.597179679340496,0.07394760733956444,0.13677998727887297,0.09522781674472285,0.08712122856317048,0.024959727227624472,0.0825507919392503,0.04301353095418378,1.3409564819125515,38.1305409457058
3.0,0.3,1.5,1,19.432200566551025,11.265143525172341,10.07587671537661,0.07516546344194469,0.15487598389962368,0.1033974058037713,0.08262011631301287,0.02370546675077404,0.09059623527625894,0.03580289423436651,1.300851731339081,37.33841018987893
3.0,0.3,1.5,2,21.045672090624254,10.523674101783431,10.414986980588724,0.05402940445732633,0.23342290974674376,0.10392127422148899,0.08994954138235824,0.02604504065646586,0.06057458259988913,0.036353086975514565,1.3903314373516578,37.585009470627654
3.0,0.3,1.5,3,17.24677158604109,8.332027517359863,8.447197992513455,0.06968133217802117,0.09787181858692978,0.10730595580778693,0.09359251919369116,0.026979294607137567,0.07913593842762007,0.03701886995464458,1.2307417974873474,37.27398269813912
3.0,0.3,1.5,4,17.808868836567743,7.906661306479899,9.166339345035588,0.051001744167668964,0.15150586114716863,0.09281474228015826,0.08185541463884456,0.023236494910205272,0.05384926970391012,0.037945182527438226,1.3305501102998658,38.230983743373216
3.0,0.3,1.5,5,15.605383241738023,7.794301080040992,7.352077523773094,0.05133646639879614,0.034810976635555525,0.08180350434985946,0.07096174952853535,0.019958383886164083,0.05835611857024236,0.0380531736840784,1.4171452580561423,38.88936442451984
3.0,0.3,1.5,6,20.760827182137444,8.412057062726742,8.814263218068172,0.05347721917760708,0.09208579986653935,0.08144701661128796,0.08601342771598025,0.024478767418564272,0.0640895819242613,0.03767144684937629,1.323150368724856,38.68482843685216
3.0,0.3,1.5,7,20.863306315951945,11.786208468386912,11.03575828644689,0.07428570186206186,0.24833006407809724,0.0974651327798642,0.08938919831828886,0.025610917124946078,0.0887828767401168,0.03905547836965009,1.2603818377968938,37.94490604503339
3.0,0.3,1.5,8,17.999810880603643,9.110723854659668,10.218841382902017,0.06859213018975786,0.08656339236830524,0.10271248269527494,0.0873589881857286,0.02534463614491185,0.07820055297481583,0.03742744205765998,1.3658041302181907,37.83124123742251
3.0,0.3,1.5,9,15.480691753346251,9.123440817084884,8.611346352359595,0.06584754816683851,0.23689678040424897,0.0703853801031252,0.06695762012916212,0.01910246339347136,0.07385896497223335,0.04478672100960464,1.4766573029339565,39.403332863253624
3.0,0.3,1.5,10,14.243207996382868,7.232659367496623,7.8360279172514575,0.05274423359018254,0.4861391291476072,0.06466754649356893,0.05559127489164138,0.0157643316034897,0.0578266927672169,0.03545457266673306,1.4726184902026895,39.54744145888088
3.0,0.3,1.5,11,18.22379105828775,10.258046976508382,10.472132410165935,0.06572562149436952,0.12033432679358726,0.09394178960790779,0.07989026338142033,0.023004458164358237,0.07570563491680575,0.03794295696413066,1.3391964413863735,38.1922297950845
3.0,0.3,1.5,12,16.626678976120576,9.700803857536785,10.32424838774518,0.06449280080508495,0.22267830993244533,0.09405564937300662,0.07873415143433261,0.02257449155499959,0.07095649675550839,0.03857240718028728,1.314989188235597,38.140107051207345
3.0,0.3,1.5,13,18.083186256984334,10.861900040720398,9.855981794203439,0.07731969669234806,0.055808360406006764,0.09704880513922778,0.08201118910093809,0.023962879660107884,0.09181715917915514,0.044754189588239734,1.3504041868387207,38.10795773158172
3.0,0.3,1.5,14,16.383499352445835,7.999334021327205,7.723316196681891,0.06540472964583656,0.07055890548657737,0.08564765807846354,0.08075587766765657,0.02300687402811936,0.07271021848778915,0.04300805688105947,1.2498199523596574,38.41755454760737
3.0,0.3,1.5,15,16.21288615394116,9.812979337953932,9.393165813623344,0.07577877178352053,0.04137395554219109,0.09062672708005454,0.07236600943594834,0.020230689281625577,0.08555360457868115,0.046072188195482554,1.2755196754972613,38.2740304923606
3.0,0.3,1.5,16,14.00470762743402,7.938745360427035,6.762593852542213,0.06904400599541703,0.06971919369229679,0.08960007280561046,0.0757828833221699,0.02159376085933218,0.07305998950212461,0.04519251355714236,1.3515500863805645,38.311031369508314
3.0,0.3,1.5,17,17.70861129178896,10.984993762281928,11.379644877090984,0.06369000441774275,0.13406393251303694,0.08373178559938002,0.0735842752603407,0.02063827555730324,0.06957537634744909,0.03682996029292141,1.3961011412953042,38.8216651987384
3.0,0.3,1.5,18,18.80709168690106,11.321840991887731,9.95359108737981,0.08135263193932982,0.09950021418909713,0.10789591384094029,0.08940970244890302,0.0255857413957668,0.09768077673390554,0.040510270455697724,1.2700922937536685,37.44377730816729
3.0,0.3,1.5,19,13.155192856519676,5.8668815760049124,6.262735644095209,0.04949573239484584,0.3847948371762347,0.07702668603571294,0.0663230762510641,0.018874685877418834,0.05234608560801968,0.037663532496638875,1.3758726413741127,39.04659439882824
3.0,0.3,3.0,0,18.489592797026926,9.83107128623128,10.839436400437014,0.12764347848038504,0.13679603164614135,0.09522781674472285,0.08712122856317048,0.024959727227624472,0.16661489536810736,0.04301371556608333,2.69816810286049,41.52356999807565
3.0,0.3,3.0,1,17.960021659821738,10.021803060491443,10.98803741345152,0.14717732176740303,0.1548600724058103,0.1033974058037713,0.08262011631301287,0.02370546675077404,0.21327048850486544,0.03580315703778164,2.6293891594798797,40.65975376023092
3.0,0.3,3.0,2,21.671189041453395,10.409559853945472,11.779470806049227,0.09722251988428632,0.23339901404633753,0.10392127422148899,0.08994954138235824,0.02604504065646586,0.1270034566793437,0.03635307618175085,2.73039975770865,40.93518027152013
3.0,0.3,3.0,3,19.037981840870508,8.921736132545464,10.574139601887474,0.11983015389312768,0.09787072917062756,0.10730595580778693,0.09359251919369116,0.026979294607137567,0.16087572952916607,0.03701842769462632,2.560406986330978,40.59814567024819
3.0,0.3,3.0,4,20.94772554569927,9.563628896206518,12.235460805938118,0.08692776789520425,0.15150249304771374,0.09281474228015826,0.08185541463884456,0.023236494910205272,0.1045426139626049,0.037943851928360924,2.6907946443295225,41.631595078447354
3.0,0.3,3.0,5,18.631229863148427,8.463102586124728,10.266029442564085,0.08155513729572716,0.034796123395593306,0.08180350434985946,0.07096174952853535,0.019958383886164083,0.10792850915784151,0.0380534325475461,2.7947881454517147,42.33347164300878
3.0,0.3,3.0,6,21.52745736033683,8.487161381483027,10.933802084334992,0.08841773285427068,0.09209087945494149,0.08144701661128796,0.08601342771598025,0.024478767418564272,0.12731269202081036,0.03767193953435473,2.6925982008741802,42.10844801722547
3.0,0.3,3.0,7,18.68638097352725,10.031840162832948,11.033055298041573,0.14323899590949465,0.24831655948843082,0.0974651327798642,0.08938919831828886,0.025610917124946078,0.2018471759721116,0.03905485592958568,2.6110297029611083,41.32152570794392
3.0,0.3,3.0,8,17.908559355246602,9.280919549615406,10.567068913015952,0.12525622186267854,0.08657917991464732,0.10271248269527494,0.0873589881857286,0.02534463614491185,0.16093320921397702,0.03742743777824295,2.7097472704831254,41.19109908808485
3.0,0.3,3.0,9,16.49360513756077,8.60382319408619,9.636132480692917,0.10623249915793288,0.2368696572488516,0.0703853801031252,0.06695762012916212,0.01910246339347136,0.13335437139742698,0.0447867733737417,2.87078149302047,42.88864333846991
3.0,0.3,3.0,10,16.521725110580043,8.23127329833611,9.657880361442299,0.08594355582840862,0.48612160727941656,0.06466754649356893,0.05559127489164138,0.0157643316034897,0.10374152908398417,0.035454566778140774,2.8758491955880787,43.055518222344354
3.0,0.3,3.0,11,17.646410644278976,9.058656574780814,10.338248006353098,0.11691312142223172,0.12032657845854967,0.09394178960790779,0.07989026338142033,0.023004458164358237,0.15416666453129055,0.037942620521086046,2.6984817889380244,41.59044316396363
3.0,0.3,3.0,12,17.101372462077187,9.198767133973607,10.865968107073455,0.12114627382481655,0.22266385668477404,0.09405564937300662,0.07873415143433261,0.02257449155499959,0.14882750225984634,0.038572573618693616,2.67212662905374,41.5329506532527
3.0,0.3,3.0,13,17.671212507612477,9.753427667373243,10.774225367564414,0.1422296891419659,0.05580035125242299,0.09704880513922778,0.08201118910093809,0.023962879660107884,0.19934019874049563,0.044754676512638744,2.7032518389436824,41.49007686184413
3.0,0.3,3.0,14,18.61792252443602,8.286779086474224,9.55917627464404,0.10427524332112652,0.07053443995511331,0.08564765807846354,0.08075587766765657,0.02300687402811936,0.13251895791777116,0.04300669106576436,2.621327799067955,41.8463241643781
3.0,0.3,3.0,15,16.398596597627314,9.638459803122977,10.302227920225482,0.13777541546082125,0.041373408523373886,0.09062672708005454,0.07236600943594834,0.020230689281625577,0.1773765678453031,0.0460725962427244,2.6397639174911776,41.68464109734539
3.0,0.3,3.0,16,18.07078582168566,10.214294207487026,10.257704064983272,0.11766996030249041,0.0697185520600268,0.08960007280561046,0.0757828833221699,0.02159376085933218,0.14326980462813688,0.04519273606377483,2.7160980752272517,41.72240134162503
3.0,0.3,3.0,17,17.21252864074124,9.697285539807062,10.918266483341725,0.11828327328996206,0.13406963452685536,0.08373178559938002,0.0735842752603407,0.02063827555730324,0.14280928300724632,0.03683013929225851,2.7695545179090364,42.25529864027273
3.0,0.3,3.0,18,17.669006516824854,9.911025108511513,10.441939662858635,0.14970329529061532,0.09951818307411384,0.10789591384094029,0.08940970244890302,0.0255857413957668,0.21529132842829987,0.040510983894263,2.600587962226007,40.770016479348136
3.0,0.3,3.0,19,19.020227681501503,8.333496176709602,10.432723564083744,0.07305655747212039,0.38478880142549277,0.07702668603571294,0.0663230762510641,0.018874685877418834,0.08697179436546637,0.03766468598047495,2.7618202532955625,42.51146342863187
3.0,0.3,6.0,0,14.285589669190378,7.196514823344996,8.01978051074174,0.3226705283088719,0.13682797398692592,0.09522781674472285,0.08712122856317048,0.024959727227624472,0.5155949178229166,0.04301415307147795,5.412591344756364,48.309628102815324
3.0,0.3,6.0,1,12.415650035336775,6.7156497695188335,7.5881284338911055,0.4122975284462092,0.15482765144073973,0.1033974058037713,0.08262011631301287,0.02370546675077404,0.7059923435960298,0.0358038216802875,5.28646401576148,47.30244090093491
3.0,0.3,6.0,2,16.033439303496813,7.634008736204998,8.405744730190635,0.2578538964309993,0.23335040820527644,0.10392127422148899,0.08994954138235824,0.02604504065646586,0.3961762399290634,0.03635318090573369,5.410536398422634,47.63552187330509
3.0,0.3,6.0,3,14.459593403178228,7.052691161680114,7.875978721773381,0.3137521698356396,0.0978683777309521,0.10730595580778693,0.09359251919369116,0.026979294607137567,0.49965620142174333,0.03701767902916504,5.21973736401824,47.246471614466344
3.0,0.3,6.0,4,15.608872409382212,7.474299239635568,8.82563508644292,0.23701596484645118,0.15149531752947837,0.09281474228015826,0.08185541463884456,0.023236494910205272,0.3322008005283434,0.037941305151018116,5.411283712388835,48.43281774859563
3.0,0.3,6.0,5,15.05863576451865,6.835511104302902,8.13101613404971,0.204519920306606,0.03476638203967847,0.08180350434985946,0.07096174952853535,0.019958383886164083,0.3144908900804048,0.03805404593324005,5.550073920242859,49.22168607998664
3.0,0.3,6.0,6,15.982783501795447,6.192211344251956,8.303275087877854,0.21928401619792506,0.09210102313143825,0.08144701661128796,0.08601342771598025,0.024478767418564272,0.37815411771811436,0.03767306010460022,5.431493865172828,48.95568717797208
3.0,0.3,6.0,7,13.143863649059838,6.603071876309377,7.530925725751175,0.3758452218625188,0.24828899377341443,0.0974651327798642,0.08938919831828886,0.025610917124946078,0.6284039794364467,0.039053702491953605,5.31232543328954,48.074765033765
3.0,0.3,6.0,8,13.933152498904969,7.277742081867613,7.6219130541811175,0.3226263206314023,0.08661054572342673,0.10271248269527494,0.0873589881857286,0.02534463614491185,0.4751980178222901,0.03742754300711886,5.397633551012996,47.910814789409535
3.0,0.3,6.0,9,13.703289850004301,6.694523320358736,7.5313979428893205,0.2404183981450172,0.23681490225341123,0.0703853801031252,0.06695762012916212,0.01910246339347136,0.35157416653756024,0.044786973769657304,5.659029873193498,49.859264288902466
3.0,0.3,6.0,10,13.887965631293536,6.846054621780586,7.6377265376033545,0.20719433310278637,0.48608512057573655,0.06466754649356893,0.05559127489164138,0.0157643316034897,0.28145613603056646,0.03545466002608004,5.682310606358854,50.07167174927129
3.0,0.3,6.0,11,13.690338544672743,6.895323632932155,7.482813543214865,0.29011986847494037,0.12031078933698588,0.09394178960790779,0.07989026338142033,0.023004458164358237,0.444233753157377,0.03794203310154245,5.417052484041326,48.38686990172188
3.0,0.3,6.0,12,13.248315424755866,6.890952051930813,7.689617384370005,0.32631710830567806,0.22263430577828872,0.09405564937300662,0.07873415143433261,0.02257449155499959,0.4549643808747513,0.03857301860588474,5.3864015106900265,48.31863785734342
3.0,0.3,6.0,13,13.040461256647314,6.858831581587692,7.606095178745399,0.3683199675909492,0.05578415618303096,0.09704880513922778,0.08201118910093809,0.023962879660107884,0.6200260951033914,0.044755735287716265,5.408947143153606,48.254315122368936
3.0,0.3,6.0,14,15.234442073644809,6.776399713750211,7.5700880799768155,0.24810666615133511,0.07048530353650466,0.08564765807846354,0.08075587766765657,0.02300687402811936,0.3691753479444904,0.04300404473817928,5.3643434924845526,48.70386339791959
3.0,0.3,6.0,15,12.520568024253333,7.067120655606837,7.476769737770114,0.36582961551021376,0.04137206258233739,0.09062672708005454,0.07236600943594834,0.020230689281625577,0.5422241124237136,0.046073487980925476,5.3682524014790065,48.50586230731497
3.0,0.3,6.0,16,14.041189710017775,7.4043585207483416,7.888545992062487,0.3249261076006152,0.06971707544047895,0.08960007280561046,0.0757828833221699,0.02159376085933218,0.46228763181675275,0.04519326635283058,5.445194052920627,48.545141285858456
3.0,0.3,6.0,17,13.367047744863545,7.196891775141305,7.6005393313367815,0.30250488099098033,0.13408071573633182,0.08373178559938002,0.0735842752603407,0.02063827555730324,0.41753785511617597,0.03683059900077464,5.516461271136501,49.122565523341386
3.0,0.3,6.0,18,12.92743365037516,6.947757552578581,7.519013410162849,0.38952127523222835,0.0995542258355928,0.10789591384094029,0.08940970244890302,0.0255857413957668,0.6676284698641896,0.040512526141591065,5.261579299170683,47.422494821709826
3.0,0.3,6.0,19,16.412131867405822,7.202686297417736,8.85595164376173,0.17382897706139983,0.3847756663956623,0.07702668603571294,0.0663230762510641,0.018874685877418834,0.24267096628353094,0.03766709759944188,5.533715477138461,49.44120148823912
3.0,0.75,1.5,0,5.272723181228227,3.2475283429202544,2.5772119371624456,0.27952638948936886,0.06315642519164445,0.09522781674472285,0.08712122856317048,0.024959727227624472,0.28865832838982103,0.2688195711296355,1.3360987908649475,38.1183967180868
3.0,0.75,1.5,1,6.5823495828104335,4.351197137126344,2.987469208659586,0.24985054209299323,0.06715374407196563,0.1033974058037713,0.08262011631301287,0.02370546675077404,0.2657729792343411,0.22378915831309365,1.2851318349823573,37.29911044898712
3.0,0.75,1.5,2,5.960647376411309,3.4312716394964857,2.7339637445691256,0.2253350280226204,0.09563239112637388,0.10392127422148899,0.08994954138235824,0.02604504065646586,0.23270296105383137,0.22718201962848436,1.3786285377456173,37.55575222161255
3.0,0.75,1.5,3,5.65609790024877,3.4484618159996194,2.6737053029371998,0.24766701787966197,0.06678850963759808,0.10730595580778693,0.09359251919369116,0.026979294607137567,0.256574532740069,0.23136386421983796,1.2111053063814725,37.22489147037442
3.0,0.75,1.5,4,4.7270527685473525,2.687691712910924,2.4498952142188717,0.23475908053463068,0.08211625310414802,0.09281474228015826,0.08185541463884456,0.023236494910205272,0.23509579146572648,0.23714964079390963,1.3370070691187759,38.24712614042049
3.0,0.75,1.5,5,4.367849039207538,2.5343166042575507,1.888407321773923,0.23279825106399657,0.01653110149053091,0.08180350434985946,0.07096174952853535,0.019958383886164083,0.24203123477355523,0.2378123325164441,1.4360147541852917,38.93653816484272
3.0,0.75,1.5,6,5.6230233073092135,2.4460180819305424,2.1302599150908508,0.2368630032721879,0.07982485837201085,0.08144701661128796,0.08601342771598025,0.024478767418564272,0.249084335092744,0.23541220649239358,1.3400172547867402,38.72699565200688
3.0,0.75,1.5,7,6.7047948998003655,4.0741514179785066,3.2058507932119906,0.26647959142649624,0.10276056745736997,0.0974651327798642,0.08938919831828886,0.025610917124946078,0.28133465858627166,0.2440958223055274,1.2650935285335723,37.95668527187509
3.0,0.75,1.5,8,6.298389556944424,3.60444621010227,3.2654086989990914,0.2380751443792852,0.0403994641459684,0.10271248269527494,0.0873589881857286,0.02534463614491185,0.2507407932962882,0.23387389842283965,1.3820594473385102,37.87187953022332
3.0,0.75,1.5,9,4.433017332508732,3.244197909319016,2.210021996387213,0.2846397842506184,0.0949040470731158,0.0703853801031252,0.06695762012916212,0.01910246339347136,0.29454953527551575,0.2799031852639336,1.530227725055882,39.53725891855844
3.0,0.75,1.5,10,3.931478819415787,2.296148667207864,1.8993725842188913,0.22256368722790354,0.19744494055896145,0.06466754649356893,0.05559127489164138,0.0157643316034897,0.22857798572698074,0.2215933143048228,1.4790305367566738,39.56347157526584
3.0,0.75,1.5,11,5.965141175935621,3.8028694794788818,3.283024377235354,0.24956338020267924,0.05110921302785175,0.09394178960790779,0.07989026338142033,0.023004458164358237,0.2597785740072992,0.23712327133576783,1.3467806319815319,38.211190271572384
3.0,0.75,1.5,12,5.098998083970647,3.2455007557798177,2.860517562631046,0.24648460067598552,0.0987402776506071,0.09405564937300662,0.07873415143433261,0.02257449155499959,0.2546772602263918,0.24108765969327636,1.3200736583915456,38.152818226597205
3.0,0.75,1.5,13,5.646574733208067,3.7182380990744037,2.7876763597074135,0.2973878477016806,0.034088604556398464,0.09704880513922778,0.08201118910093809,0.023962879660107884,0.31438831511080323,0.2796818273169084,1.3599143586871922,38.13173316120291
3.0,0.75,1.5,14,4.729269176715157,2.5989608231030594,2.105904967398677,0.2774413993653837,0.03898259245044429,0.08564765807846354,0.08075587766765657,0.02300687402811936,0.2847226949621053,0.26876047960806476,1.2632985086701827,38.45125093838368
3.0,0.75,1.5,15,5.001814310447016,3.309818062607229,2.781115282342825,0.29511116518226244,0.040263817238872665,0.09062672708005454,0.07236600943594834,0.020230689281625577,0.3054102761276628,0.2878989780750509,1.2655089327261377,38.2490036354328
3.0,0.75,1.5,16,3.9244811688141867,2.3174559591028405,1.7847550887311203,0.2917815781932519,0.06002341247170962,0.08960007280561046,0.0757828833221699,0.02159376085933218,0.296039345485951,0.2824480897691915,1.3368573719379793,38.27429958340184
3.0,0.75,1.5,17,5.494759392066492,3.814062292837002,3.3374137617763266,0.2421583575398742,0.09396344878920969,0.08373178559938002,0.0735842752603407,0.02063827555730324,0.24645790207542378,0.23015888346009453,1.3916144225745737,38.81044840193657
3.0,0.75,1.5,18,6.341696300350574,4.226568209165116,3.1017937831792426,0.2789904495604608,0.09205423527949781,0.10789591384094029,0.08940970244890302,0.0255857413957668,0.29575620273472186,0.25316868284542254,1.2451015705474342,37.3813005001517
3.0,0.75,1.5,19,3.405723916127346,2.0958041694462892,1.5048431723960523,0.23549874166815746,0.1541577081567005,0.07702668603571294,0.0663230762510641,0.018874685877418834,0.2383922467841064,0.23536686536629664,1.341322489544861,38.96021901925512
3.0,0.75,3.0,0,9.130626720810323,5.357202519962053,4.576099459464602,0.3277394413948364,0.06316021540650411,0.09522781674472285,0.08712122856317048,0.024959727227624472,0.37152343689879874,0.2688199661166855,2.693310411812885,41.51142577045663
3.0,0.75,3.0,1,10.04851017748622,6.209840101169335,5.1913549109885775,0.318277350427237,0.06715163522347256,0.1033974058037713,0.08262011631301287,0.02370546675077404,0.386636238817376,0.22378970122340305,2.613669263123156,40.620454019339114
3.0,0.75,3.0,2,10.119166093845314,5.694648257940173,4.824735299896017,0.26578842556241744,0.09562880956719798,0.10392127422148899,0.08994954138235824,0.02604504065646586,0.2982406497965873,0.22718187634246742,2.718696858102609,40.90592302250503
3.0,0.75,3.0,3,9.736335479745987,5.497418761045098,4.775306881917409,0.2949954632168567,0.06678939979918752,0.10730595580778693,0.09359251919369116,0.026979294607137567,0.33649249287016075,0.23136260408248419,2.5407704952251033,40.5490544424835
3.0,0.75,3.0,4,8.750006913448646,4.904786365407682,4.55506091050048,0.269812029670641,0.08211556901319317,0.09281474228015826,0.08185541463884456,0.023236494910205272,0.2838739031796251,0.23714622568203983,2.6972516031484317,41.64773747549463
3.0,0.75,3.0,5,8.011205825388222,4.3643364162236065,3.776842826629576,0.26048272730210553,0.016528636600882295,0.08180350434985946,0.07096174952853535,0.019958383886164083,0.29197884540221014,0.23781294768712768,2.813657641580864,42.38064538333165
3.0,0.75,3.0,6,9.264237643416076,3.9132050608737803,3.7792422050501955,0.26940598861537635,0.07982605751398753,0.08144701661128796,0.08601342771598025,0.024478767418564272,0.3125092151865107,0.23541334082256193,2.7094650869360635,42.15061523238018
3.0,0.75,3.0,7,9.912043432893192,5.777111333362904,4.956902463575695,0.330988319477568,0.10275898447038413,0.0974651327798642,0.08938919831828886,0.025610917124946078,0.39200399368037886,0.2440941924675443,2.6157413936977867,41.333304934785616
3.0,0.75,3.0,8,9.758472486876443,5.541931809774318,5.111457856753067,0.29074383305071205,0.04040301344298418,0.10271248269527494,0.0873589881857286,0.02534463614491185,0.33375696619704953,0.23387381968653442,2.7260025876034457,41.23173738088565
3.0,0.75,3.0,9,7.192244135654188,4.772908577689108,3.5256302800697,0.32202008519905556,0.09489963953999836,0.0703853801031252,0.06695762012916212,0.01910246339347136,0.3547520265413744,0.2799032222556646,2.9243519151423962,43.02256939377472
3.0,0.75,3.0,10,7.012475215782374,4.084611815841971,3.5181097096330443,0.2540662015444104,0.19744260017814452,0.06466754649356893,0.05559127489164138,0.0157643316034897,0.2743688812107088,0.2215932529259654,2.8822612421420617,43.071548338729315
3.0,0.75,3.0,11,9.081063714826001,5.360150820351621,4.818673880642097,0.2988184568503298,0.05110808274287681,0.09394178960790779,0.07989026338142033,0.023004458164358237,0.33780951989561103,0.2371223425967681,2.706065979533182,41.60940364045152
3.0,0.75,3.0,12,8.53211569778401,5.008117824919554,4.724429083795917,0.30019077048570403,0.09873864814327582,0.09405564937300662,0.07873415143433261,0.02257449155499959,0.33258901484092274,0.24108797999893142,2.677211099209689,41.54566182864256
3.0,0.75,3.0,13,8.966961487869225,5.477623098939082,4.625213862272196,0.356247907585927,0.03408607672740524,0.09704880513922778,0.08201118910093809,0.023962879660107884,0.4214980559739325,0.27968298337164743,2.7127620107921553,41.5138522914653
3.0,0.75,3.0,14,8.298916962678632,4.325107858437857,3.766788418123849,0.3135350038700794,0.03898308063270485,0.08564765807846354,0.08075587766765657,0.02300687402811936,0.34346188394494,0.26875697209113375,2.6348063553784815,41.88002055515441
3.0,0.75,3.0,15,8.181279178624179,5.268742348990602,4.595390166187321,0.3526311991315117,0.040259691908350555,0.09062672708005454,0.07236600943594834,0.020230689281625577,0.3958443730376048,0.2878999055024957,2.6297531747200527,41.65961424041758
3.0,0.75,3.0,16,7.905613008248312,4.762517428720747,3.9322888863655927,0.33688872100977,0.060023223681334656,0.08960007280561046,0.0757828833221699,0.02159376085933218,0.36476952507920984,0.2824485602138662,2.7014053607846673,41.68566955551856
3.0,0.75,3.0,17,8.59598167386348,5.527673277018589,4.840747495841772,0.29556462457597793,0.09396240475341949,0.08373178559938002,0.0735842752603407,0.02063827555730324,0.31877403786267594,0.2301592533047275,2.7650677991883064,42.244081843470894
3.0,0.75,3.0,18,9.666673055427104,5.985611194984053,5.002663435999526,0.34290972349238863,0.09205550724031049,0.10789591384094029,0.08940970244890302,0.0255857413957668,0.4110701082289554,0.2531703388188189,2.5755972390197717,40.70753967133255
3.0,0.75,3.0,19,7.055269473193804,4.1519881055201,3.378844046547579,0.25764447593710926,0.15415690801597545,0.07702668603571294,0.0663230762510641,0.018874685877418834,0.27245027069693784,0.23536963283693968,2.72727010146631,42.425088049058736
3.0,0.75,6.0,0,11.239883943611629,5.998677359188197,5.5651928147099134,0.4827616321198144,0.06316790904745087,0.09522781674472285,0.08712122856317048,0.024959727227624472,0.7064485622365744,0.2688208243723811,5.40773365370876,48.29748387519633
3.0,0.75,6.0,1,10.386964102756291,5.866668768396151,5.796969246567075,0.557035893038046,0.06714734241582505,0.1033974058037713,0.08262011631301287,0.02370546675077404,0.8274393349195096,0.22379092607969728,5.270744119404755,47.26314116004311
3.0,0.75,6.0,2,12.192241802532987,6.408313077994075,5.907542854607192,0.41597160720036286,0.09562156922464753,0.10392127422148899,0.08994954138235824,0.02604504065646586,0.5650609515446253,0.22718171608194382,5.398833498816593,47.60626462428998
3.0,0.75,6.0,3,11.499798584891531,6.126941943314529,5.7794659647012825,0.4745455339145798,0.0667912534475115,0.10730595580778693,0.09359251919369116,0.026979294607137567,0.6694331816893341,0.23136021966235182,5.2001008729123654,47.19738038670165
3.0,0.75,6.0,4,11.331955992477573,6.044186437637745,5.768006603599571,0.41066941371032306,0.08211408185371968,0.09281474228015826,0.08185541463884456,0.023236494910205272,0.5068499536079909,0.23713950987911184,5.417740671207746,48.44896014564291
3.0,0.75,6.0,5,10.831341207023991,5.5052466412157655,5.252378869384617,0.37561542910671963,0.016523795295453354,0.08180350434985946,0.07096174952853535,0.019958383886164083,0.4991652965464268,0.23781427368725333,5.56894341637201,49.2688598203095
3.0,0.75,6.0,6,11.5355730678477,4.689857350373898,4.930334104787275,0.38599225417942024,0.07982854704409473,0.08144701661128796,0.08601342771598025,0.024478767418564272,0.5599968248631185,0.23541574468318743,5.448360751234711,48.99785439312681
3.0,0.75,6.0,7,10.709414338888266,5.621184086703676,5.460992238216015,0.5265176799699112,0.10275582727868578,0.0974651327798642,0.08938919831828886,0.025610917124946078,0.7567717831290468,0.2440910242340748,5.317037124026218,48.08654426060669
3.0,0.75,6.0,8,11.310559890451025,6.1990566158361196,5.840034193506482,0.4747454645285164,0.0404101753942935,0.10271248269527494,0.0873589881857286,0.02534463614491185,0.6480315132860675,0.23387377600163403,5.413888868133315,47.95145308221033
3.0,0.75,6.0,9,9.721869685760922,5.514620050728779,4.564747117584277,0.4389939007575902,0.0948907841376552,0.0703853801031252,0.06695762012916212,0.01910246339347136,0.5733524275963787,0.27990339190676833,5.712600295315424,49.993190344207285
3.0,0.75,6.0,10,9.749276815482892,5.352626034581098,4.8034728986127115,0.3682997655355074,0.1974378011967155,0.06466754649356893,0.05559127489164138,0.0157643316034897,0.4517409417170976,0.22159323519337448,5.688722652912838,50.08770186565626
3.0,0.75,6.0,11,10.705829612878276,5.874827983956216,5.540647994175089,0.4642229939472098,0.05110574088845176,0.09394178960790779,0.07989026338142033,0.023004458164358237,0.6263808602130229,0.2371205705853142,5.424636674636483,48.405830378209785
3.0,0.75,6.0,12,10.465047976984492,5.714384076791141,5.578573628765188,0.4913834338045017,0.09873529411614897,0.09405564937300662,0.07873415143433261,0.02257449155499959,0.6380201933195793,0.24108873272062017,5.391485980845975,48.331349032733286
3.0,0.75,6.0,13,10.417696375723057,5.791698452377628,5.43947498415483,0.5375920684028525,0.03408085667950324,0.09704880513922778,0.08201118910093809,0.023962879660107884,0.7806825277964559,0.27968538040740537,5.418457315002078,48.27809055199011
3.0,0.75,6.0,14,11.139261843820657,5.48739370802786,5.055544932956462,0.4427099111491479,0.03898388091891076,0.08564765807846354,0.08075587766765657,0.02300687402811936,0.5761950329694545,0.2687500423602769,5.377822048795078,48.73755978869592
3.0,0.75,6.0,15,9.90420236998068,5.894752905379341,5.515304981474521,0.5536680170661361,0.040251169654667414,0.09062672708005454,0.07236600943594834,0.020230689281625577,0.7491172078172037,0.2879018360011029,5.358241658707883,48.48083545038716
3.0,0.75,6.0,16,10.538643725978813,5.855966193322004,5.3495043836093155,0.5194258590613603,0.06002266737990048,0.08960007280561046,0.0757828833221699,0.02159376085933218,0.6783654541686127,0.2824495863790064,5.43050133847804,48.508409499752005
3.0,0.75,6.0,17,10.43797817403451,6.067741033606844,5.4509363726503635,0.4656453237581184,0.09396016646986498,0.08373178559938002,0.0735842752603407,0.02063827555730324,0.590043118714204,0.23016009470383542,5.5119745524157695,49.11134872653955
3.0,0.75,6.0,18,10.675933926577242,6.039221753919428,5.773250802367096,0.5592500516403048,0.09205816909506881,0.10789591384094029,0.08940970244890302,0.0255857413957668,0.8299382396046462,0.25317376613580916,5.236588575964449,47.360018013694244
3.0,0.75,6.0,19,10.558936879954246,5.600685392821432,5.053111560360369,0.3520782995127871,0.15415524862288582,0.07702668603571294,0.0663230762510641,0.018874685877418834,0.4268871404529368,0.2353752724295206,5.4991653253092085,49.35482610866599
3.0,1.5,1.5,0,2.9097509741855374,1.962105182524067,1.5137705266976305,0.5206574181298333,0.04340599227767396,0.09522781674472285,0.08712122856317048,0.024959727227624472,0.5327468554660744,0.5217883567350334,1.3280026391189428,38.09815633872178
3.0,1.5,1.5,1,2.1759576260667384,1.4017685953786374,1.0925787652974372,0.5882706096759873,0.04156432558246313,0.1033974058037713,0.08262011631301287,0.02370546675077404,0.5897661426470043,0.618424597353921,1.2589320077211505,37.23361088083409
3.0,1.5,1.5,2,3.0106372435245032,2.235362682670497,1.4887904398532037,0.5945182389448205,0.05155234622814751,0.10392127422148899,0.08994954138235824,0.02604504065646586,0.6090412409002284,0.5831114061257783,1.3591237050688818,37.50699013992071
3.0,1.5,1.5,3,2.8201265572232743,2.0847326296317448,1.5111387059939305,0.6099084663788011,0.061057941714460266,0.10730595580778693,0.09359251919369116,0.026979294607137567,0.6233528068315325,0.6274119619492831,1.178377821205014,37.14307275743327
3.0,1.5,1.5,4,2.921187987805138,2.006315812905833,1.44101723019531,0.5937975052846345,0.0665620661869627,0.09281474228015826,0.08185541463884456,0.023236494910205272,0.6055297106207364,0.5811602189721935,1.3477686671502926,38.27403013549928
3.0,1.5,1.5,5,2.3450417758064868,1.4262377892539662,1.2489386488708532,0.5695020203137501,0.011805498453731375,0.08180350434985946,0.07096174952853535,0.019958383886164083,0.5748621404984727,0.5598724377783,1.4674639144005406,39.01516106538084
3.0,1.5,1.5,6,2.22099306836323,1.100465089173523,1.0225663645815415,0.5946888498262723,0.07790322468030894,0.08144701661128796,0.08601342771598025,0.024478767418564272,0.5967334321834826,0.6156336479922426,1.3681287315565456,38.79727434393139
3.0,1.5,1.5,7,2.6594607929359286,1.7362594172430952,1.5099600035739136,0.5753777854713813,0.05702702971306684,0.0974651327798642,0.08938919831828886,0.025610917124946078,0.5771668465889838,0.5829741489929877,1.2729463464280353,37.976317316611244
3.0,1.5,1.5,8,3.3321309480298384,2.657485526377503,2.0155461058518,0.5744139074788637,0.028194879711598335,0.10271248269527494,0.0873589881857286,0.02534463614491185,0.5836592606726494,0.5420966837517925,1.409151642539043,37.93961001822464
3.0,1.5,1.5,9,2.5081555131240765,2.3425596869619865,1.3266899138821178,0.5729403013672755,0.04762805370419334,0.0703853801031252,0.06695762012916212,0.01910246339347136,0.5799977648337731,0.5497471946038055,1.619511761925759,39.76046901073313
3.0,1.5,1.5,10,1.9447314169785108,1.5080037349786266,0.9676894571924567,0.5829710668320645,0.10374807996064792,0.06466754649356893,0.05559127489164138,0.0157643316034897,0.5894987243597555,0.5644172768981661,1.4897172810133141,39.590188435907436
3.0,1.5,1.5,11,3.561041361561202,2.665453320240612,2.348211563294444,0.619337424652211,0.030345967162901253,0.09394178960790779,0.07989026338142033,0.023004458164358237,0.6286167188626239,0.5635321511536515,1.3594209496401266,38.242791065718876
3.0,1.5,1.5,12,2.6767867869217716,1.9856056761091458,1.4763657295738355,0.6235323262730229,0.06379828694786469,0.09405564937300662,0.07873415143433261,0.02257449155499959,0.6369035955383692,0.6047024829794075,1.328547775318127,38.174003518913665
3.0,1.5,1.5,13,2.6766425506585216,1.843670738115433,1.5491921437933949,0.5284140690498769,0.02969913103871674,0.09704880513922778,0.08201118910093809,0.023962879660107884,0.5353509627266161,0.5365327237041515,1.3757646451013135,38.17135887723821
3.0,1.5,1.5,14,2.5245996484806943,1.2577130347674257,1.1706709344152577,0.5065471169307451,0.03201773507148663,0.08564765807846354,0.08075587766765657,0.02300687402811936,0.5097925033194662,0.5210523234772828,1.2857627691877256,38.50741158967753
3.0,1.5,1.5,15,2.64936110167916,1.8831384723697413,1.6467314868119949,0.5378179134256013,0.04011298057797174,0.09062672708005454,0.07236600943594834,0.020230689281625577,0.544135160311523,0.5067163092635332,1.2488243614409331,38.20729220721978
3.0,1.5,1.5,16,2.3453262782661826,1.4846095212960022,1.078853096285805,0.537174357573106,0.0584989684691782,0.08960007280561046,0.0757828833221699,0.02159376085933218,0.5487813662460457,0.5532197560189481,1.3123695145336716,38.213079939891074
3.0,1.5,1.5,17,2.9682174730625537,2.326579298760738,1.5725485482422539,0.5475294460256064,0.08678351981490987,0.08373178559938002,0.0735842752603407,0.02063827555730324,0.5604505210959244,0.5298440519431891,1.384136558040023,38.791753740600186
3.0,1.5,1.5,18,2.471502828602689,1.7104933645921019,1.5420418839759322,0.5526411829929401,0.09094512198698326,0.10789591384094029,0.08940970244890302,0.0255857413957668,0.5516615221850077,0.5726904571103834,1.2034503652037087,37.277172486792395
3.0,1.5,1.5,19,2.0717121918075394,1.5393405721960565,0.9476732105847829,0.6073220894559124,0.0775775551498489,0.07702668603571294,0.0663230762510641,0.018874685877418834,0.6176704494104553,0.6069885552312013,1.283738903162774,38.8162600532999
3.0,1.5,3.0,0,5.217547239855367,3.2676553267852686,2.587412935491762,0.5621159441254204,0.043408796728273795,0.09522781674472285,0.08712122856317048,0.024959727227624472,0.6054042488324429,0.5217893316986645,2.6852142600668802,41.491185391091626
3.0,1.5,3.0,1,4.489572846149034,2.890551316717945,2.4226628502830287,0.6270828791469085,0.04156422107679892,0.1033974058037713,0.08262011631301287,0.02370546675077404,0.6364086379737818,0.6184237704258303,2.5874694358619497,40.55495445118609
3.0,1.5,3.0,2,5.605751452441422,3.823485273845836,2.884829886702366,0.6549317136300912,0.05155170695145992,0.10392127422148899,0.08994954138235824,0.02604504065646586,0.7103994554745422,0.583110963333307,2.6991920254258748,40.857160940813195
3.0,1.5,3.0,3,5.301799604738063,3.600114763024888,2.828439421118547,0.6641475417242916,0.06105906806217473,0.10730595580778693,0.09359251919369116,0.026979294607137567,0.712867673945272,0.6274130605005919,2.5080430100486444,40.46723572954235
3.0,1.5,3.0,4,5.312075050427691,3.500959409299223,2.6611821316694635,0.6465612370687635,0.06656161486978845,0.09281474228015826,0.08185541463884456,0.023236494910205272,0.6957852148320156,0.5811600505974529,2.708013201179948,41.67464147057342
3.0,1.5,3.0,5,4.698333849093072,2.86106473608804,2.4705675885496867,0.626001095583871,0.011804458714359126,0.08180350434985946,0.07096174952853535,0.019958383886164083,0.6549820671881503,0.5598722619932346,2.8451068017961134,42.45926828386976
3.0,1.5,3.0,6,4.314060170963125,2.024607232559266,1.8213110001082211,0.6214819418045979,0.07790416549427527,0.08144701661128796,0.08601342771598025,0.024478767418564272,0.6416016119247921,0.6156343104818105,2.73757656370587,42.2208939243047
3.0,1.5,3.0,7,4.813475986753325,2.9266679200579344,2.5158847882231097,0.6168609495928314,0.05702748017999587,0.0974651327798642,0.08938919831828886,0.025610917124946078,0.6323507188863552,0.582974214753107,2.6235942115922497,41.352936979521786
3.0,1.5,3.0,8,5.798540090776085,4.01790980118069,3.2665149711305954,0.6498737540037481,0.028197359808776676,0.10271248269527494,0.0873589881857286,0.02534463614491185,0.6955203074598529,0.5420981063402748,2.753094782803979,41.29946786888698
3.0,1.5,3.0,9,4.403627956559367,3.4674436622468257,2.132570247117442,0.6168257211887187,0.04762676490202746,0.0703853801031252,0.06695762012916212,0.01910246339347136,0.6498847821398085,0.5497488395776902,3.0136359520122715,43.24577948594941
3.0,1.5,3.0,10,3.9291151869733816,2.870779488721507,1.9520853555669102,0.622600794461605,0.10374820543247655,0.06466754649356893,0.05559127489164138,0.0157643316034897,0.6540787461029397,0.5644164644685649,2.892947986398702,43.09826519937092
3.0,1.5,3.0,11,5.61743861081523,3.8657720707978314,3.427870583034204,0.7121465515509204,0.030345760863061084,0.09394178960790779,0.07989026338142033,0.023004458164358237,0.7526824054552446,0.5635321027233234,2.718706297191779,41.64100443459802
3.0,1.5,3.0,12,4.9683246099441565,3.2539835543210502,2.6584081230734986,0.681780725127592,0.06379858683740632,0.09405564937300662,0.07873415143433261,0.02257449155499959,0.7312733719686441,0.604701797667644,2.685685216136271,41.56684712095902
3.0,1.5,3.0,13,4.825207003300146,3.140076620929361,2.6671655475331093,0.5769541317030564,0.0296969545261277,0.09704880513922778,0.08201118910093809,0.023962879660107884,0.6025169767204394,0.5365327363119615,2.7286122972062756,41.553478007500615
3.0,1.5,3.0,14,5.077580232086712,2.762387941457078,2.3987250234682564,0.5495181474382984,0.032021585107956864,0.08564765807846354,0.08075587766765657,0.02300687402811936,0.5723755014014279,0.5210505896232291,2.6572706158960244,41.93618120644828
3.0,1.5,3.0,15,4.797467174929007,3.1992952582144336,2.8624390502704715,0.5971260998792262,0.04010863280292797,0.09062672708005454,0.07236600943594834,0.020230689281625577,0.6232137527079702,0.5067190288893864,2.6130686034348476,41.61790281220457
3.0,1.5,3.0,16,4.570322601540862,2.81116314599334,2.2663231780047015,0.5830341734157266,0.05849880879017468,0.08960007280561046,0.0757828833221699,0.02159376085933218,0.6204115747291131,0.5532194925075866,2.6769175033803583,41.62444991200779
3.0,1.5,3.0,17,5.188797434872576,3.699905499682761,2.667498210953466,0.5951373812910398,0.08678179039834136,0.08373178559938002,0.0735842752603407,0.02063827555730324,0.6413286505032698,0.5298441367953495,2.7575899346537547,42.225387182134526
3.0,1.5,3.0,18,4.889303581332721,3.1977893105263915,2.9321686222306025,0.6108192208607054,0.09094530958653077,0.10789591384094029,0.08940970244890302,0.0255857413957668,0.6169261220918297,0.5726904662207258,2.533946033676047,40.60341165797324
3.0,1.5,3.0,19,4.277355859479784,3.02248048757411,2.0693826024531106,0.6524555893156351,0.077577525194371,0.07702668603571294,0.0663230762510641,0.018874685877418834,0.6966463873068118,0.6069894052237669,2.669686515084223,42.28112908310352
3.0,1.5,6.0,0,8.031167266902896,4.552630729819867,3.842437299751442,0.6966334793220107,0.04341458580059817,0.09522781674472285,0.08712122856317048,0.024959727227624472,0.8696167555912304,0.5217913511513087,5.399637501962754,48.277243495831314
3.0,1.5,6.0,1,7.222150008545372,4.335091956716416,3.9602701433567353,0.7851124400005001,0.041563942508768145,0.1033974058037713,0.08262011631301287,0.02370546675077404,0.8444082193955275,0.6184221503648457,5.244544292143548,47.19764159189009
3.0,1.5,6.0,2,8.359632285613449,5.062306738938062,4.35161378937111,0.8487858921990354,0.05155037256823216,0.10392127422148899,0.08994954138235824,0.02604504065646586,1.0878417144429966,0.5831101159463132,5.379328666139858,47.55750254259816
3.0,1.5,6.0,3,8.077679773281169,4.909715612976108,4.256868741772556,0.8525613772110003,0.06106140974738416,0.10730595580778693,0.09359251919369116,0.026979294607137567,1.0606804327222525,0.6274152919877083,5.167373387735905,47.1155616737605
3.0,1.5,6.0,4,7.948551037522632,4.779198945752676,4.045745896907597,0.8184724061098221,0.06656058644335253,0.09281474228015826,0.08185541463884456,0.023236494910205272,1.0259067121038208,0.5811597577791485,5.428502269239262,48.4758641407217
3.0,1.5,6.0,5,7.511430178129436,4.337355936740603,3.909381809674198,0.822110686227946,0.011802508617565799,0.08180350434985946,0.07096174952853535,0.019958383886164083,0.9841483014372899,0.5598719610509958,5.600392576587257,49.34748272084764
3.0,1.5,6.0,6,7.401584020316588,3.2630374014411796,2.9407936967443566,0.7071578709535221,0.07790614338727388,0.08144701661128796,0.08601342771598025,0.024478767418564272,0.8233226925928948,0.6156356712608501,5.476472228004517,49.06813308505131
3.0,1.5,6.0,7,7.509250490805018,4.1201332359465805,3.6742935895479447,0.7462535740934735,0.05702845696848524,0.0974651327798642,0.08938919831828886,0.025610917124946078,0.8355584787546325,0.5829744001568916,5.3248899419206825,48.106176305342856
3.0,1.5,6.0,8,8.258593780074333,5.005145612129884,4.457274943564082,0.8740466313972816,0.02820242889832656,0.10271248269527494,0.0873589881857286,0.02534463614491185,1.1034851968956734,0.5421009943738613,5.440981063333847,48.01918357021165
3.0,1.5,6.0,9,6.935409201857755,4.445168148977386,3.190883622979747,0.7535942623721705,0.047624167385882994,0.0703853801031252,0.06695762012916212,0.01910246339347136,0.9055018021932525,0.5497521819308977,5.801884332185299,50.21640043638197
3.0,1.5,6.0,10,6.61558866831053,4.2492558034006915,3.2866090782841213,0.7618516249080708,0.10374839250220644,0.06466754649356893,0.05559127489164138,0.0157643316034897,0.9172332984144793,0.5644148870735021,5.699409397169478,50.11441872629786
3.0,1.5,6.0,11,7.696853347523144,4.779519363756564,4.395370178686208,0.9554266113371659,0.03034523648969245,0.09394178960790779,0.07989026338142033,0.023004458164358237,1.1598362726800115,0.5635320621415162,5.437276992295079,48.437431172356256
3.0,1.5,6.0,12,7.602835163533383,4.457388932760432,3.9914602761471794,0.8765568554347094,0.06379909115341573,0.09405564937300662,0.07873415143433261,0.02257449155499959,1.0881752630978339,0.6047004693999848,5.399960097772556,48.352534325049724
3.0,1.5,6.0,13,7.454638732932772,4.4190612706390295,3.925498143137057,0.7398722249410763,0.0296924163853445,0.09704880513922778,0.08201118910093809,0.023962879660107884,0.8477591674701949,0.5365328205350949,5.4343076014162,48.317716268025414
3.0,1.5,6.0,14,8.119593017587093,4.3656528489026165,3.8916565297192474,0.7228913722354489,0.03202907400314714,0.08564765807846354,0.08075587766765657,0.02300687402811936,0.8440574822439961,0.5210471895650357,5.400286309312621,48.79372043998977
3.0,1.5,6.0,15,7.2286485328354395,4.487655491562977,4.160733706913125,0.8132324291127544,0.040099664203366664,0.09062672708005454,0.07236600943594834,0.020230689281625577,0.9316968418296198,0.5067245455820174,5.341557087422678,48.43912402217415
3.0,1.5,6.0,16,7.379546923565588,4.271061909726105,3.7429821271107437,0.7559389090059381,0.0584983072202625,0.08960007280561046,0.0757828833221699,0.02159376085933218,0.8963647962111928,0.5532190217134082,5.406013481073732,48.44718985624123
3.0,1.5,6.0,17,7.683604591639719,4.813055984772171,3.9098043684331314,0.7637761074019368,0.08677817705397778,0.08373178559938002,0.0735842752603407,0.02063827555730324,0.9503395146893516,0.5298443523115756,5.504496687881218,49.092654065203185
3.0,1.5,6.0,18,7.6806477729465605,4.633864146421039,4.383084748778942,0.8318330324411426,0.09094580404501275,0.10789591384094029,0.08940970244890302,0.0255857413957668,0.8961049348155191,0.572690525765104,5.194937370620723,47.255890000334915
3.0,1.5,6.0,19,7.038176531882254,4.4502591331707135,3.5360144940421607,0.8121952819822305,0.0775774748222333,0.07702668603571294,0.0663230762510641,0.018874685877418834,1.0166465487678447,0.6069911526469569,5.441581738927123,49.21086714271077
