city,rep,method,ate,bias,se,cover,theta_err,eps_hat,lam_proxy,lam_oracle,N,share_regime1,law_bias,v_hat,var_Ttilde,lam_pa
Delhi,0,Oracle-state regime DML,0.9300894696509342,0.03380875236069736,0.029099843602198822,1.0,0.04856224279214931,0.08689091223819931,0.08341463231903479,0.08341773374451009,9034,0.3962807172902369,,,,
Delhi,0,Standard DML (random folds),2.9000842730062617,2.0038035557160248,0.055401487777705066,0.0,,0.08689091223819931,0.08341463231903479,0.08341773374451009,9034,0.3962807172902369,,,,
Delhi,0,Block DML (purged folds),3.1301242384245636,2.2338435211343266,0.054566554267611395,0.0,,0.08689091223819931,0.08341463231903479,0.08341773374451009,9034,0.3962807172902369,,,,
Delhi,0,DML + Z controls,2.163429984756685,1.267149267466448,0.04886269084992319,0.0,,0.08689091223819931,0.08341463231903479,0.08341773374451009,9034,0.3962807172902369,,,,
Delhi,0,Posterior-feature DML,1.4791196074754631,0.5828388901852263,0.04180404531438646,0.0,,0.08689091223819931,0.08341463231903479,0.08341773374451009,9034,0.3962807172902369,0.35982544399932664,0.02174627541051426,0.2177930252873781,
Delhi,0,Hard regime FE DML,1.4836672049548807,0.5873864876646439,0.05345792293405204,0.0,0.8074832468551776,0.08689091223819931,0.08341463231903479,0.08341773374451009,9034,0.3962807172902369,,,,
Delhi,0,"Spectral OR-DML (soft, coupled)",1.7841798822855361,0.8878991649952993,0.061058768876117796,0.0,1.239268723717143,0.08689091223819931,0.08341463231903479,0.08341773374451009,9034,0.3962807172902369,,,,
Delhi,0,OR-DML (posterior-adjusted),1.342866167713637,0.44658545042340025,0.04177518676172087,0.0,0.6127319445355012,0.08689091223819931,0.08341463231903479,0.08341773374451009,9034,0.3962807172902369,,,,0.07985224904622498
Delhi,1,Oracle-state regime DML,0.9371086644483704,0.03352221326395599,0.026173161790433774,1.0,0.07262551124333351,0.08574555949516297,0.0853692699943209,0.0807561903569489,9034,0.40358645118441444,,,,
Delhi,1,Standard DML (random folds),2.8481160825894465,1.944529631405032,0.05042867907412625,0.0,,0.08574555949516297,0.0853692699943209,0.0807561903569489,9034,0.40358645118441444,,,,
Delhi,1,Block DML (purged folds),3.057305564111853,2.1537191129274387,0.051490268527540316,0.0,,0.08574555949516297,0.0853692699943209,0.0807561903569489,9034,0.40358645118441444,,,,
Delhi,1,DML + Z controls,2.180221650325493,1.2766351991410785,0.04781559008791276,0.0,,0.08574555949516297,0.0853692699943209,0.0807561903569489,9034,0.40358645118441444,,,,
Delhi,1,Posterior-feature DML,1.473715580251178,0.5701291290667637,0.043734514480450806,0.0,,0.08574555949516297,0.0853692699943209,0.0807561903569489,9034,0.40358645118441444,0.35909945855915815,0.02174627541051426,0.21779091462975456,
Delhi,1,Hard regime FE DML,1.4609820668897107,0.5573956157052963,0.05341611673312993,0.0,0.7763853473339575,0.08574555949516297,0.0853692699943209,0.0807561903569489,9034,0.40358645118441444,,,,
Delhi,1,"Spectral OR-DML (soft, coupled)",1.8219240996170654,0.918337648432651,0.0634195448259604,0.0,1.277688970584587,0.08574555949516297,0.0853692699943209,0.0807561903569489,9034,0.40358645118441444,,,,
Delhi,1,OR-DML (posterior-adjusted),1.3609207710568645,0.4573343198724501,0.04768427597779,0.0,0.6374326292970788,0.08574555949516297,0.0853692699943209,0.0807561903569489,9034,0.40358645118441444,,,,0.08073984420078736
Delhi,2,Oracle-state regime DML,0.8220303260048916,-0.07978503817487381,0.030989993278931975,0.0,0.11144791259488053,0.09015806192141115,0.08517679276794721,0.08133742162190193,9034,0.4018153641797653,,,,
Delhi,2,Standard DML (random folds),2.8419221749031025,1.940106810723337,0.05725750331904413,0.0,,0.09015806192141115,0.08517679276794721,0.08133742162190193,9034,0.4018153641797653,,,,
Delhi,2,Block DML (purged folds),3.0582271787543385,2.156411814574573,0.05707360477760544,0.0,,0.09015806192141115,0.08517679276794721,0.08133742162190193,9034,0.4018153641797653,,,,
Delhi,2,DML + Z controls,2.084461215210268,1.1826458510305025,0.04982838448192981,0.0,,0.09015806192141115,0.08517679276794721,0.08133742162190193,9034,0.4018153641797653,,,,
Delhi,2,Posterior-feature DML,1.3975939374312576,0.4957785732514922,0.043186875435156535,0.0,,0.09015806192141115,0.08517679276794721,0.08133742162190193,9034,0.4018153641797653,0.3564326388831512,0.02174627541051426,0.2195284761620257,
Delhi,2,Hard regime FE DML,1.40882707418118,0.5070117100014145,0.05391234081743751,0.0,0.7093797702503739,0.09015806192141115,0.08517679276794721,0.08133742162190193,9034,0.4018153641797653,,,,
Delhi,2,"Spectral OR-DML (soft, coupled)",1.7185988816091746,0.8167835174294092,0.06238212105816616,0.0,1.133752649633326,0.09015806192141115,0.08517679276794721,0.08133742162190193,9034,0.4018153641797653,,,,
Delhi,2,OR-DML (posterior-adjusted),1.24747811336869,0.3456627491889247,0.04466005151261154,0.0,0.48115819741287075,0.09015806192141115,0.08517679276794721,0.08133742162190193,9034,0.4018153641797653,,,,0.08025377675412772
Delhi,3,Oracle-state regime DML,0.8475414507732513,-0.05449529928209518,0.027042406314175715,0.0,0.08155078685806147,0.08678767445714757,0.08469861991882856,0.08233229665378866,9034,0.40203675005534645,,,,
Delhi,3,Standard DML (random folds),2.7894098290703973,1.8873730790150507,0.05180562452730233,0.0,,0.08678767445714757,0.08469861991882856,0.08233229665378866,9034,0.40203675005534645,,,,
Delhi,3,Block DML (purged folds),3.0117232684278386,2.109686518372492,0.051969494166687065,0.0,,0.08678767445714757,0.08469861991882856,0.08233229665378866,9034,0.40203675005534645,,,,
Delhi,3,DML + Z controls,2.0562883144043944,1.1542515643490479,0.047305674970064764,0.0,,0.08678767445714757,0.08469861991882856,0.08233229665378866,9034,0.40203675005534645,,,,
Delhi,3,Posterior-feature DML,1.3591907151759695,0.457153965120623,0.04076911702407299,0.0,,0.08678767445714757,0.08469861991882856,0.08233229665378866,9034,0.40203675005534645,0.3614268562136772,0.02174627541051426,0.21648169859283556,
Delhi,3,Hard regime FE DML,1.4121774673515248,0.5101407172961784,0.051499690576627837,0.0,0.7182357634645222,0.08678767445714757,0.08469861991882856,0.08233229665378866,9034,0.40203675005534645,,,,
Delhi,3,"Spectral OR-DML (soft, coupled)",1.717525539496193,0.8154887894408466,0.05879025402546429,0.0,1.1322912128408988,0.08678767445714757,0.08469861991882856,0.08233229665378866,9034,0.40203675005534645,,,,
Delhi,3,OR-DML (posterior-adjusted),1.2534404103031207,0.35140366024777425,0.04057821379287261,0.0,0.4931470891239983,0.08678767445714757,0.08469861991882856,0.08233229665378866,9034,0.40203675005534645,,,,0.08019597879958931
Delhi,4,Oracle-state regime DML,0.8830859473200974,-0.01850803098408682,0.026775970926871017,1.0,0.035646896036099114,0.0895908800865747,0.08588510658172127,0.08243289151365417,9034,0.4015939783041842,,,,
Delhi,4,Standard DML (random folds),2.843483882064688,1.9418899037605037,0.05356626661724373,0.0,,0.0895908800865747,0.08588510658172127,0.08243289151365417,9034,0.4015939783041842,,,,
Delhi,4,Block DML (purged folds),3.06032481558634,2.158730837282156,0.052609060874572566,0.0,,0.0895908800865747,0.08588510658172127,0.08243289151365417,9034,0.4015939783041842,,,,
Delhi,4,DML + Z controls,2.124872733557165,1.223278755252981,0.050991133698569925,0.0,,0.0895908800865747,0.08588510658172127,0.08243289151365417,9034,0.4015939783041842,,,,
Delhi,4,Posterior-feature DML,1.4662986670644866,0.5647046887603024,0.045553035630323944,0.0,,0.0895908800865747,0.08588510658172127,0.08243289151365417,9034,0.4015939783041842,0.3563456720122723,0.02174627541051426,0.21959556277129474,
Delhi,4,Hard regime FE DML,1.4587236574485205,0.5571296791443363,0.05776020044869475,0.0,0.7730186942768972,0.0895908800865747,0.08588510658172127,0.08243289151365417,9034,0.4015939783041842,,,,
Delhi,4,"Spectral OR-DML (soft, coupled)",1.7888227269241976,0.8872287486200134,0.06579876144717776,0.0,1.232572138301787,0.0895908800865747,0.08588510658172127,0.08243289151365417,9034,0.4015939783041842,,,,
Delhi,4,OR-DML (posterior-adjusted),1.3353213605025023,0.4337273821983181,0.04606950164984262,0.0,0.6018756928350634,0.0895908800865747,0.08588510658172127,0.08243289151365417,9034,0.4015939783041842,,,,0.08139537945175881
Delhi,5,Oracle-state regime DML,0.8994966168555802,-0.006635771898017229,0.029219728274182705,1.0,0.0478784233627147,0.09316169355399317,0.0873704858687211,0.08023268192283925,9034,0.40613238875359753,,,,
Delhi,5,Standard DML (random folds),2.865255873805501,1.9591234850519037,0.053308905437042156,0.0,,0.09316169355399317,0.0873704858687211,0.08023268192283925,9034,0.40613238875359753,,,,
Delhi,5,Block DML (purged folds),3.1056922760397567,2.199559887286159,0.054217202867902346,0.0,,0.09316169355399317,0.0873704858687211,0.08023268192283925,9034,0.40613238875359753,,,,
Delhi,5,DML + Z controls,2.1395728371975933,1.2334404484439958,0.049221097171911886,0.0,,0.09316169355399317,0.0873704858687211,0.08023268192283925,9034,0.40613238875359753,,,,
Delhi,5,Posterior-feature DML,1.4945071162272967,0.5883747274736992,0.045005223802925966,0.0,,0.09316169355399317,0.0873704858687211,0.08023268192283925,9034,0.40613238875359753,0.3525819734916671,0.02174627541051426,0.2216597578405078,
Delhi,5,Hard regime FE DML,1.5147156469646543,0.6085832582110569,0.05664795460620469,0.0,0.8550089186744374,0.09316169355399317,0.0873704858687211,0.08023268192283925,9034,0.40613238875359753,,,,
Delhi,5,"Spectral OR-DML (soft, coupled)",1.8384843007083442,0.9323519119547468,0.06518148957311785,0.0,1.3001041586363826,0.09316169355399317,0.0873704858687211,0.08023268192283925,9034,0.40613238875359753,,,,
Delhi,5,OR-DML (posterior-adjusted),1.3655975695079792,0.4594651807543817,0.047485448033417366,0.0,0.6438678199241943,0.09316169355399317,0.0873704858687211,0.08023268192283925,9034,0.40613238875359753,,,,0.08213100961988105
Delhi,6,Oracle-state regime DML,0.9460030434583275,0.041641741709379065,0.02640953836452142,1.0,0.06229793025287931,0.0855557344878473,0.08583773879264929,0.08003976030730676,9034,0.4043613017489484,,,,
Delhi,6,Standard DML (random folds),2.854165633617446,1.9498043318684977,0.05331668490077258,0.0,,0.0855557344878473,0.08583773879264929,0.08003976030730676,9034,0.4043613017489484,,,,
Delhi,6,Block DML (purged folds),3.0394706492916987,2.13510934754275,0.05200415266630501,0.0,,0.0855557344878473,0.08583773879264929,0.08003976030730676,9034,0.4043613017489484,,,,
Delhi,6,DML + Z controls,2.1516333076574026,1.247272005908454,0.04796842739490042,0.0,,0.0855557344878473,0.08583773879264929,0.08003976030730676,9034,0.4043613017489484,,,,
Delhi,6,Posterior-feature DML,1.5014269071022721,0.5970656053533236,0.041719875377132835,0.0,,0.0855557344878473,0.08583773879264929,0.08003976030730676,9034,0.4043613017489484,0.36033676683033283,0.02174627541051426,0.21699631180208567,
Delhi,6,Hard regime FE DML,1.4755978826706606,0.5712365809217121,0.05270457746692876,0.0,0.7981111906466969,0.0855557344878473,0.08583773879264929,0.08003976030730676,9034,0.4043613017489484,,,,
Delhi,6,"Spectral OR-DML (soft, coupled)",1.8125810039133725,0.908219702164424,0.060861714637807623,0.0,1.2659415878958462,0.0855557344878473,0.08583773879264929,0.08003976030730676,9034,0.4043613017489484,,,,
Delhi,6,OR-DML (posterior-adjusted),1.367782816683706,0.4634215149347576,0.04527739299872754,0.0,0.6475153773401485,0.0855557344878473,0.08583773879264929,0.08003976030730676,9034,0.4043613017489484,,,,0.08143331498374871
Delhi,7,Oracle-state regime DML,0.9776474760331924,0.07350756015982507,0.029340166509629464,0.0,0.1036465422591154,0.08721001516694944,0.08529888016695579,0.080404916471405,9034,0.4041399158733673,,,,
Delhi,7,Standard DML (random folds),2.8702284446011412,1.966088528727774,0.05182485284212407,0.0,,0.08721001516694944,0.08529888016695579,0.080404916471405,9034,0.4041399158733673,,,,
Delhi,7,Block DML (purged folds),3.0900264095033685,2.1858864936300013,0.05268528380576721,0.0,,0.08721001516694944,0.08529888016695579,0.080404916471405,9034,0.4041399158733673,,,,
Delhi,7,DML + Z controls,2.1672943139926226,1.2631543981192555,0.045799418145639766,0.0,,0.08721001516694944,0.08529888016695579,0.080404916471405,9034,0.4041399158733673,,,,
Delhi,7,Posterior-feature DML,1.4786846484280012,0.5745447325546339,0.03951965178658822,0.0,,0.08721001516694944,0.08529888016695579,0.080404916471405,9034,0.4041399158733673,0.36188329930771446,0.02174627541051426,0.21608226706422584,
Delhi,7,Hard regime FE DML,1.4756250774034076,0.5714851615300404,0.048773287262083354,0.0,0.7989404253710483,0.08721001516694944,0.08529888016695579,0.080404916471405,9034,0.4041399158733673,,,,
Delhi,7,"Spectral OR-DML (soft, coupled)",1.8263448490759226,0.9222049332025554,0.057133108237961645,0.0,1.2832459452440133,0.08721001516694944,0.08529888016695579,0.080404916471405,9034,0.4041399158733673,,,,
Delhi,7,OR-DML (posterior-adjusted),1.3585960131499975,0.45445609727663017,0.04249508771154182,0.0,0.6346956499976595,0.08721001516694944,0.08529888016695579,0.080404916471405,9034,0.4041399158733673,,,,0.08042848890488846
Delhi,8,Oracle-state regime DML,0.9452582474725459,0.04078625278580694,0.028428197045905806,1.0,0.07193201327199457,0.0887483500517154,0.08694922666966655,0.08137700613241967,9034,0.404471994686739,,,,
Delhi,8,Standard DML (random folds),2.917030510015563,2.0125585153288243,0.05585709543403349,0.0,,0.0887483500517154,0.08694922666966655,0.08137700613241967,9034,0.404471994686739,,,,
Delhi,8,Block DML (purged folds),3.126267876274929,2.22179588158819,0.05504952071385449,0.0,,0.0887483500517154,0.08694922666966655,0.08137700613241967,9034,0.404471994686739,,,,
Delhi,8,DML + Z controls,2.158921076261017,1.254449081574278,0.049266496677986084,0.0,,0.0887483500517154,0.08694922666966655,0.08137700613241967,9034,0.404471994686739,,,,
Delhi,8,Posterior-feature DML,1.5235282282853737,0.6190562335986347,0.04420129993650292,0.0,,0.0887483500517154,0.08694922666966655,0.08137700613241967,9034,0.404471994686739,0.3578166410074706,0.02174627541051426,0.21851790355420248,
Delhi,8,Hard regime FE DML,1.508162543332937,0.6036905486461981,0.055493981077771724,0.0,0.8600772325600968,0.0887483500517154,0.08694922666966655,0.08137700613241967,9034,0.404471994686739,,,,
Delhi,8,"Spectral OR-DML (soft, coupled)",1.8677686970087708,0.9632967023220318,0.0650242840795925,0.0,1.3427007406598537,0.0887483500517154,0.08694922666966655,0.08137700613241967,9034,0.404471994686739,,,,
Delhi,8,OR-DML (posterior-adjusted),1.4041383102481055,0.49966631556136654,0.04751534049580693,0.0,0.7110815039977312,0.0887483500517154,0.08694922666966655,0.08137700613241967,9034,0.404471994686739,,,,0.08228466146203482
Delhi,9,Oracle-state regime DML,0.8955826831020937,-0.007671689268949122,0.029488411251386064,1.0,0.014439702844801058,0.08931389151366802,0.08574126894188676,0.08176994969755594,9034,0.4032543723710427,,,,
Delhi,9,Standard DML (random folds),2.7641016296609133,1.8608472572898704,0.05086120947333786,0.0,,0.08931389151366802,0.08574126894188676,0.08176994969755594,9034,0.4032543723710427,,,,
Delhi,9,Block DML (purged folds),2.9399949846556064,2.0367406122845635,0.04942025813511107,0.0,,0.08931389151366802,0.08574126894188676,0.08176994969755594,9034,0.4032543723710427,,,,
Delhi,9,DML + Z controls,2.1196672634806513,1.2164128911096084,0.04903571816423863,0.0,,0.08931389151366802,0.08574126894188676,0.08176994969755594,9034,0.4032543723710427,,,,
Delhi,9,Posterior-feature DML,1.467609084349795,0.5643547119787523,0.04466749582469724,0.0,,0.08931389151366802,0.08574126894188676,0.08176994969755594,9034,0.4032543723710427,0.3605177705239933,0.02174627541051426,0.2169541348441708,
Delhi,9,Hard regime FE DML,1.4490788310240772,0.5458244586530344,0.053241644557344314,0.0,0.7666261061083166,0.08931389151366802,0.08574126894188676,0.08176994969755594,9034,0.4032543723710427,,,,
Delhi,9,"Spectral OR-DML (soft, coupled)",1.7557935696633262,0.8525391972922834,0.06201937891575134,0.0,1.1854775597182499,0.08931389151366802,0.08574126894188676,0.08176994969755594,9034,0.4032543723710427,,,,
Delhi,9,OR-DML (posterior-adjusted),1.3077435234321722,0.40448915106112937,0.04485884384578098,0.0,0.5640030851012788,0.08931389151366802,0.08574126894188676,0.08176994969755594,9034,0.4032543723710427,,,,0.08059774348440842
Delhi,10,Oracle-state regime DML,0.8745958520612298,-0.02799436268306954,0.026205581813110085,1.0,0.041682218588399156,0.08955284852186186,0.08581227404901448,0.08022870100577027,9034,0.4025902147442993,,,,
Delhi,10,Standard DML (random folds),2.879732145415222,1.9771419306709226,0.05444990669518116,0.0,,0.08955284852186186,0.08581227404901448,0.08022870100577027,9034,0.4025902147442993,,,,
Delhi,10,Block DML (purged folds),3.0995959685510748,2.1970057538067755,0.053640385611435686,0.0,,0.08955284852186186,0.08581227404901448,0.08022870100577027,9034,0.4025902147442993,,,,
Delhi,10,DML + Z controls,2.0883689239630114,1.1857787092187122,0.04666656317661876,0.0,,0.08955284852186186,0.08581227404901448,0.08022870100577027,9034,0.4025902147442993,,,,
Delhi,10,Posterior-feature DML,1.4454573495864573,0.542867134842158,0.04384117189957628,0.0,,0.08955284852186186,0.08581227404901448,0.08022870100577027,9034,0.4025902147442993,0.3596375622108627,0.02174627541051426,0.2175252870521391,
Delhi,10,Hard regime FE DML,1.445115930249834,0.5425257155055346,0.05404372122058527,0.0,0.7575573949394312,0.08955284852186186,0.08581227404901448,0.08022870100577027,9034,0.4025902147442993,,,,
Delhi,10,"Spectral OR-DML (soft, coupled)",1.773767305859188,0.8711770911148887,0.062149504757975406,0.0,1.210574938400899,0.08955284852186186,0.08581227404901448,0.08022870100577027,9034,0.4025902147442993,,,,
Delhi,10,OR-DML (posterior-adjusted),1.3033952883524935,0.4008050736081942,0.04667761878381165,0.0,0.5593884082763076,0.08955284852186186,0.08581227404901448,0.08022870100577027,9034,0.4025902147442993,,,,0.0811603892999513
Delhi,11,Oracle-state regime DML,0.8784799016540332,-0.02510654953038116,0.027527012177926777,1.0,0.05788879032515973,0.08836969776877643,0.08541435298834126,0.08146187735380538,9034,0.40358645118441444,,,,
Delhi,11,Standard DML (random folds),2.8023145031939514,1.8987280520095369,0.05385809838042541,0.0,,0.08836969776877643,0.08541435298834126,0.08146187735380538,9034,0.40358645118441444,,,,
Delhi,11,Block DML (purged folds),3.0136167081163516,2.110030256931937,0.054881560703417126,0.0,,0.08836969776877643,0.08541435298834126,0.08146187735380538,9034,0.40358645118441444,,,,
Delhi,11,DML + Z controls,2.1621415935192587,1.2585551423348442,0.04935806605250383,0.0,,0.08836969776877643,0.08541435298834126,0.08146187735380538,9034,0.40358645118441444,,,,
Delhi,11,Posterior-feature DML,1.4674699683639547,0.5638835171795403,0.04492074480122505,0.0,,0.08836969776877643,0.08541435298834126,0.08146187735380538,9034,0.40358645118441444,0.3601791829060465,0.02174627541051426,0.21713803360770456,
Delhi,11,Hard regime FE DML,1.445471688403814,0.5418852372193995,0.0554322956094758,0.0,0.7634261363786934,0.08836969776877643,0.08541435298834126,0.08146187735380538,9034,0.40358645118441444,,,,
Delhi,11,"Spectral OR-DML (soft, coupled)",1.769807090009842,0.8662206388254275,0.06292163406508756,0.0,1.206014233383996,0.08836969776877643,0.08541435298834126,0.08146187735380538,9034,0.40358645118441444,,,,
Delhi,11,OR-DML (posterior-adjusted),1.3103233268890788,0.40673687570466444,0.04539502404205343,0.0,0.5699598893286668,0.08836969776877643,0.08541435298834126,0.08146187735380538,9034,0.40358645118441444,,,,0.08057416191129373
Delhi,12,Oracle-state regime DML,0.8981871893433038,-0.004181639525414393,0.03042413910449484,1.0,0.09447301587561789,0.08615281690400839,0.08402203323363486,0.08181043687238873,9034,0.40236882886871816,,,,
Delhi,12,Standard DML (random folds),2.8618252240241335,1.9594563951554154,0.05535596599147202,0.0,,0.08615281690400839,0.08402203323363486,0.08181043687238873,9034,0.40236882886871816,,,,
Delhi,12,Block DML (purged folds),3.103854328237899,2.201485499369181,0.0559300097955295,0.0,,0.08615281690400839,0.08402203323363486,0.08181043687238873,9034,0.40236882886871816,,,,
Delhi,12,DML + Z controls,2.086561800865715,1.184192971996997,0.04692037268946988,0.0,,0.08615281690400839,0.08402203323363486,0.08181043687238873,9034,0.40236882886871816,,,,
Delhi,12,Posterior-feature DML,1.4109594377842907,0.5085906089155725,0.04478551137203675,0.0,,0.08615281690400839,0.08402203323363486,0.08181043687238873,9034,0.40236882886871816,0.3651074342860803,0.02174627541051426,0.21427960903028517,
Delhi,12,Hard regime FE DML,1.4501502696291297,0.5477814407604116,0.05274201079356001,0.0,0.7690273731946577,0.08615281690400839,0.08402203323363486,0.08181043687238873,9034,0.40236882886871816,,,,
Delhi,12,"Spectral OR-DML (soft, coupled)",1.7745581719744423,0.8721893431057242,0.06186308573765399,0.0,1.2114129891383125,0.08615281690400839,0.08402203323363486,0.08181043687238873,9034,0.40236882886871816,,,,
Delhi,12,OR-DML (posterior-adjusted),1.2982891849095926,0.3959203560408744,0.043848250142358734,0.0,0.5613681412339507,0.08615281690400839,0.08402203323363486,0.08181043687238873,9034,0.40236882886871816,,,,0.07973233589207442
Delhi,13,Oracle-state regime DML,0.8826589780503433,-0.020374008445118275,0.03151478195976174,1.0,0.03673488314245572,0.08340970872164977,0.08471760018745908,0.0821860149375011,9034,0.4030329864954616,,,,
Delhi,13,Standard DML (random folds),2.8054995054536667,1.902466518958205,0.053271174899415234,0.0,,0.08340970872164977,0.08471760018745908,0.0821860149375011,9034,0.4030329864954616,,,,
Delhi,13,Block DML (purged folds),3.0056647109623533,2.1026317244668915,0.054146358391991015,0.0,,0.08340970872164977,0.08471760018745908,0.0821860149375011,9034,0.4030329864954616,,,,
Delhi,13,DML + Z controls,2.0721189670685076,1.169085980573046,0.04683162085401474,0.0,,0.08340970872164977,0.08471760018745908,0.0821860149375011,9034,0.4030329864954616,,,,
Delhi,13,Posterior-feature DML,1.3905068098569637,0.48747382336150213,0.04270332673553378,0.0,,0.08340970872164977,0.08471760018745908,0.0821860149375011,9034,0.4030329864954616,0.36410428890868196,0.02174627541051426,0.21483030467082065,
Delhi,13,Hard regime FE DML,1.3772971585583158,0.4742641720628542,0.0529184635945517,0.0,0.6763442629958862,0.08340970872164977,0.08471760018745908,0.0821860149375011,9034,0.4030329864954616,,,,
Delhi,13,"Spectral OR-DML (soft, coupled)",1.7354818507053553,0.8324488642098937,0.05986407209120934,0.0,1.1577871287824133,0.08340970872164977,0.08471760018745908,0.0821860149375011,9034,0.4030329864954616,,,,
Delhi,13,OR-DML (posterior-adjusted),1.2650918084680975,0.36205882197263595,0.042861881605188015,0.0,0.5094517737605704,0.08340970872164977,0.08471760018745908,0.0821860149375011,9034,0.4030329864954616,,,,0.08033100836019384
Delhi,14,Oracle-state regime DML,0.8962912428309764,-0.004638577846464376,0.02572176532666064,1.0,0.0695242399628813,0.0885266631566188,0.08427848313180918,0.08294863977517346,9034,0.40092982067744076,,,,
Delhi,14,Standard DML (random folds),2.8503388245421886,1.9494090038647478,0.05285523730597615,0.0,,0.0885266631566188,0.08427848313180918,0.08294863977517346,9034,0.40092982067744076,,,,
Delhi,14,Block DML (purged folds),3.0744713303582465,2.1735415096808057,0.052687719513396514,0.0,,0.0885266631566188,0.08427848313180918,0.08294863977517346,9034,0.40092982067744076,,,,
Delhi,14,DML + Z controls,2.0900164953556972,1.1890866746782565,0.04705014132711634,0.0,,0.0885266631566188,0.08427848313180918,0.08294863977517346,9034,0.40092982067744076,,,,
Delhi,14,Posterior-feature DML,1.4865834032890153,0.5856535826115745,0.04532307429881358,0.0,,0.0885266631566188,0.08427848313180918,0.08294863977517346,9034,0.40092982067744076,0.3578415215108259,0.02174627541051426,0.21871797048836747,
Delhi,14,Hard regime FE DML,1.4846279032850127,0.5836980826075719,0.056722238966102734,0.0,0.8110551180706513,0.0885266631566188,0.08427848313180918,0.08294863977517346,9034,0.40092982067744076,,,,
Delhi,14,"Spectral OR-DML (soft, coupled)",1.7789415595815807,0.87801173890414,0.06290869903729833,0.0,1.2314150135209716,0.0885266631566188,0.08427848313180918,0.08294863977517346,9034,0.40092982067744076,,,,
Delhi,14,OR-DML (posterior-adjusted),1.3272827323670893,0.4263529116896485,0.04433976922618225,0.0,0.6010392208946986,0.0885266631566188,0.08427848313180918,0.08294863977517346,9034,0.40092982067744076,,,,0.07988036551411348
Delhi,15,Oracle-state regime DML,0.8872543510815626,-0.013232697844715924,0.0300706906236901,1.0,0.05991294290220095,0.08639027806672114,0.08500802627229959,0.08128586364193388,9034,0.4004870489262785,,,,
Delhi,15,Standard DML (random folds),2.8113069942660314,1.9108199453397527,0.052814801060654,0.0,,0.08639027806672114,0.08500802627229959,0.08128586364193388,9034,0.4004870489262785,,,,
Delhi,15,Block DML (purged folds),3.053412737733891,2.1529256888076125,0.054426269990366434,0.0,,0.08639027806672114,0.08500802627229959,0.08128586364193388,9034,0.4004870489262785,,,,
Delhi,15,DML + Z controls,2.107614223958669,1.2071271750323902,0.048126773317370045,0.0,,0.08639027806672114,0.08500802627229959,0.08128586364193388,9034,0.4004870489262785,,,,
Delhi,15,Posterior-feature DML,1.441658644770869,0.5411715958445905,0.04359226705361541,0.0,,0.08639027806672114,0.08500802627229959,0.08128586364193388,9034,0.4004870489262785,0.3553388277960544,0.02174627541051426,0.2202855242790646,
Delhi,15,Hard regime FE DML,1.4289313604185578,0.5284443114922793,0.0540416027705902,0.0,0.7308063896335559,0.08639027806672114,0.08500802627229959,0.08128586364193388,9034,0.4004870489262785,,,,
Delhi,15,"Spectral OR-DML (soft, coupled)",1.7670229132777542,0.8665358643514757,0.061097570078227754,0.0,1.2067476944713085,0.08639027806672114,0.08500802627229959,0.08128586364193388,9034,0.4004870489262785,,,,
Delhi,15,OR-DML (posterior-adjusted),1.305303604630914,0.4048165557046356,0.04469282396497484,0.0,0.562552786040144,0.08639027806672114,0.08500802627229959,0.08128586364193388,9034,0.4004870489262785,,,,0.08063890502624553
Delhi,16,Oracle-state regime DML,0.8805322853546013,-0.019511991820514996,0.030193129670797063,1.0,0.03488388421153072,0.08756220734823957,0.08443794957230547,0.08207064187511919,9034,0.4000442771751162,,,,
Delhi,16,Standard DML (random folds),2.823786908699308,1.9237426315241917,0.05450332942114808,0.0,,0.08756220734823957,0.08443794957230547,0.08207064187511919,9034,0.4000442771751162,,,,
Delhi,16,Block DML (purged folds),3.0688906817989814,2.1688464046238654,0.05652611177091222,0.0,,0.08756220734823957,0.08443794957230547,0.08207064187511919,9034,0.4000442771751162,,,,
Delhi,16,DML + Z controls,2.1105590751705625,1.2105147979954463,0.047974807041013395,0.0,,0.08756220734823957,0.08443794957230547,0.08207064187511919,9034,0.4000442771751162,,,,
Delhi,16,Posterior-feature DML,1.4322696250546167,0.5322253478795005,0.041791672399718975,0.0,,0.08756220734823957,0.08443794957230547,0.08207064187511919,9034,0.4000442771751162,0.3593210093946435,0.02174627541051426,0.21787100271730975,
Delhi,16,Hard regime FE DML,1.4232052543233265,0.5231609771482102,0.05421939232538359,0.0,0.7251657564628481,0.08756220734823957,0.08443794957230547,0.08207064187511919,9034,0.4000442771751162,,,,
Delhi,16,"Spectral OR-DML (soft, coupled)",1.761236648143421,0.8611923709683047,0.06074813277601829,0.0,1.194849698852359,0.08756220734823957,0.08443794957230547,0.08207064187511919,9034,0.4000442771751162,,,,
Delhi,16,OR-DML (posterior-adjusted),1.3031905044816332,0.40314622730651695,0.04399971395630957,0.0,0.5576722104380977,0.08756220734823957,0.08443794957230547,0.08207064187511919,9034,0.4000442771751162,,,,0.0803363914049216
Delhi,17,Oracle-state regime DML,0.9222776408803792,0.017584260318059153,0.028040062621416152,1.0,0.027711677773277866,0.0891451644337138,0.08588542626333617,0.08220780817940129,9034,0.4046933805623201,,,,
Delhi,17,Standard DML (random folds),2.8706788800576217,1.9659854994953017,0.05263751551528765,0.0,,0.0891451644337138,0.08588542626333617,0.08220780817940129,9034,0.4046933805623201,,,,
Delhi,17,Block DML (purged folds),3.0857179610490846,2.1810245804867643,0.05222053287403374,0.0,,0.0891451644337138,0.08588542626333617,0.08220780817940129,9034,0.4046933805623201,,,,
Delhi,17,DML + Z controls,2.1583086626885444,1.2536152821262243,0.04891335803180619,0.0,,0.0891451644337138,0.08588542626333617,0.08220780817940129,9034,0.4046933805623201,,,,
Delhi,17,Posterior-feature DML,1.473793973428385,0.5691005928660648,0.043909544001415064,0.0,,0.0891451644337138,0.08588542626333617,0.08220780817940129,9034,0.4046933805623201,0.3592992803707984,0.02174627541051426,0.21760279578308647,
Delhi,17,Hard regime FE DML,1.4995681116057589,0.5948747310434388,0.05610956662486395,0.0,0.8372572389049951,0.0891451644337138,0.08588542626333617,0.08220780817940129,9034,0.4046933805623201,,,,
Delhi,17,"Spectral OR-DML (soft, coupled)",1.8216103019142587,0.9169169213519386,0.06419529089407008,0.0,1.276630080242917,0.0891451644337138,0.08588542626333617,0.08220780817940129,9034,0.4046933805623201,,,,
Delhi,17,OR-DML (posterior-adjusted),1.345528471552431,0.44083509099011087,0.045100202174799195,0.0,0.6180107158872379,0.0891451644337138,0.08588542626333617,0.08220780817940129,9034,0.4046933805623201,,,,0.08102683579025945
Delhi,18,Oracle-state regime DML,0.9082918784999777,0.007140671946955779,0.028626083874854096,1.0,0.04407428575426772,0.08489204413738544,0.08418117704336377,0.080113831160862,9034,0.40115120655302194,,,,
Delhi,18,Standard DML (random folds),2.8436363737680157,1.9424851672149939,0.05423342953973469,0.0,,0.08489204413738544,0.08418117704336377,0.080113831160862,9034,0.40115120655302194,,,,
Delhi,18,Block DML (purged folds),3.0860849874394787,2.184933780886457,0.05497610045022458,0.0,,0.08489204413738544,0.08418117704336377,0.080113831160862,9034,0.40115120655302194,,,,
Delhi,18,DML + Z controls,2.1407027778871837,1.2395515713341618,0.04920388861210737,0.0,,0.08489204413738544,0.08418117704336377,0.080113831160862,9034,0.40115120655302194,,,,
Delhi,18,Posterior-feature DML,1.447051124371651,0.5458999178186291,0.04189322787654412,0.0,,0.08489204413738544,0.08418117704336377,0.080113831160862,9034,0.40115120655302194,0.3579351231315331,0.02174627541051426,0.2186473245162241,
Delhi,18,Hard regime FE DML,1.4312839403021484,0.5301327337491265,0.05183592299697893,0.0,0.7358268549681476,0.08489204413738544,0.08418117704336377,0.080113831160862,9034,0.40115120655302194,,,,
Delhi,18,"Spectral OR-DML (soft, coupled)",1.760813725326277,0.8596625187732551,0.058982550267873274,0.0,1.1951093130616686,0.08489204413738544,0.08418117704336377,0.080113831160862,9034,0.40115120655302194,,,,
Delhi,18,OR-DML (posterior-adjusted),1.3019089286472099,0.4007577220941879,0.042030400416375395,0.0,0.5556639335786152,0.08489204413738544,0.08418117704336377,0.080113831160862,9034,0.40115120655302194,,,,0.07983991811114416
Delhi,19,Oracle-state regime DML,0.9109947651398582,0.010175637400207993,0.029271702689322002,1.0,0.03518734688888374,0.08754882313772618,0.08527720912462504,0.08190209617917366,9034,0.4008191277396502,,,,
Delhi,19,Standard DML (random folds),2.794473483780429,1.8936543560407788,0.05116107189289457,0.0,,0.08754882313772618,0.08527720912462504,0.08190209617917366,9034,0.4008191277396502,,,,
Delhi,19,Block DML (purged folds),2.9908931596199375,2.0900740318802873,0.05112222275262623,0.0,,0.08754882313772618,0.08527720912462504,0.08190209617917366,9034,0.4008191277396502,,,,
Delhi,19,DML + Z controls,2.130620528523981,1.2298014007843308,0.04765965134337578,0.0,,0.08754882313772618,0.08527720912462504,0.08190209617917366,9034,0.4008191277396502,,,,
Delhi,19,Posterior-feature DML,1.4816648054483943,0.5808456777087441,0.03961922842265845,0.0,,0.08754882313772618,0.08527720912462504,0.08190209617917366,9034,0.4008191277396502,0.35607110991579843,0.02174627541051426,0.21981221256320696,
Delhi,19,Hard regime FE DML,1.4430436798562294,0.5422245521165792,0.044574128404002704,0.0,0.750761591408081,0.08754882313772618,0.08527720912462504,0.08190209617917366,9034,0.4008191277396502,,,,
Delhi,19,"Spectral OR-DML (soft, coupled)",1.7644500541229071,0.8636309263832569,0.05407870342111143,0.0,1.2055630086121858,0.08754882313772618,0.08527720912462504,0.08190209617917366,9034,0.4008191277396502,,,,
Delhi,19,OR-DML (posterior-adjusted),1.320322110903223,0.4195029831635728,0.03779024981386767,0.0,0.5844824684742654,0.08754882313772618,0.08527720912462504,0.08190209617917366,9034,0.4008191277396502,,,,0.0809299582742334
Delhi,20,Oracle-state regime DML,0.8919968813783674,-0.01070402630372247,0.027252139708112515,1.0,0.015979119353792787,0.08598184899091242,0.08508383696542146,0.08102985956329352,9034,0.4027009076820899,,,,
Delhi,20,Standard DML (random folds),2.8485640601988336,1.9458631525167438,0.05408751239722293,0.0,,0.08598184899091242,0.08508383696542146,0.08102985956329352,9034,0.4027009076820899,,,,
Delhi,20,Block DML (purged folds),3.1008010864977864,2.1981001788156966,0.056010507235773936,0.0,,0.08598184899091242,0.08508383696542146,0.08102985956329352,9034,0.4027009076820899,,,,
Delhi,20,DML + Z controls,2.180983168380011,1.2782822606979214,0.049333727336714824,0.0,,0.08598184899091242,0.08508383696542146,0.08102985956329352,9034,0.4027009076820899,,,,
Delhi,20,Posterior-feature DML,1.4517527286254308,0.5490518209433409,0.04400343490355223,0.0,,0.08598184899091242,0.08508383696542146,0.08102985956329352,9034,0.4027009076820899,0.3580998387315251,0.02174627541051426,0.21845264458269498,
Delhi,20,Hard regime FE DML,1.4301814367954029,0.527480529113313,0.0545540687612295,0.0,0.737043185093335,0.08598184899091242,0.08508383696542146,0.08102985956329352,9034,0.4027009076820899,,,,
Delhi,20,"Spectral OR-DML (soft, coupled)",1.795055020746088,0.8923541130639981,0.06328626642546444,0.0,1.239875973033412,0.08598184899091242,0.08508383696542146,0.08102985956329352,9034,0.4027009076820899,,,,
Delhi,20,OR-DML (posterior-adjusted),1.3246410499425758,0.42194014226048593,0.04692830645282368,0.0,0.5880908968027879,0.08598184899091242,0.08508383696542146,0.08102985956329352,9034,0.4027009076820899,,,,0.08061365583956363
Delhi,21,Oracle-state regime DML,0.9307797415362482,0.02918576323206401,0.02855902098211141,1.0,0.04398766599231128,0.08728035402459224,0.08404882238399117,0.08195745325374611,9034,0.4015939783041842,,,,
Delhi,21,Standard DML (random folds),2.8859629290494198,1.9843689507452356,0.054179117223501015,0.0,,0.08728035402459224,0.08404882238399117,0.08195745325374611,9034,0.4015939783041842,,,,
Delhi,21,Block DML (purged folds),3.1074355914153133,2.2058416131111294,0.05484394287482662,0.0,,0.08728035402459224,0.08404882238399117,0.08195745325374611,9034,0.4015939783041842,,,,
Delhi,21,DML + Z controls,2.1646309115249447,1.2630369332207605,0.05074776684732138,0.0,,0.08728035402459224,0.08404882238399117,0.08195745325374611,9034,0.4015939783041842,,,,
Delhi,21,Posterior-feature DML,1.4815994068827985,0.5800054285786143,0.04376088980819883,0.0,,0.08728035402459224,0.08404882238399117,0.08195745325374611,9034,0.4015939783041842,0.36016616750660874,0.02174627541051426,0.21726618279662346,
Delhi,21,Hard regime FE DML,1.4556045365720514,0.5540105582678672,0.052271234400117585,0.0,0.7678871619496657,0.08728035402459224,0.08404882238399117,0.08195745325374611,9034,0.4015939783041842,,,,
Delhi,21,"Spectral OR-DML (soft, coupled)",1.7882532659169201,0.8866592876127359,0.060964961927830734,0.0,1.2342636813066978,0.08728035402459224,0.08404882238399117,0.08195745325374611,9034,0.4015939783041842,,,,
Delhi,21,OR-DML (posterior-adjusted),1.3248441161482198,0.42325013784403565,0.04256101612878508,0.0,0.5886466601527827,0.08728035402459224,0.08404882238399117,0.08195745325374611,9034,0.4015939783041842,,,,0.07976599702689986
Delhi,22,Oracle-state regime DML,0.9162090222598427,0.014947122769030208,0.027119095487173842,1.0,0.02098130147415583,0.0864807312771319,0.0849451447060845,0.08230439388398599,9034,0.4012618994908125,,,,
Delhi,22,Standard DML (random folds),2.782468911529182,1.8812070120383697,0.05063402363950678,0.0,,0.0864807312771319,0.0849451447060845,0.08230439388398599,9034,0.4012618994908125,,,,
Delhi,22,Block DML (purged folds),2.9923780259788924,2.09111612648808,0.05097248604218901,0.0,,0.0864807312771319,0.0849451447060845,0.08230439388398599,9034,0.4012618994908125,,,,
Delhi,22,DML + Z controls,2.0967059044920604,1.195444005001248,0.048007989232427474,0.0,,0.0864807312771319,0.0849451447060845,0.08230439388398599,9034,0.4012618994908125,,,,
Delhi,22,Posterior-feature DML,1.4419691983479477,0.5407072988571352,0.0443733874025762,0.0,,0.0864807312771319,0.0849451447060845,0.08230439388398599,9034,0.4012618994908125,0.36093032915886947,0.02174627541051426,0.21682619481261903,
Delhi,22,Hard regime FE DML,1.4211247162555818,0.5198628167647693,0.05038958955362325,0.0,0.7202531488738082,0.0864807312771319,0.0849451447060845,0.08230439388398599,9034,0.4012618994908125,,,,
Delhi,22,"Spectral OR-DML (soft, coupled)",1.7616654203282218,0.8604035208374093,0.05885975376405031,0.0,1.1968266568429935,0.0864807312771319,0.0849451447060845,0.08230439388398599,9034,0.4012618994908125,,,,
Delhi,22,OR-DML (posterior-adjusted),1.3322867758476655,0.43102487635685305,0.0445653524039243,0.0,0.5982088031798907,0.0864807312771319,0.0849451447060845,0.08230439388398599,9034,0.4012618994908125,,,,0.0810907628179053
Delhi,23,Oracle-state regime DML,0.8420494410531678,-0.05755206437078619,0.027817540793002627,0.0,0.08058198037298742,0.08733959098870009,0.0843248241662512,0.08500091160130664,9034,0.39960150542395395,,,,
Delhi,23,Standard DML (random folds),2.8185939949237286,1.9189924894997747,0.054623285095258656,0.0,,0.08733959098870009,0.0843248241662512,0.08500091160130664,9034,0.39960150542395395,,,,
Delhi,23,Block DML (purged folds),3.0603612550738304,2.1607597496498765,0.05451067980341093,0.0,,0.08733959098870009,0.0843248241662512,0.08500091160130664,9034,0.39960150542395395,,,,
Delhi,23,DML + Z controls,2.0617003998014956,1.1620988943775417,0.0490885180215065,0.0,,0.08733959098870009,0.0843248241662512,0.08500091160130664,9034,0.39960150542395395,,,,
Delhi,23,Posterior-feature DML,1.4019785359343109,0.5023770305103569,0.045599603070248414,0.0,,0.08733959098870009,0.0843248241662512,0.08500091160130664,9034,0.39960150542395395,0.36002308437517444,0.02174627541051426,0.21747288062523615,
Delhi,23,Hard regime FE DML,1.36123040196961,0.461628896545656,0.05448022454789351,0.0,0.6381233022122111,0.08733959098870009,0.0843248241662512,0.08500091160130664,9034,0.39960150542395395,,,,
Delhi,23,"Spectral OR-DML (soft, coupled)",1.6955556841980064,0.7959541787740524,0.06347577500859854,0.0,1.1039393751713393,0.08733959098870009,0.0843248241662512,0.08500091160130664,9034,0.39960150542395395,,,,
Delhi,23,OR-DML (posterior-adjusted),1.2244816385606212,0.3248801331366672,0.042914324494689605,0.0,0.448074476486659,0.08733959098870009,0.0843248241662512,0.08500091160130664,9034,0.39960150542395395,,,,0.07996686609014057
Delhi,24,Oracle-state regime DML,0.9540632309792998,0.05579004080883265,0.027809686044502707,0.0,0.09968608438130007,0.08916302210892808,0.08408796726213992,0.08242455637588045,9034,0.39827319017046714,,,,
Delhi,24,Standard DML (random folds),2.8746119140113695,1.9763387238409025,0.0528346648862614,0.0,,0.08916302210892808,0.08408796726213992,0.08242455637588045,9034,0.39827319017046714,,,,
Delhi,24,Block DML (purged folds),3.090346911121686,2.192073720951219,0.05329800477150005,0.0,,0.08916302210892808,0.08408796726213992,0.08242455637588045,9034,0.39827319017046714,,,,
Delhi,24,DML + Z controls,2.1277943693671415,1.2295211791966745,0.04531248536416492,0.0,,0.08916302210892808,0.08408796726213992,0.08242455637588045,9034,0.39827319017046714,,,,
Delhi,24,Posterior-feature DML,1.495774834854216,0.5975016446837488,0.04119185756364192,0.0,,0.08916302210892808,0.08408796726213992,0.08242455637588045,9034,0.39827319017046714,0.3582929120986789,0.02174627541051426,0.21860366341384496,
Delhi,24,Hard regime FE DML,1.5081722443101082,0.6098990541396411,0.05540426196848708,0.0,0.8415883307101684,0.08916302210892808,0.08408796726213992,0.08242455637588045,9034,0.39827319017046714,,,,
Delhi,24,"Spectral OR-DML (soft, coupled)",1.819210651240419,0.9209374610699518,0.06090040389831798,0.0,1.2756471974056114,0.08916302210892808,0.08408796726213992,0.08242455637588045,9034,0.39827319017046714,,,,
Delhi,24,OR-DML (posterior-adjusted),1.381505689734877,0.48323249956440983,0.04426650369217434,0.0,0.6680453371101108,0.08916302210892808,0.08408796726213992,0.08242455637588045,9034,0.39827319017046714,,,,0.0801705400221405
Delhi,25,Oracle-state regime DML,0.8733440749726089,-0.03245623496761696,0.028642027476984768,1.0,0.048184464658499425,0.08236837884479825,0.0848676741440865,0.08177513053078163,9034,0.4058003099402258,,,,
Delhi,25,Standard DML (random folds),2.8293678430341145,1.9235675330938886,0.053953435868832694,0.0,,0.08236837884479825,0.0848676741440865,0.08177513053078163,9034,0.4058003099402258,,,,
Delhi,25,Block DML (purged folds),3.0621614423643235,2.156361132424098,0.05259473260860987,0.0,,0.08236837884479825,0.0848676741440865,0.08177513053078163,9034,0.4058003099402258,,,,
Delhi,25,DML + Z controls,2.1191116432484076,1.2133113333081817,0.04990480485809069,0.0,,0.08236837884479825,0.0848676741440865,0.08177513053078163,9034,0.4058003099402258,,,,
Delhi,25,Posterior-feature DML,1.3703463788746226,0.46454606893439676,0.04389828268317182,0.0,,0.08236837884479825,0.0848676741440865,0.08177513053078163,9034,0.4058003099402258,0.36666639400148987,0.02174627541051426,0.21316503944484003,
Delhi,25,Hard regime FE DML,1.3822811143119549,0.476480804371729,0.05488024917795148,0.0,0.6832353668038567,0.08236837884479825,0.0848676741440865,0.08177513053078163,9034,0.4058003099402258,,,,
Delhi,25,"Spectral OR-DML (soft, coupled)",1.7233463531765811,0.8175460432363553,0.0627525165938942,0.0,1.1403418614956493,0.08236837884479825,0.0848676741440865,0.08177513053078163,9034,0.4058003099402258,,,,
Delhi,25,OR-DML (posterior-adjusted),1.2383391904098626,0.33253888046963676,0.042476319433364114,0.0,0.4696359584823845,0.08236837884479825,0.0848676741440865,0.08177513053078163,9034,0.4058003099402258,,,,0.08001643487888185
Delhi,26,Oracle-state regime DML,0.8743217820271725,-0.02793635390375515,0.027545875846785448,1.0,0.041859168575316553,0.0873968600340334,0.08500390172949801,0.08221742084693127,9034,0.40225813593092763,,,,
Delhi,26,Standard DML (random folds),2.8158437055883057,1.913585569657378,0.05467158584577893,0.0,,0.0873968600340334,0.08500390172949801,0.08221742084693127,9034,0.40225813593092763,,,,
Delhi,26,Block DML (purged folds),3.059975605369252,2.1577174694383245,0.055723135012527354,0.0,,0.0873968600340334,0.08500390172949801,0.08221742084693127,9034,0.40225813593092763,,,,
Delhi,26,DML + Z controls,2.043474235049969,1.1412160991190414,0.0485230514083077,0.0,,0.0873968600340334,0.08500390172949801,0.08221742084693127,9034,0.40225813593092763,,,,
Delhi,26,Posterior-feature DML,1.413241081355751,0.5109829454248234,0.043432732016104085,0.0,,0.0873968600340334,0.08500390172949801,0.08221742084693127,9034,0.40225813593092763,0.3590012144439886,0.02174627541051426,0.21793097706690243,
Delhi,26,Hard regime FE DML,1.4525256113048486,0.550267475373921,0.054494201013871334,0.0,0.7713256182194987,0.0873968600340334,0.08500390172949801,0.08221742084693127,9034,0.40225813593092763,,,,
Delhi,26,"Spectral OR-DML (soft, coupled)",1.7657524486601575,0.8634943127292298,0.061710576526506376,0.0,1.1993387699564242,0.0873968600340334,0.08500390172949801,0.08221742084693127,9034,0.40225813593092763,,,,
Delhi,26,OR-DML (posterior-adjusted),1.2930973338088516,0.390839197877924,0.04320976676025074,0.0,0.5451637000931211,0.0873968600340334,0.08500390172949801,0.08221742084693127,9034,0.40225813593092763,,,,0.08037178682875352
Delhi,27,Oracle-state regime DML,0.8970136364897071,-0.002477175996456249,0.02535572490762389,1.0,0.04659694295413218,0.08853241200126166,0.08480606005075181,0.08313845874234616,9034,0.39949081248616336,,,,
Delhi,27,Standard DML (random folds),2.8518177307592563,1.952326918273093,0.05387133982306417,0.0,,0.08853241200126166,0.08480606005075181,0.08313845874234616,9034,0.39949081248616336,,,,
Delhi,27,Block DML (purged folds),3.0866040389436176,2.187113226457454,0.05413021433646767,0.0,,0.08853241200126166,0.08480606005075181,0.08313845874234616,9034,0.39949081248616336,,,,
Delhi,27,DML + Z controls,2.1073800434295813,1.207889230943418,0.048326264196387844,0.0,,0.08853241200126166,0.08480606005075181,0.08313845874234616,9034,0.39949081248616336,,,,
Delhi,27,Posterior-feature DML,1.4511784209564653,0.551687608470302,0.04138315018705532,0.0,,0.08853241200126166,0.08480606005075181,0.08313845874234616,9034,0.39949081248616336,0.35727295054987696,0.02174627541051426,0.21915363110824732,
Delhi,27,Hard regime FE DML,1.435748997574727,0.5362581850885637,0.05168065707772227,0.0,0.742358175016782,0.08853241200126166,0.08480606005075181,0.08313845874234616,9034,0.39949081248616336,,,,
Delhi,27,"Spectral OR-DML (soft, coupled)",1.7703441620251785,0.8708533495390152,0.06088609467736045,0.0,1.2058318476732723,0.08853241200126166,0.08480606005075181,0.08313845874234616,9034,0.39949081248616336,,,,
Delhi,27,OR-DML (posterior-adjusted),1.3158354434780415,0.41634463099187813,0.041221874991162526,0.0,0.5768548493501058,0.08853241200126166,0.08480606005075181,0.08313845874234616,9034,0.39949081248616336,,,,0.08055412781911753
Delhi,28,Oracle-state regime DML,0.9467522688796737,0.04338720357084036,0.028286211232607758,1.0,0.06939012908546119,0.08660372029155491,0.08591914115686344,0.08159319145931544,9034,0.4033650653088333,,,,
Delhi,28,Standard DML (random folds),2.871491400722948,1.9681263354141145,0.05362713832892501,0.0,,0.08660372029155491,0.08591914115686344,0.08159319145931544,9034,0.4033650653088333,,,,
Delhi,28,Block DML (purged folds),3.078542529396028,2.1751774640871946,0.0542444940626833,0.0,,0.08660372029155491,0.08591914115686344,0.08159319145931544,9034,0.4033650653088333,,,,
Delhi,28,DML + Z controls,2.171316759587371,1.2679516942785374,0.04761051070173286,0.0,,0.08660372029155491,0.08591914115686344,0.08159319145931544,9034,0.4033650653088333,,,,
Delhi,28,Posterior-feature DML,1.4964965860707933,0.59313152076196,0.04164156882331396,0.0,,0.08660372029155491,0.08591914115686344,0.08159319145931544,9034,0.4033650653088333,0.3577426912655601,0.02174627541051426,0.21863036129174637,
Delhi,28,Hard regime FE DML,1.5210521316769188,0.6176870663680855,0.0529633818014638,0.0,0.8606320048731968,0.08660372029155491,0.08591914115686344,0.08159319145931544,9034,0.4033650653088333,,,,
Delhi,28,"Spectral OR-DML (soft, coupled)",1.8482800539430513,0.944914988634218,0.06193569323120458,0.0,1.3142216200160708,0.08660372029155491,0.08591914115686344,0.08159319145931544,9034,0.4033650653088333,,,,
Delhi,28,OR-DML (posterior-adjusted),1.389142623914442,0.4857775586056087,0.04328859602375901,0.0,0.6765503832088885,0.08660372029155491,0.08591914115686344,0.08159319145931544,9034,0.4033650653088333,,,,0.08102170833500692
Delhi,29,Oracle-state regime DML,0.9198328364160187,0.014918069978117399,0.03051920400218129,1.0,0.061800246670698014,0.08566687979195417,0.08487485068472118,0.07995469928093822,9034,0.40491476643790125,,,,
Delhi,29,Standard DML (random folds),2.897132971975171,1.9922182055372697,0.055307808348748155,0.0,,0.08566687979195417,0.08487485068472118,0.07995469928093822,9034,0.40491476643790125,,,,
Delhi,29,Block DML (purged folds),3.1101089589552404,2.205194192517339,0.05516443369233436,0.0,,0.08566687979195417,0.08487485068472118,0.07995469928093822,9034,0.40491476643790125,,,,
Delhi,29,DML + Z controls,2.1509871658166815,1.2460723993787801,0.0538077960680737,0.0,,0.08566687979195417,0.08487485068472118,0.07995469928093822,9034,0.40491476643790125,,,,
Delhi,29,Posterior-feature DML,1.4612163252943706,0.5563015588564694,0.048419213831885,0.0,,0.08566687979195417,0.08487485068472118,0.07995469928093822,9034,0.40491476643790125,0.36130886757879144,0.02174627541051426,0.21637917202866758,
Delhi,29,Hard regime FE DML,1.4801302613858267,0.5752154949479255,0.06229988901143086,0.0,0.8054559892229888,0.08566687979195417,0.08487485068472118,0.07995469928093822,9034,0.40491476643790125,,,,
Delhi,29,"Spectral OR-DML (soft, coupled)",1.8238974928591105,0.9189827264212093,0.07231826631070588,0.0,1.2798110369091105,0.08566687979195417,0.08487485068472118,0.07995469928093822,9034,0.40491476643790125,,,,
Delhi,29,OR-DML (posterior-adjusted),1.342561014459252,0.43764624802135066,0.050686026748361646,0.0,0.6134308850836623,0.08566687979195417,0.08487485068472118,0.07995469928093822,9034,0.40491476643790125,,,,0.08033539722591267
Mumbai,0,Oracle-state regime DML,1.0558991974070273,0.04480725754999004,0.07057508317004886,1.0,0.08102465070212346,0.09794943932805679,0.022363970636061017,0.010101729630537577,8114,0.5110919398570373,,,,
Mumbai,0,Standard DML (random folds),3.9909628767811642,2.9798709369241267,0.13199588736549422,0.0,,0.09794943932805679,0.022363970636061017,0.010101729630537577,8114,0.5110919398570373,,,,
Mumbai,0,Block DML (purged folds),4.0473839691247635,3.0362920292677265,0.11163066693439633,0.0,,0.09794943932805679,0.022363970636061017,0.010101729630537577,8114,0.5110919398570373,,,,
Mumbai,0,DML + Z controls,3.9593950169024046,2.9483030770453675,0.14268317490280394,0.0,,0.09794943932805679,0.022363970636061017,0.010101729630537577,8114,0.5110919398570373,,,,
Mumbai,0,Posterior-feature DML,2.117833856932596,1.1067419170755588,0.20006685391012394,0.0,,0.09794943932805679,0.022363970636061017,0.010101729630537577,8114,0.5110919398570373,1.4235050128689577,0.02457422576146278,0.060229653956851203,
Mumbai,0,Hard regime FE DML,2.869462003897046,1.858370064040009,0.14974884155513118,0.0,2.8076478970839265,0.09794943932805679,0.022363970636061017,0.010101729630537577,8114,0.5110919398570373,,,,
Mumbai,0,"Spectral OR-DML (soft, coupled)",4.0901862478612125,3.0790943080041755,0.2543574508588063,0.0,4.556168879251987,0.09794943932805679,0.022363970636061017,0.010101729630537577,8114,0.5110919398570373,,,,
Mumbai,0,OR-DML (posterior-adjusted),2.622906706226456,1.6118147663694187,0.13918437526346392,0.0,2.48373079975446,0.09794943932805679,0.022363970636061017,0.010101729630537577,8114,0.5110919398570373,,,,0.015897146335699965
Mumbai,1,Oracle-state regime DML,1.078317490389038,0.07153908269862641,0.07580328379768324,1.0,0.1498330344173968,0.09128268220581136,0.020397282702028445,0.010384480624687597,8114,0.5067784076904116,,,,
Mumbai,1,Standard DML (random folds),3.9445674898823335,2.937789082191922,0.13395455296599673,0.0,,0.09128268220581136,0.020397282702028445,0.010384480624687597,8114,0.5067784076904116,,,,
Mumbai,1,Block DML (purged folds),4.076158855454086,3.069380447763674,0.1167957403322501,0.0,,0.09128268220581136,0.020397282702028445,0.010384480624687597,8114,0.5067784076904116,,,,
Mumbai,1,DML + Z controls,4.004285935002491,2.997507527312079,0.15266677184488228,0.0,,0.09128268220581136,0.020397282702028445,0.010384480624687597,8114,0.5067784076904116,,,,
Mumbai,1,Posterior-feature DML,1.8651250397466959,0.8583466320562843,0.20245014169123998,0.0,,0.09128268220581136,0.020397282702028445,0.010384480624687597,8114,0.5067784076904116,1.4772031540103696,0.02457422576146278,0.058111990765238854,
Mumbai,1,Hard regime FE DML,2.750046853130468,1.7432684454400562,0.15459841424251083,0.0,2.594724008687363,0.09128268220581136,0.020397282702028445,0.010384480624687597,8114,0.5067784076904116,,,,
Mumbai,1,"Spectral OR-DML (soft, coupled)",4.161907432426645,3.155129024736233,0.275587995171688,0.0,4.629001800106601,0.09128268220581136,0.020397282702028445,0.010384480624687597,8114,0.5067784076904116,,,,
Mumbai,1,OR-DML (posterior-adjusted),2.535466478346394,1.5286880706559824,0.1442245390977265,0.0,2.294086679690102,0.09128268220581136,0.020397282702028445,0.010384480624687597,8114,0.5067784076904116,,,,0.015531067890221762
Mumbai,2,Oracle-state regime DML,1.0198977125181448,0.006217653361132225,0.06909753055217592,1.0,0.1756284428749155,0.09781034701349628,0.024557554390798104,0.009997441960446439,8114,0.5136800591570125,,,,
Mumbai,2,Standard DML (random folds),4.051466413197193,3.037786354040181,0.14154459464851502,0.0,,0.09781034701349628,0.024557554390798104,0.009997441960446439,8114,0.5136800591570125,,,,
Mumbai,2,Block DML (purged folds),4.0747700142341605,3.061089955077148,0.11830040405888442,0.0,,0.09781034701349628,0.024557554390798104,0.009997441960446439,8114,0.5136800591570125,,,,
Mumbai,2,DML + Z controls,4.072398723619852,3.0587186644628392,0.15819832383315896,0.0,,0.09781034701349628,0.024557554390798104,0.009997441960446439,8114,0.5136800591570125,,,,
Mumbai,2,Posterior-feature DML,2.0385474178084833,1.0248673586514707,0.22784099860359672,0.0,,0.09781034701349628,0.024557554390798104,0.009997441960446439,8114,0.5136800591570125,1.3777918576844463,0.02457422576146278,0.06218182581435086,
Mumbai,2,Hard regime FE DML,2.850937629373588,1.8372575702165754,0.16318752283492183,0.0,2.8544438848971194,0.09781034701349628,0.024557554390798104,0.009997441960446439,8114,0.5136800591570125,,,,
Mumbai,2,"Spectral OR-DML (soft, coupled)",4.075842970424011,3.0621629112669986,0.2721544555985312,0.0,4.595217745977047,0.09781034701349628,0.024557554390798104,0.009997441960446439,8114,0.5136800591570125,,,,
Mumbai,2,OR-DML (posterior-adjusted),2.6622940709331493,1.6486140117761368,0.1499156746681718,0.0,2.5941864942955197,0.09781034701349628,0.024557554390798104,0.009997441960446439,8114,0.5136800591570125,,,,0.017128746212152098
Mumbai,3,Oracle-state regime DML,1.130853579914435,0.11976164005739776,0.07323227440360462,1.0,0.18923019096774485,0.09571854899718518,0.02323752977286281,0.010437314495454817,8114,0.5110919398570373,,,,
Mumbai,3,Standard DML (random folds),3.9404500907528064,2.9293581508957693,0.1262729797567601,0.0,,0.09571854899718518,0.02323752977286281,0.010437314495454817,8114,0.5110919398570373,,,,
Mumbai,3,Block DML (purged folds),4.05141022213315,3.040318282276113,0.11361046295047231,0.0,,0.09571854899718518,0.02323752977286281,0.010437314495454817,8114,0.5110919398570373,,,,
Mumbai,3,DML + Z controls,4.068315741564355,3.057223801707318,0.15176136751575192,0.0,,0.09571854899718518,0.02323752977286281,0.010437314495454817,8114,0.5110919398570373,,,,
Mumbai,3,Posterior-feature DML,2.0141241845319873,1.00303224467495,0.2088862280250695,0.0,,0.09571854899718518,0.02323752977286281,0.010437314495454817,8114,0.5110919398570373,1.4245929031383093,0.02457422576146278,0.06018365958588267,
Mumbai,3,Hard regime FE DML,2.8830883021862466,1.8719963623292093,0.149289963867615,0.0,2.804859732761142,0.09571854899718518,0.02323752977286281,0.010437314495454817,8114,0.5110919398570373,,,,
Mumbai,3,"Spectral OR-DML (soft, coupled)",4.182078170609138,3.170986230752101,0.26112229313824753,0.0,4.665014336322086,0.09571854899718518,0.02323752977286281,0.010437314495454817,8114,0.5110919398570373,,,,
Mumbai,3,OR-DML (posterior-adjusted),2.6633030011373044,1.6522110612802672,0.14364233797454373,0.0,2.502978589742972,0.09571854899718518,0.02323752977286281,0.010437314495454817,8114,0.5110919398570373,,,,0.016445608810339275
Mumbai,4,Oracle-state regime DML,0.9345785453236038,-0.0760204194286761,0.0761430227995924,1.0,0.18940330770621205,0.09393993536930267,0.022375621852308406,0.010048472912142545,8114,0.5105989647522801,,,,
Mumbai,4,Standard DML (random folds),3.9602477050379274,2.9496487402856477,0.13541126008659163,0.0,,0.09393993536930267,0.022375621852308406,0.010048472912142545,8114,0.5105989647522801,,,,
Mumbai,4,Block DML (purged folds),4.10660669664266,3.0960077318903805,0.11820189329511167,0.0,,0.09393993536930267,0.022375621852308406,0.010048472912142545,8114,0.5105989647522801,,,,
Mumbai,4,DML + Z controls,4.1424123782713975,3.131813413519118,0.15724568600954208,0.0,,0.09393993536930267,0.022375621852308406,0.010048472912142545,8114,0.5105989647522801,,,,
Mumbai,4,Posterior-feature DML,1.9695842720761965,0.9589853073239165,0.20442621621904203,0.0,,0.09393993536930267,0.022375621852308406,0.010048472912142545,8114,0.5105989647522801,1.4483089137691045,0.02457422576146278,0.05920651871796043,
Mumbai,4,Hard regime FE DML,2.875979822793409,1.865380858041129,0.15137227691651328,0.0,2.9101639082075494,0.09393993536930267,0.022375621852308406,0.010048472912142545,8114,0.5105989647522801,,,,
Mumbai,4,"Spectral OR-DML (soft, coupled)",4.155388999882672,3.1447900351303923,0.26826473695972264,0.0,4.745368325618206,0.09393993536930267,0.022375621852308406,0.010048472912142545,8114,0.5105989647522801,,,,
Mumbai,4,OR-DML (posterior-adjusted),2.5674115906161776,1.5568126258638977,0.1427545122885637,0.0,2.441159744198922,0.09393993536930267,0.022375621852308406,0.010048472912142545,8114,0.5105989647522801,,,,0.015783526053579664
Mumbai,5,Oracle-state regime DML,1.089632935288852,0.0789107267603828,0.06250793446606748,1.0,0.11767891671777954,0.09890801196964553,0.023036320527686463,0.010144844509569706,8114,0.5107222085284693,,,,
Mumbai,5,Standard DML (random folds),3.998421785001777,2.9876995764733074,0.12749066093157352,0.0,,0.09890801196964553,0.023036320527686463,0.010144844509569706,8114,0.5107222085284693,,,,
Mumbai,5,Block DML (purged folds),4.093874374426578,3.0831521658981087,0.1180201257649662,0.0,,0.09890801196964553,0.023036320527686463,0.010144844509569706,8114,0.5107222085284693,,,,
Mumbai,5,DML + Z controls,4.048471425562375,3.0377492170339053,0.15409323891917664,0.0,,0.09890801196964553,0.023036320527686463,0.010144844509569706,8114,0.5107222085284693,,,,
Mumbai,5,Posterior-feature DML,2.096733758096393,1.086011549567924,0.2096060660446782,0.0,,0.09890801196964553,0.023036320527686463,0.010144844509569706,8114,0.5107222085284693,1.3947387250302,0.02457422576146278,0.0614783963858342,
Mumbai,5,Hard regime FE DML,2.8336871941807504,1.8229649856522812,0.14540020816216925,0.0,2.748637105988131,0.09890801196964553,0.023036320527686463,0.010144844509569706,8114,0.5107222085284693,,,,
Mumbai,5,"Spectral OR-DML (soft, coupled)",4.103482613257838,3.0927604047293684,0.25996764854471416,0.0,4.555528250508534,0.09890801196964553,0.023036320527686463,0.010144844509569706,8114,0.5107222085284693,,,,
Mumbai,5,OR-DML (posterior-adjusted),2.6958322128625234,1.6851100043340541,0.13862660326144247,0.0,2.581236341283982,0.09890801196964553,0.023036320527686463,0.010144844509569706,8114,0.5107222085284693,,,,0.017146609176892997
Mumbai,6,Oracle-state regime DML,0.843893997583423,-0.16571901695934255,0.06274870555493602,0.0,0.3063460594315021,0.098582765294317,0.023547503962534758,0.01020969103793525,8114,0.5096130145427656,,,,
Mumbai,6,Standard DML (random folds),4.062279704073257,3.0526666895304913,0.13549506502975203,0.0,,0.098582765294317,0.023547503962534758,0.01020969103793525,8114,0.5096130145427656,,,,
Mumbai,6,Block DML (purged folds),4.139076094344296,3.1294630798015306,0.12101693705932369,0.0,,0.098582765294317,0.023547503962534758,0.01020969103793525,8114,0.5096130145427656,,,,
Mumbai,6,DML + Z controls,4.079332286955282,3.069719272412516,0.15893681701671253,0.0,,0.098582765294317,0.023547503962534758,0.01020969103793525,8114,0.5096130145427656,,,,
Mumbai,6,Posterior-feature DML,2.0049383824770026,0.9953253679342371,0.2215330651222636,0.0,,0.098582765294317,0.023547503962534758,0.01020969103793525,8114,0.5096130145427656,1.4103160694237489,0.02457422576146278,0.0608186771994624,
Mumbai,6,Hard regime FE DML,2.8961268217551916,1.8865138072124261,0.1750450556505312,0.0,2.7698846397268078,0.098582765294317,0.023547503962534758,0.01020969103793525,8114,0.5096130145427656,,,,
Mumbai,6,"Spectral OR-DML (soft, coupled)",4.151662408538575,3.14204939399581,0.286792473109555,0.0,4.555677785111744,0.098582765294317,0.023547503962534758,0.01020969103793525,8114,0.5096130145427656,,,,
Mumbai,6,OR-DML (posterior-adjusted),2.6689479397608142,1.6593349252180487,0.1577838161870706,0.0,2.505120866098637,0.098582765294317,0.023547503962534758,0.01020969103793525,8114,0.5096130145427656,,,,0.016288446909251634
Mumbai,7,Oracle-state regime DML,0.9643513819855275,-0.050314627380999455,0.08453064813878519,1.0,0.14118887353992882,0.09318392184807497,0.024341777552869485,0.010016941873977288,8114,0.514666009366527,,,,
Mumbai,7,Standard DML (random folds),4.019230222222182,3.004564212855655,0.14133397824137117,0.0,,0.09318392184807497,0.024341777552869485,0.010016941873977288,8114,0.514666009366527,,,,
Mumbai,7,Block DML (purged folds),4.103027779467295,3.088361770100768,0.1262029048399374,0.0,,0.09318392184807497,0.024341777552869485,0.010016941873977288,8114,0.514666009366527,,,,
Mumbai,7,DML + Z controls,4.031609970371231,3.0169439610047037,0.16198557551121323,0.0,,0.09318392184807497,0.024341777552869485,0.010016941873977288,8114,0.514666009366527,,,,
Mumbai,7,Posterior-feature DML,1.9592463429984266,0.9445803336318996,0.22701859000280927,0.0,,0.09318392184807497,0.024341777552869485,0.010016941873977288,8114,0.514666009366527,1.4479631666891846,0.02457422576146278,0.05915163196848929,
Mumbai,7,Hard regime FE DML,2.7938216736494823,1.7791556642829554,0.16775138912285897,0.0,2.765824961590646,0.09318392184807497,0.024341777552869485,0.010016941873977288,8114,0.514666009366527,,,,
Mumbai,7,"Spectral OR-DML (soft, coupled)",4.043575780282382,3.0289097709158552,0.2906196215900323,0.0,4.499947404527319,0.09318392184807497,0.024341777552869485,0.010016941873977288,8114,0.514666009366527,,,,
Mumbai,7,OR-DML (posterior-adjusted),2.6028225226702686,1.5881565133037416,0.15386451806724538,0.0,2.5020799410934087,0.09318392184807497,0.024341777552869485,0.010016941873977288,8114,0.514666009366527,,,,0.01686738322173462
Mumbai,8,Oracle-state regime DML,1.026957608580707,0.015126206066534031,0.07117745663150174,1.0,0.06056123948916192,0.09397552923559539,0.02248014679247731,0.010076487167537061,8114,0.511831402514173,,,,
Mumbai,8,Standard DML (random folds),4.03200286737769,3.020171464863517,0.1321666285900483,0.0,,0.09397552923559539,0.02248014679247731,0.010076487167537061,8114,0.511831402514173,,,,
Mumbai,8,Block DML (purged folds),4.093779600533526,3.0819481980193526,0.11320448784181458,0.0,,0.09397552923559539,0.02248014679247731,0.010076487167537061,8114,0.511831402514173,,,,
Mumbai,8,DML + Z controls,4.0175957983607855,3.0057643958466125,0.1504001487470117,0.0,,0.09397552923559539,0.02248014679247731,0.010076487167537061,8114,0.511831402514173,,,,
Mumbai,8,Posterior-feature DML,2.003336957882506,0.9915055553683332,0.20198831957737357,0.0,,0.09397552923559539,0.02248014679247731,0.010076487167537061,8114,0.511831402514173,1.4716608598277716,0.02457422576146278,0.05824646489456368,
Mumbai,8,Hard regime FE DML,2.763652100905494,1.7518206983913212,0.14049680832863765,0.0,2.7181363720584866,0.09397552923559539,0.02248014679247731,0.010076487167537061,8114,0.511831402514173,,,,
Mumbai,8,"Spectral OR-DML (soft, coupled)",4.091414292978032,3.0795828904638594,0.25781649693513864,0.0,4.584110863028665,0.09397552923559539,0.02248014679247731,0.010076487167537061,8114,0.511831402514173,,,,
Mumbai,8,OR-DML (posterior-adjusted),2.564446975824982,1.552615573310809,0.13295863860845802,0.0,2.4458097146337523,0.09397552923559539,0.02248014679247731,0.010076487167537061,8114,0.511831402514173,,,,0.01639875266834551
Mumbai,9,Oracle-state regime DML,1.0454942459341654,0.027254167058148537,0.0887768200159995,1.0,0.2790524940430979,0.10172079516773502,0.02658704809361408,0.010222213158602271,8114,0.5182400788760168,,,,
Mumbai,9,Standard DML (random folds),3.998141555562529,2.979901476686512,0.13795319113512383,0.0,,0.10172079516773502,0.02658704809361408,0.010222213158602271,8114,0.5182400788760168,,,,
Mumbai,9,Block DML (purged folds),4.038134544838287,3.01989446596227,0.11704791464150929,0.0,,0.10172079516773502,0.02658704809361408,0.010222213158602271,8114,0.5182400788760168,,,,
Mumbai,9,DML + Z controls,3.978816304196653,2.960576225320636,0.15324525845850148,0.0,,0.10172079516773502,0.02658704809361408,0.010222213158602271,8114,0.5182400788760168,,,,
Mumbai,9,Posterior-feature DML,2.14276859391271,1.124528515036693,0.2290162749767037,0.0,,0.10172079516773502,0.02658704809361408,0.010222213158602271,8114,0.5182400788760168,1.3433639223282714,0.02457422576146278,0.06369201444729981,
Mumbai,9,Hard regime FE DML,2.8344246330905807,1.8161845542145638,0.15979823001512858,0.0,2.8527795420608437,0.10172079516773502,0.02658704809361408,0.010222213158602271,8114,0.5182400788760168,,,,
Mumbai,9,"Spectral OR-DML (soft, coupled)",4.00422355125956,2.9859834723835434,0.2782031446148589,0.0,4.43757106870965,0.10172079516773502,0.02658704809361408,0.010222213158602271,8114,0.5182400788760168,,,,
Mumbai,9,OR-DML (posterior-adjusted),2.715524656958342,1.6972845780823254,0.14230696108001556,0.0,2.8344782125598433,0.10172079516773502,0.02658704809361408,0.010222213158602271,8114,0.5182400788760168,,,,0.01860632043203939
Mumbai,10,Oracle-state regime DML,0.9034421196328606,-0.11122388973366637,0.07555602602362159,1.0,0.23574163600305764,0.09847339016590254,0.024939797461901184,0.010060759175289341,8114,0.514666009366527,,,,
Mumbai,10,Standard DML (random folds),4.029576476027772,3.014910466661245,0.13486207546744652,0.0,,0.09847339016590254,0.024939797461901184,0.010060759175289341,8114,0.514666009366527,,,,
Mumbai,10,Block DML (purged folds),4.043594423920898,3.028928414554371,0.1150122521350111,0.0,,0.09847339016590254,0.024939797461901184,0.010060759175289341,8114,0.514666009366527,,,,
Mumbai,10,DML + Z controls,3.937178589956652,2.9225125805901246,0.14839567927177505,0.0,,0.09847339016590254,0.024939797461901184,0.010060759175289341,8114,0.514666009366527,,,,
Mumbai,10,Posterior-feature DML,2.0497984227807997,1.0351324134142728,0.20993636431441018,0.0,,0.09847339016590254,0.024939797461901184,0.010060759175289341,8114,0.514666009366527,1.3790977586832331,0.02457422576146278,0.06210537563465063,
Mumbai,10,Hard regime FE DML,2.8393286904261696,1.8246626810596427,0.1558255969703923,0.0,2.78792602369754,0.09847339016590254,0.024939797461901184,0.010060759175289341,8114,0.514666009366527,,,,
Mumbai,10,"Spectral OR-DML (soft, coupled)",3.9756362846396973,2.96097027527317,0.25999088337930276,0.0,4.367967821482904,0.09847339016590254,0.024939797461901184,0.010060759175289341,8114,0.514666009366527,,,,
Mumbai,10,OR-DML (posterior-adjusted),2.6319702069650335,1.6173041975985065,0.15015379245655588,0.0,2.5192578781939425,0.09847339016590254,0.024939797461901184,0.010060759175289341,8114,0.514666009366527,,,,0.0173302658993651
Mumbai,11,Oracle-state regime DML,0.8694104762277682,-0.14365336404829787,0.06521087507380374,0.0,0.23330830372291683,0.09674350512375182,0.024266584722889645,0.010179648886485202,8114,0.5130638402760661,,,,
Mumbai,11,Standard DML (random folds),4.0515475693742795,3.038483729098213,0.13051511750771688,0.0,,0.09674350512375182,0.024266584722889645,0.010179648886485202,8114,0.5130638402760661,,,,
Mumbai,11,Block DML (purged folds),4.159443850196879,3.1463800099208123,0.11967105031424016,0.0,,0.09674350512375182,0.024266584722889645,0.010179648886485202,8114,0.5130638402760661,,,,
Mumbai,11,DML + Z controls,4.092195407009335,3.0791315667332686,0.15639430058668477,0.0,,0.09674350512375182,0.024266584722889645,0.010179648886485202,8114,0.5130638402760661,,,,
Mumbai,11,Posterior-feature DML,2.053654832004492,1.0405909917284257,0.21156157868834183,0.0,,0.09674350512375182,0.024266584722889645,0.010179648886485202,8114,0.5130638402760661,1.4064053711261844,0.02457422576146278,0.060927495133389874,
Mumbai,11,Hard regime FE DML,2.8685519369258596,1.8554880966497935,0.15981491277035317,0.0,2.854035926867912,0.09674350512375182,0.024266584722889645,0.010179648886485202,8114,0.5130638402760661,,,,
Mumbai,11,"Spectral OR-DML (soft, coupled)",4.162061671393465,3.1489978311173985,0.2671814589469503,0.0,4.671523883506767,0.09674350512375182,0.024266584722889645,0.010179648886485202,8114,0.5130638402760661,,,,
Mumbai,11,OR-DML (posterior-adjusted),2.675724586034659,1.6626607457585927,0.15216932955455914,0.0,2.633246978736498,0.09674350512375182,0.024266584722889645,0.010179648886485202,8114,0.5130638402760661,,,,0.017540318276695284
Mumbai,12,Oracle-state regime DML,1.0166453454883562,0.000500410807557472,0.10270411942276048,1.0,0.18487438290777602,0.09659726852680629,0.02510608335171706,0.010496574559488991,8114,0.5161449346807986,,,,
Mumbai,12,Standard DML (random folds),3.9945150240195746,2.978370089338776,0.14605105059380666,0.0,,0.09659726852680629,0.02510608335171706,0.010496574559488991,8114,0.5161449346807986,,,,
Mumbai,12,Block DML (purged folds),4.058204323566513,3.0420593888857144,0.12949661095929185,0.0,,0.09659726852680629,0.02510608335171706,0.010496574559488991,8114,0.5161449346807986,,,,
Mumbai,12,DML + Z controls,4.045178321877099,3.0290333871963004,0.17181827921691098,0.0,,0.09659726852680629,0.02510608335171706,0.010496574559488991,8114,0.5161449346807986,,,,
Mumbai,12,Posterior-feature DML,1.9483156603755094,0.9321707256947107,0.24370084731610128,0.0,,0.09659726852680629,0.02510608335171706,0.010496574559488991,8114,0.5161449346807986,1.4027689180389205,0.02457422576146278,0.061031464123868145,
Mumbai,12,Hard regime FE DML,2.8668164074358424,1.8506714727550437,0.18677715665241632,0.0,2.85574338692633,0.09659726852680629,0.02510608335171706,0.010496574559488991,8114,0.5161449346807986,,,,
Mumbai,12,"Spectral OR-DML (soft, coupled)",4.05467121691918,3.0385262822383816,0.29757095349420276,0.0,4.526956620415095,0.09659726852680629,0.02510608335171706,0.010496574559488991,8114,0.5161449346807986,,,,
Mumbai,12,OR-DML (posterior-adjusted),2.635122469196347,1.6189775345155484,0.17439036815427428,0.0,2.4912102987381046,0.09659726852680629,0.02510608335171706,0.010496574559488991,8114,0.5161449346807986,,,,0.01733641662917255
Mumbai,13,Oracle-state regime DML,1.011842401292903,0.0006272176596764378,0.06811588262676069,1.0,0.0526240911824193,0.09510174990720323,0.022873407325410506,0.010119867212712462,8114,0.5112151836332265,,,,
Mumbai,13,Standard DML (random folds),4.059567708069787,3.0483525244365604,0.13018770652717399,0.0,,0.09510174990720323,0.022873407325410506,0.010119867212712462,8114,0.5112151836332265,,,,
Mumbai,13,Block DML (purged folds),4.126277336995569,3.1150621533623424,0.11387633388876872,0.0,,0.09510174990720323,0.022873407325410506,0.010119867212712462,8114,0.5112151836332265,,,,
Mumbai,13,DML + Z controls,4.023888442541436,3.012673258908209,0.14596570941438203,0.0,,0.09510174990720323,0.022873407325410506,0.010119867212712462,8114,0.5112151836332265,,,,
Mumbai,13,Posterior-feature DML,2.0132810720893755,1.0020658884561489,0.2112571572367251,0.0,,0.09510174990720323,0.022873407325410506,0.010119867212712462,8114,0.5112151836332265,1.4349902261919045,0.02457422576146278,0.05974548407767003,
Mumbai,13,Hard regime FE DML,2.7979388333690904,1.7867236497358638,0.1653397731370958,0.0,2.683156419988993,0.09510174990720323,0.022873407325410506,0.010119867212712462,8114,0.5112151836332265,,,,
Mumbai,13,"Spectral OR-DML (soft, coupled)",4.091704920297744,3.080489736664517,0.27680506112406233,0.0,4.515067410266621,0.09510174990720323,0.022873407325410506,0.010119867212712462,8114,0.5112151836332265,,,,
Mumbai,13,OR-DML (posterior-adjusted),2.603498964506905,1.5922837808736785,0.15727013689811786,0.0,2.471423009073518,0.09510174990720323,0.022873407325410506,0.010119867212712462,8114,0.5112151836332265,,,,0.016367844976220517
Mumbai,14,Oracle-state regime DML,0.8126443541417814,-0.20177516767236692,0.07072438548378424,0.0,0.3108576346346004,0.09912317701070004,0.025202994644676152,0.009841730439197085,8114,0.5144195218141484,,,,
Mumbai,14,Standard DML (random folds),4.01378082190634,2.9993613000921915,0.1421321085649108,0.0,,0.09912317701070004,0.025202994644676152,0.009841730439197085,8114,0.5144195218141484,,,,
Mumbai,14,Block DML (purged folds),4.156117007605028,3.1416974857908793,0.1293259430179371,0.0,,0.09912317701070004,0.025202994644676152,0.009841730439197085,8114,0.5144195218141484,,,,
Mumbai,14,DML + Z controls,4.057784753818674,3.0433652320045255,0.16372869180759342,0.0,,0.09912317701070004,0.025202994644676152,0.009841730439197085,8114,0.5144195218141484,,,,
Mumbai,14,Posterior-feature DML,1.9335917919258587,0.9191722701117104,0.2147782176348112,0.0,,0.09912317701070004,0.025202994644676152,0.009841730439197085,8114,0.5144195218141484,1.3999241974845407,0.02457422576146278,0.06118577115432166,
Mumbai,14,Hard regime FE DML,2.8608836317442936,1.8464641099301453,0.16407932226383554,0.0,2.8346984549083243,0.09912317701070004,0.025202994644676152,0.009841730439197085,8114,0.5144195218141484,,,,
Mumbai,14,"Spectral OR-DML (soft, coupled)",4.059582539099883,3.0451630172857342,0.2793058791083083,0.0,4.494011729954785,0.09912317701070004,0.025202994644676152,0.009841730439197085,8114,0.5144195218141484,,,,
Mumbai,14,OR-DML (posterior-adjusted),2.611301121352156,1.5968815995380077,0.13941790913255772,0.0,2.571608618091873,0.09912317701070004,0.025202994644676152,0.009841730439197085,8114,0.5144195218141484,,,,0.017710108415831725
Mumbai,15,Oracle-state regime DML,1.1270237943381543,0.1142064416144668,0.07478215919138499,1.0,0.18222600375975778,0.0959496439513909,0.023977882387836817,0.010211427908296222,8114,0.5128173527236874,,,,
Mumbai,15,Standard DML (random folds),4.071065715748848,3.05824836302516,0.13658286945188347,0.0,,0.0959496439513909,0.023977882387836817,0.010211427908296222,8114,0.5128173527236874,,,,
Mumbai,15,Block DML (purged folds),4.170889350111029,3.1580719973873412,0.12082067629418222,0.0,,0.0959496439513909,0.023977882387836817,0.010211427908296222,8114,0.5128173527236874,,,,
Mumbai,15,DML + Z controls,4.176991822601843,3.164174469878155,0.15880652722148406,0.0,,0.0959496439513909,0.023977882387836817,0.010211427908296222,8114,0.5128173527236874,,,,
Mumbai,15,Posterior-feature DML,2.0501519544707154,1.037334601747028,0.22083816255157435,0.0,,0.0959496439513909,0.023977882387836817,0.010211427908296222,8114,0.5128173527236874,1.415801689844616,0.02457422576146278,0.0605274130270522,
Mumbai,15,Hard regime FE DML,2.942404753263779,1.9295874005400917,0.16957363482760834,0.0,2.9316929577008812,0.0959496439513909,0.023977882387836817,0.010211427908296222,8114,0.5128173527236874,,,,
Mumbai,15,"Spectral OR-DML (soft, coupled)",4.183340176772411,3.1705228240487235,0.2735652287614446,0.0,4.709942536265217,0.0959496439513909,0.023977882387836817,0.010211427908296222,8114,0.5128173527236874,,,,
Mumbai,15,OR-DML (posterior-adjusted),2.701287595464768,1.6884702427410805,0.15607009410946263,0.0,2.570929571773472,0.0959496439513909,0.023977882387836817,0.010211427908296222,8114,0.5128173527236874,,,,0.016207398810639775
Mumbai,16,Oracle-state regime DML,0.9414772669111471,-0.07183306091729769,0.0683801907663174,1.0,0.135452655543667,0.09896481336644129,0.025098862374379808,0.010219802405090978,8114,0.5133103278284447,,,,
Mumbai,16,Standard DML (random folds),3.963965081162352,2.9506547533339074,0.13152205150370416,0.0,,0.09896481336644129,0.025098862374379808,0.010219802405090978,8114,0.5133103278284447,,,,
Mumbai,16,Block DML (purged folds),4.110151702635558,3.096841374807113,0.11968211357124386,0.0,,0.09896481336644129,0.025098862374379808,0.010219802405090978,8114,0.5133103278284447,,,,
Mumbai,16,DML + Z controls,4.012577468028231,2.9992671401997857,0.15344990365457714,0.0,,0.09896481336644129,0.025098862374379808,0.010219802405090978,8114,0.5133103278284447,,,,
Mumbai,16,Posterior-feature DML,1.8883080161653416,0.8749976883368968,0.19274806139521503,0.0,,0.09896481336644129,0.025098862374379808,0.010219802405090978,8114,0.5133103278284447,1.3902668652727952,0.02457422576146278,0.06163039723117616,
Mumbai,16,Hard regime FE DML,2.738322871168286,1.7250125433398413,0.15035731773321004,0.0,2.6167219235309958,0.09896481336644129,0.025098862374379808,0.010219802405090978,8114,0.5133103278284447,,,,
Mumbai,16,"Spectral OR-DML (soft, coupled)",4.020300580649113,3.0069902528206685,0.2699050391990802,0.0,4.411686386644322,0.09896481336644129,0.025098862374379808,0.010219802405090978,8114,0.5133103278284447,,,,
Mumbai,16,OR-DML (posterior-adjusted),2.5676859578673277,1.554375630038883,0.1403752971530135,0.0,2.4323935001358894,0.09896481336644129,0.025098862374379808,0.010219802405090978,8114,0.5133103278284447,,,,0.017373268779430504
Mumbai,17,Oracle-state regime DML,1.103969825904795,0.09250815471918994,0.07166786824062099,1.0,0.1342600169876514,0.09847932870881364,0.023238862489600023,0.01070466360474703,8114,0.5114616711856051,,,,
Mumbai,17,Standard DML (random folds),4.087991060284843,3.0765293890992376,0.1318620351436231,0.0,,0.09847932870881364,0.023238862489600023,0.01070466360474703,8114,0.5114616711856051,,,,
Mumbai,17,Block DML (purged folds),4.115612579759225,3.10415090857362,0.1124701798624708,0.0,,0.09847932870881364,0.023238862489600023,0.01070466360474703,8114,0.5114616711856051,,,,
Mumbai,17,DML + Z controls,3.9995368177080195,2.9880751465224145,0.14551794438668614,0.0,,0.09847932870881364,0.023238862489600023,0.01070466360474703,8114,0.5114616711856051,,,,
Mumbai,17,Posterior-feature DML,2.1474402005288082,1.1359785293432032,0.20898435662838033,0.0,,0.09847932870881364,0.023238862489600023,0.01070466360474703,8114,0.5114616711856051,1.4089542426860335,0.02457422576146278,0.06084521829918956,
Mumbai,17,Hard regime FE DML,2.930169196449036,1.918707525263431,0.14725750756430334,0.0,2.8740262714739275,0.09847932870881364,0.023238862489600023,0.01070466360474703,8114,0.5114616711856051,,,,
Mumbai,17,"Spectral OR-DML (soft, coupled)",4.21172783247364,3.200266161288035,0.26509978528828193,0.0,4.698159079794043,0.09847932870881364,0.023238862489600023,0.01070466360474703,8114,0.5114616711856051,,,,
Mumbai,17,OR-DML (posterior-adjusted),2.750566146499419,1.7391044753138138,0.1377681242003526,0.0,2.6779774234647014,0.09847932870881364,0.023238862489600023,0.01070466360474703,8114,0.5114616711856051,,,,0.016675153365064192
Mumbai,18,Oracle-state regime DML,1.0519834679013214,0.03941260273001257,0.06677360261118262,1.0,0.06855971802609459,0.09883412681872054,0.023933579452599375,0.011056679749973231,8114,0.5125708651713089,,,,
Mumbai,18,Standard DML (random folds),3.997989838078848,2.9854189729075395,0.13300881214634508,0.0,,0.09883412681872054,0.023933579452599375,0.011056679749973231,8114,0.5125708651713089,,,,
Mumbai,18,Block DML (purged folds),4.110006256201727,3.0974353910304178,0.11636441910822627,0.0,,0.09883412681872054,0.023933579452599375,0.011056679749973231,8114,0.5125708651713089,,,,
Mumbai,18,DML + Z controls,4.048791437515768,3.036220572344459,0.1508521634152236,0.0,,0.09883412681872054,0.023933579452599375,0.011056679749973231,8114,0.5125708651713089,,,,
Mumbai,18,Posterior-feature DML,1.9988424886420888,0.98627162347078,0.20840497956487425,0.0,,0.09883412681872054,0.023933579452599375,0.011056679749973231,8114,0.5125708651713089,1.422477096595732,0.02457422576146278,0.0602476279523109,
Mumbai,18,Hard regime FE DML,2.8548719747931113,1.8423011096218025,0.13838726001706245,0.0,2.8409748771650953,0.09883412681872054,0.023933579452599375,0.011056679749973231,8114,0.5125708651713089,,,,
Mumbai,18,"Spectral OR-DML (soft, coupled)",4.103435416134041,3.090864550962732,0.2506916283400001,0.0,4.5998560032238744,0.09883412681872054,0.023933579452599375,0.011056679749973231,8114,0.5125708651713089,,,,
Mumbai,18,OR-DML (posterior-adjusted),2.6742557950178414,1.6616849298465326,0.1364453467164889,0.0,2.6427839847644212,0.09883412681872054,0.023933579452599375,0.011056679749973231,8114,0.5125708651713089,,,,0.016860967221032787
Mumbai,19,Oracle-state regime DML,1.0519990245998536,0.03548435859048715,0.07799898495979636,1.0,0.09742646618020452,0.09528255379481967,0.024318388216951082,0.010145446471612828,8114,0.5165146660093666,,,,
Mumbai,19,Standard DML (random folds),4.071594728366244,3.0550800623568772,0.13694979779727484,0.0,,0.09528255379481967,0.024318388216951082,0.010145446471612828,8114,0.5165146660093666,,,,
Mumbai,19,Block DML (purged folds),4.218825729126817,3.2023110631174507,0.1207256319110716,0.0,,0.09528255379481967,0.024318388216951082,0.010145446471612828,8114,0.5165146660093666,,,,
Mumbai,19,DML + Z controls,4.042053524106604,3.025538858097237,0.14787461715993874,0.0,,0.09528255379481967,0.024318388216951082,0.010145446471612828,8114,0.5165146660093666,,,,
Mumbai,19,Posterior-feature DML,2.108716279382986,1.0922016133736194,0.21387664121577998,0.0,,0.09528255379481967,0.024318388216951082,0.010145446471612828,8114,0.5165146660093666,1.4172917247946433,0.02457422576146278,0.060399671808310226,
Mumbai,19,Hard regime FE DML,3.0149502852181573,1.9984356192087909,0.1465835978577041,0.0,3.0815773327663614,0.09528255379481967,0.024318388216951082,0.010145446471612828,8114,0.5165146660093666,,,,
Mumbai,19,"Spectral OR-DML (soft, coupled)",4.241728649051286,3.225213983041919,0.26010469045031337,0.0,4.841575865473571,0.09528255379481967,0.024318388216951082,0.010145446471612828,8114,0.5165146660093666,,,,
Mumbai,19,OR-DML (posterior-adjusted),2.7147570290625116,1.6982423630531451,0.1410655874639511,0.0,2.713312800377037,0.09528255379481967,0.024318388216951082,0.010145446471612828,8114,0.5165146660093666,,,,0.01668204101209669
Mumbai,20,Oracle-state regime DML,1.0080842664318124,-0.008676887129932753,0.06399583706523744,1.0,0.10249126714230349,0.10288239883747018,0.026221191567575162,0.010484456622293999,8114,0.5167611535617451,,,,
Mumbai,20,Standard DML (random folds),4.05874565202363,3.0419844984618845,0.13379022835336704,0.0,,0.10288239883747018,0.026221191567575162,0.010484456622293999,8114,0.5167611535617451,,,,
Mumbai,20,Block DML (purged folds),4.151467139437856,3.134705985876111,0.11868152958975521,0.0,,0.10288239883747018,0.026221191567575162,0.010484456622293999,8114,0.5167611535617451,,,,
Mumbai,20,DML + Z controls,4.043443386631325,3.0266822330695797,0.1542772654529789,0.0,,0.10288239883747018,0.026221191567575162,0.010484456622293999,8114,0.5167611535617451,,,,
Mumbai,20,Posterior-feature DML,2.034427861261973,1.0176667077002277,0.21383505593428598,0.0,,0.10288239883747018,0.026221191567575162,0.010484456622293999,8114,0.5167611535617451,1.3722599005091969,0.02457422576146278,0.06237732208141367,
Mumbai,20,Hard regime FE DML,2.9240019545347966,1.9072408009730515,0.15008161335801093,0.0,2.998884143752128,0.10288239883747018,0.026221191567575162,0.010484456622293999,8114,0.5167611535617451,,,,
Mumbai,20,"Spectral OR-DML (soft, coupled)",4.053131422813549,3.0363702692518038,0.2461910385512221,0.0,4.589821871921611,0.10288239883747018,0.026221191567575162,0.010484456622293999,8114,0.5167611535617451,,,,
Mumbai,20,OR-DML (posterior-adjusted),2.6647873516225733,1.6480261980608282,0.14043770455931218,0.0,2.698946763675904,0.10288239883747018,0.026221191567575162,0.010484456622293999,8114,0.5167611535617451,,,,0.01782272804901067
Mumbai,21,Oracle-state regime DML,1.0652425664938425,0.054150626636805255,0.0695674773571732,1.0,0.13342256476705755,0.10598235245158566,0.025095464654221824,0.009822112246799174,8114,0.5110919398570373,,,,
Mumbai,21,Standard DML (random folds),4.037072963579755,3.025981023722718,0.1300933227319228,0.0,,0.10598235245158566,0.025095464654221824,0.009822112246799174,8114,0.5110919398570373,,,,
Mumbai,21,Block DML (purged folds),4.077260553913896,3.066168614056859,0.11361969002633396,0.0,,0.10598235245158566,0.025095464654221824,0.009822112246799174,8114,0.5110919398570373,,,,
Mumbai,21,DML + Z controls,4.065391649945623,3.0542997100885856,0.15060267966052188,0.0,,0.10598235245158566,0.025095464654221824,0.009822112246799174,8114,0.5110919398570373,,,,
Mumbai,21,Posterior-feature DML,2.326462664402315,1.315370724545278,0.21453962617816635,0.0,,0.10598235245158566,0.025095464654221824,0.009822112246799174,8114,0.5110919398570373,1.2989034607737302,0.02457422576146278,0.06600738000949542,
Mumbai,21,Hard regime FE DML,3.1325013845438994,2.1214094446868623,0.15712027225097816,0.0,3.193484536700253,0.10598235245158566,0.025095464654221824,0.009822112246799174,8114,0.5110919398570373,,,,
Mumbai,21,"Spectral OR-DML (soft, coupled)",4.214036572527687,3.2029446326706497,0.2501871451058829,0.0,4.715671063631139,0.10598235245158566,0.025095464654221824,0.009822112246799174,8114,0.5110919398570373,,,,
Mumbai,21,OR-DML (posterior-adjusted),2.9324215908471114,1.9213296509900741,0.1495611007276682,0.0,2.9664718315849283,0.10598235245158566,0.025095464654221824,0.009822112246799174,8114,0.5110919398570373,,,,0.018662955093849555
Mumbai,22,Oracle-state regime DML,0.9871551257728557,-0.027634127369860595,0.07357257380329996,1.0,0.06429379666784898,0.0995639784208764,0.024680102190570343,0.00985030292885218,8114,0.5147892531427163,,,,
Mumbai,22,Standard DML (random folds),3.9527683062477905,2.9379790531050745,0.12877181099332202,0.0,,0.0995639784208764,0.024680102190570343,0.00985030292885218,8114,0.5147892531427163,,,,
Mumbai,22,Block DML (purged folds),4.024120838322404,3.0093315851796882,0.11744392913750933,0.0,,0.0995639784208764,0.024680102190570343,0.00985030292885218,8114,0.5147892531427163,,,,
Mumbai,22,DML + Z controls,3.8329491585945603,2.818159905451844,0.14689477169143844,0.0,,0.0995639784208764,0.024680102190570343,0.00985030292885218,8114,0.5147892531427163,,,,
Mumbai,22,Posterior-feature DML,2.0095673974245445,0.9947781442818282,0.1994832883191856,0.0,,0.0995639784208764,0.024680102190570343,0.00985030292885218,8114,0.5147892531427163,1.38742855155355,0.02457422576146278,0.06173028198363521,
Mumbai,22,Hard regime FE DML,2.800180633407056,1.7853913802643395,0.1436853926225152,0.0,2.7802419524849524,0.0995639784208764,0.024680102190570343,0.00985030292885218,8114,0.5147892531427163,,,,
Mumbai,22,"Spectral OR-DML (soft, coupled)",3.986407682246787,2.971618429104071,0.2448411042074008,0.0,4.459425641124131,0.0995639784208764,0.024680102190570343,0.00985030292885218,8114,0.5147892531427163,,,,
Mumbai,22,OR-DML (posterior-adjusted),2.6280222160641773,1.613232962921461,0.14121312947149056,0.0,2.5578532548254747,0.0995639784208764,0.024680102190570343,0.00985030292885218,8114,0.5147892531427163,,,,0.01738813208786054
Mumbai,23,Oracle-state regime DML,1.1508824810963845,0.13855810347745412,0.07111467286612133,1.0,0.22000911528641484,0.0972072738793474,0.02406251042914819,0.010476734866392421,8114,0.5123243776189302,,,,
Mumbai,23,Standard DML (random folds),4.040602610791432,3.028278233172502,0.13836200836538856,0.0,,0.0972072738793474,0.02406251042914819,0.010476734866392421,8114,0.5123243776189302,,,,
Mumbai,23,Block DML (purged folds),4.1521398717131595,3.139815494094229,0.11590551408862733,0.0,,0.0972072738793474,0.02406251042914819,0.010476734866392421,8114,0.5123243776189302,,,,
Mumbai,23,DML + Z controls,4.196909475820826,3.1845850982018957,0.15657290506372304,0.0,,0.0972072738793474,0.02406251042914819,0.010476734866392421,8114,0.5123243776189302,,,,
Mumbai,23,Posterior-feature DML,2.163562740985172,1.1512383633662417,0.2362518720151251,0.0,,0.0972072738793474,0.02406251042914819,0.010476734866392421,8114,0.5123243776189302,1.4321335349839162,0.02457422576146278,0.05984562614693969,
Mumbai,23,Hard regime FE DML,2.96297754290915,1.9506531652902197,0.16391530079228375,0.0,2.9822150783799013,0.0972072738793474,0.02406251042914819,0.010476734866392421,8114,0.5123243776189302,,,,
Mumbai,23,"Spectral OR-DML (soft, coupled)",4.2304020958112885,3.218077718192358,0.27703651925427714,0.0,4.774501907956653,0.0972072738793474,0.02406251042914819,0.010476734866392421,8114,0.5123243776189302,,,,
Mumbai,23,OR-DML (posterior-adjusted),2.760385597608443,1.7480612199895127,0.15090963610565308,0.0,2.743664649936842,0.0972072738793474,0.02406251042914819,0.010476734866392421,8114,0.5123243776189302,,,,0.01627918744427279
Mumbai,24,Oracle-state regime DML,1.0237416025941224,0.011910200079949362,0.07025429125487113,1.0,0.19560566130989715,0.09618046333715347,0.023092680467273776,0.010205732911975978,8114,0.511831402514173,,,,
Mumbai,24,Standard DML (random folds),4.03500028827788,3.023168885763707,0.13329886563867838,0.0,,0.09618046333715347,0.023092680467273776,0.010205732911975978,8114,0.511831402514173,,,,
Mumbai,24,Block DML (purged folds),4.143868365797263,3.13203696328309,0.11668412287140376,0.0,,0.09618046333715347,0.023092680467273776,0.010205732911975978,8114,0.511831402514173,,,,
Mumbai,24,DML + Z controls,4.058932200337147,3.0471007978229743,0.1526561297272343,0.0,,0.09618046333715347,0.023092680467273776,0.010205732911975978,8114,0.511831402514173,,,,
Mumbai,24,Posterior-feature DML,2.1034263014274304,1.0915948989132573,0.2280229087018785,0.0,,0.09618046333715347,0.023092680467273776,0.010205732911975978,8114,0.511831402514173,1.4386132221006533,0.02457422576146278,0.05958449518731333,
Mumbai,24,Hard regime FE DML,2.9838517440643653,1.9720203415501922,0.17180542492570394,0.0,2.989141875823569,0.09618046333715347,0.023092680467273776,0.010205732911975978,8114,0.511831402514173,,,,
Mumbai,24,"Spectral OR-DML (soft, coupled)",4.223888772897841,3.2120573703836683,0.284831669076511,0.0,4.723136414457964,0.09618046333715347,0.023092680467273776,0.010205732911975978,8114,0.511831402514173,,,,
Mumbai,24,OR-DML (posterior-adjusted),2.7083866413089304,1.6965552387947573,0.15454259372275406,0.0,2.6925253674245315,0.09618046333715347,0.023092680467273776,0.010205732911975978,8114,0.511831402514173,,,,0.015923034431050993
Mumbai,25,Oracle-state regime DML,0.9786200162203387,-0.032964898741455695,0.07611622199836243,1.0,0.09659056547940617,0.0955985660670796,0.02342783193531531,0.010135967837881458,8114,0.5115849149617945,,,,
Mumbai,25,Standard DML (random folds),3.971199336466396,2.9596144215046016,0.1284509699173788,0.0,,0.0955985660670796,0.02342783193531531,0.010135967837881458,8114,0.5115849149617945,,,,
Mumbai,25,Block DML (purged folds),4.0288175591719435,3.017232644210149,0.11698935913445903,0.0,,0.0955985660670796,0.02342783193531531,0.010135967837881458,8114,0.5115849149617945,,,,
Mumbai,25,DML + Z controls,3.9915668315795263,2.979981916617732,0.15476591378135357,0.0,,0.0955985660670796,0.02342783193531531,0.010135967837881458,8114,0.5115849149617945,,,,
Mumbai,25,Posterior-feature DML,1.9633217659655884,0.951736851003794,0.2151802099947541,0.0,,0.0955985660670796,0.02342783193531531,0.010135967837881458,8114,0.5115849149617945,1.4341708667480064,0.02457422576146278,0.05977328213604253,
Mumbai,25,Hard regime FE DML,2.7595205992100222,1.7479356842482279,0.15501029643058176,0.0,2.704974601531948,0.0955985660670796,0.02342783193531531,0.010135967837881458,8114,0.5115849149617945,,,,
Mumbai,25,"Spectral OR-DML (soft, coupled)",3.997627326538061,2.9860424115762667,0.26661673313824286,0.0,4.433900837537871,0.0955985660670796,0.02342783193531531,0.010135967837881458,8114,0.5115849149617945,,,,
Mumbai,25,OR-DML (posterior-adjusted),2.5576156333638562,1.5460307184020619,0.14460775494512038,0.0,2.4154426359835552,0.0955985660670796,0.02342783193531531,0.010135967837881458,8114,0.5115849149617945,,,,0.016747056564733142
Mumbai,26,Oracle-state regime DML,0.9809523399878344,-0.03359042560250325,0.0707684214941955,1.0,0.23790622780125384,0.09740938703251331,0.024777295520326252,0.010113061508218316,8114,0.5145427655903377,,,,
Mumbai,26,Standard DML (random folds),3.9908977199257434,2.976354954335406,0.13709095117808115,0.0,,0.09740938703251331,0.024777295520326252,0.010113061508218316,8114,0.5145427655903377,,,,
Mumbai,26,Block DML (purged folds),3.982026044503769,2.9674832789134316,0.11944093564804716,0.0,,0.09740938703251331,0.024777295520326252,0.010113061508218316,8114,0.5145427655903377,,,,
Mumbai,26,DML + Z controls,3.970978072485718,2.95643530689538,0.15976960282098662,0.0,,0.09740938703251331,0.024777295520326252,0.010113061508218316,8114,0.5145427655903377,,,,
Mumbai,26,Posterior-feature DML,1.9438927070351917,0.929349941444854,0.2169853527699863,0.0,,0.09740938703251331,0.024777295520326252,0.010113061508218316,8114,0.5145427655903377,1.4082185203407598,0.02457422576146278,0.06082323994686608,
Mumbai,26,Hard regime FE DML,2.793713379660244,1.7791706140699064,0.16578483394320778,0.0,2.6990520635541198,0.09740938703251331,0.024777295520326252,0.010113061508218316,8114,0.5145427655903377,,,,
Mumbai,26,"Spectral OR-DML (soft, coupled)",3.9605238436958934,2.9459810781055555,0.28507314839669784,0.0,4.298730317591221,0.09740938703251331,0.024777295520326252,0.010113061508218316,8114,0.5145427655903377,,,,
Mumbai,26,OR-DML (posterior-adjusted),2.6377256933981332,1.6231829278077956,0.14943792656948374,0.0,2.520007213798045,0.09740938703251331,0.024777295520326252,0.010113061508218316,8114,0.5145427655903377,,,,0.017736451373238687
Mumbai,27,Oracle-state regime DML,1.2403402381055593,0.22715315405330383,0.0698063542516186,0.0,0.3226918236627026,0.09731635487307772,0.023360960996118334,0.01022519825819048,8114,0.5131870840522553,,,,
Mumbai,27,Standard DML (random folds),4.072764213245118,3.0595771291928626,0.13010821451474483,0.0,,0.09731635487307772,0.023360960996118334,0.01022519825819048,8114,0.5131870840522553,,,,
Mumbai,27,Block DML (purged folds),4.1864617833970685,3.1732746993448133,0.11842307115240429,0.0,,0.09731635487307772,0.023360960996118334,0.01022519825819048,8114,0.5131870840522553,,,,
Mumbai,27,DML + Z controls,4.146686436182386,3.133499352130131,0.1566017843362252,0.0,,0.09731635487307772,0.023360960996118334,0.01022519825819048,8114,0.5131870840522553,,,,
Mumbai,27,Posterior-feature DML,2.1078392095968006,1.0946521255445452,0.2144479482006359,0.0,,0.09731635487307772,0.023360960996118334,0.01022519825819048,8114,0.5131870840522553,1.434570197653558,0.02457422576146278,0.059729198281572644,
Mumbai,27,Hard regime FE DML,3.0104044818979254,1.99721739784567,0.1471484425001827,0.0,3.0173359773787047,0.09731635487307772,0.023360960996118334,0.01022519825819048,8114,0.5131870840522553,,,,
Mumbai,27,"Spectral OR-DML (soft, coupled)",4.300229776970605,3.28704269291835,0.265247687464569,0.0,4.881396381167743,0.09731635487307772,0.023360960996118334,0.01022519825819048,8114,0.5131870840522553,,,,
Mumbai,27,OR-DML (posterior-adjusted),2.7662854531211463,1.7530983690688908,0.141864548496039,0.0,2.665749357917385,0.09731635487307772,0.023360960996118334,0.01022519825819048,8114,0.5131870840522553,,,,0.015883935496234448
Mumbai,28,Oracle-state regime DML,0.9748389359325301,-0.03588327259593915,0.07070973141316031,1.0,0.09263270872578536,0.09393530263629749,0.021681035228723985,0.01012106288385512,8114,0.5107222085284693,,,,
Mumbai,28,Standard DML (random folds),3.9958403173037236,2.9851181087752545,0.1316085573944322,0.0,,0.09393530263629749,0.021681035228723985,0.01012106288385512,8114,0.5107222085284693,,,,
Mumbai,28,Block DML (purged folds),4.120697475992571,3.109975267464102,0.12091993328341182,0.0,,0.09393530263629749,0.021681035228723985,0.01012106288385512,8114,0.5107222085284693,,,,
Mumbai,28,DML + Z controls,3.9913785541205464,2.9806563455920774,0.1518282455242331,0.0,,0.09393530263629749,0.021681035228723985,0.01012106288385512,8114,0.5107222085284693,,,,
Mumbai,28,Posterior-feature DML,2.0057478073365136,0.9950255988080443,0.2168453802926474,0.0,,0.09393530263629749,0.021681035228723985,0.01012106288385512,8114,0.5107222085284693,1.4427948512605602,0.02457422576146278,0.05943069461133971,
Mumbai,28,Hard regime FE DML,2.8815724679008534,1.8708502593723841,0.16639010569620236,0.0,2.8471904036530713,0.09393530263629749,0.021681035228723985,0.01012106288385512,8114,0.5107222085284693,,,,
Mumbai,28,"Spectral OR-DML (soft, coupled)",4.185146384314883,3.174424175786413,0.2727525315148775,0.0,4.689990824013129,0.09393530263629749,0.021681035228723985,0.01012106288385512,8114,0.5107222085284693,,,,
Mumbai,28,OR-DML (posterior-adjusted),2.642058331901941,1.6313361233734718,0.1637350498596038,0.0,2.5494801086069354,0.09393530263629749,0.021681035228723985,0.01012106288385512,8114,0.5107222085284693,,,,0.016103066570316692
Mumbai,29,Oracle-state regime DML,1.1534381572737806,0.14283919252150068,0.06028444056984917,0.0,0.20868395950606403,0.09903704447157688,0.023840471354322167,0.01009836688822074,8114,0.5105989647522801,,,,
Mumbai,29,Standard DML (random folds),4.019020687108052,3.008421722355772,0.13116279876459006,0.0,,0.09903704447157688,0.023840471354322167,0.01009836688822074,8114,0.5105989647522801,,,,
Mumbai,29,Block DML (purged folds),4.07056919628882,3.05997023153654,0.11277087045942369,0.0,,0.09903704447157688,0.023840471354322167,0.01009836688822074,8114,0.5105989647522801,,,,
Mumbai,29,DML + Z controls,4.059615002886428,3.0490160381341482,0.1482605123508766,0.0,,0.09903704447157688,0.023840471354322167,0.01009836688822074,8114,0.5105989647522801,,,,
Mumbai,29,Posterior-feature DML,2.158071910693513,1.1474729459412332,0.2159333742800049,0.0,,0.09903704447157688,0.023840471354322167,0.01009836688822074,8114,0.5105989647522801,1.3776732565412004,0.02457422576146278,0.06224213789831596,
Mumbai,29,Hard regime FE DML,2.9114851944096527,1.9008862296573728,0.15491834768093327,0.0,2.886204217131787,0.09903704447157688,0.023840471354322167,0.01009836688822074,8114,0.5105989647522801,,,,
Mumbai,29,"Spectral OR-DML (soft, coupled)",4.119665758107407,3.1090667933551277,0.2560307093105442,0.0,4.592621299432727,0.09903704447157688,0.023840471354322167,0.01009836688822074,8114,0.5105989647522801,,,,
Mumbai,29,OR-DML (posterior-adjusted),2.750561106921806,1.739962142169526,0.14972948685984594,0.0,2.6804383327689782,0.09903704447157688,0.023840471354322167,0.01009836688822074,8114,0.5105989647522801,,,,0.016957969105617105
Bengaluru,0,Oracle-state regime DML,0.8864718659167851,-0.08503938810250755,0.0845484754144693,1.0,0.37530086700931103,0.08597368096231886,0.018237878618273317,0.011633401592839158,7775,0.4715112540192926,,,,
Bengaluru,0,Standard DML (random folds),4.077289008143856,3.105777754124563,0.12423303696458635,0.0,,0.08597368096231886,0.018237878618273317,0.011633401592839158,7775,0.4715112540192926,,,,
Bengaluru,0,Block DML (purged folds),4.4085875929132525,3.43707633889396,0.10569401728725618,0.0,,0.08597368096231886,0.018237878618273317,0.011633401592839158,7775,0.4715112540192926,,,,
Bengaluru,0,DML + Z controls,3.5228752207261826,2.55136396670689,0.16719547736073367,0.0,,0.08597368096231886,0.018237878618273317,0.011633401592839158,7775,0.4715112540192926,,,,
Bengaluru,0,Posterior-feature DML,2.294712870292702,1.3232016162734093,0.2492071678899894,0.0,,0.08597368096231886,0.018237878618273317,0.011633401592839158,7775,0.4715112540192926,1.7657278990062795,0.021933271513605808,0.0438296873158383,
Bengaluru,0,Hard regime FE DML,2.882801087846711,1.9112898338274182,0.20670879768585657,0.0,2.7336640738766556,0.08597368096231886,0.018237878618273317,0.011633401592839158,7775,0.4715112540192926,,,,
Bengaluru,0,"Spectral OR-DML (soft, coupled)",4.2326263114582785,3.2611150574389858,0.36404955234900666,0.0,4.6064740708204575,0.08597368096231886,0.018237878618273317,0.011633401592839158,7775,0.4715112540192926,,,,
Bengaluru,0,OR-DML (posterior-adjusted),2.4699735863805747,1.498462332361282,0.2181127122828505,0.0,2.121379359257274,0.08597368096231886,0.018237878618273317,0.011633401592839158,7775,0.4715112540192926,,,,0.01242387612853262
Bengaluru,1,Oracle-state regime DML,1.0155324496068325,0.04569322131101261,0.09411400853477823,1.0,0.1600446351825912,0.08843871954026873,0.018869784366721522,0.010913455307686955,7775,0.4698392282958199,,,,
Bengaluru,1,Standard DML (random folds),3.9533094946963407,2.983470266400521,0.11707554595891954,0.0,,0.08843871954026873,0.018869784366721522,0.010913455307686955,7775,0.4698392282958199,,,,
Bengaluru,1,Block DML (purged folds),4.161851348799432,3.1920121205036125,0.1010780320865418,0.0,,0.08843871954026873,0.018869784366721522,0.010913455307686955,7775,0.4698392282958199,,,,
Bengaluru,1,DML + Z controls,3.5406341230574476,2.5707948947616277,0.1530771196031723,0.0,,0.08843871954026873,0.018869784366721522,0.010913455307686955,7775,0.4698392282958199,,,,
Bengaluru,1,Posterior-feature DML,2.459800411703602,1.489961183407782,0.21364215168344322,0.0,,0.08843871954026873,0.018869784366721522,0.010913455307686955,7775,0.4698392282958199,1.6579333346258094,0.021933271513605808,0.04670150064263184,
Bengaluru,1,Hard regime FE DML,2.967980938900487,1.998141710604667,0.16761009141412897,0.0,2.8640185494607144,0.08843871954026873,0.018869784366721522,0.010913455307686955,7775,0.4698392282958199,,,,
Bengaluru,1,"Spectral OR-DML (soft, coupled)",4.125453270321779,3.1556140420259595,0.327761512199867,0.0,4.454767829403424,0.08843871954026873,0.018869784366721522,0.010913455307686955,7775,0.4698392282958199,,,,
Bengaluru,1,OR-DML (posterior-adjusted),2.6339256567854195,1.6640864284895995,0.1850267277013375,0.0,2.379080760353158,0.08843871954026873,0.018869784366721522,0.010913455307686955,7775,0.4698392282958199,,,,0.012937956114586077
Bengaluru,2,Oracle-state regime DML,1.1675188845732811,0.19214910965366694,0.10297623355784796,1.0,0.27785875209651684,0.08872412696175708,0.01863049667718447,0.010950078892965256,7775,0.47536977491961413,,,,
Bengaluru,2,Standard DML (random folds),4.003049023288785,3.0276792483691706,0.10692078802963989,0.0,,0.08872412696175708,0.01863049667718447,0.010950078892965256,7775,0.47536977491961413,,,,
Bengaluru,2,Block DML (purged folds),4.187639294282903,3.2122695193632884,0.09655528097684883,0.0,,0.08872412696175708,0.01863049667718447,0.010950078892965256,7775,0.47536977491961413,,,,
Bengaluru,2,DML + Z controls,3.737423720587676,2.762053945668062,0.13996478255402794,0.0,,0.08872412696175708,0.01863049667718447,0.010950078892965256,7775,0.47536977491961413,,,,
Bengaluru,2,Posterior-feature DML,2.6547189980041774,1.6793492230845632,0.18727803452537498,0.0,,0.08872412696175708,0.01863049667718447,0.010950078892965256,7775,0.47536977491961413,1.6889634229019386,0.021933271513605808,0.045771667203380335,
Bengaluru,2,Hard regime FE DML,3.0574696211065664,2.082099846186952,0.1328604408010323,0.0,2.9977001680280595,0.08872412696175708,0.01863049667718447,0.010950078892965256,7775,0.47536977491961413,,,,
Bengaluru,2,"Spectral OR-DML (soft, coupled)",4.335785113332905,3.360415338413291,0.30161392566741724,0.0,4.751949669059187,0.08872412696175708,0.01863049667718447,0.010950078892965256,7775,0.47536977491961413,,,,
Bengaluru,2,OR-DML (posterior-adjusted),2.8556856235887187,1.8803158486691045,0.15213792934303452,0.0,2.7067100770272825,0.08872412696175708,0.01863049667718447,0.010950078892965256,7775,0.47536977491961413,,,,0.012743558143980718
Bengaluru,3,Oracle-state regime DML,1.1360195299973244,0.16502274543140794,0.09508347117749982,1.0,0.3921424845532152,0.08703510525585209,0.018308611289134333,0.010236556559325831,7775,0.47099678456591637,,,,
Bengaluru,3,Standard DML (random folds),3.9899961663363053,3.0189993817703886,0.12187140284272288,0.0,,0.08703510525585209,0.018308611289134333,0.010236556559325831,7775,0.47099678456591637,,,,
Bengaluru,3,Block DML (purged folds),4.23224907850571,3.261252293939793,0.11001389641405647,0.0,,0.08703510525585209,0.018308611289134333,0.010236556559325831,7775,0.47099678456591637,,,,
Bengaluru,3,DML + Z controls,3.5848662471057957,2.6138694625398795,0.17580671063445696,0.0,,0.08703510525585209,0.018308611289134333,0.010236556559325831,7775,0.47099678456591637,,,,
Bengaluru,3,Posterior-feature DML,2.5361526054758348,1.5651558209099183,0.2877330392400072,0.0,,0.08703510525585209,0.018308611289134333,0.010236556559325831,7775,0.47099678456591637,1.7723364340792227,0.021933271513605808,0.04367262569801904,
Bengaluru,3,Hard regime FE DML,3.04364371092456,2.072646926358644,0.21584097058946322,0.0,3.004628325498786,0.08703510525585209,0.018308611289134333,0.010236556559325831,7775,0.47099678456591637,,,,
Bengaluru,3,"Spectral OR-DML (soft, coupled)",4.344498976145975,3.3735021915800587,0.37935513091625095,0.0,4.767955857038956,0.08703510525585209,0.018308611289134333,0.010236556559325831,7775,0.47099678456591637,,,,
Bengaluru,3,OR-DML (posterior-adjusted),2.746436388607073,1.7754396040411564,0.24963890293891772,0.0,2.5513094546133783,0.08703510525585209,0.018308611289134333,0.010236556559325831,7775,0.47099678456591637,,,,0.01247990819146907
Bengaluru,4,Oracle-state regime DML,1.1379539516280341,0.16837195805890226,0.07044101577420911,0.0,0.2674804226913713,0.08916028410508745,0.018980591555476097,0.010971789658717758,7775,0.46958199356913183,,,,
Bengaluru,4,Standard DML (random folds),3.975387565747275,3.0058055721781427,0.11047955863780393,0.0,,0.08916028410508745,0.018980591555476097,0.010971789658717758,7775,0.46958199356913183,,,,
Bengaluru,4,Block DML (purged folds),4.247974580036652,3.27839258646752,0.09771056517276908,0.0,,0.08916028410508745,0.018980591555476097,0.010971789658717758,7775,0.46958199356913183,,,,
Bengaluru,4,DML + Z controls,3.544677136794483,2.575095143225351,0.1441750619271419,0.0,,0.08916028410508745,0.018980591555476097,0.010971789658717758,7775,0.46958199356913183,,,,
Bengaluru,4,Posterior-feature DML,2.6106895107333172,1.6411075171641853,0.20169830857013132,0.0,,0.08916028410508745,0.018980591555476097,0.010971789658717758,7775,0.46958199356913183,1.6812836803214144,0.021933271513605808,0.046056247138952795,
Bengaluru,4,Hard regime FE DML,3.1467332468331852,2.1771512532640536,0.15421997628721537,0.0,3.106247472635156,0.08916028410508745,0.018980591555476097,0.010971789658717758,7775,0.46958199356913183,,,,
Bengaluru,4,"Spectral OR-DML (soft, coupled)",4.334450535182807,3.364868541613675,0.31040190413816293,0.0,4.7493947311113605,0.08916028410508745,0.018980591555476097,0.010971789658717758,7775,0.46958199356913183,,,,
Bengaluru,4,OR-DML (posterior-adjusted),2.847766587231685,1.8781845936625532,0.16653002673031883,0.0,2.692212644362331,0.08916028410508745,0.018980591555476097,0.010971789658717758,7775,0.46958199356913183,,,,0.012816989101265483
Bengaluru,5,Oracle-state regime DML,0.832825721554233,-0.1382996803750275,0.102156282196975,1.0,0.19865000881104092,0.09005214893680485,0.01895686969819013,0.0101943690756828,7775,0.47112540192926045,,,,
Bengaluru,5,Standard DML (random folds),3.9397533244173006,2.9686279224880403,0.11919228288627876,0.0,,0.09005214893680485,0.01895686969819013,0.0101943690756828,7775,0.47112540192926045,,,,
Bengaluru,5,Block DML (purged folds),4.16057597714675,3.1894505752174895,0.10909859908576285,0.0,,0.09005214893680485,0.01895686969819013,0.0101943690756828,7775,0.47112540192926045,,,,
Bengaluru,5,DML + Z controls,3.673481703028773,2.702356301099513,0.1785492409618931,0.0,,0.09005214893680485,0.01895686969819013,0.0101943690756828,7775,0.47112540192926045,,,,
Bengaluru,5,Posterior-feature DML,2.6059886300286763,1.634863228099416,0.28766669088803387,0.0,,0.09005214893680485,0.01895686969819013,0.0101943690756828,7775,0.47112540192926045,1.7431035646599602,0.021933271513605808,0.04440342287525012,
Bengaluru,5,Hard regime FE DML,3.053917903018106,2.0827925010888455,0.22965555954356393,0.0,2.9934472400053367,0.09005214893680485,0.01895686969819013,0.0101943690756828,7775,0.47112540192926045,,,,
Bengaluru,5,"Spectral OR-DML (soft, coupled)",4.2317426857797305,3.26061728385047,0.3701028861883742,0.0,4.606429430472927,0.09005214893680485,0.01895686969819013,0.0101943690756828,7775,0.47112540192926045,,,,
Bengaluru,5,OR-DML (posterior-adjusted),2.703040354171299,1.7319149522420387,0.26008665325653824,0.0,2.4557816520394984,0.09005214893680485,0.01895686969819013,0.0101943690756828,7775,0.47112540192926045,,,,0.012786248685845497
Bengaluru,6,Oracle-state regime DML,1.0637210632312177,0.09426768702542998,0.07377898292307782,1.0,0.15631292396345622,0.08859165922296676,0.018834091242646466,0.011487799600509958,7775,0.4694533762057878,,,,
Bengaluru,6,Standard DML (random folds),3.9123133075710332,2.9428599313652457,0.12341044506695148,0.0,,0.08859165922296676,0.018834091242646466,0.011487799600509958,7775,0.4694533762057878,,,,
Bengaluru,6,Block DML (purged folds),4.117789976226121,3.1483366000203334,0.10497152763072211,0.0,,0.08859165922296676,0.018834091242646466,0.011487799600509958,7775,0.4694533762057878,,,,
Bengaluru,6,DML + Z controls,3.519794908222351,2.5503415320165637,0.17224372907344515,0.0,,0.08859165922296676,0.018834091242646466,0.011487799600509958,7775,0.4694533762057878,,,,
Bengaluru,6,Posterior-feature DML,2.4596425062926404,1.4901891300868526,0.2602206149113084,0.0,,0.08859165922296676,0.018834091242646466,0.011487799600509958,7775,0.4694533762057878,1.6873269208720691,0.021933271513605808,0.045892966403393194,
Bengaluru,6,Hard regime FE DML,2.9188767579290493,1.9494233817232616,0.2056836278907744,0.0,2.783766353450359,0.08859165922296676,0.018834091242646466,0.011487799600509958,7775,0.4694533762057878,,,,
Bengaluru,6,"Spectral OR-DML (soft, coupled)",4.157843552588491,3.188390176382703,0.35609958714049333,0.0,4.505644233497329,0.08859165922296676,0.018834091242646466,0.011487799600509958,7775,0.4694533762057878,,,,
Bengaluru,6,OR-DML (posterior-adjusted),2.7033696862506744,1.7339163100448867,0.22562009980755096,0.0,2.4858000199010037,0.08859165922296676,0.018834091242646466,0.011487799600509958,7775,0.4694533762057878,,,,0.012743789756387883
Bengaluru,7,Oracle-state regime DML,0.8000452515288942,-0.1677360989534209,0.07380353517282931,0.0,0.28205178932137503,0.08824999296395018,0.018797135929264748,0.010701301025673262,7775,0.4677813504823151,,,,
Bengaluru,7,Standard DML (random folds),3.91849585168045,2.9507145011981346,0.12059212663066192,0.0,,0.08824999296395018,0.018797135929264748,0.010701301025673262,7775,0.4677813504823151,,,,
Bengaluru,7,Block DML (purged folds),4.185518314920107,3.217736964437792,0.10871516286271482,0.0,,0.08824999296395018,0.018797135929264748,0.010701301025673262,7775,0.4677813504823151,,,,
Bengaluru,7,DML + Z controls,3.5601531679471417,2.5923718174648265,0.17525063754709594,0.0,,0.08824999296395018,0.018797135929264748,0.010701301025673262,7775,0.4677813504823151,,,,
Bengaluru,7,Posterior-feature DML,2.319812814703271,1.3520314642209557,0.2535826329038547,0.0,,0.08824999296395018,0.018797135929264748,0.010701301025673262,7775,0.4677813504823151,1.7200200217779877,0.021933271513605808,0.04504198189809984,
Bengaluru,7,Hard regime FE DML,2.7355137538451655,1.7677324033628503,0.20733394326831356,0.0,2.5095427460963275,0.08824999296395018,0.018797135929264748,0.010701301025673262,7775,0.4677813504823151,,,,
Bengaluru,7,"Spectral OR-DML (soft, coupled)",4.052055718307643,3.0842743678253277,0.3546208144649516,0.0,4.359761168651233,0.08824999296395018,0.018797135929264748,0.010701301025673262,7775,0.4677813504823151,,,,
Bengaluru,7,OR-DML (posterior-adjusted),2.4960988467629885,1.5283174962806734,0.21966608713314673,0.0,2.1555659971946253,0.08824999296395018,0.018797135929264748,0.010701301025673262,7775,0.4677813504823151,,,,0.013101804094160136
Bengaluru,8,Oracle-state regime DML,1.0569246915872683,0.0870854632914484,0.06378826736611358,1.0,0.2038121243610296,0.08651155524485352,0.01831313334087353,0.011641089282224952,7775,0.4698392282958199,,,,
Bengaluru,8,Standard DML (random folds),3.9482823924218096,2.9784431641259896,0.11330373340420972,0.0,,0.08651155524485352,0.01831313334087353,0.011641089282224952,7775,0.4698392282958199,,,,
Bengaluru,8,Block DML (purged folds),4.180919967369076,3.211080739073256,0.09371890010107344,0.0,,0.08651155524485352,0.01831313334087353,0.011641089282224952,7775,0.4698392282958199,,,,
Bengaluru,8,DML + Z controls,3.539760103855547,2.569920875559727,0.15122717467560762,0.0,,0.08651155524485352,0.01831313334087353,0.011641089282224952,7775,0.4698392282958199,,,,
Bengaluru,8,Posterior-feature DML,2.554659603750671,1.5848203754548509,0.23500092204487624,0.0,,0.08651155524485352,0.01831313334087353,0.011641089282224952,7775,0.4698392282958199,1.744361673405412,0.021933271513605808,0.044387569317153146,
Bengaluru,8,Hard regime FE DML,3.0018282777455902,2.0319890494497703,0.1850691335090586,0.0,2.9003624445344256,0.08651155524485352,0.01831313334087353,0.011641089282224952,7775,0.4698392282958199,,,,
Bengaluru,8,"Spectral OR-DML (soft, coupled)",4.290482165836602,3.320642937540782,0.3503735374418126,0.0,4.687784890444089,0.08651155524485352,0.01831313334087353,0.011641089282224952,7775,0.4698392282958199,,,,
Bengaluru,8,OR-DML (posterior-adjusted),2.6990152234792846,1.7291759951834647,0.2042264675593569,0.0,2.4594209160802203,0.08651155524485352,0.01831313334087353,0.011641089282224952,7775,0.4698392282958199,,,,0.012236379704022827
Bengaluru,9,Oracle-state regime DML,0.9256241483837737,-0.04614434036220694,0.08701278462685501,1.0,0.18281354474925285,0.08900354716033035,0.019167111382040473,0.010852780681952503,7775,0.4717684887459807,,,,
Bengaluru,9,Standard DML (random folds),3.983434697029255,3.0116662082832746,0.12146135673870113,0.0,,0.08900354716033035,0.019167111382040473,0.010852780681952503,7775,0.4717684887459807,,,,
Bengaluru,9,Block DML (purged folds),4.201897157297749,3.2301286685517683,0.10501684314385235,0.0,,0.08900354716033035,0.019167111382040473,0.010852780681952503,7775,0.4717684887459807,,,,
Bengaluru,9,DML + Z controls,3.6719038478021107,2.70013535905613,0.1625713400778873,0.0,,0.08900354716033035,0.019167111382040473,0.010852780681952503,7775,0.4717684887459807,,,,
Bengaluru,9,Posterior-feature DML,2.577858121056093,1.6060896323101126,0.22714239136871517,0.0,,0.08900354716033035,0.019167111382040473,0.010852780681952503,7775,0.4717684887459807,1.6808950210392433,0.021933271513605808,0.0460383657102804,
Bengaluru,9,Hard regime FE DML,3.0050478216590735,2.033279332913093,0.1759077786205827,0.0,2.932184991316321,0.08900354716033035,0.019167111382040473,0.010852780681952503,7775,0.4717684887459807,,,,
Bengaluru,9,"Spectral OR-DML (soft, coupled)",4.196517599824985,3.2247491110790047,0.34577154180736897,0.0,4.557939846792985,0.08900354716033035,0.019167111382040473,0.010852780681952503,7775,0.4717684887459807,,,,
Bengaluru,9,OR-DML (posterior-adjusted),2.687068585964772,1.7153000972187913,0.20079195652540455,0.0,2.4838175942007163,0.08900354716033035,0.019167111382040473,0.010852780681952503,7775,0.4717684887459807,,,,0.012734700132825927
Bengaluru,10,Oracle-state regime DML,0.9655303797712043,-0.007910134698249083,0.09322620366182896,1.0,0.02413321808947728,0.08951038139776975,0.01881229288742181,0.009655361263861907,7775,0.4734405144694534,,,,
Bengaluru,10,Standard DML (random folds),4.005342390656313,3.03190187618686,0.11137843619537685,0.0,,0.08951038139776975,0.01881229288742181,0.009655361263861907,7775,0.4734405144694534,,,,
Bengaluru,10,Block DML (purged folds),4.207673882076537,3.2342333676070836,0.09987516347462655,0.0,,0.08951038139776975,0.01881229288742181,0.009655361263861907,7775,0.4734405144694534,,,,
Bengaluru,10,DML + Z controls,3.6791607988570485,2.705720284387595,0.15740180940540413,0.0,,0.08951038139776975,0.01881229288742181,0.009655361263861907,7775,0.4734405144694534,,,,
Bengaluru,10,Posterior-feature DML,2.5091035205965206,1.5356630061270673,0.22297590127126146,0.0,,0.08951038139776975,0.01881229288742181,0.009655361263861907,7775,0.4734405144694534,1.7151854403766797,0.021933271513605808,0.04509657374892159,
Bengaluru,10,Hard regime FE DML,2.8716050188287965,1.8981645043593431,0.17388942400331542,0.0,2.7704038624009875,0.08951038139776975,0.01881229288742181,0.009655361263861907,7775,0.4734405144694534,,,,
Bengaluru,10,"Spectral OR-DML (soft, coupled)",4.177487549772323,3.2040470353028696,0.3247679361566715,0.0,4.538331396729557,0.08951038139776975,0.01881229288742181,0.009655361263861907,7775,0.4734405144694534,,,,
Bengaluru,10,OR-DML (posterior-adjusted),2.632806942259692,1.6593664277902387,0.20084361176173593,0.0,2.367461219057194,0.08951038139776975,0.01881229288742181,0.009655361263861907,7775,0.4734405144694534,,,,0.012776907740179344
Bengaluru,11,Oracle-state regime DML,0.8462046364614593,-0.12607832173789768,0.07152869451993726,1.0,0.3290701416416518,0.08768445501766263,0.01883674659657056,0.011448205330822803,7775,0.4722829581993569,,,,
Bengaluru,11,Standard DML (random folds),3.9263274117587033,2.954044453559346,0.12063541820723366,0.0,,0.08768445501766263,0.01883674659657056,0.011448205330822803,7775,0.4722829581993569,,,,
Bengaluru,11,Block DML (purged folds),4.179633741072217,3.20735078287286,0.10624068794217373,0.0,,0.08768445501766263,0.01883674659657056,0.011448205330822803,7775,0.4722829581993569,,,,
Bengaluru,11,DML + Z controls,3.5699068122505495,2.5976238540511924,0.15525639865370935,0.0,,0.08768445501766263,0.01883674659657056,0.011448205330822803,7775,0.4722829581993569,,,,
Bengaluru,11,Posterior-feature DML,2.481273513425613,1.508990555226256,0.2085441901777586,0.0,,0.08768445501766263,0.01883674659657056,0.011448205330822803,7775,0.4722829581993569,1.6482909941453316,0.021933271513605808,0.04694218191801005,
Bengaluru,11,Hard regime FE DML,2.9277287810355697,1.9554458228362126,0.16982616211332746,0.0,2.802671092289963,0.08768445501766263,0.01883674659657056,0.011448205330822803,7775,0.4722829581993569,,,,
Bengaluru,11,"Spectral OR-DML (soft, coupled)",4.10988707098317,3.137604112783813,0.3284240497743289,0.0,4.432511370496857,0.08768445501766263,0.01883674659657056,0.011448205330822803,7775,0.4722829581993569,,,,
Bengaluru,11,OR-DML (posterior-adjusted),2.5990536469182226,1.6267706887188655,0.1814930405623147,0.0,2.311309332371257,0.08768445501766263,0.01883674659657056,0.011448205330822803,7775,0.4722829581993569,,,,0.012834423387491134
Bengaluru,12,Oracle-state regime DML,0.8921331229978515,-0.07963536574812913,0.07914041398782791,1.0,0.11296064952063047,0.0880713549283574,0.018722968130288474,0.009075340817183086,7775,0.4717684887459807,,,,
Bengaluru,12,Standard DML (random folds),3.9775377005994597,3.005769211853479,0.12848473455223156,0.0,,0.0880713549283574,0.018722968130288474,0.009075340817183086,7775,0.4717684887459807,,,,
Bengaluru,12,Block DML (purged folds),4.250681517455442,3.2789130287094617,0.11105600213933464,0.0,,0.0880713549283574,0.018722968130288474,0.009075340817183086,7775,0.4717684887459807,,,,
Bengaluru,12,DML + Z controls,3.550393483135987,2.5786249943900064,0.1650168136728645,0.0,,0.0880713549283574,0.018722968130288474,0.009075340817183086,7775,0.4717684887459807,,,,
Bengaluru,12,Posterior-feature DML,2.4238484435873096,1.452079954841329,0.23788195370745585,0.0,,0.0880713549283574,0.018722968130288474,0.009075340817183086,7775,0.4717684887459807,1.7275556998008408,0.021933271513605808,0.044794885460489334,
Bengaluru,12,Hard regime FE DML,2.958422132766028,1.9866536440200475,0.18106048026000499,0.0,2.8862718753326786,0.0880713549283574,0.018722968130288474,0.009075340817183086,7775,0.4717684887459807,,,,
Bengaluru,12,"Spectral OR-DML (soft, coupled)",4.194491776722345,3.2227232879763648,0.3423174773996064,0.0,4.557525817008832,0.0880713549283574,0.018722968130288474,0.009075340817183086,7775,0.4717684887459807,,,,
Bengaluru,12,OR-DML (posterior-adjusted),2.6351193363231804,1.6633508475771999,0.20977371868135125,0.0,2.4072887664614346,0.0880713549283574,0.018722968130288474,0.009075340817183086,7775,0.4717684887459807,,,,0.01278583260959262
Bengaluru,13,Oracle-state regime DML,0.9321395937763675,-0.036927930339388126,0.0644155648212462,1.0,0.11997477176911563,0.08790269526641742,0.018536235624328146,0.010887787746101515,7775,0.46906752411575564,,,,
Bengaluru,13,Standard DML (random folds),3.865678716815163,2.8966111926994076,0.10986229348474506,0.0,,0.08790269526641742,0.018536235624328146,0.010887787746101515,7775,0.46906752411575564,,,,
Bengaluru,13,Block DML (purged folds),4.101077093993737,3.1320095698779817,0.10052446062408006,0.0,,0.08790269526641742,0.018536235624328146,0.010887787746101515,7775,0.46906752411575564,,,,
Bengaluru,13,DML + Z controls,3.514993532985054,2.5459260088692983,0.15950381628818977,0.0,,0.08790269526641742,0.018536235624328146,0.010887787746101515,7775,0.46906752411575564,,,,
Bengaluru,13,Posterior-feature DML,2.4206657499190043,1.4515982258032487,0.23694378207167702,0.0,,0.08790269526641742,0.018536235624328146,0.010887787746101515,7775,0.46906752411575564,1.7080507180209552,0.021933271513605808,0.045341101334221263,
Bengaluru,13,Hard regime FE DML,2.878133410091496,1.9090658859757403,0.19796802275643197,0.0,2.750967862383387,0.08790269526641742,0.018536235624328146,0.010887787746101515,7775,0.46906752411575564,,,,
Bengaluru,13,"Spectral OR-DML (soft, coupled)",4.1103572084278195,3.141289684312064,0.3460298488752593,0.0,4.433183214617722,0.08790269526641742,0.018536235624328146,0.010887787746101515,7775,0.46906752411575564,,,,
Bengaluru,13,OR-DML (posterior-adjusted),2.5951893667685617,1.6261218426528061,0.21481601476846698,0.0,2.340111991895608,0.08790269526641742,0.018536235624328146,0.010887787746101515,7775,0.46906752411575564,,,,0.012665333454590044
Bengaluru,14,Oracle-state regime DML,1.2149440790702872,0.2474199633146602,0.0788422385515372,0.0,0.3643044235884732,0.09021200388647937,0.018670749572495104,0.009125723611752382,7775,0.467524115755627,,,,
Bengaluru,14,Standard DML (random folds),3.925021732610472,2.957497616854845,0.11049034900072453,0.0,,0.09021200388647937,0.018670749572495104,0.009125723611752382,7775,0.467524115755627,,,,
Bengaluru,14,Block DML (purged folds),4.149452931168668,3.1819288154130407,0.09806058077976404,0.0,,0.09021200388647937,0.018670749572495104,0.009125723611752382,7775,0.467524115755627,,,,
Bengaluru,14,DML + Z controls,3.58068080013797,2.6131566843823433,0.15668218945416673,0.0,,0.09021200388647937,0.018670749572495104,0.009125723611752382,7775,0.467524115755627,,,,
Bengaluru,14,Posterior-feature DML,2.5598173897548007,1.5922932739991738,0.22887009352568513,0.0,,0.09021200388647937,0.018670749572495104,0.009125723611752382,7775,0.467524115755627,1.735304720442872,0.021933271513605808,0.044648499927219136,
Bengaluru,14,Hard regime FE DML,3.066141687966402,2.098617572210775,0.17990457449529504,0.0,2.9760910569682975,0.09021200388647937,0.018670749572495104,0.009125723611752382,7775,0.467524115755627,,,,
Bengaluru,14,"Spectral OR-DML (soft, coupled)",4.2548585382235355,3.2873344224679086,0.32658385797252426,0.0,4.641460393305027,0.09021200388647937,0.018670749572495104,0.009125723611752382,7775,0.467524115755627,,,,
Bengaluru,14,OR-DML (posterior-adjusted),2.76281837807947,1.7952942623238433,0.1957515257213572,0.0,2.5387052639125542,0.09021200388647937,0.018670749572495104,0.009125723611752382,7775,0.467524115755627,,,,0.012600937984119622
Bengaluru,15,Oracle-state regime DML,1.1524228052809025,0.18129740335164202,0.08363175776352864,0.0,0.26170897969056767,0.08767223761729692,0.01886137250459045,0.011207184744242803,7775,0.47112540192926045,,,,
Bengaluru,15,Standard DML (random folds),3.943036174500929,2.9719107725716687,0.11160563581852932,0.0,,0.08767223761729692,0.01886137250459045,0.011207184744242803,7775,0.47112540192926045,,,,
Bengaluru,15,Block DML (purged folds),4.169730709688463,3.1986053077592027,0.09985161843653681,0.0,,0.08767223761729692,0.01886137250459045,0.011207184744242803,7775,0.47112540192926045,,,,
Bengaluru,15,DML + Z controls,3.566560242234409,2.5954348403051486,0.1420691739693045,0.0,,0.08767223761729692,0.01886137250459045,0.011207184744242803,7775,0.47112540192926045,,,,
Bengaluru,15,Posterior-feature DML,2.5217478133157782,1.550622411386518,0.18744773450886504,0.0,,0.08767223761729692,0.01886137250459045,0.011207184744242803,7775,0.47112540192926045,1.669704160594172,0.021933271513605808,0.046355376313735146,
Bengaluru,15,Hard regime FE DML,2.95187210919802,1.9807467072687595,0.14686870688250586,0.0,2.8287949059081794,0.08767223761729692,0.01886137250459045,0.011207184744242803,7775,0.47112540192926045,,,,
Bengaluru,15,"Spectral OR-DML (soft, coupled)",4.247729268189945,3.2766038662606842,0.3070877166907246,0.0,4.626967701086103,0.08767223761729692,0.01886137250459045,0.011207184744242803,7775,0.47112540192926045,,,,
Bengaluru,15,OR-DML (posterior-adjusted),2.7869121229019065,1.8157867209726462,0.16233552174593888,0.0,2.584530494650314,0.08767223761729692,0.01886137250459045,0.011207184744242803,7775,0.47112540192926045,,,,0.012949583572333237
Bengaluru,16,Oracle-state regime DML,0.8345144594496345,-0.1387974376564748,0.09796309381607585,1.0,0.2288373540588948,0.08800837477960852,0.018737277834969365,0.009543347647694747,7775,0.4733118971061093,,,,
Bengaluru,16,Standard DML (random folds),3.928459630972676,2.955147733866567,0.1133686707953915,0.0,,0.08800837477960852,0.018737277834969365,0.009543347647694747,7775,0.4733118971061093,,,,
Bengaluru,16,Block DML (purged folds),4.157401755160605,3.184089858054496,0.10620259925528945,0.0,,0.08800837477960852,0.018737277834969365,0.009543347647694747,7775,0.4733118971061093,,,,
Bengaluru,16,DML + Z controls,3.537853875309165,2.5645419782030556,0.15346965343473565,0.0,,0.08800837477960852,0.018737277834969365,0.009543347647694747,7775,0.4733118971061093,,,,
Bengaluru,16,Posterior-feature DML,2.4647931825387515,1.4914812854326422,0.23462099085396998,0.0,,0.08800837477960852,0.018737277834969365,0.009543347647694747,7775,0.4733118971061093,1.727771075748349,0.021933271513605808,0.04476970866703028,
Bengaluru,16,Hard regime FE DML,2.896652452112021,1.923340555005912,0.19318033748261865,0.0,2.75795320991162,0.08800837477960852,0.018737277834969365,0.009543347647694747,7775,0.4733118971061093,,,,
Bengaluru,16,"Spectral OR-DML (soft, coupled)",4.161038273877397,3.1877263767712876,0.3364590315112236,0.0,4.504580400694698,0.08800837477960852,0.018737277834969365,0.009543347647694747,7775,0.4733118971061093,,,,
Bengaluru,16,OR-DML (posterior-adjusted),2.602132237616724,1.628820340510615,0.205678376607752,0.0,2.310636975686245,0.08800837477960852,0.018737277834969365,0.009543347647694747,7775,0.4733118971061093,,,,0.012841229863216152
Bengaluru,17,Oracle-state regime DML,1.1074282210083544,0.1384893142559428,0.06950646478007426,0.0,0.31160380501908924,0.08675279948573524,0.01843659535558413,0.01107185284384612,7775,0.46893890675241157,,,,
Bengaluru,17,Standard DML (random folds),3.9650740632705395,2.996135156518128,0.11534452620944481,0.0,,0.08675279948573524,0.01843659535558413,0.01107185284384612,7775,0.46893890675241157,,,,
Bengaluru,17,Block DML (purged folds),4.166298506750788,3.197359599998377,0.10182454997255552,0.0,,0.08675279948573524,0.01843659535558413,0.01107185284384612,7775,0.46893890675241157,,,,
Bengaluru,17,DML + Z controls,3.5948776873057704,2.625938780553359,0.15600874162299633,0.0,,0.08675279948573524,0.01843659535558413,0.01107185284384612,7775,0.46893890675241157,,,,
Bengaluru,17,Posterior-feature DML,2.5559521296608096,1.5870132229083982,0.22749611672087955,0.0,,0.08675279948573524,0.01843659535558413,0.01107185284384612,7775,0.46893890675241157,1.7238377258273996,0.021933271513605808,0.0449275013123153,
Bengaluru,17,Hard regime FE DML,2.908857166689028,1.9399182599366167,0.17709410326419825,0.0,2.7987752576154246,0.08675279948573524,0.01843659535558413,0.01107185284384612,7775,0.46893890675241157,,,,
Bengaluru,17,"Spectral OR-DML (soft, coupled)",4.236870806288735,3.2679318995363236,0.3444444070636233,0.0,4.611666365509643,0.08675279948573524,0.01843659535558413,0.01107185284384612,7775,0.46893890675241157,,,,
Bengaluru,17,OR-DML (posterior-adjusted),2.706458874770619,1.7375199680182076,0.19735986639362244,0.0,2.4783712632566646,0.08675279948573524,0.01843659535558413,0.01107185284384612,7775,0.46893890675241157,,,,0.012601443027850013
Bengaluru,18,Oracle-state regime DML,0.9650592287867154,-0.006580642595921282,0.07971588511047241,1.0,0.17784887584460154,0.08624837746243931,0.018382571198478873,0.00938776519520391,7775,0.47163987138263663,,,,
Bengaluru,18,Standard DML (random folds),3.960995387226366,2.9893555158437293,0.11802530248010129,0.0,,0.08624837746243931,0.018382571198478873,0.00938776519520391,7775,0.47163987138263663,,,,
Bengaluru,18,Block DML (purged folds),4.223891465757506,3.2522515943748695,0.10574927760155946,0.0,,0.08624837746243931,0.018382571198478873,0.00938776519520391,7775,0.47163987138263663,,,,
Bengaluru,18,DML + Z controls,3.633641445293465,2.6620015739108283,0.15987148662604722,0.0,,0.08624837746243931,0.018382571198478873,0.00938776519520391,7775,0.47163987138263663,,,,
Bengaluru,18,Posterior-feature DML,2.4927881899269613,1.5211483185443246,0.23727997600515596,0.0,,0.08624837746243931,0.018382571198478873,0.00938776519520391,7775,0.47163987138263663,1.7696845827942462,0.021933271513605808,0.04373009826222991,
Bengaluru,18,Hard regime FE DML,2.8820995950499735,1.9104597236673369,0.19521518748604785,0.0,2.748250999333345,0.08624837746243931,0.018382571198478873,0.00938776519520391,7775,0.47163987138263663,,,,
Bengaluru,18,"Spectral OR-DML (soft, coupled)",4.241698964929624,3.270059093546987,0.35450388413001044,0.0,4.618459609653381,0.08624837746243931,0.018382571198478873,0.00938776519520391,7775,0.47163987138263663,,,,
Bengaluru,18,OR-DML (posterior-adjusted),2.5938229892484737,1.622183117865837,0.21162107681642228,0.0,2.3025093547748905,0.08624837746243931,0.018382571198478873,0.00938776519520391,7775,0.47163987138263663,,,,0.012326958430568438
Bengaluru,19,Oracle-state regime DML,1.1521102562960097,0.17931282864327658,0.09321888562081444,1.0,0.4108113155904777,0.08971371429317712,0.018963189785582268,0.010966454204463,7775,0.47279742765273314,,,,
Bengaluru,19,Standard DML (random folds),3.8888319445876522,2.916034516934919,0.11538827549854272,0.0,,0.08971371429317712,0.018963189785582268,0.010966454204463,7775,0.47279742765273314,,,,
Bengaluru,19,Block DML (purged folds),4.085587380215902,3.1127899525631686,0.10611074483623364,0.0,,0.08971371429317712,0.018963189785582268,0.010966454204463,7775,0.47279742765273314,,,,
Bengaluru,19,DML + Z controls,3.5886359205572593,2.615838492904526,0.16089070823561868,0.0,,0.08971371429317712,0.018963189785582268,0.010966454204463,7775,0.47279742765273314,,,,
Bengaluru,19,Posterior-feature DML,2.550274948215461,1.577477520562728,0.24011415379444312,0.0,,0.08971371429317712,0.018963189785582268,0.010966454204463,7775,0.47279742765273314,1.669068210825976,0.021933271513605808,0.046351066541790144,
Bengaluru,19,Hard regime FE DML,2.964595029048241,1.9917976013955077,0.18527672946932836,0.0,2.8865550378788782,0.08971371429317712,0.018963189785582268,0.010966454204463,7775,0.47279742765273314,,,,
Bengaluru,19,"Spectral OR-DML (soft, coupled)",4.1939662970343266,3.2211688693815934,0.33527768470717073,0.0,4.5541257921608675,0.08971371429317712,0.018963189785582268,0.010966454204463,7775,0.47279742765273314,,,,
Bengaluru,19,OR-DML (posterior-adjusted),2.7633116022021027,1.7905141745493696,0.20907765882321377,0.0,2.6045614239093493,0.08971371429317712,0.018963189785582268,0.010966454204463,7775,0.47279742765273314,,,,0.01285254955929373
Bengaluru,20,Oracle-state regime DML,0.9263876280147896,-0.04448053918778272,0.07326864745952019,1.0,0.15136792083352213,0.08662621460286117,0.018488232849423365,0.01085028777320116,7775,0.47086816720257235,,,,
Bengaluru,20,Standard DML (random folds),3.988399070503308,3.0175309033007354,0.11310695695257962,0.0,,0.08662621460286117,0.018488232849423365,0.01085028777320116,7775,0.47086816720257235,,,,
Bengaluru,20,Block DML (purged folds),4.199172473322803,3.228304306120231,0.09600330668595428,0.0,,0.08662621460286117,0.018488232849423365,0.01085028777320116,7775,0.47086816720257235,,,,
Bengaluru,20,DML + Z controls,3.6660709837827157,2.695202816580143,0.15069700585058277,0.0,,0.08662621460286117,0.018488232849423365,0.01085028777320116,7775,0.47086816720257235,,,,
Bengaluru,20,Posterior-feature DML,2.5876393840973417,1.6167712168947694,0.20484361078796673,0.0,,0.08662621460286117,0.018488232849423365,0.01085028777320116,7775,0.47086816720257235,1.7071265913031592,0.021933271513605808,0.045342511264479086,
Bengaluru,20,Hard regime FE DML,2.9932116487592593,2.022343481556687,0.1665953663757676,0.0,2.897649295999874,0.08662621460286117,0.018488232849423365,0.01085028777320116,7775,0.47086816720257235,,,,
Bengaluru,20,"Spectral OR-DML (soft, coupled)",4.243249948988293,3.272381781785721,0.33106221388352297,0.0,4.621067035714093,0.08662621460286117,0.018488232849423365,0.01085028777320116,7775,0.47086816720257235,,,,
Bengaluru,20,OR-DML (posterior-adjusted),2.6911874191968,1.7203192519942279,0.18193943037043772,0.0,2.437539682964687,0.08662621460286117,0.018488232849423365,0.01085028777320116,7775,0.47086816720257235,,,,0.012586922627602805
Bengaluru,21,Oracle-state regime DML,1.0780469735329437,0.11078009250400478,0.09142745820343695,1.0,0.1564683389334502,0.08812910492105701,0.018121879798038053,0.009773708490490274,7775,0.46726688102893893,,,,
Bengaluru,21,Standard DML (random folds),3.980495107171216,3.013228226142277,0.12835355379076469,0.0,,0.08812910492105701,0.018121879798038053,0.009773708490490274,7775,0.46726688102893893,,,,
Bengaluru,21,Block DML (purged folds),4.226177568724093,3.2589106876951535,0.10937008896642574,0.0,,0.08812910492105701,0.018121879798038053,0.009773708490490274,7775,0.46726688102893893,,,,
Bengaluru,21,DML + Z controls,3.5242169262703276,2.556950045241389,0.1750015051749279,0.0,,0.08812910492105701,0.018121879798038053,0.009773708490490274,7775,0.46726688102893893,,,,
Bengaluru,21,Posterior-feature DML,2.396003825877294,1.4287369448483551,0.27580825658179403,0.0,,0.08812910492105701,0.018121879798038053,0.009773708490490274,7775,0.46726688102893893,1.7861835852257144,0.021933271513605808,0.04337986046026076,
Bengaluru,21,Hard regime FE DML,2.8692203082508803,1.9019534272219414,0.19732328320277984,0.0,2.7201913079774833,0.08812910492105701,0.018121879798038053,0.009773708490490274,7775,0.46726688102893893,,,,
Bengaluru,21,"Spectral OR-DML (soft, coupled)",4.197716994956022,3.230450113927083,0.3700094734124092,0.0,4.558615143297867,0.08812910492105701,0.018121879798038053,0.009773708490490274,7775,0.46726688102893893,,,,
Bengaluru,21,OR-DML (posterior-adjusted),2.581681577419136,1.6144146963901973,0.2341707573768175,0.0,2.284644062084263,0.08812910492105701,0.018121879798038053,0.009773708490490274,7775,0.46726688102893893,,,,0.012482791461954166
Bengaluru,22,Oracle-state regime DML,0.7860019448092269,-0.18358004875990497,0.06608031684510758,0.0,0.25919189089754596,0.08393821659152122,0.018095353062496006,0.00975521579046651,7775,0.46958199356913183,,,,
Bengaluru,22,Standard DML (random folds),3.838827961993197,2.8692459684240648,0.13031003482041922,0.0,,0.08393821659152122,0.018095353062496006,0.00975521579046651,7775,0.46958199356913183,,,,
Bengaluru,22,Block DML (purged folds),4.066403293990377,3.0968213004212455,0.1162094613064053,0.0,,0.08393821659152122,0.018095353062496006,0.00975521579046651,7775,0.46958199356913183,,,,
Bengaluru,22,DML + Z controls,3.4630947189721746,2.4935127254030425,0.17083306481088878,0.0,,0.08393821659152122,0.018095353062496006,0.00975521579046651,7775,0.46958199356913183,,,,
Bengaluru,22,Posterior-feature DML,2.295771799126917,1.326189805557785,0.21695541500874904,0.0,,0.08393821659152122,0.018095353062496006,0.00975521579046651,7775,0.46958199356913183,1.7028843991032274,0.021933271513605808,0.04547203364617659,
Bengaluru,22,Hard regime FE DML,2.8195759875116133,1.8499939939424814,0.18710560019708075,0.0,2.634660554920927,0.08393821659152122,0.018095353062496006,0.00975521579046651,7775,0.46958199356913183,,,,
Bengaluru,22,"Spectral OR-DML (soft, coupled)",4.051087862546705,3.0815058689775734,0.3899283027440977,0.0,4.349864639143968,0.08393821659152122,0.018095353062496006,0.00975521579046651,7775,0.46958199356913183,,,,
Bengaluru,22,OR-DML (posterior-adjusted),2.4980120990553516,1.5284301054862197,0.19860578418245692,0.0,2.1612156972601175,0.08393821659152122,0.018095353062496006,0.00975521579046651,7775,0.46958199356913183,,,,0.012520473565187476
Bengaluru,23,Oracle-state regime DML,0.8555340355308119,-0.11520551430841641,0.0540087571145415,0.0,0.3290843568602879,0.08734659010913928,0.018614162263106755,0.011479785493401643,7775,0.4707395498392283,,,,
Bengaluru,23,Standard DML (random folds),3.8310009000677288,2.8602613502285004,0.11026602002811768,0.0,,0.08734659010913928,0.018614162263106755,0.011479785493401643,7775,0.4707395498392283,,,,
Bengaluru,23,Block DML (purged folds),4.039508956431564,3.0687694065923354,0.09624792374881988,0.0,,0.08734659010913928,0.018614162263106755,0.011479785493401643,7775,0.4707395498392283,,,,
Bengaluru,23,DML + Z controls,3.5832331151234684,2.61249356528424,0.15059281949106096,0.0,,0.08734659010913928,0.018614162263106755,0.011479785493401643,7775,0.4707395498392283,,,,
Bengaluru,23,Posterior-feature DML,2.435205066459227,1.4644655166199985,0.20705971186858746,0.0,,0.08734659010913928,0.018614162263106755,0.011479785493401643,7775,0.4707395498392283,1.6757140079617698,0.021933271513605808,0.04619417593206207,
Bengaluru,23,Hard regime FE DML,2.773351043076154,1.8026114932369257,0.1786616983200844,0.0,2.5768515391550935,0.08734659010913928,0.018614162263106755,0.011479785493401643,7775,0.4707395498392283,,,,
Bengaluru,23,"Spectral OR-DML (soft, coupled)",4.027128423760799,3.0563888739215708,0.32341411838679107,0.0,4.315546218782177,0.08734659010913928,0.018614162263106755,0.011479785493401643,7775,0.4707395498392283,,,,
Bengaluru,23,OR-DML (posterior-adjusted),2.557948681858991,1.5872091320197628,0.19013533980354003,0.0,2.2421840876204056,0.08734659010913928,0.018614162263106755,0.011479785493401643,7775,0.4707395498392283,,,,0.01285627332209537
Bengaluru,24,Oracle-state regime DML,0.8467353992651013,-0.12336106375740674,0.06913695534742406,1.0,0.176840499362611,0.09095907145193007,0.0194985711511612,0.008628014495306298,7775,0.470096463022508,,,,
Bengaluru,24,Standard DML (random folds),3.926549450820902,2.956452987798394,0.12763901684123755,0.0,,0.09095907145193007,0.0194985711511612,0.008628014495306298,7775,0.470096463022508,,,,
Bengaluru,24,Block DML (purged folds),4.1633967481517535,3.1933002851292454,0.11134202812323703,0.0,,0.09095907145193007,0.0194985711511612,0.008628014495306298,7775,0.470096463022508,,,,
Bengaluru,24,DML + Z controls,3.5814836627879223,2.611387199765414,0.16465081580337473,0.0,,0.09095907145193007,0.0194985711511612,0.008628014495306298,7775,0.470096463022508,,,,
Bengaluru,24,Posterior-feature DML,2.4769468280323177,1.5068503650098095,0.20167008388583746,0.0,,0.09095907145193007,0.0194985711511612,0.008628014495306298,7775,0.470096463022508,1.5777103192243263,0.021933271513605808,0.049072590671416234,
Bengaluru,24,Hard regime FE DML,2.9594682875789453,1.9893718245564371,0.1684118215636042,0.0,2.8635091135766237,0.09095907145193007,0.0194985711511612,0.008628014495306298,7775,0.470096463022508,,,,
Bengaluru,24,"Spectral OR-DML (soft, coupled)",4.072249566034824,3.1021531030123155,0.33403974397845493,0.0,4.385201133629975,0.09095907145193007,0.0194985711511612,0.008628014495306298,7775,0.470096463022508,,,,
Bengaluru,24,OR-DML (posterior-adjusted),2.6380024915446376,1.6679060285221294,0.18453513816950387,0.0,2.3713936886560627,0.09095907145193007,0.0194985711511612,0.008628014495306298,7775,0.470096463022508,,,,0.013427361097494827
Bengaluru,25,Oracle-state regime DML,0.7915065751264871,-0.18167670461627816,0.07471872417527854,0.0,0.28991986974777456,0.09156855246660253,0.01938054916066246,0.011489869821781025,7775,0.47318327974276525,,,,
Bengaluru,25,Standard DML (random folds),3.884903079245034,2.9117197995022686,0.1189034668070853,0.0,,0.09156855246660253,0.01938054916066246,0.011489869821781025,7775,0.47318327974276525,,,,
Bengaluru,25,Block DML (purged folds),4.056976383747269,3.0837931040045037,0.10974894315145574,0.0,,0.09156855246660253,0.01938054916066246,0.011489869821781025,7775,0.47318327974276525,,,,
Bengaluru,25,DML + Z controls,3.4812241718926447,2.5080408921498796,0.15896401561890014,0.0,,0.09156855246660253,0.01938054916066246,0.011489869821781025,7775,0.47318327974276525,,,,
Bengaluru,25,Posterior-feature DML,2.448582996920941,1.4753997171781756,0.21602504441166548,0.0,,0.09156855246660253,0.01938054916066246,0.011489869821781025,7775,0.47318327974276525,1.6061391954397397,0.021933271513605808,0.04816184607396247,
Bengaluru,25,Hard regime FE DML,2.9078976543979858,1.9347143746552204,0.1684901794367709,0.0,2.784107875992463,0.09156855246660253,0.01938054916066246,0.011489869821781025,7775,0.47318327974276525,,,,
Bengaluru,25,"Spectral OR-DML (soft, coupled)",4.080530776952575,3.107347497209809,0.3278503263205533,0.0,4.3914029182306,0.09156855246660253,0.01938054916066246,0.011489869821781025,7775,0.47318327974276525,,,,
Bengaluru,25,OR-DML (posterior-adjusted),2.678587606542789,1.7054043268000239,0.19253134426366192,0.0,2.4440818444595043,0.09156855246660253,0.01938054916066246,0.011489869821781025,7775,0.47318327974276525,,,,0.013374765209431578
Bengaluru,26,Oracle-state regime DML,1.032806064152484,0.06502471367016904,0.08815562597939881,1.0,0.09184445730149358,0.08699376793888171,0.01843813754441667,0.010845613773662013,7775,0.4677813504823151,,,,
Bengaluru,26,Standard DML (random folds),3.8437484702494986,2.8759671197671834,0.10394861608850148,0.0,,0.08699376793888171,0.01843813754441667,0.010845613773662013,7775,0.4677813504823151,,,,
Bengaluru,26,Block DML (purged folds),4.097823696727464,3.130042346245149,0.09628894359275686,0.0,,0.08699376793888171,0.01843813754441667,0.010845613773662013,7775,0.4677813504823151,,,,
Bengaluru,26,DML + Z controls,3.4662199047860396,2.4984385543037244,0.1472277088718044,0.0,,0.08699376793888171,0.01843813754441667,0.010845613773662013,7775,0.4677813504823151,,,,
Bengaluru,26,Posterior-feature DML,2.4774146707571343,1.5096333202748191,0.21712234971286212,0.0,,0.08699376793888171,0.01843813754441667,0.010845613773662013,7775,0.4677813504823151,1.7004763312537203,0.021933271513605808,0.04555965246994902,
Bengaluru,26,Hard regime FE DML,2.947800329079885,1.98001897859757,0.18328130464574652,0.0,2.8296285477728156,0.08699376793888171,0.01843813754441667,0.010845613773662013,7775,0.4677813504823151,,,,
Bengaluru,26,"Spectral OR-DML (soft, coupled)",4.185753194390609,3.2179718439082943,0.3213954774430007,0.0,4.540878830506037,0.08699376793888171,0.01843813754441667,0.010845613773662013,7775,0.4677813504823151,,,,
Bengaluru,26,OR-DML (posterior-adjusted),2.6585207070903443,1.690739356608029,0.19034935571189962,0.0,2.388551674945206,0.08699376793888171,0.01843813754441667,0.010845613773662013,7775,0.4677813504823151,,,,0.012668268097280676
Bengaluru,27,Oracle-state regime DML,0.9795417778884183,0.009316697502566251,0.07416678572223717,1.0,0.027767576262958355,0.08428970454595917,0.018358998031908658,0.009642000376602127,7775,0.4702250803858521,,,,
Bengaluru,27,Standard DML (random folds),3.9620764449530452,2.991851364567193,0.12063428316061643,0.0,,0.08428970454595917,0.018358998031908658,0.009642000376602127,7775,0.4702250803858521,,,,
Bengaluru,27,Block DML (purged folds),4.198663548393051,3.228438468007199,0.10831059529318804,0.0,,0.08428970454595917,0.018358998031908658,0.009642000376602127,7775,0.4702250803858521,,,,
Bengaluru,27,DML + Z controls,3.609049215707923,2.6388241353220705,0.15236681622110515,0.0,,0.08428970454595917,0.018358998031908658,0.009642000376602127,7775,0.4702250803858521,,,,
Bengaluru,27,Posterior-feature DML,2.4681739925306094,1.4979489121447573,0.18589375399478064,0.0,,0.08428970454595917,0.018358998031908658,0.009642000376602127,7775,0.4702250803858521,1.7054232559579885,0.021933271513605808,0.04539606893675454,
Bengaluru,27,Hard regime FE DML,3.00478459773044,2.0345595173445883,0.15554296147184188,0.0,2.912330964449142,0.08428970454595917,0.018358998031908658,0.009642000376602127,7775,0.4702250803858521,,,,
Bengaluru,27,"Spectral OR-DML (soft, coupled)",4.233175932483199,3.2629508520973474,0.3449861389011788,0.0,4.607995291517266,0.08428970454595917,0.018358998031908658,0.009642000376602127,7775,0.4702250803858521,,,,
Bengaluru,27,OR-DML (posterior-adjusted),2.653297023292319,1.683071942906467,0.16558484088573278,0.0,2.382264897367369,0.08428970454595917,0.018358998031908658,0.009642000376602127,7775,0.4702250803858521,,,,0.012537790722334463
Bengaluru,28,Oracle-state regime DML,1.213713872557416,0.24657560889182106,0.07545851438615159,0.0,0.3671648049577806,0.08679620502564865,0.018346490460622922,0.01088753897859135,7775,0.46713826366559486,,,,
Bengaluru,28,Standard DML (random folds),3.978482761289719,3.011344497624124,0.11763313794469579,0.0,,0.08679620502564865,0.018346490460622922,0.01088753897859135,7775,0.46713826366559486,,,,
Bengaluru,28,Block DML (purged folds),4.254220640153134,3.287082376487539,0.1058364307812326,0.0,,0.08679620502564865,0.018346490460622922,0.01088753897859135,7775,0.46713826366559486,,,,
Bengaluru,28,DML + Z controls,3.542214821730601,2.575076558065006,0.1520882084566525,0.0,,0.08679620502564865,0.018346490460622922,0.01088753897859135,7775,0.46713826366559486,,,,
Bengaluru,28,Posterior-feature DML,2.4072725467823286,1.4401342831167336,0.20877572977712694,0.0,,0.08679620502564865,0.018346490460622922,0.01088753897859135,7775,0.46713826366559486,1.699042527887417,0.021933271513605808,0.04560640149449271,
Bengaluru,28,Hard regime FE DML,3.0020649953266387,2.0349267316610438,0.1646154816093594,0.0,2.885308978665584,0.08679620502564865,0.018346490460622922,0.01088753897859135,7775,0.46713826366559486,,,,
Bengaluru,28,"Spectral OR-DML (soft, coupled)",4.250452049480325,3.28331378581473,0.3231799769411509,0.0,4.641369364941668,0.08679620502564865,0.018346490460622922,0.01088753897859135,7775,0.46713826366559486,,,,
Bengaluru,28,OR-DML (posterior-adjusted),2.672796114234451,1.7056578505688562,0.17639926910604548,0.0,2.4093238182889603,0.08679620502564865,0.018346490460622922,0.01088753897859135,7775,0.46713826366559486,,,,0.012596448559681842
Bengaluru,29,Oracle-state regime DML,1.0479817900999993,0.08264416952122111,0.10696261749482343,1.0,0.11994595293388792,0.08931161921683475,0.018485379586247425,0.010834564307487443,7775,0.46533762057877814,,,,
Bengaluru,29,Standard DML (random folds),3.9084531637947637,2.9431155432159857,0.10692623322372515,0.0,,0.08931161921683475,0.018485379586247425,0.010834564307487443,7775,0.46533762057877814,,,,
Bengaluru,29,Block DML (purged folds),4.1251309556474745,3.1597933350686964,0.09946191055476379,0.0,,0.08931161921683475,0.018485379586247425,0.010834564307487443,7775,0.46533762057877814,,,,
Bengaluru,29,DML + Z controls,3.5463191383898254,2.5809815178110473,0.14678139926246292,0.0,,0.08931161921683475,0.018485379586247425,0.010834564307487443,7775,0.46533762057877814,,,,
Bengaluru,29,Posterior-feature DML,2.4416075548774834,1.4762699342987053,0.20217081975969683,0.0,,0.08931161921683475,0.018485379586247425,0.010834564307487443,7775,0.46533762057877814,1.674702707413756,0.021933271513605808,0.04629281921714818,
Bengaluru,29,Hard regime FE DML,2.897891039635479,1.9325534190567009,0.16227420137220522,0.0,2.746950068840551,0.08931161921683475,0.018485379586247425,0.010834564307487443,7775,0.46533762057877814,,,,
Bengaluru,29,"Spectral OR-DML (soft, coupled)",4.120476666302524,3.1551390457237463,0.31073592236024905,0.0,4.4487708850598935,0.08931161921683475,0.018485379586247425,0.010834564307487443,7775,0.46533762057877814,,,,
Bengaluru,29,OR-DML (posterior-adjusted),2.6601991378757806,1.6948615172970025,0.17666672675656517,0.0,2.3992327743395583,0.08931161921683475,0.018485379586247425,0.010834564307487443,7775,0.46533762057877814,,,,0.013101750323728345
Kolkata,0,Oracle-state regime DML,0.7795732745139508,-0.11672620913493048,0.16264525310653405,1.0,0.44039080422923577,0.09102868710937283,0.01810877476407314,0.007719865315732783,2324,0.39629948364888123,,,,
Kolkata,0,Standard DML (random folds),4.1207372938355835,3.224437810186702,0.1298621236871169,0.0,,0.09102868710937283,0.01810877476407314,0.007719865315732783,2324,0.39629948364888123,,,,
Kolkata,0,Block DML (purged folds),4.096076298273567,3.1997768146246854,0.12292796737873013,0.0,,0.09102868710937283,0.01810877476407314,0.007719865315732783,2324,0.39629948364888123,,,,
Kolkata,0,DML + Z controls,3.8510025744191156,2.9547030907702343,0.1379159252693982,0.0,,0.09102868710937283,0.01810877476407314,0.007719865315732783,2324,0.39629948364888123,,,,
Kolkata,0,Posterior-feature DML,3.1819134870591017,2.2856140034102204,0.17333208282894316,0.0,,0.09102868710937283,0.01810877476407314,0.007719865315732783,2324,0.39629948364888123,1.8505029353091007,0.021437888034775334,0.04174850345076194,
Kolkata,0,Hard regime FE DML,3.22757905358211,2.3312795699332285,0.219453610555849,0.0,3.228519692126323,0.09102868710937283,0.01810877476407314,0.007719865315732783,2324,0.39629948364888123,,,,
Kolkata,0,"Spectral OR-DML (soft, coupled)",4.45273223205193,3.5564327484030485,0.2373604571297719,0.0,4.9856938014083605,0.09102868710937283,0.01810877476407314,0.007719865315732783,2324,0.39629948364888123,,,,
Kolkata,0,OR-DML (posterior-adjusted),2.9844860673418703,2.088186583692989,0.20516779879740518,0.0,2.8896120677987787,0.09102868710937283,0.01810877476407314,0.007719865315732783,2324,0.39629948364888123,,,,0.012146221323064007
Kolkata,1,Oracle-state regime DML,1.142737144783312,0.24041356474888853,0.14392272103535633,1.0,0.3351441879215691,0.08094240101141964,0.01727394632629916,0.007737979944350325,2324,0.4023235800344234,,,,
Kolkata,1,Standard DML (random folds),4.099299256194556,3.1969756761601325,0.11151326310345455,0.0,,0.08094240101141964,0.01727394632629916,0.007737979944350325,2324,0.4023235800344234,,,,
Kolkata,1,Block DML (purged folds),4.197946056018964,3.2956224759845405,0.11212384095742187,0.0,,0.08094240101141964,0.01727394632629916,0.007737979944350325,2324,0.4023235800344234,,,,
Kolkata,1,DML + Z controls,3.968793652631116,3.066470072596693,0.14069693887860027,0.0,,0.08094240101141964,0.01727394632629916,0.007737979944350325,2324,0.4023235800344234,,,,
Kolkata,1,Posterior-feature DML,3.0932066630875776,2.190883083053154,0.15483688595891612,0.0,,0.08094240101141964,0.01727394632629916,0.007737979944350325,2324,0.4023235800344234,2.110835955597842,0.021437888034775334,0.036538407483555004,
Kolkata,1,Hard regime FE DML,3.3870764041814074,2.484752824146984,0.1880329085390707,0.0,3.4611431117433553,0.08094240101141964,0.01727394632629916,0.007737979944350325,2324,0.4023235800344234,,,,
Kolkata,1,"Spectral OR-DML (soft, coupled)",4.95860706425432,4.056283484219897,0.22949401408818274,0.0,5.668914209056843,0.08094240101141964,0.01727394632629916,0.007737979944350325,2324,0.4023235800344234,,,,
Kolkata,1,OR-DML (posterior-adjusted),3.053932959838291,2.151609379803868,0.16991010936060288,0.0,3.0150624478419448,0.08094240101141964,0.01727394632629916,0.007737979944350325,2324,0.4023235800344234,,,,0.011170850744422893
Kolkata,2,Oracle-state regime DML,0.8022631368612391,-0.09661810238144597,0.15169900500722347,1.0,0.23825269240622338,0.08303595541773376,0.016731568380961525,0.007753149112851299,2324,0.39888123924268504,,,,
Kolkata,2,Standard DML (random folds),4.153416904969807,3.2545356657271216,0.13758157129448087,0.0,,0.08303595541773376,0.016731568380961525,0.007753149112851299,2324,0.39888123924268504,,,,
Kolkata,2,Block DML (purged folds),4.222934971653108,3.3240537324104227,0.1442482577826219,0.0,,0.08303595541773376,0.016731568380961525,0.007753149112851299,2324,0.39888123924268504,,,,
Kolkata,2,DML + Z controls,3.9943870535189956,3.0955058142763106,0.13802721559288003,0.0,,0.08303595541773376,0.016731568380961525,0.007753149112851299,2324,0.39888123924268504,,,,
Kolkata,2,Posterior-feature DML,2.9932343491204785,2.0943531098777934,0.17706340973089768,0.0,,0.08303595541773376,0.016731568380961525,0.007753149112851299,2324,0.39888123924268504,2.0739705897568768,0.021437888034775334,0.037223469404208794,
Kolkata,2,Hard regime FE DML,3.1247354623603547,2.2258542231176697,0.19446896373691297,0.0,3.087507292136157,0.08303595541773376,0.016731568380961525,0.007753149112851299,2324,0.39888123924268504,,,,
Kolkata,2,"Spectral OR-DML (soft, coupled)",4.710201578639441,3.811320339396756,0.2302170758566541,0.0,5.33811711698716,0.08303595541773376,0.016731568380961525,0.007753149112851299,2324,0.39888123924268504,,,,
Kolkata,2,OR-DML (posterior-adjusted),2.829807311071213,1.930926071828528,0.19089498535421934,0.0,2.6798160462668106,0.08303595541773376,0.016731568380961525,0.007753149112851299,2324,0.39888123924268504,,,,0.010950729973854304
Kolkata,3,Oracle-state regime DML,0.842833047270505,-0.05949053276391836,0.15001534895563362,1.0,0.09120826037810652,0.0821915379737384,0.01728164891875638,0.007683122590523016,2324,0.4023235800344234,,,,
Kolkata,3,Standard DML (random folds),4.101829937844734,3.1995063578103107,0.14500660381017857,0.0,,0.0821915379737384,0.01728164891875638,0.007683122590523016,2324,0.4023235800344234,,,,
Kolkata,3,Block DML (purged folds),4.233553384753638,3.3312298047192153,0.12989769897229111,0.0,,0.0821915379737384,0.01728164891875638,0.007683122590523016,2324,0.4023235800344234,,,,
Kolkata,3,DML + Z controls,3.9106964327066107,3.0083728526721876,0.16056252328875198,0.0,,0.0821915379737384,0.01728164891875638,0.007683122590523016,2324,0.4023235800344234,,,,
Kolkata,3,Posterior-feature DML,3.222223820000332,2.319900239965909,0.1811114843881473,0.0,,0.0821915379737384,0.01728164891875638,0.007683122590523016,2324,0.4023235800344234,2.130551401419426,0.021437888034775334,0.03620029266845641,
Kolkata,3,Hard regime FE DML,3.3405350129011775,2.438211432866754,0.20434594084237637,0.0,3.3970564068411377,0.0821915379737384,0.01728164891875638,0.007683122590523016,2324,0.4023235800344234,,,,
Kolkata,3,"Spectral OR-DML (soft, coupled)",4.922123071045521,4.0197994910110975,0.2345155081630516,0.0,5.602388397077031,0.0821915379737384,0.01728164891875638,0.007683122590523016,2324,0.4023235800344234,,,,
Kolkata,3,OR-DML (posterior-adjusted),3.025401064214102,2.123077484179679,0.20180249907498493,0.0,2.9463801446712665,0.0821915379737384,0.01728164891875638,0.007683122590523016,2324,0.4023235800344234,,,,0.011095838716045374
Kolkata,4,Oracle-state regime DML,0.9626441337591948,0.0629023093185751,0.19061420613501207,1.0,0.2831092136617778,0.08085766100966855,0.017096378651949837,0.0077986602168302515,2324,0.3997418244406196,,,,
Kolkata,4,Standard DML (random folds),4.085058312969129,3.1853164885285095,0.1306881174812196,0.0,,0.08085766100966855,0.017096378651949837,0.0077986602168302515,2324,0.3997418244406196,,,,
Kolkata,4,Block DML (purged folds),4.19936764742807,3.2996258229874504,0.13181439914107793,0.0,,0.08085766100966855,0.017096378651949837,0.0077986602168302515,2324,0.3997418244406196,,,,
Kolkata,4,DML + Z controls,3.888601636691204,2.9888598122505847,0.14011795204821043,0.0,,0.08085766100966855,0.017096378651949837,0.0077986602168302515,2324,0.3997418244406196,,,,
Kolkata,4,Posterior-feature DML,3.017021561320876,2.1172797368802563,0.154523011339805,0.0,,0.08085766100966855,0.017096378651949837,0.0077986602168302515,2324,0.3997418244406196,2.0768115473602164,0.021437888034775334,0.03716366646845272,
Kolkata,4,Hard regime FE DML,3.0860180129368557,2.186276188496236,0.17217699036602532,0.0,3.031665675213006,0.08085766100966855,0.017096378651949837,0.0077986602168302515,2324,0.3997418244406196,,,,
Kolkata,4,"Spectral OR-DML (soft, coupled)",4.655565287260396,3.7558234628197766,0.2078125690709214,0.0,5.275583203084757,0.08085766100966855,0.017096378651949837,0.0077986602168302515,2324,0.3997418244406196,,,,
Kolkata,4,OR-DML (posterior-adjusted),2.8449330134037796,1.94519118896316,0.16495902630834147,0.0,2.697843615530081,0.08085766100966855,0.017096378651949837,0.0077986602168302515,2324,0.3997418244406196,,,,0.011248619078492708
Kolkata,5,Oracle-state regime DML,0.9034653557287807,-0.0031611502953156068,0.1654588299116519,1.0,0.39837295035241166,0.09461528352179695,0.02060724287246711,0.007742948573921874,2324,0.4066265060240964,,,,
Kolkata,5,Standard DML (random folds),4.093121973874793,3.1864954678506967,0.09868336366458581,0.0,,0.09461528352179695,0.02060724287246711,0.007742948573921874,2324,0.4066265060240964,,,,
Kolkata,5,Block DML (purged folds),4.079073829623496,3.1724473235993997,0.10854688000723042,0.0,,0.09461528352179695,0.02060724287246711,0.007742948573921874,2324,0.4066265060240964,,,,
Kolkata,5,DML + Z controls,3.9542829708118163,3.0476564647877202,0.13190342556082874,0.0,,0.09461528352179695,0.02060724287246711,0.007742948573921874,2324,0.4066265060240964,,,,
Kolkata,5,Posterior-feature DML,3.231094045370786,2.3244675393466894,0.1531709187022968,0.0,,0.09461528352179695,0.02060724287246711,0.007742948573921874,2324,0.4066265060240964,1.7581355229451499,0.021437888034775334,0.04381592751276656,
Kolkata,5,Hard regime FE DML,3.4523974135218785,2.545770907497782,0.16601048629589996,0.0,3.5536107187918478,0.09461528352179695,0.02060724287246711,0.007742948573921874,2324,0.4066265060240964,,,,
Kolkata,5,"Spectral OR-DML (soft, coupled)",4.614314038911476,3.7076875328873795,0.18618642262211885,0.0,5.160963324767157,0.09461528352179695,0.02060724287246711,0.007742948573921874,2324,0.4066265060240964,,,,
Kolkata,5,OR-DML (posterior-adjusted),3.2572598996501774,2.3506333936260813,0.17508779069596928,0.0,3.305508221112804,0.09461528352179695,0.02060724287246711,0.007742948573921874,2324,0.4066265060240964,,,,0.013853835951120795
Kolkata,6,Oracle-state regime DML,0.9979220244051272,0.09301668877690006,0.1664617954987274,1.0,0.13849989089864084,0.09073831857031821,0.018608573514248355,0.007757327501493501,2324,0.40490533562822717,,,,
Kolkata,6,Standard DML (random folds),4.12221716318413,3.217311827555903,0.1344894088983911,0.0,,0.09073831857031821,0.018608573514248355,0.007757327501493501,2324,0.40490533562822717,,,,
Kolkata,6,Block DML (purged folds),4.179195315323174,3.2742899796949465,0.1341775001608519,0.0,,0.09073831857031821,0.018608573514248355,0.007757327501493501,2324,0.40490533562822717,,,,
Kolkata,6,DML + Z controls,3.983196412583405,3.078291076955178,0.14098500315314902,0.0,,0.09073831857031821,0.018608573514248355,0.007757327501493501,2324,0.40490533562822717,,,,
Kolkata,6,Posterior-feature DML,3.1566861708429426,2.2517808352147153,0.14976746383222808,0.0,,0.09073831857031821,0.018608573514248355,0.007757327501493501,2324,0.40490533562822717,1.8378374969057147,0.021437888034775334,0.041935827851472963,
Kolkata,6,Hard regime FE DML,3.2614178166098133,2.356512480981586,0.15630575911661262,0.0,3.2747977001045627,0.09073831857031821,0.018608573514248355,0.007757327501493501,2324,0.40490533562822717,,,,
Kolkata,6,"Spectral OR-DML (soft, coupled)",4.69590871030524,3.7910033746770124,0.1984721608436341,0.0,5.317280986307739,0.09073831857031821,0.018608573514248355,0.007757327501493501,2324,0.40490533562822717,,,,
Kolkata,6,OR-DML (posterior-adjusted),3.1124942465267855,2.2075889108985582,0.16426740221299507,0.0,3.067893161858228,0.09073831857031821,0.018608573514248355,0.007757327501493501,2324,0.40490533562822717,,,,0.012579028943037454
Kolkata,7,Oracle-state regime DML,0.6785072988783079,-0.22166481816127903,0.16827574809520532,1.0,0.3238608978192867,0.0870104307999339,0.018168953234255568,0.0077690296247387184,2324,0.40017211703958694,,,,
Kolkata,7,Standard DML (random folds),3.9939674619554038,3.093795344915817,0.1255227376256364,0.0,,0.0870104307999339,0.018168953234255568,0.0077690296247387184,2324,0.40017211703958694,,,,
Kolkata,7,Block DML (purged folds),4.240867029515691,3.340694912476104,0.1366607014862036,0.0,,0.0870104307999339,0.018168953234255568,0.0077690296247387184,2324,0.40017211703958694,,,,
Kolkata,7,DML + Z controls,3.7577164101368647,2.857544293097278,0.1339824390300967,0.0,,0.0870104307999339,0.018168953234255568,0.0077690296247387184,2324,0.40017211703958694,,,,
Kolkata,7,Posterior-feature DML,3.1815064426413895,2.2813343256018026,0.15916275091123053,0.0,,0.0870104307999339,0.018168953234255568,0.0077690296247387184,2324,0.40017211703958694,1.9706098884179164,0.021437888034775334,0.03916183895805208,
Kolkata,7,Hard regime FE DML,3.3833224093515475,2.4831502923119606,0.1836742824650849,0.0,3.446801739792793,0.0870104307999339,0.018168953234255568,0.0077690296247387184,2324,0.40017211703958694,,,,
Kolkata,7,"Spectral OR-DML (soft, coupled)",4.828883689987771,3.9287115729481843,0.20610460991996393,0.0,5.490298249166467,0.0870104307999339,0.018168953234255568,0.0077690296247387184,2324,0.40017211703958694,,,,
Kolkata,7,OR-DML (posterior-adjusted),3.1097962266120467,2.20962410957246,0.17443613352387638,0.0,3.068190626873385,0.0870104307999339,0.018168953234255568,0.0077690296247387184,2324,0.40017211703958694,,,,0.011542530535436489
Kolkata,8,Oracle-state regime DML,0.42894008323711297,-0.4729532041983432,0.1743807121421114,0.0,0.6572946830700225,0.08260208251929517,0.0177522915328904,0.007800738924331673,2324,0.4018932874354561,,,,
Kolkata,8,Standard DML (random folds),3.9388513694849436,3.0369580820494875,0.12139422896457425,0.0,,0.08260208251929517,0.0177522915328904,0.007800738924331673,2324,0.4018932874354561,,,,
Kolkata,8,Block DML (purged folds),3.830038337978388,2.928145050542932,0.12291372556310534,0.0,,0.08260208251929517,0.0177522915328904,0.007800738924331673,2324,0.4018932874354561,,,,
Kolkata,8,DML + Z controls,3.9135397030732535,3.0116464156377973,0.12584354033981263,0.0,,0.08260208251929517,0.0177522915328904,0.007800738924331673,2324,0.4018932874354561,,,,
Kolkata,8,Posterior-feature DML,2.975804698781872,2.073911411346416,0.17298414174195503,0.0,,0.08260208251929517,0.0177522915328904,0.007800738924331673,2324,0.4018932874354561,2.048996821964872,0.021437888034775334,0.03764564591523531,
Kolkata,8,Hard regime FE DML,2.9094615383095843,2.007568250874128,0.18440800139119864,0.0,2.7868464572562184,0.08260208251929517,0.0177522915328904,0.007800738924331673,2324,0.4018932874354561,,,,
Kolkata,8,"Spectral OR-DML (soft, coupled)",4.3584239363096735,3.4565306488742173,0.23095145281520002,0.0,4.879938635987757,0.08260208251929517,0.0177522915328904,0.007800738924331673,2324,0.4018932874354561,,,,
Kolkata,8,OR-DML (posterior-adjusted),2.8029303366683846,1.9010370492329285,0.18016415428317326,0.0,2.64104012571774,0.08260208251929517,0.0177522915328904,0.007800738924331673,2324,0.4018932874354561,,,,0.011002322444014275
Kolkata,9,Oracle-state regime DML,1.0242308712079622,0.11975582817870234,0.18597196467756927,1.0,0.5353359893889639,0.08275338968539503,0.017221495710677378,0.007662308266841168,2324,0.4044750430292599,,,,
Kolkata,9,Standard DML (random folds),4.114334780550416,3.209859737521156,0.13653878440632963,0.0,,0.08275338968539503,0.017221495710677378,0.007662308266841168,2324,0.4044750430292599,,,,
Kolkata,9,Block DML (purged folds),4.260203281766426,3.355728238737166,0.13660147518296814,0.0,,0.08275338968539503,0.017221495710677378,0.007662308266841168,2324,0.4044750430292599,,,,
Kolkata,9,DML + Z controls,3.7753231607397293,2.8708481177104694,0.13850187148560436,0.0,,0.08275338968539503,0.017221495710677378,0.007662308266841168,2324,0.4044750430292599,,,,
Kolkata,9,Posterior-feature DML,2.853478221808059,1.9490031787787991,0.16653244274894882,0.0,,0.08275338968539503,0.017221495710677378,0.007662308266841168,2324,0.4044750430292599,2.0322032290302037,0.021437888034775334,0.03792950446720961,
Kolkata,9,Hard regime FE DML,3.0988363381846487,2.194361295155389,0.19495686070270377,0.0,3.0655826620122664,0.08275338968539503,0.017221495710677378,0.007662308266841168,2324,0.4044750430292599,,,,
Kolkata,9,"Spectral OR-DML (soft, coupled)",4.713759327463922,3.8092842844346624,0.224806812813608,0.0,5.4827030617193815,0.08275338968539503,0.017221495710677378,0.007662308266841168,2324,0.4044750430292599,,,,
Kolkata,9,OR-DML (posterior-adjusted),2.8766860435942894,1.9722110005650295,0.19175745196128585,0.0,2.744697816632578,0.08275338968539503,0.017221495710677378,0.007662308266841168,2324,0.4044750430292599,,,,0.011327015147183827
Kolkata,10,Oracle-state regime DML,0.8999080176097392,0.0010267783670541153,0.14599178512916605,1.0,0.004646433560980922,0.0823096928307371,0.01671704950875263,0.007871156139168311,2324,0.39888123924268504,,,,
Kolkata,10,Standard DML (random folds),4.117364909097552,3.218483669854867,0.10550198931441608,0.0,,0.0823096928307371,0.01671704950875263,0.007871156139168311,2324,0.39888123924268504,,,,
Kolkata,10,Block DML (purged folds),4.2197183959479485,3.3208371567052635,0.10263902194275297,0.0,,0.0823096928307371,0.01671704950875263,0.007871156139168311,2324,0.39888123924268504,,,,
Kolkata,10,DML + Z controls,3.865869452080283,2.966988212837598,0.12825622248356783,0.0,,0.0823096928307371,0.01671704950875263,0.007871156139168311,2324,0.39888123924268504,,,,
Kolkata,10,Posterior-feature DML,3.05929073091287,2.160409491670185,0.17743206914746967,0.0,,0.0823096928307371,0.01671704950875263,0.007871156139168311,2324,0.39888123924268504,2.0853983455561775,0.021437888034775334,0.03701948884612478,
Kolkata,10,Hard regime FE DML,3.3150596164111574,2.4161783771684724,0.1809846562401395,0.0,3.3494131483784564,0.0823096928307371,0.01671704950875263,0.007871156139168311,2324,0.39888123924268504,,,,
Kolkata,10,"Spectral OR-DML (soft, coupled)",4.884453002103521,3.9855717628608356,0.21326188784115352,0.0,5.6199701317194615,0.0823096928307371,0.01671704950875263,0.007871156139168311,2324,0.39888123924268504,,,,
Kolkata,10,OR-DML (posterior-adjusted),3.0822226936157398,2.1833414543730547,0.19387991838970853,0.0,3.0252925672131945,0.0823096928307371,0.01671704950875263,0.007871156139168311,2324,0.39888123924268504,,,,0.011416772596210698
Kolkata,11,Oracle-state regime DML,0.5106477941453766,-0.3929666636859487,0.18794319878384305,0.0,0.6768128909888865,0.09315029942580551,0.019410635371582857,0.007766409458659321,2324,0.4036144578313253,,,,
Kolkata,11,Standard DML (random folds),4.034935552979794,3.131321095148469,0.11706783833001778,0.0,,0.09315029942580551,0.019410635371582857,0.007766409458659321,2324,0.4036144578313253,,,,
Kolkata,11,Block DML (purged folds),3.9907349047390746,3.087120446907749,0.12085186246188424,0.0,,0.09315029942580551,0.019410635371582857,0.007766409458659321,2324,0.4036144578313253,,,,
Kolkata,11,DML + Z controls,4.119235993992019,3.2156215361606937,0.13235685232437747,0.0,,0.09315029942580551,0.019410635371582857,0.007766409458659321,2324,0.4036144578313253,,,,
Kolkata,11,Posterior-feature DML,3.174895744834371,2.2712812870030454,0.15544610192907188,0.0,,0.09315029942580551,0.019410635371582857,0.007766409458659321,2324,0.4036144578313253,1.7913751403760962,0.021437888034775334,0.04303895306189736,
Kolkata,11,Hard regime FE DML,3.0884046279832393,2.184790170151914,0.16713980407702145,0.0,3.06466306296689,0.09315029942580551,0.019410635371582857,0.007766409458659321,2324,0.4036144578313253,,,,
Kolkata,11,"Spectral OR-DML (soft, coupled)",4.337299295647689,3.433684837816364,0.19237128733044598,0.0,4.771292177024241,0.09315029942580551,0.019410635371582857,0.007766409458659321,2324,0.4036144578313253,,,,
Kolkata,11,OR-DML (posterior-adjusted),2.919344598682499,2.0157301408511734,0.16727315004296428,0.0,2.8297014151614492,0.09315029942580551,0.019410635371582857,0.007766409458659321,2324,0.4036144578313253,,,,0.012921954157001444
Kolkata,12,Oracle-state regime DML,0.8172861030900588,-0.08374659914746274,0.1646878051718626,1.0,0.20702805879500472,0.08281036175826931,0.017806025458111257,0.007881568880567779,2324,0.4010327022375215,,,,
Kolkata,12,Standard DML (random folds),4.167587009153454,3.266554306915933,0.1210197104599481,0.0,,0.08281036175826931,0.017806025458111257,0.007881568880567779,2324,0.4010327022375215,,,,
Kolkata,12,Block DML (purged folds),4.343435319540841,3.44240261730332,0.13033170235013392,0.0,,0.08281036175826931,0.017806025458111257,0.007881568880567779,2324,0.4010327022375215,,,,
Kolkata,12,DML + Z controls,3.8207269681433025,2.9196942659057807,0.1228077330457288,0.0,,0.08281036175826931,0.017806025458111257,0.007881568880567779,2324,0.4010327022375215,,,,
Kolkata,12,Posterior-feature DML,2.995403732977659,2.0943710307401373,0.1897040501761228,0.0,,0.08281036175826931,0.017806025458111257,0.007881568880567779,2324,0.4010327022375215,2.047985514565942,0.021437888034775334,0.03767324398610412,
Kolkata,12,Hard regime FE DML,3.1743298196423964,2.2732971174048746,0.19902047223858546,0.0,3.1792134006885004,0.08281036175826931,0.017806025458111257,0.007881568880567779,2324,0.4010327022375215,,,,
Kolkata,12,"Spectral OR-DML (soft, coupled)",4.731080611744996,3.830047909507475,0.20395346401375106,0.0,5.503782171201538,0.08281036175826931,0.017806025458111257,0.007881568880567779,2324,0.4010327022375215,,,,
Kolkata,12,OR-DML (posterior-adjusted),2.890447249316069,1.9894145470785476,0.18305710615530932,0.0,2.776428082311349,0.08281036175826931,0.017806025458111257,0.007881568880567779,2324,0.4010327022375215,,,,0.011308063940205384
Kolkata,13,Oracle-state regime DML,1.0357192652476233,0.1364077334059709,0.15865393589832127,1.0,0.190138353289048,0.0827346814150924,0.016656835117622344,0.00771466171832681,2324,0.3993115318416523,,,,
Kolkata,13,Standard DML (random folds),4.170506976716164,3.271195444874512,0.13059389830623333,0.0,,0.0827346814150924,0.016656835117622344,0.00771466171832681,2324,0.3993115318416523,,,,
Kolkata,13,Block DML (purged folds),4.285182537838932,3.38587100599728,0.12092160233794685,0.0,,0.0827346814150924,0.016656835117622344,0.00771466171832681,2324,0.3993115318416523,,,,
Kolkata,13,DML + Z controls,3.950013342984028,3.0507018111423756,0.1546744812895412,0.0,,0.0827346814150924,0.016656835117622344,0.00771466171832681,2324,0.3993115318416523,,,,
Kolkata,13,Posterior-feature DML,2.8784712905702023,1.9791597587285499,0.16687374256015045,0.0,,0.0827346814150924,0.016656835117622344,0.00771466171832681,2324,0.3993115318416523,2.041738131782297,0.021437888034775334,0.0378065898985305,
Kolkata,13,Hard regime FE DML,2.9959839433611446,2.096672411519492,0.18344454168811983,0.0,2.9070670710807653,0.0827346814150924,0.016656835117622344,0.00771466171832681,2324,0.3993115318416523,,,,
Kolkata,13,"Spectral OR-DML (soft, coupled)",4.66791253078697,3.7686009989453177,0.19373394303977895,0.0,5.273213309049507,0.0827346814150924,0.016656835117622344,0.00771466171832681,2324,0.3993115318416523,,,,
Kolkata,13,OR-DML (posterior-adjusted),2.692586333154798,1.7932748013131454,0.16211546102685379,0.0,2.484678577667057,0.0827346814150924,0.016656835117622344,0.00771466171832681,2324,0.3993115318416523,,,,0.011380639754075845
Kolkata,14,Oracle-state regime DML,0.6874974307710284,-0.2113838084716566,0.1563813509509289,1.0,0.6215726208920904,0.07943292417241449,0.015611771164177593,0.007848768188611292,2324,0.39888123924268504,,,,
Kolkata,14,Standard DML (random folds),4.229073100226557,3.3301918609838723,0.11825543005288387,0.0,,0.07943292417241449,0.015611771164177593,0.007848768188611292,2324,0.39888123924268504,,,,
Kolkata,14,Block DML (purged folds),4.35548898788837,3.4566077486456845,0.12013119330724144,0.0,,0.07943292417241449,0.015611771164177593,0.007848768188611292,2324,0.39888123924268504,,,,
Kolkata,14,DML + Z controls,3.6713084081264253,2.7724271688837403,0.15065983887098547,0.0,,0.07943292417241449,0.015611771164177593,0.007848768188611292,2324,0.39888123924268504,,,,
Kolkata,14,Posterior-feature DML,2.855735451927996,1.956854212685311,0.18021146764685608,0.0,,0.07943292417241449,0.015611771164177593,0.007848768188611292,2324,0.39888123924268504,2.234896819391037,0.021437888034775334,0.03454315211477167,
Kolkata,14,Hard regime FE DML,3.006911858689616,2.108030619446931,0.19429310241326417,0.0,2.9219426390007923,0.07943292417241449,0.015611771164177593,0.007848768188611292,2324,0.39888123924268504,,,,
Kolkata,14,"Spectral OR-DML (soft, coupled)",4.669583919161646,3.7707026799189607,0.23357817980526105,0.0,5.281889009911197,0.07943292417241449,0.015611771164177593,0.007848768188611292,2324,0.39888123924268504,,,,
Kolkata,14,OR-DML (posterior-adjusted),2.598280049550392,1.6993988103077071,0.18558050243843421,0.0,2.36583085506221,0.07943292417241449,0.015611771164177593,0.007848768188611292,2324,0.39888123924268504,,,,0.010079891778624322
Kolkata,15,Oracle-state regime DML,0.9530104644456188,0.04595366582255511,0.1414151778954026,1.0,0.48559115608911324,0.07982643972288915,0.016623253531222508,0.007703738564771026,2324,0.4070567986230637,,,,
Kolkata,15,Standard DML (random folds),4.183600594893592,3.276543796270529,0.11547619285934094,0.0,,0.07982643972288915,0.016623253531222508,0.007703738564771026,2324,0.4070567986230637,,,,
Kolkata,15,Block DML (purged folds),4.215068618991826,3.3080118203687627,0.11415246631862441,0.0,,0.07982643972288915,0.016623253531222508,0.007703738564771026,2324,0.4070567986230637,,,,
Kolkata,15,DML + Z controls,4.180576867115195,3.2735200684921315,0.1367466078410794,0.0,,0.07982643972288915,0.016623253531222508,0.007703738564771026,2324,0.4070567986230637,,,,
Kolkata,15,Posterior-feature DML,3.049106390684167,2.1420495920611033,0.15513336248565565,0.0,,0.07982643972288915,0.016623253531222508,0.007703738564771026,2324,0.4070567986230637,2.0876684609316074,0.021437888034775334,0.036895280791881035,
Kolkata,15,Hard regime FE DML,3.2858647035627935,2.37880790493973,0.16546279819290038,0.0,3.35134455577463,0.07982643972288915,0.016623253531222508,0.007703738564771026,2324,0.4070567986230637,,,,
Kolkata,15,"Spectral OR-DML (soft, coupled)",4.931025701685273,4.02396890306221,0.20262268866829372,0.0,5.60163557715466,0.07982643972288915,0.016623253531222508,0.007703738564771026,2324,0.4070567986230637,,,,
Kolkata,15,OR-DML (posterior-adjusted),3.064084083901724,2.1570272852786605,0.1698537780080273,0.0,3.0578883596173574,0.07982643972288915,0.016623253531222508,0.007703738564771026,2324,0.4070567986230637,,,,0.010522873911245192
Kolkata,16,Oracle-state regime DML,0.8687620445883928,-0.03141007245119409,0.17484644338753624,1.0,0.35281884837980837,0.08729282966596935,0.018322128635974537,0.007860333330292702,2324,0.40017211703958694,,,,
Kolkata,16,Standard DML (random folds),4.251873451600271,3.351701334560684,0.124985274505316,0.0,,0.08729282966596935,0.018322128635974537,0.007860333330292702,2324,0.40017211703958694,,,,
Kolkata,16,Block DML (purged folds),4.316786815219816,3.416614698180229,0.11700049713481062,0.0,,0.08729282966596935,0.018322128635974537,0.007860333330292702,2324,0.40017211703958694,,,,
Kolkata,16,DML + Z controls,4.174939580117881,3.274767463078294,0.16195815440696495,0.0,,0.08729282966596935,0.018322128635974537,0.007860333330292702,2324,0.40017211703958694,,,,
Kolkata,16,Posterior-feature DML,3.088553748950515,2.188381631910928,0.18128218258496911,0.0,,0.08729282966596935,0.018322128635974537,0.007860333330292702,2324,0.40017211703958694,1.8928467435973473,0.021437888034775334,0.04077071076166527,
Kolkata,16,Hard regime FE DML,3.2897057233796683,2.3895336063400814,0.1743515284620444,0.0,3.3140265196640355,0.08729282966596935,0.018322128635974537,0.007860333330292702,2324,0.40017211703958694,,,,
Kolkata,16,"Spectral OR-DML (soft, coupled)",4.7454127519464695,3.8452406349068826,0.19869122571875367,0.0,5.381088305737553,0.08729282966596935,0.018322128635974537,0.007860333330292702,2324,0.40017211703958694,,,,
Kolkata,16,OR-DML (posterior-adjusted),2.9393883179471034,2.0392162009075165,0.17629576871403727,0.0,2.826974486622831,0.08729282966596935,0.018322128635974537,0.007860333330292702,2324,0.40017211703958694,,,,0.011656564958065153
Kolkata,17,Oracle-state regime DML,0.6675081562938037,-0.2399789349282273,0.1364864977795004,1.0,0.43083085859758663,0.08931191245969627,0.018080123387889762,0.007627269364422716,2324,0.407487091222031,,,,
Kolkata,17,Standard DML (random folds),4.1262815423792025,3.2187944511571716,0.11280579369434487,0.0,,0.08931191245969627,0.018080123387889762,0.007627269364422716,2324,0.407487091222031,,,,
Kolkata,17,Block DML (purged folds),4.159409077532986,3.2519219863109554,0.11901110774020578,0.0,,0.08931191245969627,0.018080123387889762,0.007627269364422716,2324,0.407487091222031,,,,
Kolkata,17,DML + Z controls,3.865588455930474,2.958101364708443,0.1274705369860684,0.0,,0.08931191245969627,0.018080123387889762,0.007627269364422716,2324,0.407487091222031,,,,
Kolkata,17,Posterior-feature DML,2.970801008267057,2.063313917045026,0.15990206038986096,0.0,,0.08931191245969627,0.018080123387889762,0.007627269364422716,2324,0.407487091222031,1.871513005236706,0.021437888034775334,0.04115167208903583,
Kolkata,17,Hard regime FE DML,3.1185903466627822,2.2111032554407513,0.16544000839541934,0.0,3.106703342068314,0.08931191245969627,0.018080123387889762,0.007627269364422716,2324,0.407487091222031,,,,
Kolkata,17,"Spectral OR-DML (soft, coupled)",4.494650796582466,3.587163705360435,0.19316840812845784,0.0,5.001936953841324,0.08931191245969627,0.018080123387889762,0.007627269364422716,2324,0.407487091222031,,,,
Kolkata,17,OR-DML (posterior-adjusted),2.878157475960988,1.9706703847389568,0.15978732062308593,0.0,2.759986994755207,0.08931191245969627,0.018080123387889762,0.007627269364422716,2324,0.407487091222031,,,,0.011799070099655211
Kolkata,18,Oracle-state regime DML,0.8160372952111328,-0.08800745521915987,0.14762747569077786,1.0,0.13621999062364357,0.08990506092337047,0.018274283835016007,0.007575309215986199,2324,0.4040447504302926,,,,
Kolkata,18,Standard DML (random folds),4.143916956802941,3.239872206372648,0.10863919326129662,0.0,,0.08990506092337047,0.018274283835016007,0.007575309215986199,2324,0.4040447504302926,,,,
Kolkata,18,Block DML (purged folds),4.32151076363827,3.417466013207977,0.11019341243231523,0.0,,0.08990506092337047,0.018274283835016007,0.007575309215986199,2324,0.4040447504302926,,,,
Kolkata,18,DML + Z controls,3.8877032402847576,2.9836584898544647,0.13790387740775362,0.0,,0.08990506092337047,0.018274283835016007,0.007575309215986199,2324,0.4040447504302926,,,,
Kolkata,18,Posterior-feature DML,3.0591881248338955,2.155143374403603,0.14082146336695833,0.0,,0.08990506092337047,0.018274283835016007,0.007575309215986199,2324,0.4040447504302926,1.9034243205258154,0.021437888034775334,0.040500525913760486,
Kolkata,18,Hard regime FE DML,3.1303240116171462,2.2262792611868534,0.1539779446803092,0.0,3.1049909859613667,0.08990506092337047,0.018274283835016007,0.007575309215986199,2324,0.4040447504302926,,,,
Kolkata,18,"Spectral OR-DML (soft, coupled)",4.620722254180079,3.7166775037497866,0.2064557903997272,0.0,5.194045435174708,0.08990506092337047,0.018274283835016007,0.007575309215986199,2324,0.4040447504302926,,,,
Kolkata,18,OR-DML (posterior-adjusted),2.8652664357937385,1.9612216853634459,0.15201965395391182,0.0,2.7242073286150505,0.08990506092337047,0.018274283835016007,0.007575309215986199,2324,0.4040447504302926,,,,0.012461836274421332
Kolkata,19,Oracle-state regime DML,0.9721205120356289,0.06721517640740171,0.15183559076011516,1.0,0.47556492794254496,0.08499402923546426,0.017565551438870793,0.007813195881314874,2324,0.40490533562822717,,,,
Kolkata,19,Standard DML (random folds),4.028246923089752,3.123341587461525,0.12481434862258631,0.0,,0.08499402923546426,0.017565551438870793,0.007813195881314874,2324,0.40490533562822717,,,,
Kolkata,19,Block DML (purged folds),4.053221996409973,3.1483166607817457,0.119464605647163,0.0,,0.08499402923546426,0.017565551438870793,0.007813195881314874,2324,0.40490533562822717,,,,
Kolkata,19,DML + Z controls,4.046439827445267,3.14153449181704,0.14780749341951827,0.0,,0.08499402923546426,0.017565551438870793,0.007813195881314874,2324,0.40490533562822717,,,,
Kolkata,19,Posterior-feature DML,3.1929391765419814,2.288033840913754,0.17592857910156914,0.0,,0.08499402923546426,0.017565551438870793,0.007813195881314874,2324,0.40490533562822717,2.0298997420858123,0.021437888034775334,0.037968001715210774,
Kolkata,19,Hard regime FE DML,3.213325880319252,2.3084205446910246,0.18595052458664565,0.0,3.2545759723717205,0.08499402923546426,0.017565551438870793,0.007813195881314874,2324,0.40490533562822717,,,,
Kolkata,19,"Spectral OR-DML (soft, coupled)",4.783075552601834,3.8781702169736065,0.22345647927784634,0.0,5.39806323771176,0.08499402923546426,0.017565551438870793,0.007813195881314874,2324,0.40490533562822717,,,,
Kolkata,19,OR-DML (posterior-adjusted),3.1188648441882414,2.213959508560014,0.18444735795205663,0.0,3.100946011750017,0.08499402923546426,0.017565551438870793,0.007813195881314874,2324,0.40490533562822717,,,,0.011215200058315535
Kolkata,20,Oracle-state regime DML,1.0583451901987846,0.16419716954473984,0.16610025363070408,1.0,0.23363704487199208,0.078624927522734,0.014986406341848037,0.007776366582862984,2324,0.39414802065404475,,,,
Kolkata,20,Standard DML (random folds),4.307472574510934,3.413324553856889,0.10940262423444565,0.0,,0.078624927522734,0.014986406341848037,0.007776366582862984,2324,0.39414802065404475,,,,
Kolkata,20,Block DML (purged folds),4.451934319751448,3.5577862990974034,0.11393339693651687,0.0,,0.078624927522734,0.014986406341848037,0.007776366582862984,2324,0.39414802065404475,,,,
Kolkata,20,DML + Z controls,3.9359937920156045,3.04184577136156,0.12672940552515743,0.0,,0.078624927522734,0.014986406341848037,0.007776366582862984,2324,0.39414802065404475,,,,
Kolkata,20,Posterior-feature DML,2.988756946322927,2.0946089256688825,0.14898336356505334,0.0,,0.078624927522734,0.014986406341848037,0.007776366582862984,2324,0.39414802065404475,2.16457037475809,0.021437888034775334,0.035712329755890025,
Kolkata,20,Hard regime FE DML,2.9593515929834124,2.065203572329368,0.1764769356056347,0.0,2.878473871142101,0.078624927522734,0.014986406341848037,0.007776366582862984,2324,0.39414802065404475,,,,
Kolkata,20,"Spectral OR-DML (soft, coupled)",4.812658054101478,3.918510033447433,0.20479955493699895,0.0,5.589193081756959,0.078624927522734,0.014986406341848037,0.007776366582862984,2324,0.39414802065404475,,,,
Kolkata,20,OR-DML (posterior-adjusted),2.8197066405848865,1.9255586199308419,0.1526160463282992,0.0,2.6628051078468475,0.078624927522734,0.014986406341848037,0.007776366582862984,2324,0.39414802065404475,,,,0.010754512314592873
Kolkata,21,Oracle-state regime DML,0.8481666626203632,-0.05587808780992942,0.1755302453649463,1.0,0.22801222800146678,0.08127005570980766,0.01729671139090467,0.007661784333475535,2324,0.4040447504302926,,,,
Kolkata,21,Standard DML (random folds),4.263873830543071,3.359829080112778,0.12946223499800805,0.0,,0.08127005570980766,0.01729671139090467,0.007661784333475535,2324,0.4040447504302926,,,,
Kolkata,21,Block DML (purged folds),4.430130641280491,3.526085890850198,0.1304769975849348,0.0,,0.08127005570980766,0.01729671139090467,0.007661784333475535,2324,0.4040447504302926,,,,
Kolkata,21,DML + Z controls,3.900249105564601,2.9962043551343083,0.14182730773749758,0.0,,0.08127005570980766,0.01729671139090467,0.007661784333475535,2324,0.4040447504302926,,,,
Kolkata,21,Posterior-feature DML,2.990810471883215,2.086765721452922,0.17207923489650964,0.0,,0.08127005570980766,0.01729671139090467,0.007661784333475535,2324,0.4040447504302926,2.0654717063426262,0.021437888034775334,0.037323041405801706,
Kolkata,21,Hard regime FE DML,3.1890796039497835,2.285034853519491,0.19126452921893686,0.0,3.1815031401590743,0.08127005570980766,0.01729671139090467,0.007661784333475535,2324,0.4040447504302926,,,,
Kolkata,21,"Spectral OR-DML (soft, coupled)",4.832772862692768,3.9287281122624753,0.22481108877334577,0.0,5.4706019972723965,0.08127005570980766,0.01729671139090467,0.007661784333475535,2324,0.4040447504302926,,,,
Kolkata,21,OR-DML (posterior-adjusted),2.8075925217262805,1.9035477712959878,0.19490949164841764,0.0,2.651134734205023,0.08127005570980766,0.01729671139090467,0.007661784333475535,2324,0.4040447504302926,,,,0.011276948295886985
Kolkata,22,Oracle-state regime DML,1.2431343261914343,0.33220489417766486,0.17785920489499463,1.0,0.6602902601447868,0.09075524215044979,0.017636800361139463,0.007571099738981706,2324,0.41092943201376936,,,,
Kolkata,22,Standard DML (random folds),4.009383922127026,3.0984544901132565,0.12530594684787938,0.0,,0.09075524215044979,0.017636800361139463,0.007571099738981706,2324,0.41092943201376936,,,,
Kolkata,22,Block DML (purged folds),4.0865604940137805,3.175631062000011,0.13185873139181853,0.0,,0.09075524215044979,0.017636800361139463,0.007571099738981706,2324,0.41092943201376936,,,,
Kolkata,22,DML + Z controls,3.999364484962285,3.0884350529485154,0.17523102353561143,0.0,,0.09075524215044979,0.017636800361139463,0.007571099738981706,2324,0.41092943201376936,,,,
Kolkata,22,Posterior-feature DML,3.139467953525879,2.2285385215121094,0.15269147497075808,0.0,,0.09075524215044979,0.017636800361139463,0.007571099738981706,2324,0.41092943201376936,1.871948222358248,0.021437888034775334,0.04110268225713304,
Kolkata,22,Hard regime FE DML,3.355573067672594,2.4446436356588244,0.1451072271440683,0.0,3.4058415615963824,0.09075524215044979,0.017636800361139463,0.007571099738981706,2324,0.41092943201376936,,,,
Kolkata,22,"Spectral OR-DML (soft, coupled)",4.717236953929348,3.806307521915578,0.20709732878124087,0.0,5.331696363397638,0.09075524215044979,0.017636800361139463,0.007571099738981706,2324,0.41092943201376936,,,,
Kolkata,22,OR-DML (posterior-adjusted),3.049345156018525,2.1384157240047554,0.15132674353120176,0.0,2.981779520616899,0.09075524215044979,0.017636800361139463,0.007571099738981706,2324,0.41092943201376936,,,,0.012134185952017321
Kolkata,23,Oracle-state regime DML,0.6755651937086602,-0.22890984932059966,0.17691042348428296,1.0,0.5286203985948178,0.0848605926795134,0.01761319025031422,0.007643264922346339,2324,0.4044750430292599,,,,
Kolkata,23,Standard DML (random folds),4.147547972473039,3.2430729294437795,0.11863747213348294,0.0,,0.0848605926795134,0.01761319025031422,0.007643264922346339,2324,0.4044750430292599,,,,
Kolkata,23,Block DML (purged folds),4.120174900292017,3.2156998572627575,0.12456453102964123,0.0,,0.0848605926795134,0.01761319025031422,0.007643264922346339,2324,0.4044750430292599,,,,
Kolkata,23,DML + Z controls,4.104216141269611,3.1997410982403514,0.1259950065877852,0.0,,0.0848605926795134,0.01761319025031422,0.007643264922346339,2324,0.4044750430292599,,,,
Kolkata,23,Posterior-feature DML,3.1502117772989893,2.2457367342697294,0.1738520814557732,0.0,,0.0848605926795134,0.01761319025031422,0.007643264922346339,2324,0.4044750430292599,1.9966555948769942,0.021437888034775334,0.038604785748504365,
Kolkata,23,Hard regime FE DML,3.179424342024494,2.2749492989952342,0.1787662869110392,0.0,3.183975567753754,0.0848605926795134,0.01761319025031422,0.007643264922346339,2324,0.4044750430292599,,,,
Kolkata,23,"Spectral OR-DML (soft, coupled)",4.649477750412203,3.745002707382943,0.21467718486973386,0.0,5.213217001332482,0.0848605926795134,0.01761319025031422,0.007643264922346339,2324,0.4044750430292599,,,,
Kolkata,23,OR-DML (posterior-adjusted),2.9939759076963526,2.0895008646670927,0.1978519390017679,0.0,2.9212810322411444,0.0848605926795134,0.01761319025031422,0.007643264922346339,2324,0.4044750430292599,,,,0.011057997109929931
Kolkata,24,Oracle-state regime DML,0.877458496404796,-0.030458887416202285,0.1469530227280285,1.0,0.12308191870577964,0.08758210927748866,0.017821925256393274,0.007757145819238228,2324,0.4079173838209983,,,,
Kolkata,24,Standard DML (random folds),4.328836167041754,3.4209187832207553,0.10924680289747643,0.0,,0.08758210927748866,0.017821925256393274,0.007757145819238228,2324,0.4079173838209983,,,,
Kolkata,24,Block DML (purged folds),4.3902254690695734,3.482308085248575,0.11465447087014015,0.0,,0.08758210927748866,0.017821925256393274,0.007757145819238228,2324,0.4079173838209983,,,,
Kolkata,24,DML + Z controls,4.117434358404735,3.209516974583736,0.13384382144062598,0.0,,0.08758210927748866,0.017821925256393274,0.007757145819238228,2324,0.4079173838209983,,,,
Kolkata,24,Posterior-feature DML,3.276155240794258,2.3682378569732596,0.1702462171458248,0.0,,0.08758210927748866,0.017821925256393274,0.007757145819238228,2324,0.4079173838209983,1.9565641546006087,0.021437888034775334,0.039358108833915204,
Kolkata,24,Hard regime FE DML,3.4667077558397366,2.558790372018738,0.18319651967130623,0.0,3.562549065981713,0.08758210927748866,0.017821925256393274,0.007757145819238228,2324,0.4079173838209983,,,,
Kolkata,24,"Spectral OR-DML (soft, coupled)",5.018029101613628,4.11011171779263,0.21182224417198667,0.0,5.76815129331347,0.08758210927748866,0.017821925256393274,0.007757145819238228,2324,0.4079173838209983,,,,
Kolkata,24,OR-DML (posterior-adjusted),3.2273752581531423,2.319457874332144,0.18688351385456156,0.0,3.228556747904025,0.08758210927748866,0.017821925256393274,0.007757145819238228,2324,0.4079173838209983,,,,0.011523322789876321
Kolkata,25,Oracle-state regime DML,0.8497041474417024,-0.05993440677516504,0.1495725207108458,1.0,0.3710800393283266,0.08577405185149842,0.017635743782598884,0.007778923117980952,2324,0.40963855421686746,,,,
Kolkata,25,Standard DML (random folds),4.362567939672295,3.4529293854554277,0.12301994518961704,0.0,,0.08577405185149842,0.017635743782598884,0.007778923117980952,2324,0.40963855421686746,,,,
Kolkata,25,Block DML (purged folds),4.507622344835999,3.597983790619132,0.12513622644746414,0.0,,0.08577405185149842,0.017635743782598884,0.007778923117980952,2324,0.40963855421686746,,,,
Kolkata,25,DML + Z controls,3.9214653262343893,3.011826772017522,0.13564027720373936,0.0,,0.08577405185149842,0.017635743782598884,0.007778923117980952,2324,0.40963855421686746,,,,
Kolkata,25,Posterior-feature DML,2.9871259602325604,2.0774874060156927,0.1705294595435206,0.0,,0.08577405185149842,0.017635743782598884,0.007778923117980952,2324,0.40963855421686746,1.9926910880407513,0.021437888034775334,0.03862604050422621,
Kolkata,25,Hard regime FE DML,3.372294256253547,2.4626557020366793,0.18988865946019126,0.0,3.4829369396011467,0.08577405185149842,0.017635743782598884,0.007778923117980952,2324,0.40963855421686746,,,,
Kolkata,25,"Spectral OR-DML (soft, coupled)",4.928109383576919,4.0184708293600515,0.21229087464209304,0.0,5.594900418213443,0.08577405185149842,0.017635743782598884,0.007778923117980952,2324,0.40963855421686746,,,,
Kolkata,25,OR-DML (posterior-adjusted),2.931596435944399,2.0219578817275314,0.1890011936995755,0.0,2.8626054120675337,0.08577405185149842,0.017635743782598884,0.007778923117980952,2324,0.40963855421686746,,,,0.011444399439306219
Kolkata,26,Oracle-state regime DML,0.7130648164064288,-0.18839817843006001,0.17135238438107714,1.0,0.486580058556207,0.08313959007141224,0.01719662468652497,0.007677230262673835,2324,0.40146299483648884,,,,
Kolkata,26,Standard DML (random folds),3.9662132710976326,3.064750276261144,0.11975374381744339,0.0,,0.08313959007141224,0.01719662468652497,0.007677230262673835,2324,0.40146299483648884,,,,
Kolkata,26,Block DML (purged folds),3.940878445851118,3.039415451014629,0.11499688977515402,0.0,,0.08313959007141224,0.01719662468652497,0.007677230262673835,2324,0.40146299483648884,,,,
Kolkata,26,DML + Z controls,3.9017754841068117,3.000312489270323,0.1350868650005807,0.0,,0.08313959007141224,0.01719662468652497,0.007677230262673835,2324,0.40146299483648884,,,,
Kolkata,26,Posterior-feature DML,3.1222293747738323,2.2207663799373436,0.18272845401088986,0.0,,0.08313959007141224,0.01719662468652497,0.007677230262673835,2324,0.40146299483648884,2.051931130838895,0.021437888034775334,0.037596307325456636,
Kolkata,26,Hard regime FE DML,3.088877478697658,2.1874144838611693,0.20187078653411497,0.0,3.0625184576464246,0.08313959007141224,0.01719662468652497,0.007677230262673835,2324,0.40146299483648884,,,,
Kolkata,26,"Spectral OR-DML (soft, coupled)",4.674451606479564,3.772988611643075,0.2304137205642829,0.0,5.240047883990563,0.08313959007141224,0.01719662468652497,0.007677230262673835,2324,0.40146299483648884,,,,
Kolkata,26,OR-DML (posterior-adjusted),3.0548855713603005,2.1534225765238117,0.20332312678165643,0.0,3.023283951976186,0.08313959007141224,0.01719662468652497,0.007677230262673835,2324,0.40146299483648884,,,,0.011175274454059157
Kolkata,27,Oracle-state regime DML,0.9367578785093933,0.02582844649562388,0.15629444916549073,1.0,0.233223975427214,0.08160203389218329,0.015398324256516608,0.007605478477982458,2324,0.41092943201376936,,,,
Kolkata,27,Standard DML (random folds),4.1189127385796835,3.207983306565914,0.133106706943514,0.0,,0.08160203389218329,0.015398324256516608,0.007605478477982458,2324,0.41092943201376936,,,,
Kolkata,27,Block DML (purged folds),4.136606350984518,3.225676918970749,0.12514273432949202,0.0,,0.08160203389218329,0.015398324256516608,0.007605478477982458,2324,0.41092943201376936,,,,
Kolkata,27,DML + Z controls,3.9911257604098425,3.080196328396073,0.15543461998603672,0.0,,0.08160203389218329,0.015398324256516608,0.007605478477982458,2324,0.41092943201376936,,,,
Kolkata,27,Posterior-feature DML,3.0085483928107504,2.097618960796981,0.1743092386068791,0.0,,0.08160203389218329,0.015398324256516608,0.007605478477982458,2324,0.41092943201376936,2.0656117002099856,0.021437888034775334,0.03724905943240655,
Kolkata,27,Hard regime FE DML,3.279124254998396,2.3681948229846266,0.18778674919610688,0.0,3.312825203735357,0.08160203389218329,0.015398324256516608,0.007605478477982458,2324,0.41092943201376936,,,,
Kolkata,27,"Spectral OR-DML (soft, coupled)",4.75001795276434,3.8390885207505705,0.2198358812471458,0.0,5.376775787147523,0.08160203389218329,0.015398324256516608,0.007605478477982458,2324,0.41092943201376936,,,,
Kolkata,27,OR-DML (posterior-adjusted),2.9716250125041377,2.060695580490368,0.19029310012613707,0.0,2.890933612240232,0.08160203389218329,0.015398324256516608,0.007605478477982458,2324,0.41092943201376936,,,,0.010383618560691324
Kolkata,28,Oracle-state regime DML,0.9203142612092033,0.0162695107789107,0.15765991163535814,1.0,0.026569085665557962,0.08058726993985589,0.016954810186305222,0.007635442017984986,2324,0.4040447504302926,,,,
Kolkata,28,Standard DML (random folds),4.085021508870758,3.1809767584404653,0.11297953642440067,0.0,,0.08058726993985589,0.016954810186305222,0.007635442017984986,2324,0.4040447504302926,,,,
Kolkata,28,Block DML (purged folds),4.02822386105981,3.124179110629517,0.12328787077992225,0.0,,0.08058726993985589,0.016954810186305222,0.007635442017984986,2324,0.4040447504302926,,,,
Kolkata,28,DML + Z controls,4.1244871352553405,3.2204423848250476,0.12917671233771302,0.0,,0.08058726993985589,0.016954810186305222,0.007635442017984986,2324,0.4040447504302926,,,,
Kolkata,28,Posterior-feature DML,3.0501352209976487,2.146090470567356,0.16265373697386226,0.0,,0.08058726993985589,0.016954810186305222,0.007635442017984986,2324,0.4040447504302926,2.1309731887329963,0.021437888034775334,0.036175812265461973,
Kolkata,28,Hard regime FE DML,2.988886012412845,2.084841261982552,0.16129704195471287,0.0,2.8997369125039913,0.08058726993985589,0.016954810186305222,0.007635442017984986,2324,0.4040447504302926,,,,
Kolkata,28,"Spectral OR-DML (soft, coupled)",4.601828075263887,3.697783324833594,0.20661799746225729,0.0,5.240994063379893,0.08058726993985589,0.016954810186305222,0.007635442017984986,2324,0.4040447504302926,,,,
Kolkata,28,OR-DML (posterior-adjusted),2.8793079679775766,1.975263217547284,0.14662190268459,0.0,2.747098079769742,0.08058726993985589,0.016954810186305222,0.007635442017984986,2324,0.4040447504302926,,,,0.010673786808777355
Kolkata,29,Oracle-state regime DML,0.6986917196470394,-0.20707420117912245,0.1427403067136186,1.0,0.2964623780951455,0.08755103720359873,0.018444516014909876,0.007626467033419269,2324,0.4057659208261618,,,,
Kolkata,29,Standard DML (random folds),4.084024811669623,3.1782588908434617,0.1048461453409832,0.0,,0.08755103720359873,0.018444516014909876,0.007626467033419269,2324,0.4057659208261618,,,,
Kolkata,29,Block DML (purged folds),4.140035408722706,3.234269487896544,0.10942853430744522,0.0,,0.08755103720359873,0.018444516014909876,0.007626467033419269,2324,0.4057659208261618,,,,
Kolkata,29,DML + Z controls,4.180484883076431,3.2747189622502697,0.12121259641735717,0.0,,0.08755103720359873,0.018444516014909876,0.007626467033419269,2324,0.4057659208261618,,,,
Kolkata,29,Posterior-feature DML,3.110504305047809,2.2047383842216473,0.15716577757968875,0.0,,0.08755103720359873,0.018444516014909876,0.007626467033419269,2324,0.4057659208261618,1.94303317180184,0.021437888034775334,0.039655930160290925,
Kolkata,29,Hard regime FE DML,3.31386147575972,2.408095554933558,0.16128676002862144,0.0,3.3652655281578614,0.08755103720359873,0.018444516014909876,0.007626467033419269,2324,0.4057659208261618,,,,
Kolkata,29,"Spectral OR-DML (soft, coupled)",4.716582102163647,3.8108161813374855,0.19718092300129145,0.0,5.304337714216327,0.08755103720359873,0.018444516014909876,0.007626467033419269,2324,0.4057659208261618,,,,
Kolkata,29,OR-DML (posterior-adjusted),3.008495798961233,2.1027298781350714,0.16242026050297853,0.0,2.9284486532339664,0.08755103720359873,0.018444516014909876,0.007626467033419269,2324,0.4057659208261618,,,,0.011732924757363204
