observation_date,SP500,VIXCLS,Date,Return
2016-09-27,2159.93,13.1,2016-09-27,0.006423572318235906
2016-09-28,2171.37,12.39,2016-09-28,0.0052824909853757054
2016-09-29,2151.13,14.02,2016-09-29,-0.009365019283515956
2016-09-30,2168.27,13.29,2016-09-30,0.007936329103087052
2016-10-03,2161.2,13.57,2016-10-03,-0.0032659915807079186
2016-10-04,2150.49,13.63,2016-10-04,-0.004967899838307758
2016-10-05,2159.73,12.99,2016-10-05,0.0042874907334568115
2016-10-06,2160.77,12.84,2016-10-06,0.0004814257702057039
2016-10-07,2153.74,13.48,2016-10-07,-0.0032587738683275704
2016-10-10,2163.66,13.38,2016-10-10,0.0045953664043352545
2016-10-11,2136.73,15.36,2016-10-11,-0.01252460917831065
2016-10-12,2139.18,15.91,2016-10-12,0.0011459550215575632
2016-10-13,2132.55,16.69,2016-10-13,-0.003104131264702985
2016-10-14,2132.98,16.12,2016-10-14,0.00020161621250175643
2016-10-17,2126.5,16.21,2016-10-17,-0.003042627268630379
2016-10-18,2139.6,15.28,2016-10-18,0.006141459963406811
2016-10-19,2144.29,14.41,2016-10-19,0.002189599580657028
2016-10-20,2141.34,13.75,2016-10-20,-0.0013766939590792353
2016-10-21,2141.16,13.34,2016-10-21,-8.406304733510687e-05
2016-10-24,2151.33,13.02,2016-10-24,0.0047385172845472385
2016-10-25,2143.16,13.46,2016-10-25,-0.003804880140132455
2016-10-26,2139.43,14.24,2016-10-26,-0.0017419369788728072
2016-10-27,2133.04,15.36,2016-10-27,-0.002991246171217767
2016-10-28,2126.41,16.19,2016-10-28,-0.0031130804936909326
2016-10-31,2126.15,17.06,2016-10-31,-0.0001222792860412358
2016-11-01,2111.72,18.56,2016-11-01,-0.0068100511662960534
2016-11-02,2097.94,19.32,2016-11-02,-0.00654687039773644
2016-11-03,2088.66,22.08,2016-11-03,-0.004433198871881832
2016-11-04,2085.18,22.51,2016-11-04,-0.001667529568162566
2016-11-07,2131.52,18.71,2016-11-07,0.021980157782961814
2016-11-08,2139.56,18.74,2016-11-08,0.0037648601743320194
2016-11-09,2163.26,14.38,2016-11-09,0.011016142751234132
2016-11-10,2167.48,14.74,2016-11-10,0.0019488592414451842
2016-11-11,2164.45,14.17,2016-11-11,-0.001398914799700448
2016-11-14,2164.2,14.48,2016-11-14,-0.0001155094545772426
2016-11-15,2180.39,13.37,2016-11-15,0.0074529817276226176
2016-11-16,2176.94,13.72,2016-11-16,-0.00158353887400465
2016-11-17,2187.12,13.35,2016-11-17,0.004665388864814815
2016-11-18,2181.9,12.85,2016-11-18,-0.002389553027376295
2016-11-21,2198.18,12.42,2016-11-21,0.007433688411606853
2016-11-22,2202.94,12.41,2016-11-22,0.0021630866034014736
2016-11-23,2204.72,12.43,2016-11-23,0.000807684847182356
2016-11-25,2213.35,12.34,2016-11-25,0.0039066882037051285
2016-11-28,2201.72,13.15,2016-11-28,-0.005268331826910543
2016-11-29,2204.66,12.9,2016-11-29,0.0013344289127455414
2016-11-30,2198.81,13.33,2016-11-30,-0.002656997068934635
2016-12-01,2191.08,14.07,2016-12-01,-0.003521731974758958
2016-12-02,2191.95,14.12,2016-12-02,0.0003969856521291979
2016-12-05,2204.71,12.14,2016-12-05,0.0058044223683808216
2016-12-06,2212.23,11.79,2016-12-06,0.0034050755798857375
2016-12-07,2241.35,12.22,2016-12-07,0.013077306345682039
2016-12-08,2246.19,12.64,2016-12-08,0.0021570846729904334
2016-12-09,2259.53,11.75,2016-12-09,0.005921379481215525
2016-12-12,2256.96,12.64,2016-12-12,-0.0011380520171109239
2016-12-13,2271.72,12.72,2016-12-13,0.006518478790004478
2016-12-14,2253.28,13.19,2016-12-14,-0.008150321360078533
2016-12-15,2262.03,12.79,2016-12-15,0.0038757077378476596
2016-12-16,2258.07,12.2,2016-12-16,-0.0017521740727583343
2016-12-19,2262.53,11.71,2016-12-19,0.0019731900398514256
2016-12-20,2270.76,11.45,2016-12-20,0.003630921049278551
2016-12-21,2265.18,11.27,2016-12-21,-0.0024603512457385653
2016-12-22,2260.96,11.43,2016-12-22,-0.0018647241237848297
2016-12-23,2263.79,11.44,2016-12-23,0.0012508980027710417
2016-12-27,2268.88,11.99,2016-12-27,0.0022459178098379177
2016-12-28,2249.92,12.95,2016-12-28,-0.008391657636248401
2016-12-29,2249.26,13.37,2016-12-29,-0.0002933867970315136
2016-12-30,2238.83,14.04,2016-12-30,-0.0046478652506068445
2017-01-03,2257.83,12.85,2017-01-03,0.008450767046807911
2017-01-04,2270.75,11.85,2017-01-04,0.005705998372356855
2017-01-05,2269.0,11.67,2017-01-05,-0.0007709676024811847
2017-01-06,2276.98,11.32,2017-01-06,0.0035107977582784673
2017-01-09,2268.9,11.56,2017-01-09,-0.003554871008026604
2017-01-10,2268.9,11.49,2017-01-10,0.0
2017-01-11,2275.32,11.26,2017-01-11,0.00282556930401906
2017-01-12,2270.44,11.54,2017-01-12,-0.00214705654265648
2017-01-13,2274.64,11.23,2017-01-13,0.0018481528138047062
2017-01-17,2267.89,11.87,2017-01-17,-0.0029719143156583245
2017-01-18,2271.89,12.48,2017-01-18,0.0017622003864136812
2017-01-19,2263.69,12.78,2017-01-19,-0.0036158590231882884
2017-01-20,2271.31,11.54,2017-01-20,0.0033605323797867037
2017-01-23,2265.2,11.77,2017-01-23,-0.00269370229296495
2017-01-24,2280.07,11.07,2017-01-24,0.006543088991933502
2017-01-25,2298.37,10.81,2017-01-25,0.007994031790009634
2017-01-26,2296.68,10.63,2017-01-26,-0.0007355741836108801
2017-01-27,2294.69,10.58,2017-01-27,-0.0008668437196784661
2017-01-30,2280.9,11.88,2017-01-30,-0.006027656215802972
2017-01-31,2278.87,11.99,2017-01-31,-0.0008903958463327385
2017-02-01,2279.55,11.81,2017-02-01,0.0002983489915560355
2017-02-02,2280.85,11.93,2017-02-02,0.0005701254430369949
2017-02-03,2297.42,10.97,2017-02-03,0.007238573675816557
2017-02-06,2292.56,11.37,2017-02-06,-0.002117657077464753
2017-02-07,2293.08,11.29,2017-02-07,0.0002267949521675034
2017-02-08,2294.67,11.45,2017-02-08,0.0006931502647968556
2017-02-09,2307.87,10.88,2017-02-09,0.005735978912330699
2017-02-10,2316.1,10.85,2017-02-10,0.003559715435258431
2017-02-13,2328.25,11.07,2017-02-13,0.005232175748100871
2017-02-14,2337.58,10.74,2017-02-14,0.003999293774357182
2017-02-15,2349.25,11.97,2017-02-15,0.004979922087050161
2017-02-16,2347.22,11.76,2017-02-16,-0.0008644791200295176
2017-02-17,2351.16,11.49,2017-02-17,0.0016771742275309119
2017-02-21,2365.38,11.57,2017-02-21,0.006029862181035704
2017-02-22,2362.82,11.74,2017-02-22,-0.0010828646208509895
2017-02-23,2363.81,11.71,2017-02-23,0.0004189031146829564
2017-02-24,2367.34,11.47,2017-02-24,0.0014922378935534736
2017-02-27,2369.75,12.09,2017-02-27,0.0010175023940541276
2017-02-28,2363.64,12.92,2017-02-28,-0.0025816606675474183
2017-03-01,2395.96,12.54,2017-03-01,0.013581181939563836
2017-03-02,2381.92,11.81,2017-03-02,-0.0058771004764203
2017-03-03,2383.12,10.96,2017-03-03,0.0005036683953830516
2017-03-06,2375.31,11.24,2017-03-06,-0.003282598257417541
2017-03-07,2368.39,11.45,2017-03-07,-0.002917555877758864
2017-03-08,2362.98,11.86,2017-03-08,-0.0022868650550458714
2017-03-09,2364.87,12.3,2017-03-09,0.0007995177937872365
2017-03-10,2372.6,11.66,2017-03-10,0.0032633480993077457
2017-03-13,2373.47,11.35,2017-03-13,0.00036661912266134326
2017-03-14,2365.45,12.3,2017-03-14,-0.003384740682155033
2017-03-15,2385.26,11.63,2017-03-15,0.008339854388317126
2017-03-16,2381.38,11.21,2017-03-16,-0.0016279814951152382
2017-03-17,2378.25,11.28,2017-03-17,-0.001315228474144621
2017-03-20,2373.47,11.34,2017-03-20,-0.002011903736902209
2017-03-21,2344.02,12.47,2017-03-21,-0.012485615265953647
2017-03-22,2348.45,12.81,2017-03-22,0.00188813197147545
2017-03-23,2345.96,13.12,2017-03-23,-0.0010608362855033045
2017-03-24,2343.98,12.96,2017-03-24,-0.0008443605323889107
2017-03-27,2341.59,12.5,2017-03-27,-0.0010201534529525073
2017-03-28,2358.57,11.53,2017-03-28,0.007225317380816645
2017-03-29,2361.13,11.42,2017-03-29,0.0010848148191858569
2017-03-30,2368.06,11.54,2017-03-30,0.0029307365363928895
2017-03-31,2362.72,12.37,2017-03-31,-0.0022575567952728324
2017-04-03,2358.84,12.38,2017-04-03,-0.0016435249677560892
2017-04-04,2360.16,11.79,2017-04-04,0.0005594405740311779
2017-04-05,2352.95,12.89,2017-04-05,-0.0030595532989129127
2017-04-06,2357.49,12.39,2017-04-06,0.0019276336842417722
2017-04-07,2355.54,12.87,2017-04-07,-0.0008274931885733614
2017-04-10,2357.16,14.05,2017-04-10,0.0006875040056906727
2017-04-11,2353.78,15.07,2017-04-11,-0.001434958025354097
2017-04-12,2344.93,15.77,2017-04-12,-0.003766995820262467
2017-04-13,2328.95,15.96,2017-04-13,-0.006838028476069099
2017-04-17,2349.01,14.66,2017-04-17,0.00857644056804569
2017-04-18,2342.19,14.42,2017-04-18,-0.00290757367184553
2017-04-19,2338.17,14.93,2017-04-19,-0.0017178170006366042
2017-04-20,2355.84,14.15,2017-04-20,0.007528779642538523
2017-04-21,2348.69,14.63,2017-04-21,-0.003039625852145616
2017-04-24,2374.15,10.84,2017-04-24,0.010781752773837281
2017-04-25,2388.61,10.76,2017-04-25,0.006072128106062107
2017-04-26,2387.45,10.85,2017-04-26,-0.00048575605114247193
2017-04-27,2388.77,10.36,2017-04-27,0.000552738372021074
2017-04-28,2384.2,10.82,2017-04-28,-0.0019149508153329291
2017-05-01,2388.33,10.11,2017-05-01,0.0017307386358750435
2017-05-02,2391.17,10.59,2017-05-02,0.0011884089692428136
2017-05-03,2388.13,10.68,2017-05-03,-0.0012721529972957541
2017-05-04,2389.52,10.46,2017-05-04,0.0005818760433345327
2017-05-05,2399.29,10.57,2017-05-05,0.00408035130033309
2017-05-08,2399.38,9.77,2017-05-08,3.7510393509375765e-05
2017-05-09,2396.92,9.96,2017-05-09,-0.0010257908036239289
2017-05-10,2399.63,10.21,2017-05-10,0.0011299789591918902
2017-05-11,2394.44,10.6,2017-05-11,-0.0021651757390083516
2017-05-12,2390.9,10.4,2017-05-12,-0.0014795189665720563
2017-05-15,2402.32,10.42,2017-05-15,0.004765073002474167
2017-05-16,2400.67,10.65,2017-05-16,-0.0006870720384216807
2017-05-17,2357.03,15.59,2017-05-17,-0.01834551314368625
2017-05-18,2365.72,14.66,2017-05-18,0.003680063440703132
2017-05-19,2381.73,12.04,2017-05-19,0.006744699024732498
2017-05-22,2394.02,10.93,2017-05-22,0.00514684693721281
2017-05-23,2398.42,10.72,2017-05-23,0.00183622590425737
2017-05-24,2404.39,10.02,2017-05-24,0.0024860459084413127
2017-05-25,2415.07,9.99,2017-05-25,0.0044320390592464875
2017-05-26,2415.82,9.81,2017-05-26,0.00031050179408999626
2017-05-30,2412.91,10.38,2017-05-30,-0.001205286007825416
2017-05-31,2411.8,10.41,2017-05-31,-0.0004601312906201269
2017-06-01,2430.06,9.89,2017-06-01,0.00754259171830006
2017-06-02,2439.07,9.75,2017-06-02,0.0037008707032855424
2017-06-05,2436.1,10.07,2017-06-05,-0.0012184192007356274
2017-06-06,2429.33,10.45,2017-06-06,-0.0027829007381501205
2017-06-07,2433.14,10.39,2017-06-07,0.0015671051049044751
2017-06-08,2433.79,10.16,2017-06-08,0.0002671088361100848
2017-06-09,2431.77,10.7,2017-06-09,-0.0008303258478185228
2017-06-12,2429.39,11.46,2017-06-12,-0.0009791902303832095
2017-06-13,2440.35,10.42,2017-06-13,0.004501274608283941
2017-06-14,2437.92,10.64,2017-06-14,-0.0009962549022444363
2017-06-15,2432.46,10.9,2017-06-15,-0.0022421257837553104
2017-06-16,2433.15,10.38,2017-06-16,0.00028362322694394307
2017-06-19,2453.46,10.37,2017-06-19,0.008312558992556568
2017-06-20,2437.03,10.86,2017-06-20,-0.006719188389873109
2017-06-21,2435.61,10.75,2017-06-21,-0.0005828462764329325
2017-06-22,2434.5,10.48,2017-06-22,-0.00045584186772818
2017-06-23,2438.3,10.02,2017-06-23,0.001559678529930483
2017-06-26,2439.07,9.9,2017-06-26,0.0003157439383918202
2017-06-27,2419.38,11.06,2017-06-27,-0.008105510111856201
2017-06-28,2440.69,10.03,2017-06-28,0.008769477216597063
2017-06-29,2419.7,11.44,2017-06-29,-0.008637220671771834
2017-06-30,2423.41,11.18,2017-06-30,0.001532073698797482
2017-07-03,2429.01,11.22,2017-07-03,0.0023081276913972876
2017-07-05,2432.54,11.07,2017-07-05,0.0014522119983846045
2017-07-06,2409.75,12.54,2017-07-06,-0.009412971248548743
2017-07-07,2425.18,11.19,2017-07-07,0.00638274075695685
2017-07-10,2427.43,11.11,2017-07-10,0.0009273360773855018
2017-07-11,2425.53,10.89,2017-07-11,-0.0007830273058416915
2017-07-12,2443.25,10.3,2017-07-12,0.007279063026366936
2017-07-13,2447.83,9.9,2017-07-13,0.0018727975574500866
2017-07-14,2459.27,9.51,2017-07-14,0.004662640144143031
2017-07-17,2459.14,9.82,2017-07-17,-5.2862612116695394e-05
2017-07-18,2460.61,9.89,2017-07-18,0.0005975913588075912
2017-07-19,2473.83,9.79,2017-07-19,0.005358270292070911
2017-07-20,2473.45,9.58,2017-07-20,-0.00015361976712352472
2017-07-21,2472.54,9.36,2017-07-21,-0.0003679748686383202
2017-07-24,2469.91,9.43,2017-07-24,-0.0010642496123316407
2017-07-25,2477.13,9.43,2017-07-25,0.002918919243124604
2017-07-26,2477.83,9.6,2017-07-26,0.0002825451687427182
2017-07-27,2475.42,10.11,2017-07-27,-0.0009730985474882821
2017-07-28,2472.1,10.29,2017-07-28,-0.0013420867417742238
2017-07-31,2470.3,10.26,2017-07-31,-0.0007283910972737436
2017-08-01,2476.35,10.09,2017-08-01,0.002446101105449387
2017-08-02,2477.57,10.28,2017-08-02,0.0004925392516085572
2017-08-03,2472.16,10.44,2017-08-03,-0.0021859786914876496
2017-08-04,2476.83,10.03,2017-08-04,0.001887254323046072
2017-08-07,2480.91,9.93,2017-08-07,0.0016459116133836385
2017-08-08,2474.92,10.96,2017-08-08,-0.00241735609047731
2017-08-09,2474.02,11.11,2017-08-09,-0.00036371425392981165
2017-08-10,2438.21,16.04,2017-08-10,-0.014580194485226952
2017-08-11,2441.32,15.51,2017-08-11,0.001274713106023881
2017-08-14,2465.84,12.33,2017-08-14,0.00999364360375926
2017-08-15,2464.61,12.04,2017-08-15,-0.0004989402693533612
2017-08-16,2468.11,11.74,2017-08-16,0.0014190955851406412
2017-08-17,2430.01,15.55,2017-08-17,-0.015557302982010086
2017-08-18,2425.55,14.26,2017-08-18,-0.001837069773336156
2017-08-21,2428.37,13.19,2017-08-21,0.0011619475876316547
2017-08-22,2452.51,11.35,2017-08-22,0.009891739536413192
2017-08-23,2444.04,12.25,2017-08-23,-0.003459582133507087
2017-08-24,2438.97,12.23,2017-08-24,-0.0020765887523938203
2017-08-25,2443.05,11.28,2017-08-25,0.001671439670407706
2017-08-28,2444.24,11.32,2017-08-28,0.0004869774552017658
2017-08-29,2446.3,11.7,2017-08-29,0.0008424428066569343
2017-08-30,2457.59,11.22,2017-08-30,0.004604515985119675
2017-08-31,2471.65,10.59,2017-08-31,0.005704748858195643
2017-09-01,2476.55,10.13,2017-09-01,0.0019805188155972674
2017-09-05,2457.85,12.23,2017-09-05,-0.007579478568344627
2017-09-06,2465.54,11.63,2017-09-06,0.0031238663821462308
2017-09-07,2465.1,11.55,2017-09-07,-0.0001784758170006678
2017-09-08,2461.43,12.12,2017-09-08,-0.0014898927557054817
2017-09-11,2488.11,10.73,2017-09-11,0.010780904250841916
2017-09-12,2496.48,10.58,2017-09-12,0.0033583535924836664
2017-09-13,2498.37,10.5,2017-09-13,0.0007567795189854543
2017-09-14,2495.62,10.44,2017-09-14,-0.0011013239025146775
2017-09-15,2500.23,10.17,2017-09-15,0.0018455323152087293
2017-09-18,2503.87,10.15,2017-09-18,0.001454807314799407
2017-09-19,2506.65,10.18,2017-09-19,0.0011096653781502376
2017-09-20,2508.24,9.78,2017-09-20,0.0006341116368564334
2017-09-21,2500.6,9.67,2017-09-21,-0.0030506088934585734
2017-09-22,2502.22,9.59,2017-09-22,0.000647634756646368
2017-09-25,2496.66,10.21,2017-09-25,-0.002224499204924677
2017-09-26,2496.84,10.17,2017-09-26,7.209372186979258e-05
2017-09-27,2507.04,9.87,2017-09-27,0.0040768420216074665
2017-09-28,2510.06,9.55,2017-09-28,0.0012038828664962132
2017-09-29,2519.36,9.51,2017-09-29,0.0036982437735080622
2017-10-02,2529.12,9.45,2017-10-02,0.0038665151329828713
2017-10-03,2534.58,9.51,2017-10-03,0.0021565266962995347
2017-10-04,2537.74,9.63,2017-10-04,0.0012459783329185144
2017-10-05,2552.07,9.19,2017-10-05,0.005630873397280621
2017-10-06,2549.33,9.65,2017-10-06,-0.0010742150246923344
2017-10-09,2544.73,10.33,2017-10-09,-0.0018060255475314134
2017-10-10,2550.64,10.08,2017-10-10,0.0023197540709582955
2017-10-11,2555.24,9.85,2017-10-11,0.0018018446358107835
2017-10-12,2550.93,9.91,2017-10-12,-0.001688154144329805
2017-10-13,2553.17,9.61,2017-10-13,0.0008777258062376878
2017-10-16,2557.64,9.91,2017-10-16,0.0017492339334793062
2017-10-17,2559.36,10.31,2017-10-17,0.000672268932882235
2017-10-18,2561.26,10.07,2017-10-18,0.000742097670671056
2017-10-19,2562.1,10.05,2017-10-19,0.00032790981212586
2017-10-20,2575.21,9.97,2017-10-20,0.005103849469401585
2017-10-23,2564.98,11.07,2017-10-23,-0.003980402867081287
2017-10-24,2569.13,11.16,2017-10-24,0.0016166388736675908
2017-10-25,2557.15,11.23,2017-10-25,-0.004673963111462271
2017-10-26,2560.4,11.3,2017-10-26,0.0012701392021270566
2017-10-27,2581.07,9.8,2017-10-27,0.00804054535381592
2017-10-30,2572.83,10.5,2017-10-30,-0.0031975812572382673
2017-10-31,2575.26,10.18,2017-10-31,0.0009440395099815039
2017-11-01,2579.36,10.2,2017-11-01,0.0015908062532808776
2017-11-02,2579.85,9.93,2017-11-02,0.00018995156292258536
2017-11-03,2587.84,9.14,2017-11-03,0.0030922932168462635
2017-11-06,2591.13,9.4,2017-11-06,0.001270523074112308
2017-11-07,2590.64,9.89,2017-11-07,-0.00018912456610798272
2017-11-08,2594.38,9.78,2017-11-08,0.001442617636431107
2017-11-09,2584.62,10.5,2017-11-09,-0.0037690718494426323
2017-11-10,2582.3,11.29,2017-11-10,-0.0008980205445067916
2017-11-13,2584.84,11.5,2017-11-13,0.0009831358177202925
2017-11-14,2578.87,11.59,2017-11-14,-0.0023122919993494805
2017-11-15,2564.62,13.13,2017-11-15,-0.005540998994613265
2017-11-16,2585.64,11.76,2017-11-16,0.00816274002244117
2017-11-17,2578.85,11.43,2017-11-17,-0.002629496392601535
2017-11-20,2582.14,10.65,2017-11-20,0.0012749493588078771
2017-11-21,2599.03,9.73,2017-11-21,0.006519786005639133
2017-11-22,2597.08,9.88,2017-11-22,-0.0007505615129562197
2017-11-24,2602.42,9.67,2017-11-24,0.0020540443802283723
2017-11-27,2601.42,9.87,2017-11-27,-0.00038433157526338035
2017-11-28,2627.04,10.03,2017-11-28,0.009800287295721388
2017-11-29,2626.07,10.7,2017-11-29,-0.0003693050444495722
2017-11-30,2647.58,11.28,2017-11-30,0.00815758318578807
2017-12-01,2642.22,11.43,2017-12-01,-0.002026542339749596
2017-12-04,2639.44,11.68,2017-12-04,-0.001052699437952113
2017-12-05,2629.57,11.33,2017-12-05,-0.0037464387216745616
2017-12-06,2629.27,11.02,2017-12-06,-0.00011409360251520882
2017-12-07,2636.98,10.16,2017-12-07,0.0029280818451754833
2017-12-08,2651.5,9.58,2017-12-08,0.005491194628844653
2017-12-11,2659.99,9.34,2017-12-11,0.0031968457929972233
2017-12-12,2664.11,9.92,2017-12-12,0.0015476797289272538
2017-12-13,2662.85,10.18,2017-12-13,-0.0004730653218714308
2017-12-14,2652.01,10.49,2017-12-14,-0.004079134739528824
2017-12-15,2675.81,9.42,2017-12-15,0.008934295194916394
2017-12-18,2690.16,9.53,2017-12-18,0.0053485331483242
2017-12-19,2681.47,10.03,2017-12-19,-0.003235519788593535
2017-12-20,2679.25,9.72,2017-12-20,-0.000828246999249518
2017-12-21,2684.57,9.62,2017-12-21,0.001983661548850703
2017-12-22,2683.34,9.9,2017-12-22,-0.0004582789284942958
2017-12-26,2680.5,10.25,2017-12-26,-0.0010589429458703716
2017-12-27,2682.62,10.47,2017-12-27,0.0007905846262701684
2017-12-28,2687.54,10.18,2017-12-28,0.0018323481522244368
2017-12-29,2673.61,11.04,2017-12-29,-0.005196657936668189
2018-01-02,2695.81,9.77,2018-01-02,0.008269096661866973
2018-01-03,2713.06,9.15,2018-01-03,0.006378433382130943
2018-01-04,2723.99,9.22,2018-01-04,0.004020568037294825
2018-01-05,2743.15,9.22,2018-01-05,0.007009177903581761
2018-01-08,2747.71,9.52,2018-01-08,0.0016609423836402202
2018-01-09,2751.29,10.08,2018-01-09,0.0013020551030292105
2018-01-10,2748.23,9.82,2018-01-10,-0.001112824506788398
2018-01-11,2767.56,9.88,2018-01-11,0.007008997490407507
2018-01-12,2786.24,10.16,2018-01-12,0.006726951075669084
2018-01-16,2776.42,11.66,2018-01-16,-0.003530688627795424
2018-01-17,2802.56,11.91,2018-01-17,0.00937095716052361
2018-01-18,2798.03,12.22,2018-01-18,-0.0016176870607860264
2018-01-19,2810.3,11.27,2018-01-19,0.004375641082824612
2018-01-22,2832.97,11.03,2018-01-22,0.008034392098314767
2018-01-23,2839.13,11.1,2018-01-23,0.002172035902672236
2018-01-24,2837.54,11.47,2018-01-24,-0.0005601875894072049
2018-01-25,2839.25,11.58,2018-01-25,0.0006024531651585847
2018-01-26,2872.87,11.08,2018-01-26,0.011771597314994501
2018-01-29,2853.53,13.84,2018-01-29,-0.006754705760662041
2018-01-30,2822.43,14.79,2018-01-30,-0.010958608318405548
2018-01-31,2823.81,13.54,2018-01-31,0.0004888208887610065
2018-02-01,2821.98,13.47,2018-02-01,-0.0006482706810167338
2018-02-02,2762.13,17.31,2018-02-02,-0.021436645011316622
2018-02-05,2648.94,37.32,2018-02-05,-0.04184256124518214
2018-02-06,2695.14,29.98,2018-02-06,0.017290591086863923
2018-02-07,2681.66,27.73,2018-02-07,-0.0050141453066676256
2018-02-08,2581.0,33.46,2018-02-08,-0.038259085020510716
2018-02-09,2619.55,29.06,2018-02-09,0.0148256265596341
2018-02-12,2656.0,25.61,2018-02-12,0.013818684318076369
2018-02-13,2662.94,24.97,2018-02-13,0.002609543983683735
2018-02-14,2698.63,19.26,2018-02-14,0.013313461230303598
2018-02-15,2731.2,19.13,2018-02-15,0.011996836229864197
2018-02-16,2732.22,19.46,2018-02-16,0.0003733924947562478
2018-02-20,2716.26,20.6,2018-02-20,-0.005858531424820395
2018-02-21,2701.33,20.02,2018-02-21,-0.005511689809002755
2018-02-22,2703.96,18.72,2018-02-22,0.0009731208529212048
2018-02-23,2747.3,16.49,2018-02-23,0.01590124602558474
2018-02-26,2779.6,15.8,2018-02-26,0.011688421260557077
2018-02-27,2744.28,18.59,2018-02-27,-0.012788286983879777
2018-02-28,2713.83,19.85,2018-02-28,-0.011157824195769547
2018-03-01,2677.67,22.47,2018-03-01,-0.013413907890662753
2018-03-02,2691.25,19.59,2018-03-02,0.0050587563087125835
2018-03-05,2720.94,18.73,2018-03-05,0.01097163914490453
2018-03-06,2728.12,18.36,2018-03-06,0.0026353184422145334
2018-03-07,2726.8,17.76,2018-03-07,-0.0004839667770615435
2018-03-08,2738.97,16.54,2018-03-08,0.004453176811945213
2018-03-09,2786.57,14.64,2018-03-09,0.01722951151316988
2018-03-12,2783.02,15.78,2018-03-12,-0.00127477982427725
2018-03-13,2765.31,16.35,2018-03-13,-0.006383924585162931
2018-03-14,2749.48,17.23,2018-03-14,-0.0057409415327189526
2018-03-15,2747.33,16.59,2018-03-15,-0.0007822719394124938
2018-03-16,2752.01,15.8,2018-03-16,0.0017020228353889482
2018-03-19,2712.92,19.02,2018-03-19,-0.014306008195445936
2018-03-20,2716.94,18.2,2018-03-20,0.0014807014304161871
2018-03-21,2711.93,17.86,2018-03-21,-0.0018456884848011977
2018-03-22,2643.69,23.34,2018-03-22,-0.02548489001614073
2018-03-23,2588.26,24.87,2018-03-23,-0.021189833248420765
2018-03-26,2658.55,21.03,2018-03-26,0.026795026112632157
2018-03-27,2612.62,22.5,2018-03-27,-0.017427312133270447
2018-03-28,2605.0,22.87,2018-03-28,-0.0029208740450646013
2018-03-29,2640.87,19.97,2018-03-29,0.013675733119263357
2018-04-02,2581.88,23.62,2018-04-02,-0.022590592580476767
2018-04-03,2614.45,21.1,2018-04-03,0.012535934603553565
2018-04-04,2644.69,20.06,2018-04-04,0.011500105825438875
2018-04-05,2662.84,18.94,2018-04-05,0.006839366240059898
2018-04-06,2604.47,21.49,2018-04-06,-0.02216402280202734
2018-04-09,2613.16,21.77,2018-04-09,0.0033310173527511624
2018-04-10,2656.87,20.47,2018-04-10,0.016588521255114928
2018-04-11,2642.19,20.24,2018-04-11,-0.005540619488903829
2018-04-12,2663.99,18.49,2018-04-12,0.008216880187239336
2018-04-13,2656.3,17.41,2018-04-13,-0.002890821874502216
2018-04-16,2677.84,16.56,2018-04-16,0.008076322362107757
2018-04-17,2706.39,15.25,2018-04-17,0.010605144127271393
2018-04-18,2708.64,15.6,2018-04-18,0.0008310203745819628
2018-04-19,2693.13,15.96,2018-04-19,-0.005742577941307845
2018-04-20,2670.14,16.88,2018-04-20,-0.008573180471045841
2018-04-23,2670.29,16.34,2018-04-23,5.617525182039568e-05
2018-04-24,2634.56,18.02,2018-04-24,-0.013470895618345118
2018-04-25,2639.4,17.84,2018-04-25,0.0018354334726678417
2018-04-26,2666.94,16.24,2018-04-26,0.010380129158368218
2018-04-27,2669.91,15.41,2018-04-27,0.0011130162199066156
2018-04-30,2648.05,15.93,2018-04-30,-0.008221243907144358
2018-05-01,2654.8,15.49,2018-05-01,0.0025458022179105093
2018-05-02,2635.67,15.97,2018-05-02,-0.007231903167589713
2018-05-03,2629.73,15.9,2018-05-03,-0.0022562397993906034
2018-05-04,2663.42,14.77,2018-05-04,0.012729831933829549
2018-05-07,2672.63,14.75,2018-05-07,0.003451995069662222
2018-05-08,2671.92,14.71,2018-05-08,-0.00026569121971978244
2018-05-09,2697.79,13.42,2018-05-09,0.009635604216150478
2018-05-10,2723.07,13.23,2018-05-10,0.009327000979503942
2018-05-11,2727.72,12.65,2018-05-11,0.0017061751151760478
2018-05-14,2730.13,12.93,2018-05-14,0.0008831316934816184
2018-05-15,2711.45,14.63,2018-05-15,-0.006865679959648896
2018-05-16,2722.46,13.42,2018-05-16,0.0040523361876279775
2018-05-17,2720.13,13.43,2018-05-17,-0.0008562100552650634
2018-05-18,2712.97,13.42,2018-05-18,-0.002635697537311794
2018-05-21,2733.01,13.08,2018-05-21,0.007359590175901056
2018-05-22,2724.44,13.22,2018-05-22,-0.0031406635129493403
2018-05-23,2733.29,12.58,2018-05-23,0.003243109408800207
2018-05-24,2727.76,12.53,2018-05-24,-0.0020252522464269634
2018-05-25,2721.33,13.22,2018-05-25,-0.0023600281824850003
2018-05-29,2689.86,17.02,2018-05-29,-0.011631583739263906
2018-05-30,2724.01,14.94,2018-05-30,0.012615911702766044
2018-05-31,2705.27,15.43,2018-05-31,-0.006903336878120701
2018-06-01,2734.62,13.46,2018-06-01,0.01079076407564197
2018-06-04,2746.87,12.74,2018-06-04,0.004469595089461682
2018-06-05,2748.8,12.4,2018-06-05,0.0007023711683356189
2018-06-06,2772.35,11.64,2018-06-06,0.00853088317566569
2018-06-07,2770.37,12.13,2018-06-07,-0.0007144506972109346
2018-06-08,2779.03,12.18,2018-06-08,0.0031210606659344705
2018-06-11,2782.0,12.35,2018-06-11,0.0010681475490628696
2018-06-12,2786.85,12.34,2018-06-12,0.0017418322369011133
2018-06-13,2775.63,12.94,2018-06-13,-0.004034177279463059
2018-06-14,2782.49,12.12,2018-06-14,0.0024684618120292836
2018-06-15,2779.66,11.98,2018-06-15,-0.0010175922059649557
2018-06-18,2773.75,12.31,2018-06-18,-0.002128422800086842
2018-06-19,2762.59,13.35,2018-06-19,-0.004031549765965106
2018-06-20,2767.32,12.79,2018-06-20,0.0017106973363122029
2018-06-21,2749.76,14.64,2018-06-21,-0.006365707692292354
2018-06-22,2754.88,13.77,2018-06-22,0.0018602493447316098
2018-06-25,2717.07,17.33,2018-06-25,-0.013819790665146471
2018-06-26,2723.06,15.92,2018-06-26,0.0022021541473088704
2018-06-27,2699.63,17.91,2018-06-27,-0.008641521386801524
2018-06-28,2716.31,16.85,2018-06-28,0.0061596150392206625
2018-06-29,2718.37,16.09,2018-06-29,0.0007580943491275485
2018-07-02,2726.71,15.6,2018-07-02,0.003063318269638806
2018-07-03,2713.22,16.14,2018-07-03,-0.004959632808581322
2018-07-05,2736.61,14.97,2018-07-05,0.008583806694084265
2018-07-06,2759.82,13.37,2018-07-06,0.008445532084704199
2018-07-09,2784.17,12.69,2018-07-09,0.008784343615273702
2018-07-10,2793.84,12.64,2018-07-10,0.0034671897996766143
2018-07-11,2774.02,13.63,2018-07-11,-0.0071194619539736125
2018-07-12,2798.29,12.58,2018-07-12,0.008710984661528809
2018-07-13,2801.31,12.18,2018-07-13,0.0010786485794734959
2018-07-16,2798.43,12.83,2018-07-16,-0.001028619276585639
2018-07-17,2809.55,12.06,2018-07-17,0.003965782536343808
2018-07-18,2815.62,12.1,2018-07-18,0.002158157835582412
2018-07-19,2804.49,12.87,2018-07-19,-0.003960781746415428
2018-07-20,2801.83,12.86,2018-07-20,-0.0009489291369751974
2018-07-23,2806.98,12.62,2018-07-23,0.001836397184893872
2018-07-24,2820.4,12.41,2018-07-24,0.0047695465529177935
2018-07-25,2846.07,12.29,2018-07-25,0.009060376426541358
2018-07-26,2837.44,12.14,2018-07-26,-0.003036858079784692
2018-07-27,2818.82,13.03,2018-07-27,-0.006583879546122514
2018-07-30,2802.6,14.26,2018-07-30,-0.005770799909402402
2018-07-31,2816.29,12.83,2018-07-31,0.004872858193980633
2018-08-01,2813.36,13.15,2018-08-01,-0.0010409173801414606
2018-08-02,2827.22,12.19,2018-08-02,0.004914398127409042
2018-08-03,2840.35,11.64,2018-08-03,0.0046333873211502116
2018-08-06,2850.4,11.27,2018-08-06,0.0035320512931104955
2018-08-07,2858.45,10.93,2018-08-07,0.0028201845679715165
2018-08-08,2857.7,10.85,2018-08-08,-0.0002624143888119613
2018-08-09,2853.58,11.27,2018-08-09,-0.0014427591414417902
2018-08-10,2833.28,13.16,2018-08-10,-0.007139295225622618
2018-08-13,2821.93,14.78,2018-08-13,-0.004014003101377949
2018-08-14,2839.96,13.31,2018-08-14,0.006368919546678298
2018-08-15,2818.37,14.64,2018-08-15,-0.007631263915857995
2018-08-16,2840.69,13.45,2018-08-16,0.007888276759113128
2018-08-17,2850.13,12.64,2018-08-17,0.0033176268652185398
2018-08-20,2857.05,12.49,2018-08-20,0.002425016695182756
2018-08-21,2862.96,12.86,2018-08-21,0.002066430689121701
2018-08-22,2861.82,12.25,2018-08-22,-0.00039826858501759574
2018-08-23,2856.98,12.41,2018-08-23,-0.0016926632005294403
2018-08-24,2874.69,11.99,2018-08-24,0.006179719474590772
2018-08-27,2896.74,12.16,2018-08-27,0.007641124395724228
2018-08-28,2897.52,12.5,2018-08-28,0.00026923196567344023
2018-08-29,2914.04,12.25,2018-08-29,0.005685235804660677
2018-08-30,2901.13,13.53,2018-08-30,-0.004440118245784964
2018-08-31,2901.52,12.86,2018-08-31,0.0001344213421754606
2018-09-04,2896.72,13.16,2018-09-04,-0.0016556752036839839
2018-09-05,2888.6,13.91,2018-09-05,-0.0028071067225424913
2018-09-06,2878.05,14.65,2018-09-06,-0.003658974194848502
2018-09-07,2871.68,14.88,2018-09-07,-0.002215757124654065
2018-09-10,2877.13,14.16,2018-09-10,0.0018960451407243311
2018-09-11,2887.89,13.22,2018-09-11,0.003732862156378708
2018-09-12,2888.92,13.14,2018-09-12,0.00035659819551439804
2018-09-13,2904.18,12.37,2018-09-13,0.005268348654683924
2018-09-14,2904.98,12.07,2018-09-14,0.0002754270858635385
2018-09-17,2888.8,13.68,2018-09-17,-0.005585314617480499
2018-09-18,2904.31,12.79,2018-09-18,0.005354649595431229
2018-09-19,2907.95,11.75,2018-09-19,0.0012525249991826694
2018-09-20,2930.75,11.8,2018-09-20,0.007809997394075651
2018-09-21,2929.67,11.68,2018-09-21,-0.0003685742701806347
2018-09-24,2919.37,12.2,2018-09-24,-0.0035219491222055663
2018-09-25,2915.56,12.42,2018-09-25,-0.0013059284486635185
2018-09-26,2905.97,12.89,2018-09-26,-0.0032946695026326335
2018-09-27,2914.0,12.41,2018-09-27,0.0027594661468949336
2018-09-28,2913.98,12.12,2018-09-28,-6.863441535533463e-06
2018-10-01,2924.59,12.0,2018-10-01,0.0036344555873070567
2018-10-02,2923.43,12.05,2018-10-02,-0.0003967154747124362
2018-10-03,2925.51,11.61,2018-10-03,0.0007112400153475563
2018-10-04,2901.61,14.22,2018-10-04,-0.008203069104388573
2018-10-05,2885.57,14.82,2018-10-05,-0.005543301253226848
2018-10-08,2884.43,15.69,2018-10-08,-0.0003951473188331464
2018-10-09,2880.34,15.95,2018-10-09,-0.0014189640475695234
2018-10-10,2785.68,22.96,2018-10-10,-0.033416333989061714
2018-10-11,2728.37,24.98,2018-10-11,-0.020787647463574973
2018-10-12,2767.13,21.31,2018-10-12,0.014106320709680948
2018-10-15,2750.79,21.3,2018-10-15,-0.005922538841602318
2018-10-16,2809.92,17.62,2018-10-16,0.021267870038650147
2018-10-17,2809.21,17.4,2018-10-17,-0.00025270816079308065
2018-10-18,2768.78,20.06,2018-10-18,-0.014496515061645461
2018-10-19,2767.78,19.89,2018-10-19,-0.00036123513910236955
2018-10-22,2755.88,19.64,2018-10-22,-0.004308743988789517
2018-10-23,2740.69,20.71,2018-10-23,-0.005527097324213361
2018-10-24,2656.1,25.23,2018-10-24,-0.03135083200711912
2018-10-25,2705.57,24.22,2018-10-25,0.01845372947933219
2018-10-26,2658.69,24.16,2018-10-26,-0.017479090705260276
2018-10-29,2641.25,24.7,2018-10-29,-0.00658123033377329
2018-10-30,2682.63,23.35,2018-10-30,0.015545366655688744
2018-10-31,2711.74,21.23,2018-10-31,0.010792838671999127
2018-11-01,2740.37,19.34,2018-11-01,0.010502452503904892
2018-11-02,2723.06,19.51,2018-11-02,-0.006336699810107039
2018-11-05,2738.31,19.96,2018-11-05,0.005584693817028391
2018-11-06,2755.45,19.91,2018-11-06,0.006239826862749526
2018-11-07,2813.89,16.36,2018-11-07,0.02098709901578878
2018-11-08,2806.83,16.72,2018-11-08,-0.002512134997959903
2018-11-09,2781.01,17.36,2018-11-09,-0.00924156159302086
2018-11-12,2726.22,20.45,2018-11-12,-0.0198981367275931
2018-11-13,2722.18,20.02,2018-11-13,-0.0014830044565126614
2018-11-14,2701.58,21.25,2018-11-14,-0.007596242848709706
2018-11-15,2730.2,19.98,2018-11-15,0.010538079545354202
2018-11-16,2736.27,18.14,2018-11-16,0.002220812515123669
2018-11-19,2690.73,20.1,2018-11-19,-0.016783146839093228
2018-11-20,2641.89,22.48,2018-11-20,-0.018317962154308476
2018-11-21,2649.93,20.8,2018-11-21,0.003038654446444182
2018-11-23,2632.56,21.52,2018-11-23,-0.006576467765855121
2018-11-26,2673.45,18.9,2018-11-26,0.015413016366781477
2018-11-27,2682.17,19.02,2018-11-27,0.003256395228060269
2018-11-28,2743.79,18.49,2018-11-28,0.02271400793888423
2018-11-29,2737.76,18.79,2018-11-29,-0.0022001085212538245
2018-11-30,2760.17,18.07,2018-11-30,0.008152204233588811
2018-12-03,2790.37,16.44,2018-12-03,0.010881931492828126
2018-12-04,2700.06,20.74,2018-12-04,-0.03290020854234479
2018-12-06,2695.95,21.19,2018-12-06,-0.0015233481015795478
2018-12-07,2633.08,23.23,2018-12-07,-0.023596383238556007
2018-12-10,2637.72,22.64,2018-12-10,0.0017606440003852311
2018-12-11,2636.78,21.76,2018-12-11,-0.0003564318930519869
2018-12-12,2651.07,21.46,2018-12-12,0.005404856335625491
2018-12-13,2650.54,20.65,2018-12-13,-0.0001999392643992198
2018-12-14,2599.95,21.63,2018-12-14,-0.019271178750727643
2018-12-17,2545.94,24.52,2018-12-17,-0.020992280594401735
2018-12-18,2546.16,25.58,2018-12-18,8.640835809843542e-05
2018-12-19,2506.96,25.58,2018-12-19,-0.015515478113209684
2018-12-20,2467.42,28.38,2018-12-20,-0.01589779340309688
2018-12-21,2416.62,30.11,2018-12-21,-0.020803200653483116
2018-12-24,2351.1,36.07,2018-12-24,-0.02748656592240741
2018-12-26,2467.7,30.41,2018-12-26,0.04840323899410944
2018-12-27,2488.83,29.96,2018-12-27,0.008526177791668824
2018-12-28,2485.74,28.34,2018-12-28,-0.001242318591321125
2018-12-31,2506.85,25.42,2018-12-31,0.008456582977787399
2019-01-02,2510.03,23.22,2019-01-02,0.0012677203464647186
2019-01-03,2447.89,25.45,2019-01-03,-0.025068276263535243
2019-01-04,2531.94,21.38,2019-01-04,0.03375937831872888
2019-01-07,2549.69,21.4,2019-01-07,0.006985975834124729
2019-01-08,2574.41,20.47,2019-01-08,0.009648598495866724
2019-01-09,2584.96,19.98,2019-01-09,0.004089652304170427
2019-01-10,2596.64,19.5,2019-01-10,0.004508267632578381
2019-01-11,2596.26,18.19,2019-01-11,-0.0001463536754715011
2019-01-14,2582.61,19.07,2019-01-14,-0.005271432420136155
2019-01-15,2610.3,18.6,2019-01-15,0.0106646417681244
2019-01-16,2616.1,19.04,2019-01-16,0.002219501906088628
2019-01-17,2635.96,18.06,2019-01-17,0.007562782854258203
2019-01-18,2670.71,17.8,2019-01-18,0.013096912647036883
2019-01-22,2632.9,20.8,2019-01-22,-0.014258454363476867
2019-01-23,2638.7,19.52,2019-01-23,0.002200471333308696
2019-01-24,2642.33,18.89,2019-01-24,0.0013747320396555432
2019-01-25,2664.76,17.42,2019-01-25,0.00845289360249617
2019-01-28,2643.85,18.87,2019-01-28,-0.007877809121115848
2019-01-29,2640.0,19.13,2019-01-29,-0.0014572709979783426
2019-01-30,2681.05,17.66,2019-01-30,0.015429591679246102
2019-01-31,2704.1,16.57,2019-01-31,0.008560630907940894
2019-02-01,2706.53,16.14,2019-02-01,0.0008982318744328292
2019-02-04,2724.87,15.73,2019-02-04,0.006753348935356753
2019-02-05,2737.7,15.57,2019-02-05,0.004697431279443067
2019-02-06,2731.61,15.38,2019-02-06,-0.0022269728784431774
2019-02-07,2706.05,16.37,2019-02-07,-0.009401171920809304
2019-02-08,2707.88,15.72,2019-02-08,0.0006760338865466208
2019-02-11,2709.8,15.97,2019-02-11,0.000708790508255086
2019-02-12,2744.73,15.43,2019-02-12,0.012807878037835878
2019-02-13,2753.03,15.65,2019-02-13,0.0030194138361176875
2019-02-14,2745.73,16.22,2019-02-14,-0.002655145628696972
2019-02-15,2775.6,14.91,2019-02-15,0.010819962367806283
2019-02-19,2779.76,14.88,2019-02-19,0.001497652997307533
2019-02-20,2784.7,14.02,2019-02-20,0.001775554608288014
2019-02-21,2774.88,14.46,2019-02-21,-0.0035326446287138233
2019-02-22,2792.67,13.51,2019-02-22,0.006390624438174243
2019-02-25,2796.11,14.85,2019-02-25,0.0012310380564024776
2019-02-26,2793.9,15.17,2019-02-26,-0.0007906963011304784
2019-02-27,2792.38,14.7,2019-02-27,-0.0005441904227899106
2019-02-28,2784.49,14.78,2019-02-28,-0.0028295460586895897
2019-03-01,2803.69,13.57,2019-03-01,0.006871673980360752
2019-03-04,2792.81,14.63,2019-03-04,-0.0038881492742662512
2019-03-05,2789.65,14.74,2019-03-05,-0.0011321175028613038
2019-03-06,2771.45,15.74,2019-03-06,-0.006545490992497904
2019-03-07,2748.93,16.59,2019-03-07,-0.008158903888960062
2019-03-08,2743.07,16.05,2019-03-08,-0.0021340139198386563
2019-03-11,2783.3,14.33,2019-03-11,0.01455954294099511
2019-03-12,2791.52,13.77,2019-03-12,0.0029489762744178273
2019-03-13,2810.92,13.41,2019-03-13,0.00692558154704747
2019-03-14,2808.48,13.5,2019-03-14,-0.0008684201706034471
2019-03-15,2822.48,12.88,2019-03-15,0.004972519373935739
2019-03-18,2832.94,13.1,2019-03-18,0.003699110562037016
2019-03-19,2832.57,13.56,2019-03-19,-0.00013061489628502955
2019-03-20,2824.23,13.91,2019-03-20,-0.002948665691828101
2019-03-21,2854.88,13.63,2019-03-21,0.010794049627223466
2019-03-22,2800.71,16.48,2019-03-22,-0.01915685423505291
2019-03-25,2798.36,16.33,2019-03-25,-0.0008394251681050246
2019-03-26,2818.46,14.68,2019-03-26,0.007157105194891676
2019-03-27,2805.37,15.15,2019-03-27,-0.0046551989086819415
2019-03-28,2815.44,14.43,2019-03-28,0.003583117299404196
2019-03-29,2834.4,13.71,2019-03-29,0.00671171968568772
2019-04-01,2867.19,13.4,2019-04-01,0.01150218150005278
2019-04-02,2867.24,13.36,2019-04-02,1.7438524840564605e-05
2019-04-03,2873.4,13.74,2019-04-03,0.0021461030004631186
2019-04-04,2879.39,13.58,2019-04-04,0.0020824685638528733
2019-04-05,2892.74,12.82,2019-04-05,0.004625683691842571
2019-04-08,2895.77,13.18,2019-04-08,0.0010469016298636597
2019-04-09,2878.2,14.28,2019-04-09,-0.00608595272610467
2019-04-10,2888.21,13.3,2019-04-10,0.003471834314499749
2019-04-11,2888.32,13.02,2019-04-11,3.808514800869783e-05
2019-04-12,2907.41,12.01,2019-04-12,0.006587632286936534
2019-04-15,2905.58,12.32,2019-04-15,-0.000629624362145833
2019-04-16,2907.06,12.18,2019-04-16,0.0005092350573861668
2019-04-17,2900.45,12.6,2019-04-17,-0.0022763638303940604
2019-04-18,2905.03,12.09,2019-04-18,0.0015778199046987368
2019-04-22,2907.97,12.42,2019-04-22,0.0010115259764941317
2019-04-23,2933.68,12.28,2019-04-23,0.008802364401891406
2019-04-24,2927.25,13.14,2019-04-24,-0.0021941919046150143
2019-04-25,2926.17,13.25,2019-04-25,-0.0003690150415501984
2019-04-26,2939.88,12.73,2019-04-26,0.004674363485904015
2019-04-29,2943.03,13.11,2019-04-29,0.0010708986882482718
2019-04-30,2945.83,13.12,2019-04-30,0.000950948132916521
2019-05-01,2923.73,14.8,2019-05-01,-0.007530412649501567
2019-05-02,2917.52,14.42,2019-05-02,-0.002126258023403761
2019-05-03,2945.64,12.87,2019-05-03,0.009592170641481537
2019-05-06,2932.47,15.44,2019-05-06,-0.0044810396666553265
2019-05-07,2884.05,19.32,2019-05-07,-0.01664951500981834
2019-05-08,2879.42,19.4,2019-05-08,-0.0016066713268179022
2019-05-09,2870.72,19.1,2019-05-09,-0.0030260155887187833
2019-05-10,2881.4,16.04,2019-05-10,0.0037134177564540913
2019-05-13,2811.87,20.55,2019-05-13,-0.024426544706444165
2019-05-14,2834.41,18.06,2019-05-14,0.007984060207655182
2019-05-15,2850.96,16.44,2019-05-15,0.005821977020810247
2019-05-16,2876.32,15.29,2019-05-16,0.008855919648712162
2019-05-17,2859.53,15.96,2019-05-17,-0.0058544236531281706
2019-05-20,2840.23,16.31,2019-05-20,-0.006772240853415355
2019-05-21,2864.36,14.95,2019-05-21,0.008459904713623807
2019-05-22,2856.27,14.75,2019-05-22,-0.0028283616990028514
2019-05-23,2822.24,16.92,2019-05-23,-0.011985681943016436
2019-05-24,2826.06,15.85,2019-05-24,0.0013526195784275823
2019-05-28,2802.39,17.5,2019-05-28,-0.008410890934652838
2019-05-29,2783.02,17.9,2019-05-29,-0.006935955517473813
2019-05-30,2788.86,17.3,2019-05-30,0.0020962411748005594
2019-05-31,2752.06,18.71,2019-05-31,-0.013283188023120184
2019-06-03,2744.45,18.86,2019-06-03,-0.00276903157185015
2019-06-04,2803.27,16.97,2019-06-04,0.02120590232217955
2019-06-05,2826.15,16.09,2019-06-05,0.00812876850064147
2019-06-06,2843.49,15.93,2019-06-06,0.006116809555866062
2019-06-07,2873.34,16.3,2019-06-07,0.01044294522456708
2019-06-10,2886.73,15.94,2019-06-10,0.004649257428952238
2019-06-11,2885.72,15.99,2019-06-11,-0.00034993807146250003
2019-06-12,2879.84,15.91,2019-06-12,-0.0020396984988729416
2019-06-13,2891.64,15.82,2019-06-13,0.004089078171241749
2019-06-14,2886.98,15.28,2019-06-14,-0.001612842169983723
2019-06-17,2889.67,15.35,2019-06-17,0.000931335703024821
2019-06-18,2917.75,15.15,2019-06-18,0.009670462557011119
2019-06-19,2926.46,14.33,2019-06-19,0.002980730141062033
2019-06-20,2954.18,14.75,2019-06-20,0.009427615127716307
2019-06-21,2950.46,15.4,2019-06-21,-0.00126002618014856
2019-06-24,2945.35,15.26,2019-06-24,-0.0017334348561240606
2019-06-25,2917.38,16.28,2019-06-25,-0.009541702315563342
2019-06-26,2913.78,16.21,2019-06-26,-0.0012347459021461497
2019-06-27,2924.92,15.82,2019-06-27,0.003815922557317216
2019-06-28,2941.76,15.08,2019-06-28,0.005740911810813222
2019-07-01,2964.33,14.06,2019-07-01,0.00764299557558019
2019-07-02,2973.01,12.93,2019-07-02,0.0029238703472561083
2019-07-03,2995.82,12.57,2019-07-03,0.007643076127192919
2019-07-05,2990.41,13.28,2019-07-05,-0.0018074819954691978
2019-07-08,2975.95,13.96,2019-07-08,-0.004847185993376031
2019-07-09,2979.63,14.09,2019-07-09,0.0012358159804265049
2019-07-10,2993.07,13.03,2019-07-10,0.004500484767317741
2019-07-11,2999.91,12.93,2019-07-11,0.0022826717159195975
2019-07-12,3013.77,12.39,2019-07-12,0.0046094985236418
2019-07-15,3014.3,12.68,2019-07-15,0.00017584401022740885
2019-07-16,3004.04,12.86,2019-07-16,-0.003409581359505424
2019-07-17,2984.42,13.97,2019-07-17,-0.006552626285154946
2019-07-18,2995.11,13.53,2019-07-18,0.003575535665450798
2019-07-19,2976.61,14.45,2019-07-19,-0.006195889687754784
2019-07-22,2985.03,13.53,2019-07-22,0.0028247279603128136
2019-07-23,3005.47,12.61,2019-07-23,0.006824164701727632
2019-07-24,3019.56,12.07,2019-07-24,0.00467716366089344
2019-07-25,3003.67,12.74,2019-07-25,-0.005276251069020221
2019-07-26,3025.86,12.16,2019-07-26,0.007360474259664691
2019-07-29,3020.97,12.83,2019-07-29,-0.001617376729950298
2019-07-30,3013.18,13.94,2019-07-30,-0.002581972383093503
2019-07-31,2980.38,16.12,2019-07-31,-0.010945190319276599
2019-08-01,2953.56,17.87,2019-08-01,-0.009039586726804723
2019-08-02,2932.05,17.61,2019-08-02,-0.007309385354454939
2019-08-05,2844.74,24.59,2019-08-05,-0.03023016208358668
2019-08-06,2881.77,20.17,2019-08-06,0.012933013700777157
2019-08-07,2883.98,19.49,2019-08-07,0.0007665958837026665
2019-08-08,2938.09,16.91,2019-08-08,0.018588425780336086
2019-08-09,2918.65,17.97,2019-08-09,-0.006638529760062074
2019-08-12,2883.75,21.09,2019-08-12,-0.012029650100344293
2019-08-13,2926.32,17.52,2019-08-13,0.014654130432155564
2019-08-14,2840.6,22.1,2019-08-14,-0.029730363473091367
2019-08-15,2847.6,21.18,2019-08-15,0.002461236782690441
2019-08-16,2888.68,18.47,2019-08-16,0.014323116131046663
2019-08-19,2923.65,16.88,2019-08-19,0.012033185301994735
2019-08-20,2900.51,17.5,2019-08-20,-0.0079462520811493
2019-08-21,2924.43,15.8,2019-08-21,0.008213006299499564
2019-08-22,2922.95,16.68,2019-08-22,-0.0005062096294763871
2019-08-23,2847.11,19.87,2019-08-23,-0.026288935558066755
2019-08-26,2878.38,19.32,2019-08-26,0.01092319117394898
2019-08-27,2869.16,20.31,2019-08-27,-0.003208331880684989
2019-08-28,2887.94,19.35,2019-08-28,0.00652414118680143
2019-08-29,2924.58,17.88,2019-08-29,0.01260743543874108
2019-08-30,2926.46,18.98,2019-08-30,0.0006426208211523476
2019-09-03,2906.27,19.66,2019-09-03,-0.006923029401107576
2019-09-04,2937.78,17.33,2019-09-04,0.010783722026351545
2019-09-05,2976.0,16.27,2019-09-05,0.012925922894213253
2019-09-06,2978.71,15.0,2019-09-06,0.0009102039182753089
2019-09-09,2978.43,15.27,2019-09-09,-9.400484131865216e-05
2019-09-10,2979.39,15.2,2019-09-10,0.00032226552944139824
2019-09-11,3000.93,14.61,2019-09-11,0.007203659050794233
2019-09-12,3009.57,14.22,2019-09-12,0.002874970784836015
2019-09-13,3007.39,13.74,2019-09-13,-0.0007246184436619995
2019-09-16,2997.96,14.67,2019-09-16,-0.0031405356059661417
2019-09-17,3005.7,14.44,2019-09-17,0.002578428587944307
2019-09-18,3006.73,13.95,2019-09-18,0.00034262353493549175
2019-09-19,3006.79,14.05,2019-09-19,1.995503465594414e-05
2019-09-20,2992.07,15.32,2019-09-20,-0.004907608960300919
2019-09-23,2991.78,14.91,2019-09-23,-9.692756343391435e-05
2019-09-24,2966.6,17.05,2019-09-24,-0.008452012089671584
2019-09-25,2984.87,15.96,2019-09-25,0.006139678900037132
2019-09-26,2977.62,16.07,2019-09-26,-0.0024318711052058748
2019-09-27,2961.79,17.22,2019-09-27,-0.005330508411847584
2019-09-30,2976.74,16.24,2019-09-30,0.005034926684707536
2019-10-01,2940.25,18.56,2019-10-01,-0.012334130226057026
2019-10-02,2887.61,20.56,2019-10-02,-0.01806544138860686
2019-10-03,2910.63,19.12,2019-10-03,0.007940382236732714
2019-10-04,2952.01,17.04,2019-10-04,0.0141167416692291
2019-10-07,2938.79,17.86,2019-10-07,-0.004488362257589361
2019-10-08,2893.06,20.28,2019-10-08,-0.015683166513284146
2019-10-09,2919.4,18.64,2019-10-09,0.009063350218850439
2019-10-10,2938.13,17.57,2019-10-10,0.006395208846051041
2019-10-11,2970.27,15.58,2019-10-11,0.010879533213144676
2019-10-14,2966.15,14.57,2019-10-14,-0.0013880421740668583
2019-10-15,2995.68,13.54,2019-10-15,0.009906435272235942
2019-10-16,2989.69,13.68,2019-10-16,-0.0020015477739079852
2019-10-17,2997.95,13.79,2019-10-17,0.002759018658342625
2019-10-18,2986.2,14.25,2019-10-18,-0.003927045645713622
2019-10-21,3006.72,14.0,2019-10-21,0.0068481074978751595
2019-10-22,2995.99,14.46,2019-10-22,-0.0035750557426104746
2019-10-23,3004.52,14.01,2019-10-23,0.0028430935856431803
2019-10-24,3010.29,13.71,2019-10-24,0.0019185981834693214
2019-10-25,3022.55,12.65,2019-10-25,0.0040644263323678705
2019-10-28,3039.42,13.11,2019-10-28,0.005565861774647979
2019-10-29,3036.89,13.2,2019-10-29,-0.0008327422880678223
2019-10-30,3046.77,12.33,2019-10-30,0.0032480476180495634
2019-10-31,3037.56,13.22,2019-10-31,-0.00302745151380397
2019-11-01,3066.91,12.3,2019-11-01,0.009615978507102713
2019-11-04,3078.27,12.83,2019-11-04,0.003697210802720748
2019-11-05,3074.62,13.1,2019-11-05,-0.001186434481407325
2019-11-06,3076.78,12.62,2019-11-06,0.0007022791848279718
2019-11-07,3085.18,12.73,2019-11-07,0.0027264069235454487
2019-11-08,3093.08,12.07,2019-11-08,0.002557355729783027
2019-11-11,3087.01,12.69,2019-11-11,-0.001964373318799635
2019-11-12,3091.84,12.68,2019-11-12,0.00156339803808006
2019-11-13,3094.04,13.0,2019-11-13,0.0007112973716774344
2019-11-14,3096.63,13.05,2019-11-14,0.0008367430830954413
2019-11-15,3120.46,12.05,2019-11-15,0.007666003452600061
2019-11-18,3122.03,12.46,2019-11-18,0.0005030044207048551
2019-11-19,3120.18,12.86,2019-11-19,-0.0005927388069818729
2019-11-20,3108.46,12.78,2019-11-20,-0.003763265763221234
2019-11-21,3103.54,13.13,2019-11-21,-0.0015840312391350534
2019-11-22,3110.29,12.34,2019-11-22,0.002172573969691297
2019-11-25,3133.64,11.87,2019-11-25,0.007479298726807982
2019-11-26,3140.52,11.54,2019-11-26,0.002193123145604235
2019-11-27,3153.63,11.75,2019-11-27,0.004165779003972946
2019-11-29,3140.98,12.62,2019-11-29,-0.004019317171346202
2019-12-02,3113.87,14.91,2019-12-02,-0.008668527546202967
2019-12-03,3093.2,15.96,2019-12-03,-0.006660171838373699
2019-12-04,3112.76,14.8,2019-12-04,0.006303638685847347
2019-12-05,3117.43,14.52,2019-12-05,0.0014991519920369975
2019-12-06,3145.91,13.62,2019-12-06,0.00909425204036833
2019-12-09,3135.96,15.86,2019-12-09,-0.0031678491662223223
2019-12-10,3132.52,15.68,2019-12-10,-0.0010975548602935618
2019-12-11,3141.63,14.99,2019-12-11,0.0029039810658439487
2019-12-12,3168.57,13.94,2019-12-12,0.008538608499854607
2019-12-13,3168.8,12.63,2019-12-13,7.258531539142115e-05
2019-12-16,3191.45,12.14,2019-12-16,0.007122391651237605
2019-12-17,3192.52,12.29,2019-12-17,0.0003352146109771036
2019-12-18,3191.14,12.58,2019-12-18,-0.00043235386016704703
2019-12-19,3205.37,12.5,2019-12-19,0.004449308599583262
2019-12-20,3221.22,12.51,2019-12-20,0.004932641459037748
2019-12-23,3224.01,12.61,2019-12-23,0.00086575659030548
2019-12-24,3223.38,12.67,2019-12-24,-0.00019542791796535865
2019-12-26,3239.91,12.65,2019-12-26,0.005115053182071611
2019-12-27,3240.02,13.43,2019-12-27,3.395098404170214e-05
2019-12-30,3221.29,14.82,2019-12-30,-0.0057976021775765895
2019-12-31,3230.78,13.78,2019-12-31,0.0029416937024937355
2020-01-02,3257.85,12.47,2020-01-02,0.008343874454693168
2020-01-03,3234.85,14.02,2020-01-03,-0.007084909578083601
2020-01-06,3246.28,13.85,2020-01-06,0.003527166358322553
2020-01-07,3237.18,13.79,2020-01-07,-0.002807144942889736
2020-01-08,3253.05,13.45,2020-01-08,0.004890437358736847
2020-01-09,3274.7,12.54,2020-01-09,0.006633244037575673
2020-01-10,3265.35,12.56,2020-01-10,-0.002859307305046252
2020-01-13,3288.13,12.32,2020-01-13,0.006952059592316183
2020-01-14,3283.15,12.39,2020-01-14,-0.0015156867317727837
2020-01-15,3289.29,12.42,2020-01-15,0.0018684086233433153
2020-01-16,3316.81,12.32,2020-01-16,0.00833174163220134
2020-01-17,3329.62,12.1,2020-01-17,0.00385470571772163
2020-01-21,3320.79,12.85,2020-01-21,-0.002655476937142426
2020-01-22,3321.75,12.91,2020-01-22,0.00028904605969510904
2020-01-23,3325.54,12.98,2020-01-23,0.0011403144471457103
2020-01-24,3295.47,14.56,2020-01-24,-0.009083268789936675
2020-01-27,3243.63,18.23,2020-01-27,-0.015855725118383686
2020-01-28,3276.24,16.28,2020-01-28,0.010003350352589398
2020-01-29,3273.4,16.39,2020-01-29,-0.0008672232910484065
2020-01-30,3283.66,15.49,2020-01-30,0.0031294538629889324
2020-01-31,3225.52,18.84,2020-01-31,-0.01786447639264373
2020-02-03,3248.92,17.97,2020-02-03,0.007228455862910543
2020-02-04,3297.59,16.05,2020-02-04,0.014869265218066252
2020-02-05,3334.69,15.15,2020-02-05,0.011187822882933645
2020-02-06,3345.78,14.96,2020-02-06,0.0033201287296620923
2020-02-07,3327.71,15.47,2020-02-07,-0.005415470514539197
2020-02-10,3352.09,15.04,2020-02-10,0.0072996521623710205
2020-02-11,3357.75,15.18,2020-02-11,0.0016870749056512096
2020-02-12,3379.45,13.74,2020-02-12,0.0064418675537450355
2020-02-13,3373.94,14.15,2020-02-13,-0.0016317734419649113
2020-02-14,3380.16,13.68,2020-02-14,0.0018418447338326407
2020-02-18,3370.29,14.83,2020-02-18,-0.0029242515783095627
2020-02-19,3386.15,14.38,2020-02-19,0.004694788714441035
2020-02-20,3373.23,15.56,2020-02-20,-0.003822840477830947
2020-02-21,3337.75,17.08,2020-02-21,-0.010573815022893411
2020-02-24,3225.89,25.03,2020-02-24,-0.034088046120521465
2020-02-25,3128.21,27.85,2020-02-25,-0.030747925188099268
2020-02-26,3116.39,27.56,2020-02-26,-0.003785675340731014
2020-02-27,2978.76,39.16,2020-02-27,-0.04516817410065283
2020-02-28,2954.22,40.11,2020-02-28,-0.00827244991427585
2020-03-02,3090.23,33.42,2020-03-02,0.04501086517277787
2020-03-03,3003.37,36.82,2020-03-03,-0.0285105302619053
2020-03-04,3130.12,31.99,2020-03-04,0.04133635094064169
2020-03-05,3023.94,39.62,2020-03-05,-0.034510725624696516
2020-03-06,2972.37,41.94,2020-03-06,-0.01720100245462004
2020-03-09,2746.56,54.46,2020-03-09,-0.07901039484826664
2020-03-10,2882.23,47.3,2020-03-10,0.04821508053580021
2020-03-11,2741.38,53.9,2020-03-11,-0.05010285683741073
2020-03-12,2480.64,75.47,2020-03-12,-0.09994485184600743
2020-03-13,2711.02,57.83,2020-03-13,0.0888083564407466
2020-03-16,2386.13,82.69,2020-03-16,-0.12765214115647325
2020-03-17,2529.19,75.91,2020-03-17,0.0582262866907417
2020-03-18,2398.1,76.45,2020-03-18,-0.05322233622142454
2020-03-19,2409.39,72.0,2020-03-19,0.004696846277420959
2020-03-20,2304.92,66.04,2020-03-20,-0.0443276347431585
2020-03-23,2237.4,61.59,2020-03-23,-0.029731491257259945
2020-03-24,2447.33,61.67,2020-03-24,0.08968315694821649
2020-03-25,2475.56,63.95,2020-03-25,0.011468998674479099
2020-03-26,2630.07,61.0,2020-03-26,0.06054382875166776
2020-03-27,2541.47,65.54,2020-03-27,-0.03426780802262948
2020-03-30,2626.65,57.08,2020-03-30,0.03296661622145552
2020-03-31,2584.59,53.54,2020-03-31,-0.016142381973062482
2020-04-01,2470.5,57.06,2020-04-01,-0.04514632872715227
2020-04-02,2526.9,50.91,2020-04-02,0.022572695703622976
2020-04-03,2488.65,46.8,2020-04-03,-0.015252860231953606
2020-04-06,2663.68,45.24,2020-04-06,0.06796823056768604
2020-04-07,2659.41,46.7,2020-04-07,-0.0016043316629523077
2020-04-08,2749.98,43.35,2020-04-08,0.03348934524468995
2020-04-09,2789.82,41.67,2020-04-09,0.01438343869822631
2020-04-13,2761.63,41.17,2020-04-13,-0.010155992507349275
2020-04-14,2846.06,37.76,2020-04-14,0.0301144965504564
2020-04-15,2783.36,40.84,2020-04-15,-0.022276750679012372
2020-04-16,2799.55,40.11,2020-04-16,0.0057998589924373595
2020-04-17,2874.56,38.15,2020-04-17,0.026440929079185473
2020-04-20,2823.16,43.83,2020-04-20,-0.018042794099790368
2020-04-21,2736.56,45.41,2020-04-21,-0.031155167779795462
2020-04-22,2799.31,41.98,2020-04-22,0.022671301062101197
2020-04-23,2797.8,41.38,2020-04-23,-0.0005395641810268519
2020-04-24,2836.74,35.93,2020-04-24,0.013822111461719605
2020-04-27,2878.48,33.29,2020-04-27,0.014606871524449172
2020-04-28,2863.39,33.57,2020-04-28,-0.005256139460119837
2020-04-29,2939.51,31.23,2020-04-29,0.02623666320724924
2020-04-30,2912.43,34.15,2020-04-30,-0.00925511652526566
2020-05-01,2830.71,37.19,2020-05-01,-0.028460220686828817
2020-05-04,2842.74,35.97,2020-05-04,0.0042408122145938705
2020-05-05,2868.44,33.61,2020-05-05,0.00899995218953805
2020-05-06,2848.42,34.12,2020-05-06,-0.007003873398600344
2020-05-07,2881.19,31.44,2020-05-07,0.011438948664053582
2020-05-08,2929.8,27.98,2020-05-08,0.016730758062550522
2020-05-11,2930.32,27.57,2020-05-11,0.00017747076898242637
2020-05-12,2870.12,33.04,2020-05-12,-0.020757791338386403
2020-05-13,2820.0,35.28,2020-05-13,-0.017616955794106534
2020-05-14,2852.5,32.61,2020-05-14,0.01145891780407149
2020-05-15,2863.7,31.89,2020-05-15,0.003918692254435327
2020-05-18,2953.91,29.3,2020-05-18,0.031015221473356874
2020-05-19,2922.94,30.53,2020-05-19,-0.010539757419425795
2020-05-20,2971.61,27.99,2020-05-20,0.01651393441786152
2020-05-21,2948.51,29.53,2020-05-21,-0.007803935472623133
2020-05-22,2955.45,28.16,2020-05-22,0.002350965520250863
2020-05-26,2991.77,28.01,2020-05-26,0.012214261971750162
2020-05-27,3036.13,27.62,2020-05-27,0.014718492616296689
2020-05-28,3029.73,28.59,2020-05-28,-0.0021101714760443074
2020-05-29,3044.31,27.51,2020-05-29,0.004800767858804524
2020-06-01,3055.73,28.23,2020-06-01,0.003744242117017055
2020-06-02,3080.82,26.84,2020-06-02,0.008177278702023465
2020-06-03,3122.87,25.66,2020-06-03,0.013556655475681826
2020-06-04,3112.35,25.81,2020-06-04,-0.003374382935045795
2020-06-05,3193.93,24.52,2020-06-05,0.025874065601552972
2020-06-08,3232.39,25.81,2020-06-08,0.011969668235859062
2020-06-09,3207.18,27.57,2020-06-09,-0.007829755338198062
2020-06-10,3190.14,27.57,2020-06-10,-0.0053272433765708446
2020-06-11,3002.1,40.79,2020-06-11,-0.06075275919869289
2020-06-12,3041.31,36.09,2020-06-12,0.012976299868566436
2020-06-15,3066.59,34.4,2020-06-15,0.008277851423430304
2020-06-16,3124.74,33.67,2020-06-16,0.01878488465267299
2020-06-17,3113.49,33.47,2020-06-17,-0.003606796221336869
2020-06-18,3115.34,32.94,2020-06-18,0.0005940120550401924
2020-06-19,3097.74,35.12,2020-06-19,-0.005665482200964775
2020-06-22,3117.86,31.77,2020-06-22,0.006474055690439126
2020-06-23,3131.29,31.37,2020-06-23,0.0042981911703125365
2020-06-24,3050.33,33.84,2020-06-24,-0.02619527873275449
2020-06-25,3083.76,32.22,2020-06-25,0.010899850173409288
2020-06-26,3009.05,34.73,2020-06-26,-0.024525217335129468
2020-06-29,3053.24,31.78,2020-06-29,0.014578907539069857
2020-06-30,3100.29,30.43,2020-06-30,0.01529233363768146
2020-07-01,3115.86,28.62,2020-07-01,0.005009542099664131
2020-07-02,3130.01,27.68,2020-07-02,0.00453100183265328
2020-07-06,3179.72,27.94,2020-07-06,0.015756943165826313
2020-07-07,3145.32,29.43,2020-07-07,-0.010877508816987262
2020-07-08,3169.94,28.08,2020-07-08,0.007797026481291786
2020-07-09,3152.05,29.26,2020-07-09,-0.005659625451287915
2020-07-10,3185.04,27.29,2020-07-10,0.010411813000986475
2020-07-13,3155.22,32.19,2020-07-13,-0.00940662366648347
2020-07-14,3197.52,29.52,2020-07-14,0.013317285189446137
2020-07-15,3226.56,27.76,2020-07-15,0.009041044884784208
2020-07-16,3215.57,28.0,2020-07-16,-0.003411918313161816
2020-07-17,3224.73,25.68,2020-07-17,0.0028445899031588197
2020-07-20,3251.84,24.46,2020-07-20,0.008371764170464781
2020-07-21,3257.3,24.84,2020-07-21,0.0016776413721593887
2020-07-22,3276.02,24.32,2020-07-22,0.005730639622957727
2020-07-23,3235.66,26.08,2020-07-23,-0.012396345287241563
2020-07-24,3215.63,25.84,2020-07-24,-0.006209630744305032
2020-07-27,3239.41,24.74,2020-07-27,0.007367919510066761
2020-07-28,3218.44,25.44,2020-07-28,-0.006494444344686342
2020-07-29,3258.44,24.1,2020-07-29,0.012351783128253628
2020-07-30,3246.22,24.76,2020-07-30,-0.0037573107206831397
2020-07-31,3271.12,24.46,2020-07-31,0.007641191392371668
2020-08-03,3294.61,24.28,2020-08-03,0.007155365883905606
2020-08-04,3306.51,23.76,2020-08-04,0.00360545267801785
2020-08-05,3327.77,22.99,2020-08-05,0.0064091575198012216
2020-08-06,3349.16,22.65,2020-08-06,0.006407158132423376
2020-08-07,3351.28,22.21,2020-08-07,0.0006327942853730394
2020-08-10,3360.47,22.13,2020-08-10,0.0027384827334759297
2020-08-11,3333.69,24.03,2020-08-11,-0.008001046543221289
2020-08-12,3380.35,22.28,2020-08-12,0.013899455827979215
2020-08-13,3373.43,22.13,2020-08-13,-0.0020492235227105187
2020-08-14,3372.85,22.05,2020-08-14,-0.0001719466139647112
2020-08-17,3381.99,21.35,2020-08-17,0.0027062093485908582
2020-08-18,3389.78,21.51,2020-08-18,0.002300728889572129
2020-08-19,3374.85,22.54,2020-08-19,-0.004414143638946041
2020-08-20,3385.51,22.72,2020-08-20,0.0031536808202811935
2020-08-21,3397.16,22.54,2020-08-21,0.0034352287393030465
2020-08-24,3431.28,22.37,2020-08-24,0.009993580954932106
2020-08-25,3443.62,22.03,2020-08-25,0.00358987425339455
2020-08-26,3478.73,23.27,2020-08-26,0.010144040989640822
2020-08-27,3484.55,24.47,2020-08-27,0.0016716264045830256
2020-08-28,3508.01,22.96,2020-08-28,0.00671001407851169
2020-08-31,3500.31,26.41,2020-08-31,-0.0021973891312895358
2020-09-01,3526.65,26.12,2020-09-01,0.007496875851234013
2020-09-02,3580.84,26.57,2020-09-02,0.015248997908235747
2020-09-03,3455.06,33.6,2020-09-03,-0.035757586556313434
2020-09-04,3426.96,30.75,2020-09-04,-0.0081662523968659
2020-09-08,3331.84,31.46,2020-09-08,-0.02814886686405828
2020-09-09,3398.96,28.81,2020-09-09,0.019944798533671326
2020-09-10,3339.19,29.71,2020-09-10,-0.01774123987058698
2020-09-11,3340.97,26.87,2020-09-11,0.000532921379765575
2020-09-14,3383.54,25.85,2020-09-14,0.012661314711189059
2020-09-15,3401.2,25.59,2020-09-15,0.005205811831507181
2020-09-16,3385.49,26.04,2020-09-16,-0.004629658363745304
2020-09-17,3357.01,26.46,2020-09-17,-0.008447955322129995
2020-09-18,3319.47,25.83,2020-09-18,-0.011245565213035068
2020-09-21,3281.06,27.78,2020-09-21,-0.011638590711243436
2020-09-22,3315.57,26.86,2020-09-22,0.010463013638868866
2020-09-23,3236.92,28.58,2020-09-23,-0.024007294161091854
2020-09-24,3246.59,28.51,2020-09-24,0.0029829543473573147
2020-09-25,3298.46,26.38,2020-09-25,0.015850478138509476
2020-09-28,3351.6,26.19,2020-09-28,0.015982150874003724
2020-09-29,3335.47,26.27,2020-09-29,-0.004824244783809024
2020-09-30,3363.0,26.37,2020-09-30,0.008219833784947334
2020-10-01,3380.8,26.7,2020-10-01,0.005278935121522738
2020-10-02,3348.44,27.63,2020-10-02,-0.009617802143182246
2020-10-05,3408.63,27.96,2020-10-05,0.01781588530117781
2020-10-06,3360.95,29.48,2020-10-06,-0.014086778930182592
2020-10-07,3419.45,28.06,2020-10-07,0.01725604732087949
2020-10-08,3446.83,26.36,2020-10-08,0.007975248642444218
2020-10-09,3477.13,25.0,2020-10-09,0.008752272809348647
2020-10-12,3534.22,25.07,2020-10-12,0.01628538348497012
2020-10-13,3511.93,26.07,2020-10-13,-0.006326880453748811
2020-10-14,3488.67,26.4,2020-10-14,-0.006645169155040894
2020-10-15,3483.34,26.97,2020-10-15,-0.0015289711398439405
2020-10-16,3483.81,27.41,2020-10-16,0.00013491886946954788
2020-10-19,3426.92,29.18,2020-10-19,-0.016464623898632638
2020-10-20,3443.12,29.35,2020-10-20,0.004716138487297713
2020-10-21,3435.56,28.65,2020-10-21,-0.0021980970313859494
2020-10-22,3453.49,28.11,2020-10-22,0.005205373886326262
2020-10-23,3465.39,27.55,2020-10-23,0.0034398664911297477
2020-10-26,3400.97,32.46,2020-10-26,-0.018764495369547173
2020-10-27,3390.68,33.35,2020-10-27,-0.0030301938037524704
2020-10-28,3271.03,40.28,2020-10-28,-0.03592557122600889
2020-10-29,3310.11,37.59,2020-10-29,0.0118765014438055
2020-10-30,3269.96,38.02,2020-10-30,-0.012203669046735501
2020-11-02,3310.24,37.13,2020-11-02,0.012242941894852779
2020-11-03,3369.16,35.55,2020-11-03,0.01764276082075866
2020-11-04,3443.44,29.57,2020-11-04,0.02180751658433598
2020-11-05,3510.45,27.58,2020-11-05,0.019273262670013912
2020-11-06,3509.44,24.86,2020-11-06,-0.00028775379869741254
2020-11-09,3550.5,25.75,2020-11-09,0.011631958050304203
2020-11-10,3545.53,24.8,2020-11-10,-0.0014007834839128777
2020-11-11,3572.66,23.45,2020-11-11,0.007622761226929676
2020-11-12,3537.01,25.35,2020-11-12,-0.010028678908945363
2020-11-13,3585.15,23.1,2020-11-13,0.013518576706374859
2020-11-16,3626.91,22.45,2020-11-16,0.011580731916656505
2020-11-17,3609.53,22.71,2020-11-17,-0.00480347613410369
2020-11-18,3567.79,23.84,2020-11-18,-0.011631213479601318
2020-11-19,3581.87,23.11,2020-11-19,0.003938653922538716
2020-11-20,3557.54,23.7,2020-11-20,-0.006815715636269892
2020-11-23,3577.59,22.66,2020-11-23,0.0056200945950578216
2020-11-24,3635.41,21.64,2020-11-24,0.016032507557285768
2020-11-25,3629.65,21.25,2020-11-25,-0.0015856720266289198
2020-11-27,3638.35,20.84,2020-11-27,0.0023940572799516376
2020-11-30,3621.63,20.57,2020-11-30,-0.004606081438497098
2020-12-01,3662.45,20.77,2020-12-01,0.011208121636017976
2020-12-02,3669.01,21.17,2020-12-02,0.0017895485348597621
2020-12-03,3666.72,21.28,2020-12-03,-0.0006243414287024246
2020-12-04,3699.12,20.79,2020-12-04,0.008797424045414703
2020-12-07,3691.96,21.3,2020-12-07,-0.0019374711787083175
2020-12-08,3702.25,20.68,2020-12-08,0.0027832605897471193
2020-12-09,3672.82,22.27,2020-12-09,-0.007980983560702697
2020-12-10,3668.1,22.52,2020-12-10,-0.00128594253865602
2020-12-11,3663.46,23.31,2020-12-11,-0.0012657607983834493
2020-12-14,3647.49,24.72,2020-12-14,-0.0043687962305264194
2020-12-15,3694.62,22.89,2020-12-15,0.012838447626446777
2020-12-16,3701.17,22.5,2020-12-16,0.0017712784469306416
2020-12-17,3722.48,21.93,2020-12-17,0.005741126947631056
2020-12-18,3709.41,21.57,2020-12-18,-0.003517278505023192
2020-12-21,3694.92,25.16,2020-12-21,-0.003913931036978114
2020-12-22,3687.26,24.23,2020-12-22,-0.002075268484142857
2020-12-23,3690.01,23.31,2020-12-23,0.0007455332737925254
2020-12-24,3703.06,21.53,2020-12-24,0.0035303368029281483
2020-12-28,3735.36,21.7,2020-12-28,0.008684694603369354
2020-12-29,3727.04,23.08,2020-12-29,-0.0022298465500115035
2020-12-30,3732.04,22.77,2020-12-30,0.0013406481091209083
2020-12-31,3756.07,22.75,2020-12-31,0.006418196978792083
2021-01-04,3700.65,26.97,2021-01-04,-0.014864718123372964
2021-01-05,3726.86,25.34,2021-01-05,0.0070575761707220575
2021-01-06,3748.14,25.07,2021-01-06,0.00569366086621762
2021-01-07,3803.79,22.37,2021-01-07,0.014738221178340893
2021-01-08,3824.68,21.56,2021-01-08,0.005476865536105689
2021-01-11,3799.61,24.08,2021-01-11,-0.006576373761664375
2021-01-12,3801.19,23.33,2021-01-12,0.00041574571696605784
2021-01-13,3809.84,22.21,2021-01-13,0.0022730179027713113
2021-01-14,3795.54,23.25,2021-01-14,-0.0037605002910535887
2021-01-15,3768.25,24.34,2021-01-15,-0.007215990506594139
2021-01-19,3798.91,23.24,2021-01-19,0.008103480771510008
2021-01-20,3851.85,21.58,2021-01-20,0.013839368887685784
2021-01-21,3853.07,21.32,2021-01-21,0.0003166807728557909
2021-01-22,3841.47,21.91,2021-01-22,-0.003015127294928243
2021-01-25,3855.36,23.19,2021-01-25,0.003609282023548102
2021-01-26,3849.62,23.02,2021-01-26,-0.0014899457394751568
2021-01-27,3750.77,37.21,2021-01-27,-0.02601328989204868
2021-01-28,3787.38,30.21,2021-01-28,0.009713334927599454
2021-01-29,3714.24,33.09,2021-01-29,-0.019500405967127862
2021-02-01,3773.86,30.24,2021-02-01,0.015924269140718334
2021-02-02,3826.31,25.56,2021-02-02,0.013802541965649213
2021-02-03,3830.17,22.91,2021-02-03,0.0010082963259948519
2021-02-04,3871.74,21.77,2021-02-04,0.010794829768938023
2021-02-05,3886.83,20.87,2021-02-05,0.0038898969855535024
2021-02-08,3915.59,21.24,2021-02-08,0.007372105129886368
2021-02-09,3911.23,21.63,2021-02-09,-0.0011141179817578345
2021-02-10,3909.88,21.99,2021-02-10,-0.0003452195438772965
2021-02-11,3916.38,21.25,2021-02-11,0.0016610747648429303
2021-02-12,3934.83,19.97,2021-02-12,0.004699921149026049
2021-02-16,3932.59,21.46,2021-02-16,-0.000569437009979914
2021-02-17,3931.33,21.5,2021-02-17,-0.0003204508720288016
2021-02-18,3913.97,22.49,2021-02-18,-0.00442558686962702
2021-02-19,3906.71,22.05,2021-02-19,-0.0018566165820490526
2021-02-22,3876.5,23.45,2021-02-22,-0.007762902892533376
2021-02-23,3881.37,23.11,2021-02-23,0.0012554994192235645
2021-02-24,3925.43,21.34,2021-02-24,0.011287715277782164
2021-02-25,3829.34,28.89,2021-02-25,-0.024783434790564104
2021-02-26,3811.15,27.95,2021-02-26,-0.004761483718072275
2021-03-01,3901.82,23.35,2021-03-01,0.023512130081996933
2021-03-02,3870.29,24.1,2021-03-02,-0.008113671312552936
2021-03-03,3819.72,26.67,2021-03-03,-0.013152318131987126
2021-03-04,3768.47,28.57,2021-03-04,-0.013508037960082262
2021-03-05,3841.94,24.66,2021-03-05,0.019308363815583877
2021-03-08,3821.35,25.47,2021-03-08,-0.005373684030541239
2021-03-09,3875.44,24.03,2021-03-09,0.014055441418613446
2021-03-10,3898.81,22.56,2021-03-10,0.006012173623113212
2021-03-11,3939.34,21.91,2021-03-11,0.010341818218279307
2021-03-12,3943.34,20.69,2021-03-12,0.0010148833501624158
2021-03-15,3968.94,20.03,2021-03-15,0.006470976590856805
2021-03-16,3962.71,19.79,2021-03-16,-0.0015709218841469892
2021-03-17,3974.12,19.23,2021-03-17,0.002875205304977583
2021-03-18,3915.46,21.58,2021-03-18,-0.014870520601810135
2021-03-19,3913.1,20.95,2021-03-19,-0.0006029206064693933
2021-03-22,3940.59,18.88,2021-03-22,0.0070005595506540804
2021-03-23,3910.52,20.3,2021-03-23,-0.007660100809949314
2021-03-24,3889.14,21.2,2021-03-24,-0.005482303984823847
2021-03-25,3909.52,19.81,2021-03-25,0.005226550815926714
2021-03-26,3974.54,18.86,2021-03-26,0.016494413826353246
2021-03-29,3971.09,20.74,2021-03-29,-0.0008684019308247895
2021-03-30,3958.55,19.61,2021-03-30,-0.0031628196118815713
2021-03-31,3972.89,19.4,2021-03-31,0.003615992965994899
2021-04-01,4019.87,17.33,2021-04-01,0.01175577423688851
2021-04-05,4077.91,17.91,2021-04-05,0.014335038467166317
2021-04-06,4073.94,18.12,2021-04-06,-0.0009740121110818412
2021-04-07,4079.95,17.16,2021-04-07,0.0014741432833555816
2021-04-08,4097.17,16.95,2021-04-08,0.0042117580408072355
2021-04-09,4128.8,16.69,2021-04-09,0.007690316372555687
2021-04-12,4127.99,16.91,2021-04-12,-0.00019620215667317165
2021-04-13,4141.59,16.65,2021-04-13,0.003289166381145364
2021-04-14,4124.66,16.99,2021-04-14,-0.004096179929697001
2021-04-15,4170.42,16.57,2021-04-15,0.011033158016154329
2021-04-16,4185.47,16.25,2021-04-16,0.0036022533265398387
2021-04-19,4163.26,17.29,2021-04-19,-0.005320582266875933
2021-04-20,4134.94,18.68,2021-04-20,-0.006825603130708005
2021-04-21,4173.42,17.5,2021-04-21,0.009263025469113548
2021-04-22,4134.98,18.71,2021-04-22,-0.00925335185679316
2021-04-23,4180.17,17.33,2021-04-23,0.010869423861541933
2021-04-26,4187.62,17.64,2021-04-26,0.001780637890878801
2021-04-27,4186.72,17.56,2021-04-27,-0.00021494231269923608
2021-04-28,4183.18,17.28,2021-04-28,-0.0008458882928303167
2021-04-29,4211.47,17.61,2021-04-29,0.006740032543708107
2021-04-30,4181.17,18.61,2021-04-30,-0.007220643718202429
2021-05-03,4192.66,18.31,2021-05-03,0.0027442656970409606
2021-05-04,4164.66,19.48,2021-05-04,-0.006700737740405456
2021-05-05,4167.59,19.15,2021-05-05,0.0007032914568740223
2021-05-06,4201.62,18.39,2021-05-06,0.008132234115911918
2021-05-07,4232.6,16.69,2021-05-07,0.007346296237811824
2021-05-10,4188.43,19.66,2021-05-10,-0.010490499399026396
2021-05-11,4152.1,21.84,2021-05-11,-0.008711731693215893
2021-05-12,4063.04,27.59,2021-05-12,-0.021682768452684537
2021-05-13,4112.5,23.13,2021-05-13,0.012099654192200689
2021-05-14,4173.85,18.81,2021-05-14,0.01480775516646066
2021-05-17,4163.29,19.72,2021-05-17,-0.00253324416940257
2021-05-18,4127.83,21.34,2021-05-18,-0.008553781927838235
2021-05-19,4115.68,22.18,2021-05-19,-0.0029477755951036366
2021-05-20,4159.12,20.67,2021-05-20,0.010499443868610717
2021-05-21,4155.86,20.15,2021-05-21,-0.0007841270013964568
2021-05-24,4197.05,18.4,2021-05-24,0.009862511119055
2021-05-25,4188.13,18.84,2021-05-25,-0.002127563955626335
2021-05-26,4195.99,17.36,2021-05-26,0.0018749737128450623
2021-05-27,4200.88,16.74,2021-05-27,0.0011647198427041133
2021-05-28,4204.11,16.76,2021-05-28,0.0007685910772065211
2021-06-01,4202.04,17.9,2021-06-01,-0.0004924965749694844
2021-06-02,4208.12,17.48,2021-06-02,0.0014458704850342234
2021-06-03,4192.85,18.04,2021-06-03,-0.003635298499241423
2021-06-04,4229.89,16.42,2021-06-04,0.0087952943520972
2021-06-07,4226.52,16.42,2021-06-07,-0.0007970285684825064
2021-06-08,4227.26,17.07,2021-06-08,0.00017506961427659565
2021-06-09,4219.55,17.89,2021-06-09,-0.001825541746812573
2021-06-10,4239.18,16.1,2021-06-10,0.004641367023082649
2021-06-11,4247.44,15.65,2021-06-11,0.001946594193743096
2021-06-14,4255.15,16.39,2021-06-14,0.0018135655401930488
2021-06-15,4246.59,17.02,2021-06-15,-0.0020137061101785226
2021-06-16,4223.7,18.15,2021-06-16,-0.005404786783292966
2021-06-17,4221.86,17.75,2021-06-17,-0.0004357319180995622
2021-06-18,4166.45,20.7,2021-06-18,-0.013211434948255869
2021-06-21,4224.79,17.89,2021-06-21,0.013905201143734752
2021-06-22,4246.44,16.66,2021-06-22,0.005111429423335091
2021-06-23,4241.84,16.32,2021-06-23,-0.0010838474815418405
2021-06-24,4266.49,15.97,2021-06-24,0.005794337776572367
2021-06-25,4280.7,15.62,2021-06-25,0.0033250724723028176
2021-06-28,4290.61,15.76,2021-06-28,0.00231236635141237
2021-06-29,4291.8,16.02,2021-06-29,0.00027731138634168957
2021-06-30,4297.5,15.83,2021-06-30,0.001327232914611209
2021-07-01,4319.94,15.48,2021-07-01,0.005208054995811113
2021-07-02,4352.34,15.07,2021-07-02,0.007472118231364166
2021-07-06,4343.54,16.44,2021-07-06,-0.0020239476634912454
2021-07-07,4358.13,16.2,2021-07-07,0.0033533824363036076
2021-07-08,4320.82,19.0,2021-07-08,-0.008597867216573877
2021-07-09,4369.55,16.18,2021-07-09,0.011214829918570923
2021-07-12,4384.63,16.17,2021-07-12,0.0034452147239393167
2021-07-13,4369.21,17.12,2021-07-13,-0.003523028967647122
2021-07-14,4374.3,16.33,2021-07-14,0.0011642922750682311
2021-07-15,4360.03,17.01,2021-07-15,-0.003267568936996537
2021-07-16,4327.16,18.45,2021-07-16,-0.007567500391698108
2021-07-19,4258.49,22.5,2021-07-19,-0.015996800327963308
2021-07-20,4323.06,19.73,2021-07-20,0.015048847488145101
2021-07-21,4358.69,17.91,2021-07-21,0.008208068658883821
2021-07-22,4367.48,17.69,2021-07-22,0.0020146302382427882
2021-07-23,4411.79,17.2,2021-07-23,0.010094319060166316
2021-07-26,4422.3,17.58,2021-07-26,0.0023794199422129485
2021-07-27,4401.46,19.36,2021-07-27,-0.004723618672649374
2021-07-28,4400.64,18.31,2021-07-28,-0.0001863191743724431
2021-07-29,4419.15,17.7,2021-07-29,0.004197385011620316
2021-07-30,4395.26,18.24,2021-07-30,-0.005420682382193263
2021-08-02,4387.16,19.46,2021-08-02,-0.0018445946098472469
2021-08-03,4423.15,18.04,2021-08-03,0.008170019032652822
2021-08-04,4402.66,17.97,2021-08-04,-0.00464320822964288
2021-08-05,4429.1,17.28,2021-08-05,0.00598749943154757
2021-08-06,4436.52,16.15,2021-08-06,0.0016738821949274498
2021-08-09,4432.35,16.72,2021-08-09,-0.0009403678951865314
2021-08-10,4436.75,16.79,2021-08-10,0.0009922089864754615
2021-08-11,4447.7,16.06,2021-08-11,0.002464982197991973
2021-08-12,4460.83,15.59,2021-08-12,0.0029477387419454388
2021-08-13,4468.0,15.45,2021-08-13,0.001606033834479566
2021-08-16,4479.71,16.12,2021-08-16,0.0026174309818667143
2021-08-17,4448.08,17.91,2021-08-17,-0.007085769790768185
2021-08-18,4400.27,21.57,2021-08-18,-0.010806639720144598
2021-08-19,4405.8,21.67,2021-08-19,0.0012559520255743905
2021-08-20,4441.67,18.56,2021-08-20,0.008108577149077301
2021-08-23,4479.53,17.15,2021-08-23,0.008487698356534068
2021-08-24,4486.23,17.22,2021-08-24,0.0014945751943348515
2021-08-25,4496.19,16.79,2021-08-25,0.0022176660815180892
2021-08-26,4470.0,18.84,2021-08-26,-0.005841962859469615
2021-08-27,4509.37,16.39,2021-08-27,0.008769045552897689
2021-08-30,4528.79,16.19,2021-08-30,0.004297341469056862
2021-08-31,4522.68,16.48,2021-08-31,-0.0013500571571324227
2021-09-01,4524.09,16.11,2021-09-01,0.0003117134648978685
2021-09-02,4536.95,16.41,2021-09-02,0.0028385281677768184
2021-09-03,4535.43,16.41,2021-09-03,-0.0003350829692366939
2021-09-07,4520.03,18.14,2021-09-07,-0.003401266163481994
2021-09-08,4514.07,17.96,2021-09-08,-0.0013194454045593487
2021-09-09,4493.28,18.8,2021-09-09,-0.0046162382762889205
2021-09-10,4458.58,20.95,2021-09-10,-0.007752617623130543
2021-09-13,4468.73,19.37,2021-09-13,0.002273922239413449
2021-09-14,4443.05,19.46,2021-09-14,-0.005763174377801672
2021-09-15,4480.7,18.18,2021-09-15,0.008438206673245678
2021-09-16,4473.75,18.69,2021-09-16,-0.0015523011230354105
2021-09-17,4432.99,20.81,2021-09-17,-0.009152683146433816
2021-09-20,4357.73,25.71,2021-09-20,-0.01712302037376946
2021-09-21,4354.19,24.36,2021-09-21,-0.0008126796836591719
2021-09-22,4395.64,20.87,2021-09-22,0.009474540664091249
2021-09-23,4448.98,18.63,2021-09-23,0.012061715863250257
2021-09-24,4455.48,17.75,2021-09-24,0.001459942804959862
2021-09-27,4443.11,18.76,2021-09-27,-0.0027802175328761427
2021-09-28,4352.63,23.25,2021-09-28,-0.020574321587474437
2021-09-29,4359.46,22.56,2021-09-29,0.001567936373304978
2021-09-30,4307.54,23.14,2021-09-30,-0.011981220973814677
2021-10-01,4357.04,21.15,2021-10-01,0.011425952216359555
2021-10-04,4300.46,22.96,2021-10-04,-0.013070933999937525
2021-10-05,4345.72,21.3,2021-10-05,0.010469458977261837
2021-10-06,4363.55,21.0,2021-10-06,0.004094493547635241
2021-10-07,4399.76,19.54,2021-10-07,0.00826404773501655
2021-10-08,4391.34,18.77,2021-10-08,-0.0019155742909790841
2021-10-11,4361.19,20.0,2021-10-11,-0.006889463790468167
2021-10-12,4350.65,19.85,2021-10-12,-0.0024196966754627294
2021-10-13,4363.8,18.64,2021-10-13,0.0030179781813102643
2021-10-14,4438.26,16.86,2021-10-14,0.016919170336133042
2021-10-15,4471.37,16.3,2021-10-15,0.007432441620921371
2021-10-18,4486.46,16.31,2021-10-18,0.00336912271696709
2021-10-19,4519.63,15.7,2021-10-19,0.007366160006043284
2021-10-20,4536.19,15.49,2021-10-20,0.0036573205869523144
2021-10-21,4549.78,15.01,2021-10-21,0.0029914274720985803
2021-10-22,4544.9,15.43,2021-10-22,-0.0010731549583585973
2021-10-25,4566.48,15.24,2021-10-25,0.0047369422309476855
2021-10-26,4574.79,15.98,2021-10-26,0.001818128616510003
2021-10-27,4551.68,16.98,2021-10-27,-0.005064400451443849
2021-10-28,4596.42,16.53,2021-10-28,0.00978134404008955
2021-10-29,4605.38,16.26,2021-10-29,0.00194744568057697
2021-11-01,4613.67,16.41,2021-11-01,0.0017984504334932693
2021-11-02,4630.65,16.03,2021-11-02,0.003673611276116367
2021-11-03,4660.57,15.1,2021-11-03,0.0064405112404735685
2021-11-04,4680.06,15.44,2021-11-04,0.004173172106260179
2021-11-05,4697.53,16.48,2021-11-05,0.0037259083006282606
2021-11-08,4701.7,17.22,2021-11-08,0.0008873067844048929
2021-11-09,4685.25,17.78,2021-11-09,-0.003504869385575243
2021-11-10,4646.71,18.73,2021-11-10,-0.008259833757375561
2021-11-11,4649.27,17.66,2021-11-11,0.0005507757255752215
2021-11-12,4682.85,16.29,2021-11-12,0.007196680911038463
2021-11-15,4682.8,16.49,2021-11-15,-1.0677315509449458e-05
2021-11-16,4700.9,16.37,2021-11-16,0.0038577581225869607
2021-11-17,4688.67,17.11,2021-11-17,-0.002605019594335725
2021-11-18,4704.54,17.59,2021-11-18,0.003379039774514253
2021-11-19,4697.96,17.91,2021-11-19,-0.0013996279870592404
2021-11-22,4682.94,19.17,2021-11-22,-0.0032022541195681504
2021-11-23,4690.7,19.38,2021-11-23,0.001655707232782677
2021-11-24,4701.46,18.58,2021-11-24,0.0022912737234973743
2021-11-26,4594.62,28.62,2021-11-26,-0.022987044973283768
2021-11-29,4655.27,22.96,2021-11-29,0.013113857392683798
2021-11-30,4567.0,27.19,2021-11-30,-0.019143376992336782
2021-12-01,4513.04,31.12,2021-12-01,-0.011885550113429818
2021-12-02,4577.1,27.95,2021-12-02,0.014094625715697029
2021-12-03,4538.43,30.67,2021-12-03,-0.008484472537634197
2021-12-06,4591.67,27.18,2021-12-06,0.011662655055923081
2021-12-07,4686.75,21.89,2021-12-07,0.020495586171745628
2021-12-08,4701.21,19.9,2021-12-08,0.003080543895616996
2021-12-09,4667.45,21.58,2021-12-09,-0.007207038387208448
2021-12-10,4712.02,18.69,2021-12-10,0.009503806818878939
2021-12-13,4668.97,20.31,2021-12-13,-0.009178200213042893
2021-12-14,4634.09,21.89,2021-12-14,-0.007498643121874399
2021-12-15,4709.85,19.29,2021-12-15,0.016216212899904034
2021-12-16,4668.67,20.57,2021-12-16,-0.008781825842753357
2021-12-17,4620.64,21.57,2021-12-17,-0.010341010906645293
2021-12-20,4568.02,22.87,2021-12-20,-0.011453373010201799
2021-12-21,4649.23,21.01,2021-12-21,0.01762176386180875
2021-12-22,4696.56,18.63,2021-12-22,0.010128711352276767
2021-12-23,4725.79,17.96,2021-12-23,0.006204416895324275
2021-12-27,4791.19,17.68,2021-12-27,0.013744072068897223
2021-12-28,4786.35,17.54,2021-12-28,-0.0010106980314378653
2021-12-29,4793.06,16.95,2021-12-29,0.001400921580224578
2021-12-30,4778.73,17.33,2021-12-30,-0.002994217530076943
2021-12-31,4766.18,17.22,2021-12-31,-0.0026296753415458013
2022-01-03,4796.56,16.6,2022-01-03,0.006353848835552744
2022-01-04,4793.54,16.91,2022-01-04,-0.000629816185405453
2022-01-05,4700.58,19.73,2022-01-05,-0.019583272775802296
2022-01-06,4696.05,19.61,2022-01-06,-0.0009641755290858112
2022-01-07,4677.03,18.76,2022-01-07,-0.004058436737205577
2022-01-10,4670.29,19.4,2022-01-10,-0.0014421248375173315
2022-01-11,4713.07,18.41,2022-01-11,0.009118332112991406
2022-01-12,4726.35,17.62,2022-01-12,0.0028137340560308905
2022-01-13,4659.03,20.31,2022-01-13,-0.014345962458906215
2022-01-14,4662.85,19.19,2022-01-14,0.0008195772127140056
2022-01-18,4577.11,22.79,2022-01-18,-0.018559054584436702
2022-01-19,4532.76,23.85,2022-01-19,-0.009736769104655738
2022-01-20,4482.73,25.59,2022-01-20,-0.011098789654240207
2022-01-21,4397.94,28.85,2022-01-21,-0.01909598635863535
2022-01-24,4410.13,29.9,2022-01-24,0.002767918007616829
2022-01-25,4356.45,31.16,2022-01-25,-0.012246661962160472
2022-01-26,4349.93,31.96,2022-01-26,-0.0014977525030699156
2022-01-27,4326.51,30.49,2022-01-27,-0.005398540617999041
2022-01-28,4431.85,27.66,2022-01-28,0.024055891707799003
2022-01-31,4515.55,24.83,2022-01-31,0.018709891511396817
2022-02-01,4546.54,21.96,2022-02-01,0.006839508503304335
2022-02-02,4589.38,22.09,2022-02-02,0.009378434574517935
2022-02-03,4477.44,24.35,2022-02-03,-0.02469348416817584
2022-02-04,4500.53,23.22,2022-02-04,0.0051437130908578545
2022-02-07,4483.87,22.86,2022-02-07,-0.003708654800609762
2022-02-08,4521.54,21.44,2022-02-08,0.008366130962778839
2022-02-09,4587.18,19.96,2022-02-09,0.014412812398356309
2022-02-10,4504.08,23.91,2022-02-10,-0.0182818035103296
2022-02-11,4418.64,27.36,2022-02-11,-0.019151696234065794
2022-02-14,4401.67,28.33,2022-02-14,-0.003847942065319174
2022-02-15,4471.07,25.7,2022-02-15,0.015643739212372925
2022-02-16,4475.01,24.29,2022-02-16,0.0008808327792157024
2022-02-17,4380.26,28.11,2022-02-17,-0.02140050300402348
2022-02-18,4348.87,27.75,2022-02-18,-0.007192042117620436
2022-02-22,4304.76,28.81,2022-02-22,-0.010194654042815754
2022-02-23,4225.5,31.02,2022-02-23,-0.01858379019433392
2022-02-24,4288.7,30.32,2022-02-24,0.014846059711535551
2022-02-25,4384.65,27.59,2022-02-25,0.022126148364756827
2022-02-28,4373.94,30.15,2022-02-28,-0.002445600339325641
2022-03-01,4306.26,33.32,2022-03-01,-0.015594426756135317
2022-03-02,4386.54,30.74,2022-03-02,0.01847098344898933
2022-03-03,4363.49,30.48,2022-03-03,-0.005268565551901082
2022-03-04,4328.87,31.98,2022-03-04,-0.007965657901416316
2022-03-07,4201.09,36.45,2022-03-07,-0.02996252255053501
2022-03-08,4170.7,35.13,2022-03-08,-0.007260127998095252
2022-03-09,4277.88,32.45,2022-03-09,0.02537367234563523
2022-03-10,4259.52,30.23,2022-03-10,-0.0043010818993905854
2022-03-11,4204.31,30.75,2022-03-11,-0.013046288284512193
2022-03-14,4173.11,31.77,2022-03-14,-0.007448628397104686
2022-03-15,4262.45,29.83,2022-03-15,0.021182551140656723
2022-03-16,4357.86,26.67,2022-03-16,0.022136998842954763
2022-03-17,4411.67,25.67,2022-03-17,0.012272191404503483
2022-03-18,4463.12,23.87,2022-03-18,0.011594770446318643
2022-03-21,4461.18,23.53,2022-03-21,-0.00043476799985616853
2022-03-22,4511.61,22.94,2022-03-22,0.011240769260246017
2022-03-23,4456.24,23.57,2022-03-23,-0.01234871315104348
2022-03-24,4520.16,21.67,2022-03-24,0.014242030309045384
2022-03-25,4543.06,20.81,2022-03-25,0.0050534023741785035
2022-03-28,4575.52,19.63,2022-03-28,0.007119559648821334
2022-03-29,4631.6,18.9,2022-03-29,0.012182027285255538
2022-03-30,4602.45,19.33,2022-03-30,-0.006313610350948985
2022-03-31,4530.41,20.56,2022-03-31,-0.01577632727939729
2022-04-01,4545.86,19.63,2022-04-01,0.003404485526057287
2022-04-04,4582.64,18.57,2022-04-04,0.00805832262263298
2022-04-05,4525.12,21.03,2022-04-05,-0.012631155137050305
2022-04-06,4481.15,22.1,2022-04-06,-0.009764386222700547
2022-04-07,4500.21,21.55,2022-04-07,0.004244352439511796
2022-04-08,4488.28,21.16,2022-04-08,-0.002654507487977465
2022-04-11,4412.53,24.37,2022-04-11,-0.01702133376294985
2022-04-12,4397.45,24.26,2022-04-12,-0.0034233936348681705
2022-04-13,4446.59,21.82,2022-04-13,0.011112682823133003
2022-04-14,4392.59,22.7,2022-04-14,-0.012218479951525796
2022-04-18,4391.69,22.17,2022-04-18,-0.00020491150171664794
2022-04-19,4462.21,21.37,2022-04-19,0.015930040161497565
2022-04-20,4459.45,20.32,2022-04-20,-0.0006187189576933424
2022-04-21,4393.66,22.68,2022-04-21,-0.014862847316476122
2022-04-22,4271.78,28.21,2022-04-22,-0.02813199052103028
2022-04-25,4296.12,27.02,2022-04-25,0.005681687572860796
2022-04-26,4175.2,33.52,2022-04-26,-0.02855002843027312
2022-04-27,4183.96,31.6,2022-04-27,0.0020959051404105173
2022-04-28,4287.5,29.99,2022-04-28,0.02444564600458133
2022-04-29,4131.93,33.4,2022-04-29,-0.03695920232685872
2022-05-02,4155.38,32.34,2022-05-02,0.00565927003737552
2022-05-03,4175.48,29.25,2022-05-03,0.004825441551572873
2022-05-04,4300.17,25.42,2022-05-04,0.029425235047606604
2022-05-05,4146.87,31.2,2022-05-05,-0.0363007239912506
2022-05-06,4123.34,30.19,2022-05-06,-0.005690318260649576
2022-05-09,3991.24,34.75,2022-05-09,-0.03256155498687775
2022-05-10,4001.05,32.99,2022-05-10,0.0024548671098168664
2022-05-11,3935.18,32.56,2022-05-11,-0.016600202520523653
2022-05-12,3930.08,31.77,2022-05-12,-0.0012968422441889949
2022-05-13,4023.89,28.87,2022-05-13,0.023589314531626496
2022-05-16,4008.01,27.47,2022-05-16,-0.003954237650276509
2022-05-17,4088.85,26.1,2022-05-17,0.019968898134440815
2022-05-18,3923.68,30.96,2022-05-18,-0.041233767985439373
2022-05-19,3900.79,29.35,2022-05-19,-0.005850892213605512
2022-05-20,3901.36,29.43,2022-05-20,0.00014611357151915558
2022-05-23,3973.75,28.48,2022-05-23,0.018385022946529016
2022-05-24,3941.48,29.45,2022-05-24,-0.008153945948249348
2022-05-25,3978.73,28.37,2022-05-25,0.009406385602538606
2022-05-26,4057.84,27.5,2022-05-26,0.019688139439344957
2022-05-27,4158.24,25.72,2022-05-27,0.024441095491293145
2022-05-31,4132.15,26.19,2022-05-31,-0.0062940551963996914
2022-06-01,4101.23,25.69,2022-06-01,-0.007510923912143033
2022-06-02,4176.82,24.72,2022-06-02,0.01826326273820275
2022-06-03,4108.54,24.79,2022-06-03,-0.016482457202400495
2022-06-06,4121.43,25.07,2022-06-06,0.0031324562641237242
2022-06-07,4160.68,24.02,2022-06-07,0.009478331934066117
2022-06-08,4115.77,23.96,2022-06-08,-0.010852585537420805
2022-06-09,4017.82,26.09,2022-06-09,-0.02408646993373481
2022-06-10,3900.86,27.75,2022-06-10,-0.02954242533536117
2022-06-13,3749.63,34.02,2022-06-13,-0.039539873198958186
2022-06-14,3735.48,32.69,2022-06-14,-0.0037808440639954524
2022-06-15,3789.99,29.62,2022-06-15,0.014487056184644877
2022-06-16,3666.77,32.95,2022-06-16,-0.033052215017083934
2022-06-17,3674.84,31.13,2022-06-17,0.0021984287507105164
2022-06-21,3764.79,30.19,2022-06-21,0.02418248850178457
2022-06-22,3759.89,28.95,2022-06-22,-0.0013023811491289687
2022-06-23,3795.73,29.05,2022-06-23,0.0094870490606574
2022-06-24,3911.74,27.23,2022-06-24,0.030105537080807647
2022-06-27,3900.11,26.95,2022-06-27,-0.0029775299301252065
2022-06-28,3821.55,28.36,2022-06-28,-0.020348658383248716
2022-06-29,3818.83,28.16,2022-06-29,-0.0007120065009618694
2022-06-30,3785.38,28.71,2022-06-30,-0.00879781483060845
2022-07-01,3825.33,26.7,2022-07-01,0.010498459915641863
2022-07-05,3831.39,27.54,2022-07-05,0.0015829235665797978
2022-07-06,3845.08,26.73,2022-07-06,0.003566747349581468
2022-07-07,3902.62,26.08,2022-07-07,0.014853713471199018
2022-07-08,3899.38,24.64,2022-07-08,-0.0008305563153684295
2022-07-11,3854.43,26.17,2022-07-11,-0.01159442997810581
2022-07-12,3818.8,27.29,2022-07-12,-0.009286899019016758
2022-07-13,3801.78,26.82,2022-07-13,-0.004466859031662644
2022-07-14,3790.38,26.4,2022-07-14,-0.0030031001895847553
2022-07-15,3863.16,24.23,2022-07-15,0.01901922349251537
2022-07-18,3830.85,25.3,2022-07-18,-0.008398790728860633
2022-07-19,3936.69,24.5,2022-07-19,0.027253558019802913
2022-07-20,3959.9,23.88,2022-07-20,0.005878503718335059
2022-07-21,3998.95,23.11,2022-07-21,0.009813054238448901
2022-07-22,3961.63,23.03,2022-07-22,-0.00937626992342271
2022-07-25,3966.84,23.36,2022-07-25,0.0013142512363463167
2022-07-26,3921.05,24.69,2022-07-26,-0.01161033289574997
2022-07-27,4023.61,23.24,2022-07-27,0.02582003453356371
2022-07-28,4072.43,22.33,2022-07-28,0.012060363275690102
2022-07-29,4130.29,21.33,2022-07-29,0.014107749538291978
2022-08-01,4118.63,22.84,2022-08-01,-0.0028270386343186996
2022-08-02,4091.19,23.93,2022-08-02,-0.006684702509967414
2022-08-03,4155.17,21.95,2022-08-03,0.015517460750035557
2022-08-04,4151.94,21.44,2022-08-04,-0.0007776471390832699
2022-08-05,4145.19,21.15,2022-08-05,-0.0016270689959386672
2022-08-08,4140.06,21.29,2022-08-08,-0.0012383454103545306
2022-08-09,4122.47,21.77,2022-08-09,-0.004257782198348112
2022-08-10,4210.24,19.74,2022-08-10,0.021067154907856916
2022-08-11,4207.27,20.2,2022-08-11,-0.0007056718966173459
2022-08-12,4280.15,19.53,2022-08-12,0.01717407440983608
2022-08-15,4297.14,19.95,2022-08-15,0.003961629423932771
2022-08-16,4305.2,19.69,2022-08-16,0.0018739092755182558
2022-08-17,4274.04,19.9,2022-08-17,-0.00726407864047862
2022-08-18,4283.74,19.56,2022-08-18,0.002266944033161183
2022-08-19,4228.48,20.6,2022-08-19,-0.012983869381359623
2022-08-22,4137.99,23.8,2022-08-22,-0.021632427725287454
2022-08-23,4128.73,24.11,2022-08-23,-0.002240309064050325
2022-08-24,4140.77,22.82,2022-08-24,0.002911907251337381
2022-08-25,4199.12,21.78,2022-08-25,0.013993218645290096
2022-08-26,4057.66,25.56,2022-08-26,-0.03426852674898546
2022-08-29,4030.61,26.21,2022-08-29,-0.006688723509263949
2022-08-30,3986.16,26.21,2022-08-30,-0.011089367791653617
2022-08-31,3955.0,25.87,2022-08-31,-0.00784776025709875
2022-09-01,3966.85,25.56,2022-09-01,0.0029917276491103818
2022-09-02,3924.26,25.47,2022-09-02,-0.010794530441166154
2022-09-06,3908.19,26.91,2022-09-06,-0.00410344720981454
2022-09-07,3979.87,24.64,2022-09-07,0.018174804228558855
2022-09-08,4006.18,23.61,2022-09-08,0.0065890133889801
2022-09-09,4067.36,22.79,2022-09-09,0.015155971507018435
2022-09-12,4110.41,23.87,2022-09-12,0.010528639881468727
2022-09-13,3932.69,27.27,2022-09-13,-0.04419911011958206
2022-09-14,3946.01,26.16,2022-09-14,0.003381271704881856
2022-09-15,3901.35,26.27,2022-09-15,-0.011382294724738607
2022-09-16,3873.33,26.3,2022-09-16,-0.007208044914246866
2022-09-19,3899.89,25.76,2022-09-19,0.006833745439536254
2022-09-20,3855.93,27.16,2022-09-20,-0.01133612455307255
2022-09-21,3789.93,27.99,2022-09-21,-0.017264673789774226
2022-09-22,3757.99,27.35,2022-09-22,-0.00846330926893181
2022-09-23,3693.23,29.92,2022-09-23,-0.017382826077567966
2022-09-26,3655.04,32.26,2022-09-26,-0.010394376865970473
2022-09-27,3647.29,32.6,2022-09-27,-0.0021226109775338642
2022-09-28,3719.04,30.18,2022-09-28,0.019481144387776417
2022-09-29,3640.47,31.84,2022-09-29,-0.02135277627216209
2022-09-30,3585.62,31.62,2022-09-30,-0.015181392276394085
2022-10-03,3678.43,30.1,2022-10-03,0.02555462879740763
2022-10-04,3790.93,29.07,2022-10-04,0.03012534086530393
2022-10-05,3783.28,28.55,2022-10-05,-0.0020200133350643033
2022-10-06,3744.52,30.52,2022-10-06,-0.010297920383574249
2022-10-07,3639.66,31.36,2022-10-07,-0.028403167167490584
2022-10-10,3612.39,32.45,2022-10-10,-0.00752066754461965
2022-10-11,3588.84,33.63,2022-10-11,-0.006540572639369859
2022-10-12,3577.03,33.57,2022-10-12,-0.0032961833504644216
2022-10-13,3669.91,31.94,2022-10-13,0.02563429144689717
2022-10-14,3583.07,32.02,2022-10-14,-0.023947163771951822
2022-10-17,3677.95,31.37,2022-10-17,0.02613555691190645
2022-10-18,3719.98,30.5,2022-10-18,0.011362760181543908
2022-10-19,3695.16,30.76,2022-10-19,-0.006694436704711702
2022-10-20,3665.78,29.98,2022-10-20,-0.007982718516093059
2022-10-21,3752.75,29.69,2022-10-21,0.02344776785243657
2022-10-24,3797.34,29.85,2022-10-24,0.011811917059798283
2022-10-25,3859.11,28.46,2022-10-25,0.01613576532526921
2022-10-26,3830.6,27.28,2022-10-26,-0.007415138056792231
2022-10-27,3807.3,27.39,2022-10-27,-0.0061011723843323405
2022-10-28,3901.06,25.75,2022-10-28,0.024328034575769396
2022-10-31,3871.98,25.88,2022-10-31,-0.007482306966126504
2022-11-01,3856.1,25.81,2022-11-01,-0.004109694089746853
2022-11-02,3759.69,25.86,2022-11-02,-0.0253198028276198
2022-11-03,3719.89,25.3,2022-11-03,-0.01064240923898342
2022-11-04,3770.55,24.55,2022-11-04,0.013526781457993704
2022-11-07,3806.8,24.35,2022-11-07,0.009568061802673562
2022-11-08,3828.11,25.54,2022-11-08,0.005582267593980096
2022-11-09,3748.57,26.09,2022-11-09,-0.020996774887089925
2022-11-10,3956.37,23.53,2022-11-10,0.05395250428096393
2022-11-11,3992.93,22.52,2022-11-11,0.00919835904482699
2022-11-14,3957.25,23.73,2022-11-14,-0.008975957665021739
2022-11-15,3991.73,24.54,2022-11-15,0.008675381307597811
2022-11-16,3958.79,24.11,2022-11-16,-0.00828629787208508
2022-11-17,3946.56,23.93,2022-11-17,-0.003094109623737159
2022-11-18,3965.34,23.12,2022-11-18,0.004747288330235593
2022-11-21,3949.94,22.36,2022-11-21,-0.0038912128014762935
2022-11-22,4003.58,21.29,2022-11-22,0.01348857192195737
2022-11-23,4027.26,20.35,2022-11-23,0.005897283130642713
2022-11-25,4026.12,20.5,2022-11-25,-0.000283110944129042
2022-11-28,3963.94,22.21,2022-11-28,-0.015564652905563017
2022-11-29,3957.63,21.89,2022-11-29,-0.0015931188727940442
2022-11-30,4080.11,20.58,2022-11-30,0.03047858758258928
2022-12-01,4076.57,19.84,2022-12-01,-0.000868000270271791
2022-12-02,4071.7,19.06,2022-12-02,-0.0011953459028422096
2022-12-05,3998.84,20.75,2022-12-05,-0.01805628360207544
2022-12-06,3941.26,22.17,2022-12-06,-0.014503849921748772
2022-12-07,3933.92,22.68,2022-12-07,-0.0018640849162627044
2022-12-08,3963.51,22.29,2022-12-08,0.007493612090724109
2022-12-09,3934.38,22.83,2022-12-09,-0.00737668721482345
2022-12-12,3990.56,25.0,2022-12-12,0.014178262831053962
2022-12-13,4019.65,22.55,2022-12-13,0.007263262233261697
2022-12-14,3995.32,21.14,2022-12-14,-0.006071158028413109
2022-12-15,3895.75,22.83,2022-12-15,-0.025237460791963953
2022-12-16,3852.36,22.62,2022-12-16,-0.011200267830704025
2022-12-19,3817.66,22.42,2022-12-19,-0.009048278034291597
2022-12-20,3821.62,21.48,2022-12-20,0.001036747011419641
2022-12-21,3878.44,20.07,2022-12-21,0.014758594440961796
2022-12-22,3822.39,21.97,2022-12-22,-0.014557129502374849
2022-12-23,3844.82,20.87,2022-12-23,0.005850906388984781
2022-12-27,3829.25,21.65,2022-12-27,-0.004057826255056132
2022-12-28,3783.22,22.14,2022-12-28,-0.01209346269904926
2022-12-29,3849.28,21.44,2022-12-29,0.017310618960093668
2022-12-30,3839.5,21.67,2022-12-30,-0.0025439680351095257
2023-01-03,3824.14,22.9,2023-01-03,-0.0040085443908070935
2023-01-04,3852.97,22.01,2023-01-04,0.007510674075384772
2023-01-05,3808.1,22.46,2023-01-05,-0.011713902384519219
2023-01-06,3895.08,21.13,2023-01-06,0.02258384117602654
2023-01-09,3892.09,21.97,2023-01-09,-0.0007679298504944067
2023-01-10,3919.25,20.58,2023-01-10,0.0069540205524518915
2023-01-11,3969.61,21.09,2023-01-11,0.012767544131228952
2023-01-12,3983.17,18.83,2023-01-12,0.0034101315868827887
2023-01-13,3999.09,18.35,2023-01-13,0.003988850553225138
2023-01-17,3990.97,19.36,2023-01-17,-0.0020325261125498277
2023-01-18,3928.86,20.34,2023-01-18,-0.015685001660276407
2023-01-19,3898.85,20.52,2023-01-19,-0.00766766960752083
2023-01-20,3972.61,19.85,2023-01-20,0.01874167155917249
2023-01-23,4019.81,19.81,2023-01-23,0.011811328415709267
2023-01-24,4016.95,19.2,2023-01-24,-0.0007117296325210936
2023-01-25,4016.22,19.08,2023-01-25,-0.00018174643434897735
2023-01-26,4060.43,18.73,2023-01-26,0.010947717569977039
2023-01-27,4070.56,18.51,2023-01-27,0.0024917027916841637
2023-01-30,4017.77,19.94,2023-01-30,-0.013053559781991077
2023-01-31,4076.6,19.4,2023-01-31,0.014536285322318165
2023-02-01,4119.21,17.87,2023-02-01,0.010398089735210484
2023-02-02,4179.76,18.73,2023-02-02,0.014592431217642185
2023-02-03,4136.48,18.33,2023-02-03,-0.010408643989373002
2023-02-06,4111.08,19.43,2023-02-06,-0.006159416919169087
2023-02-07,4164.0,18.66,2023-02-07,0.012790383040919152
2023-02-08,4117.86,19.63,2023-02-08,-0.011142539811002886
2023-02-09,4081.5,20.71,2023-02-09,-0.008869043032445954
2023-02-10,4090.46,20.53,2023-02-10,0.002192865258876484
2023-02-13,4137.29,20.34,2023-02-13,0.011383550959928976
2023-02-14,4136.13,18.91,2023-02-14,-0.0002804160812822511
2023-02-15,4147.6,18.23,2023-02-15,0.002769285655189374
2023-02-16,4090.41,20.17,2023-02-16,-0.013884644172642286
2023-02-17,4079.09,20.02,2023-02-17,-0.0027712852059047503
2023-02-21,3997.34,22.87,2023-02-21,-0.020244784414123935
2023-02-22,3991.05,22.29,2023-02-22,-0.0015747857327715093
2023-02-23,4012.32,21.14,2023-02-23,0.005315273460274993
2023-02-24,3970.04,21.67,2023-02-24,-0.010593457421727142
2023-02-27,3982.24,20.95,2023-02-27,0.0030683048311681872
2023-02-28,3970.15,20.7,2023-02-28,-0.0030405976856194583
2023-03-01,3951.39,20.58,2023-03-01,-0.00473646161527038
2023-03-02,3981.35,19.59,2023-03-02,0.007553542016924832
2023-03-03,4045.64,18.49,2023-03-03,0.016018800257414187
2023-03-06,4048.42,18.61,2023-03-06,0.0006869235239955045
2023-03-07,3986.37,19.59,2023-03-07,-0.015445639173959797
2023-03-08,3992.01,19.11,2023-03-08,0.0014138210863556078
2023-03-09,3918.32,22.61,2023-03-09,-0.018631872945282475
2023-03-10,3861.59,24.8,2023-03-10,-0.014583974750190179
2023-03-13,3855.76,26.52,2023-03-13,-0.0015108816132590817
2023-03-14,3919.29,23.73,2023-03-14,0.016342380801371525
2023-03-15,3891.93,26.14,2023-03-15,-0.007005336398235209
2023-03-16,3960.28,22.99,2023-03-16,0.01740955128696453
2023-03-17,3916.64,25.51,2023-03-17,-0.011080586449227313
2023-03-20,3951.57,24.15,2023-03-20,0.008878824909597214
2023-03-21,4002.87,21.38,2023-03-21,0.01289863554198477
2023-03-22,3936.97,22.26,2023-03-22,-0.016600211922495948
2023-03-23,3948.72,22.61,2023-03-23,0.0029800838470393862
2023-03-24,3970.99,21.74,2023-03-24,0.005623958124210314
2023-03-27,3977.53,20.6,2023-03-27,0.0016455897389303137
2023-03-28,3971.27,19.97,2023-03-28,-0.001575080840930101
2023-03-29,4027.81,19.12,2023-03-29,0.014136861145886559
2023-03-30,4050.83,19.02,2023-03-30,0.005698994460609173
2023-03-31,4109.31,18.7,2023-03-31,0.014333332809426856
2023-04-03,4124.51,18.55,2023-04-03,0.003692093649516912
2023-04-04,4100.6,19.0,2023-04-04,-0.005813920385208212
2023-04-05,4090.38,19.08,2023-04-05,-0.002495429192470336
2023-04-06,4105.02,18.4,2023-04-06,0.0035727397253701647
2023-04-10,4109.11,18.97,2023-04-10,0.0009958450470119054
2023-04-11,4108.94,19.1,2023-04-11,-4.137234502690973e-05
2023-04-12,4091.95,19.09,2023-04-12,-0.004143458650798345
2023-04-13,4146.22,17.8,2023-04-13,0.013175446748330008
2023-04-14,4137.64,17.07,2023-04-14,-0.002071498810492095
2023-04-17,4151.32,16.95,2023-04-17,0.0033007789687629755
2023-04-18,4154.87,16.83,2023-04-18,0.0008547842551524592
2023-04-19,4154.52,16.46,2023-04-19,-8.424204429116194e-05
2023-04-20,4129.79,17.17,2023-04-20,-0.005970339945819703
2023-04-21,4133.52,16.77,2023-04-21,0.000902785990925368
2023-04-24,4137.04,16.89,2023-04-24,0.0008512120612239251
2023-04-25,4071.63,18.76,2023-04-25,-0.01593714559496794
2023-04-26,4055.99,18.84,2023-04-26,-0.003848609877111783
2023-04-27,4135.35,17.03,2023-04-27,0.01937716738000212
2023-04-28,4169.48,15.78,2023-04-28,0.008219359612570367
2023-05-01,4167.87,16.08,2023-05-01,-0.0003862138497272949
2023-05-02,4119.58,17.78,2023-05-02,-0.011653897528004022
2023-05-03,4090.75,18.34,2023-05-03,-0.00702288909058116
2023-05-04,4061.22,20.09,2023-05-04,-0.007244906241251436
2023-05-05,4136.25,17.19,2023-05-05,0.018306159168068423
2023-05-08,4138.12,16.98,2023-05-08,0.00045199816586328297
2023-05-09,4119.17,17.71,2023-05-09,-0.004589891663841041
2023-05-10,4137.64,16.94,2023-05-10,0.004473890233026689
2023-05-11,4130.62,16.93,2023-05-11,-0.0016980602174566785
2023-05-12,4124.08,17.03,2023-05-12,-0.0015845521626198357
2023-05-15,4136.28,17.12,2023-05-15,0.0029538685652344835
2023-05-16,4109.9,17.99,2023-05-16,-0.006398135861993161
2023-05-17,4158.77,16.87,2023-05-17,0.01182066016444788
2023-05-18,4198.05,16.05,2023-05-18,0.009400774284705668
2023-05-19,4191.98,16.81,2023-05-19,-0.001446955746059144
2023-05-22,4192.63,17.21,2023-05-22,0.0001550459714410593
2023-05-23,4145.58,18.53,2023-05-23,-0.011285515564489972
2023-05-24,4115.24,20.03,2023-05-24,-0.007345550785867146
2023-05-25,4151.28,19.14,2023-05-25,0.008719564785563249
2023-05-26,4205.45,17.95,2023-05-26,0.01296458273531355
2023-05-30,4205.52,17.46,2023-05-30,1.6644929182328236e-05
2023-05-31,4179.83,17.94,2023-05-31,-0.006127372232971846
2023-06-01,4221.02,15.65,2023-06-01,0.009806229149665344
2023-06-02,4282.37,14.6,2023-06-02,0.01442978965214366
2023-06-05,4273.79,14.73,2023-06-05,-0.0020055732655681105
2023-06-06,4283.85,13.96,2023-06-06,0.0023511165774900327
2023-06-07,4267.52,13.94,2023-06-07,-0.0038192757067673886
2023-06-08,4293.93,13.65,2023-06-08,0.00616953524709693
2023-06-09,4298.86,13.83,2023-06-09,0.0011474737636884458
2023-06-12,4338.93,15.01,2023-06-12,0.009277902665684432
2023-06-13,4369.01,14.61,2023-06-13,0.0069086648833658285
2023-06-14,4372.59,13.88,2023-06-14,0.0008190720692196159
2023-06-15,4425.84,14.5,2023-06-15,0.012104580063652602
2023-06-16,4409.59,13.54,2023-06-16,-0.0036783763376504303
2023-06-20,4388.71,13.88,2023-06-20,-0.004746380368690653
2023-06-21,4365.69,13.2,2023-06-21,-0.005259081846186579
2023-06-22,4381.89,12.91,2023-06-22,0.003703885765053952
2023-06-23,4348.33,13.44,2023-06-23,-0.007688274822307147
2023-06-26,4328.82,14.25,2023-06-26,-0.004496875789266097
2023-06-27,4378.41,13.74,2023-06-27,0.011390657230512101
2023-06-28,4376.86,13.43,2023-06-28,-0.0003540724651995093
2023-06-29,4396.44,13.54,2023-06-29,0.00446355020531417
2023-06-30,4450.38,13.59,2023-06-30,0.012194363266362706
2023-07-03,4455.59,13.57,2023-07-03,0.0011700018289601843
2023-07-05,4446.82,14.18,2023-07-05,-0.001970253636267394
2023-07-06,4411.59,15.44,2023-07-06,-0.007954065287478301
2023-07-07,4398.95,14.83,2023-07-07,-0.0028692926136023467
2023-07-10,4409.53,15.07,2023-07-10,0.002402231733022815
2023-07-11,4439.26,14.84,2023-07-11,0.006719588071620385
2023-07-12,4472.16,13.54,2023-07-12,0.007383817501052891
2023-07-13,4510.04,13.61,2023-07-13,0.008434509266769535
2023-07-14,4505.42,13.34,2023-07-14,-0.0010249061954501163
2023-07-17,4522.79,13.48,2023-07-17,0.003847943597379543
2023-07-18,4554.98,13.3,2023-07-18,0.007092079866132413
2023-07-19,4565.72,13.76,2023-07-19,0.0023550834835142126
2023-07-20,4534.87,13.99,2023-07-20,-0.006779806181851591
2023-07-21,4536.34,13.6,2023-07-21,0.0003241023001049327
2023-07-24,4554.64,13.91,2023-07-24,0.004025974035341747
2023-07-25,4567.46,13.86,2023-07-25,0.0028107581456501534
2023-07-26,4566.75,13.19,2023-07-26,-0.00015545953102232801
2023-07-27,4537.41,14.41,2023-07-27,-0.0064454274911412875
2023-07-28,4582.23,13.33,2023-07-28,0.009829414508767577
2023-07-31,4588.96,13.63,2023-07-31,0.001467639686456588
2023-08-01,4576.73,13.93,2023-08-01,-0.002668649552448092
2023-08-02,4513.39,16.09,2023-08-02,-0.013936235197657028
2023-08-03,4501.89,15.92,2023-08-03,-0.0025512255276715053
2023-08-04,4478.03,17.1,2023-08-04,-0.0053140910274567365
2023-08-07,4518.44,15.77,2023-08-07,0.008983583955258645
2023-08-08,4499.38,15.99,2023-08-08,-0.004227192022498048
2023-08-09,4467.71,15.96,2023-08-09,-0.007063636404007057
2023-08-10,4468.83,15.85,2023-08-10,0.00025065629558288107
2023-08-11,4464.05,14.84,2023-08-11,-0.001070203664713968
2023-08-14,4489.72,14.82,2023-08-14,0.005733913274737526
2023-08-15,4437.86,16.46,2023-08-15,-0.011618060736365813
2023-08-16,4404.33,16.78,2023-08-16,-0.007584130338210397
2023-08-17,4370.36,17.89,2023-08-17,-0.007742762356125065
2023-08-18,4369.71,17.3,2023-08-18,-0.00014874022775515319
2023-08-21,4399.77,17.13,2023-08-21,0.006855621481266927
2023-08-22,4387.55,16.97,2023-08-22,-0.002781282092229976
2023-08-23,4436.01,15.98,2023-08-23,0.01098433903027149
2023-08-24,4376.31,17.2,2023-08-24,-0.013549420207499292
2023-08-25,4405.71,15.68,2023-08-25,0.006695523315478112
2023-08-28,4433.31,15.08,2023-08-28,0.006245056511156882
2023-08-29,4497.63,14.45,2023-08-29,0.014404107984150809
2023-08-30,4514.87,13.88,2023-08-30,0.0038258021699069606
2023-08-31,4507.66,13.57,2023-08-31,-0.0015982216816604765
2023-09-01,4515.77,13.09,2023-09-01,0.0017975431036151848
2023-09-05,4496.83,14.01,2023-09-05,-0.004203010869610265
2023-09-06,4465.48,14.45,2023-09-06,-0.006995992744252873
2023-09-07,4451.14,14.4,2023-09-07,-0.0032164682050081963
2023-09-08,4457.49,13.84,2023-09-08,0.0014255841976643817
2023-09-11,4487.46,13.8,2023-09-11,0.006701012782986727
2023-09-12,4461.9,14.23,2023-09-12,-0.0057121558411206055
2023-09-13,4467.44,13.48,2023-09-13,0.0012408533465711885
2023-09-14,4505.1,12.82,2023-09-14,0.008394550741111827
2023-09-15,4450.32,13.79,2023-09-15,-0.012234084667107637
2023-09-18,4453.53,14.0,2023-09-18,0.000721036436838388
2023-09-19,4443.95,14.11,2023-09-19,-0.0021534195529618974
2023-09-20,4402.2,15.14,2023-09-20,-0.009439204623110126
2023-09-21,4330.0,17.54,2023-09-21,-0.01653687395146802
2023-09-22,4320.06,17.2,2023-09-22,-0.0022982509659402743
2023-09-25,4337.44,16.9,2023-09-25,0.004015021275818627
2023-09-26,4273.53,18.94,2023-09-26,-0.014844128717961364
2023-09-27,4274.51,18.22,2023-09-27,0.00022929233000634007
2023-09-28,4299.7,17.34,2023-09-28,0.00587577688747319
2023-09-29,4288.05,17.52,2023-09-29,-0.002713168675515421
2023-10-02,4288.39,17.61,2023-10-02,7.928697692236147e-05
2023-10-03,4229.45,19.78,2023-10-03,-0.013839410161483797
2023-10-04,4263.75,18.58,2023-10-04,0.008077093787000134
2023-10-05,4258.19,18.49,2023-10-05,-0.0013048673867472557
2023-10-06,4308.5,17.45,2023-10-06,0.011745628333713317
2023-10-09,4335.66,17.7,2023-10-09,0.006284032081045516
2023-10-10,4358.24,17.03,2023-10-10,0.005194458360886415
2023-10-11,4376.95,16.09,2023-10-11,0.004283828654568987
2023-10-12,4349.61,16.69,2023-10-12,-0.006265948885271601
2023-10-13,4327.78,19.32,2023-10-13,-0.005031477449688668
2023-10-16,4373.63,17.21,2023-10-16,0.010538619453747615
2023-10-17,4373.2,17.88,2023-10-17,-9.832133477993887e-05
2023-10-18,4314.6,19.22,2023-10-18,-0.01349038622382619
2023-10-19,4278.0,21.4,2023-10-19,-0.008519009694152467
2023-10-20,4224.16,21.71,2023-10-20,-0.01266518618575799
2023-10-23,4217.04,20.37,2023-10-23,-0.0016869643388467898
2023-10-24,4247.68,18.97,2023-10-24,0.0072394913997594025
2023-10-25,4186.77,20.19,2023-10-25,-0.014443397939346892
2023-10-26,4137.23,20.68,2023-10-26,-0.011903071819740901
2023-10-27,4117.37,21.27,2023-10-27,-0.004811871761208667
2023-10-30,4166.82,19.75,2023-10-30,0.011938544947970331
2023-10-31,4193.8,18.14,2023-10-31,0.006454089207465981
2023-11-01,4237.86,16.87,2023-11-01,0.010451180679737281
2023-11-02,4317.78,15.66,2023-11-02,0.018682956430735833
2023-11-03,4358.34,14.91,2023-11-03,0.009349869637436973
2023-11-06,4365.98,14.89,2023-11-06,0.0017514263468030517
2023-11-07,4378.38,14.81,2023-11-07,0.002836115693239983
2023-11-08,4382.78,14.45,2023-11-08,0.0010044332873557552
2023-11-09,4347.35,15.29,2023-11-09,-0.008116762182437998
2023-11-10,4415.24,14.17,2023-11-10,0.015495728650985885
2023-11-13,4411.55,14.76,2023-11-13,-0.0008360910851978613
2023-11-14,4495.7,14.16,2023-11-14,0.018895282757298078
2023-11-15,4502.88,14.18,2023-11-15,0.0015958076771483444
2023-11-16,4508.24,14.32,2023-11-16,0.0011896413835666805
2023-11-17,4514.02,13.8,2023-11-17,0.001281275598516672
2023-11-20,4547.38,13.41,2023-11-20,0.0073631338909269815
2023-11-21,4538.19,13.35,2023-11-21,-0.0020229887908321687
2023-11-22,4556.62,12.85,2023-11-22,0.004052866464977724
2023-11-24,4559.34,12.46,2023-11-24,0.0005967555980324687
2023-11-27,4550.43,12.69,2023-11-27,-0.0019561422168003027
2023-11-28,4554.89,12.69,2023-11-28,0.0009796471418229004
2023-11-29,4550.58,12.98,2023-11-29,-0.000946683767425388
2023-11-30,4567.8,12.92,2023-11-30,0.0037769911916856066
2023-12-01,4594.63,12.63,2023-12-01,0.005856541700615295
2023-12-04,4569.78,13.08,2023-12-04,-0.005423166555119596
2023-12-05,4567.18,12.85,2023-12-05,-0.0005691170958779145
2023-12-06,4549.34,12.97,2023-12-06,-0.003913779111384419
2023-12-07,4585.59,13.06,2023-12-07,0.007936610413312938
2023-12-08,4604.37,12.35,2023-12-08,0.004087074621006593
2023-12-11,4622.44,12.63,2023-12-11,0.003916851675081129
2023-12-12,4643.7,12.07,2023-12-12,0.004588758060085738
2023-12-13,4707.09,12.19,2023-12-13,0.013558420429298217
2023-12-14,4719.55,12.48,2023-12-14,0.0026435733742609306
2023-12-15,4719.19,12.28,2023-12-15,-7.628136810104926e-05
2023-12-18,4740.56,12.56,2023-12-18,0.004518097487249544
2023-12-19,4768.37,12.53,2023-12-19,0.005849255234901429
2023-12-20,4698.35,13.67,2023-12-20,-0.014793144174519959
2023-12-21,4746.75,13.65,2023-12-21,0.01024879009249407
2023-12-22,4754.63,13.03,2023-12-22,0.0016587067997896167
2023-12-26,4774.75,12.99,2023-12-26,0.004222736399949838
2023-12-27,4781.58,12.43,2023-12-27,0.001429419277681746
2023-12-28,4783.35,12.47,2023-12-28,0.00037010203319937546
2023-12-29,4769.83,12.45,2023-12-29,-0.0028304729998547477
2024-01-02,4742.83,13.2,2024-01-02,-0.005676660892965471
2024-01-03,4704.81,14.04,2024-01-03,-0.00804861430897457
2024-01-04,4688.68,14.13,2024-01-04,-0.003434296699869414
2024-01-05,4697.24,13.35,2024-01-05,0.0018240092336748459
2024-01-08,4763.54,13.08,2024-01-08,0.014015987132365047
2024-01-09,4756.5,12.76,2024-01-09,-0.0014789856520085827
2024-01-10,4783.45,12.69,2024-01-10,0.005649939819610993
2024-01-11,4780.24,12.44,2024-01-11,-0.000671289036040164
2024-01-12,4783.83,12.7,2024-01-12,0.0007507264519410598
2024-01-16,4765.98,13.84,2024-01-16,-0.0037382986232446964
2024-01-17,4739.21,14.79,2024-01-17,-0.005632727126755614
2024-01-18,4780.94,14.13,2024-01-18,0.008766724739532073
2024-01-19,4839.81,13.3,2024-01-19,0.012238283870230153
2024-01-22,4850.43,13.19,2024-01-22,0.0021918970535104105
2024-01-23,4864.6,12.55,2024-01-23,0.002917131506229948
2024-01-24,4868.55,13.14,2024-01-24,0.0008116591682758741
2024-01-25,4894.16,13.45,2024-01-25,0.005246506091991603
2024-01-26,4890.97,13.26,2024-01-26,-0.000652009756234213
2024-01-29,4927.93,13.6,2024-01-29,0.007528373761456543
2024-01-30,4924.97,13.31,2024-01-30,-0.0006008383499372603
2024-01-31,4845.65,14.35,2024-01-31,-0.016236787963987382
2024-02-01,4906.19,13.88,2024-02-01,0.012416277903485802
2024-02-02,4958.61,13.85,2024-02-02,0.010627786351803241
2024-02-05,4942.81,13.67,2024-02-05,-0.003191464135615035
2024-02-06,4954.23,13.06,2024-02-06,0.0023077617284261594
2024-02-07,4995.06,12.83,2024-02-07,0.00820766692133105
2024-02-08,4997.91,12.79,2024-02-08,0.0005704010073624875
2024-02-09,5026.61,12.93,2024-02-09,0.005725975590860193
2024-02-12,5021.84,13.93,2024-02-12,-0.0009494002275555409
2024-02-13,4953.17,15.85,2024-02-13,-0.013768624761212093
2024-02-14,5000.62,14.38,2024-02-14,0.0095341290968955
2024-02-15,5029.73,14.01,2024-02-15,0.005804399991794575
2024-02-16,5005.57,14.24,2024-02-16,-0.004815012341991563
2024-02-20,4975.51,15.42,2024-02-20,-0.006023414477222352
2024-02-21,4981.8,15.34,2024-02-21,0.0012633935945864823
2024-02-22,5087.03,14.54,2024-02-22,0.02090289169482803
2024-02-23,5088.8,13.75,2024-02-23,0.00034788317372660206
2024-02-26,5069.53,13.74,2024-02-26,-0.0037939352461026604
2024-02-27,5078.18,13.43,2024-02-27,0.001704818544289236
2024-02-28,5069.76,13.84,2024-02-28,-0.001659450476103029
2024-02-29,5096.27,13.4,2024-02-29,0.005215420393340162
2024-03-01,5137.08,13.11,2024-03-01,0.007975925057791697
2024-03-04,5130.95,13.49,2024-03-04,-0.0011939974324694175
2024-03-05,5078.65,14.46,2024-03-05,-0.01024534898157439
2024-03-06,5104.76,14.5,2024-03-06,0.005127959537251652
2024-03-07,5157.36,14.44,2024-03-07,0.010251382881397443
2024-03-08,5123.69,14.74,2024-03-08,-0.0065499380656454595
2024-03-11,5117.94,15.22,2024-03-11,-0.0011228682551799477
2024-03-12,5175.27,13.84,2024-03-12,0.011139497364012345
2024-03-13,5165.31,13.75,2024-03-13,-0.001926391571868686
2024-03-14,5150.48,14.4,2024-03-14,-0.0028752059156686048
2024-03-15,5117.09,14.41,2024-03-15,-0.00650399611692649
2024-03-18,5149.42,14.33,2024-03-18,0.006298168875158858
2024-03-19,5178.51,13.82,2024-03-19,0.0056332831318901015
2024-03-20,5224.62,13.04,2024-03-20,0.008864697827341068
2024-03-21,5241.53,12.92,2024-03-21,0.003231372513137806
2024-03-22,5234.18,13.06,2024-03-22,-0.0014032464064151588
2024-03-25,5218.19,13.19,2024-03-25,-0.0030595955699421543
2024-03-26,5203.58,13.24,2024-03-26,-0.0028037482252575453
2024-03-27,5248.49,12.78,2024-03-27,0.008593565940707955
2024-03-28,5254.35,13.01,2024-03-28,0.0011158887706710923
2024-04-01,5243.77,13.65,2024-04-01,-0.0020155996658250933
2024-04-02,5205.81,14.61,2024-04-02,-0.0072653957344673645
2024-04-03,5211.49,14.33,2024-04-03,0.0010904938060488179
2024-04-04,5147.21,16.35,2024-04-04,-0.012410983057457463
2024-04-05,5204.34,16.03,2024-04-05,0.011038072569656417
2024-04-08,5202.39,15.19,2024-04-08,-0.0003747574930495873
2024-04-09,5209.91,14.98,2024-04-09,0.0014444457627020377
2024-04-10,5160.64,15.8,2024-04-10,-0.009501978333887355
2024-04-11,5199.06,14.91,2024-04-11,0.007417237205872028
2024-04-12,5123.41,17.31,2024-04-12,-0.01465760702944856
2024-04-15,5061.82,19.23,2024-04-15,-0.012094130563305876
2024-04-16,5051.41,18.4,2024-04-16,-0.002058690186348507
2024-04-17,5022.21,18.21,2024-04-17,-0.005797336366096615
2024-04-18,5011.12,18.0,2024-04-18,-0.002210632863926085
2024-04-19,4967.23,18.71,2024-04-19,-0.008797102336546191
2024-04-22,5010.6,16.94,2024-04-22,0.008693327734887766
2024-04-23,5070.55,15.69,2024-04-23,0.011893624576650831
2024-04-24,5071.63,15.97,2024-04-24,0.00021297196541228134
2024-04-25,5048.42,15.37,2024-04-25,-0.004586941901457446
2024-04-26,5099.96,15.03,2024-04-26,0.010157373516560254
2024-04-29,5116.17,14.67,2024-04-29,0.003173415687477538
2024-04-30,5035.69,15.65,2024-04-30,-0.01585555475344571
2024-05-01,5018.39,15.39,2024-05-01,-0.0034413923648739225
2024-05-02,5064.2,14.68,2024-05-02,0.009087013401337432
2024-05-03,5127.79,13.49,2024-05-03,0.01247858860899914
2024-05-06,5180.74,13.49,2024-05-06,0.010273136069376812
2024-05-07,5187.7,13.23,2024-05-07,0.0013425358193505205
2024-05-08,5187.67,13.0,2024-05-08,-5.78292629562257e-06
2024-05-09,5214.08,12.69,2024-05-09,0.005078002595891348
2024-05-10,5222.68,12.55,2024-05-10,0.0016480214063461682
2024-05-13,5221.42,13.6,2024-05-13,-0.00024128455417182781
2024-05-14,5246.68,13.42,2024-05-14,0.004826100061719822
2024-05-15,5308.15,12.45,2024-05-15,0.011647879688045933
2024-05-16,5297.1,12.42,2024-05-16,-0.00208387430730016
2024-05-17,5303.27,11.99,2024-05-17,0.0011641104408194052
2024-05-20,5308.13,12.15,2024-05-20,0.0009159960683443537
2024-05-21,5321.41,11.86,2024-05-21,0.002498698327390512
2024-05-22,5307.01,12.29,2024-05-22,-0.0027097176835470336
2024-05-23,5267.84,12.77,2024-05-23,-0.00740817678564494
2024-05-24,5304.72,11.93,2024-05-24,0.006976578915071976
2024-05-28,5306.04,12.92,2024-05-28,0.00024880404548013993
2024-05-29,5266.95,14.28,2024-05-29,-0.007394346936505546
2024-05-30,5235.48,14.47,2024-05-30,-0.005992916722542298
2024-05-31,5277.51,12.92,2024-05-31,0.007995864911522231
2024-06-03,5283.4,13.11,2024-06-03,0.0011154342969859781
2024-06-04,5291.34,13.16,2024-06-04,0.0015016920495655548
2024-06-05,5354.03,12.63,2024-06-05,0.011778026448059028
2024-06-06,5352.96,12.58,2024-06-06,-0.0001998694317565987
2024-06-07,5346.99,12.22,2024-06-07,-0.0011158931807150971
2024-06-10,5360.79,12.74,2024-06-10,0.0025775665246065955
2024-06-11,5375.32,12.85,2024-06-11,0.0027067548434573357
2024-06-12,5421.03,12.04,2024-06-12,0.008467727171882782
2024-06-13,5433.74,11.94,2024-06-13,0.002341828672305396
2024-06-14,5431.6,12.66,2024-06-14,-0.0003939131270021622
2024-06-17,5473.23,12.75,2024-06-17,0.007635185920104081
2024-06-18,5487.03,12.3,2024-06-18,0.0025181897678469146
2024-06-20,5473.17,13.28,2024-06-20,-0.002529152276068834
2024-06-21,5464.62,13.2,2024-06-21,-0.0015633874377691908
2024-06-24,5447.87,13.33,2024-06-24,-0.003069879221800406
2024-06-25,5469.3,12.84,2024-06-25,0.00392593090057643
2024-06-26,5477.9,12.55,2024-06-26,0.0015711783413408377
2024-06-27,5482.87,12.24,2024-06-27,0.0009068706560974762
2024-06-28,5460.48,12.44,2024-06-28,-0.004091988512145809
2024-07-01,5475.09,12.22,2024-07-01,0.002672015942936098
2024-07-02,5509.01,12.03,2024-07-02,0.0061762197767835335
2024-07-03,5537.02,12.09,2024-07-03,0.005071516198197267
2024-07-05,5567.19,12.48,2024-07-05,0.005433988413197175
2024-07-08,5572.85,12.37,2024-07-08,0.0010161544279964853
2024-07-09,5576.98,12.51,2024-07-09,0.0007408185037586474
2024-07-10,5633.91,12.85,2024-07-10,0.010156283642139425
2024-07-11,5584.54,12.92,2024-07-11,-0.00880162923017665
2024-07-12,5615.35,12.46,2024-07-12,0.005501853628775982
2024-07-15,5631.22,13.12,2024-07-15,0.002822195662042845
2024-07-16,5667.2,13.19,2024-07-16,0.006369053660041409
2024-07-17,5588.27,14.48,2024-07-17,-0.014025410555021933
2024-07-18,5544.59,15.93,2024-07-18,-0.00784708046968273
2024-07-19,5505.0,16.52,2024-07-19,-0.007165907407029404
2024-07-22,5564.41,14.91,2024-07-22,0.010734189165974961
2024-07-23,5555.74,14.72,2024-07-23,-0.0015593317997995005
2024-07-24,5427.13,18.04,2024-07-24,-0.02342117844388951
2024-07-25,5399.22,18.46,2024-07-25,-0.0051559504042484414
2024-07-26,5459.1,16.39,2024-07-26,0.01102944231248889
2024-07-29,5463.54,16.6,2024-07-29,0.0008129903108684501
2024-07-30,5436.44,17.69,2024-07-30,-0.004972496433736025
2024-07-31,5522.3,16.36,2024-07-31,0.01567000529191805
2024-08-01,5446.68,18.59,2024-08-01,-0.013788191433053192
2024-08-02,5346.56,23.39,2024-08-02,-0.018552885294602865
2024-08-05,5186.33,38.57,2024-08-05,-0.030427045496882188
2024-08-06,5240.03,27.71,2024-08-06,0.010300905557719547
2024-08-07,5199.5,27.85,2024-08-07,-0.007764756389251183
2024-08-08,5319.31,23.79,2024-08-08,0.022781128575607587
2024-08-09,5344.16,20.37,2024-08-09,0.004660780212150723
2024-08-12,5344.39,20.71,2024-08-12,4.3036707511422095e-05
2024-08-13,5434.43,18.12,2024-08-13,0.016707226654933075
2024-08-14,5455.21,16.19,2024-08-14,0.003816476067632372
2024-08-15,5543.22,15.23,2024-08-15,0.01600444401278594
2024-08-16,5554.25,14.8,2024-08-16,0.0019878411263283945
2024-08-19,5608.25,14.65,2024-08-19,0.009675327436177775
2024-08-20,5597.12,15.88,2024-08-20,-0.001986548174716506
2024-08-21,5620.85,16.27,2024-08-21,0.004230718284184624
2024-08-22,5570.64,17.55,2024-08-22,-0.008972949425464468
2024-08-23,5634.61,15.86,2024-08-23,0.011417986208502448
2024-08-26,5616.84,16.15,2024-08-26,-0.003158706615574787
2024-08-27,5625.8,15.43,2024-08-27,0.0015939320118754585
2024-08-28,5592.18,17.11,2024-08-28,-0.005993966945423385
2024-08-29,5591.96,15.65,2024-08-29,-3.934142455813639e-05
2024-08-30,5648.4,15.0,2024-08-30,0.010042467382856683
2024-09-03,5528.93,20.72,2024-09-03,-0.02137801245458143
2024-09-04,5520.07,21.32,2024-09-04,-0.0016037653903594354
2024-09-05,5503.41,19.9,2024-09-05,-0.0030226412501879545
2024-09-06,5408.42,22.38,2024-09-06,-0.017410901670867562
2024-09-09,5471.05,19.45,2024-09-09,0.011513555690021488
2024-09-10,5495.52,19.08,2024-09-10,0.004462660724490219
2024-09-11,5554.13,17.69,2024-09-11,0.010608580303038784
2024-09-12,5595.76,17.07,2024-09-12,0.00746737294203047
2024-09-13,5626.02,16.56,2024-09-13,0.005393096878371416
2024-09-16,5633.09,17.14,2024-09-16,0.0012558720767880025
2024-09-17,5634.58,17.61,2024-09-17,0.00026447349073670164
2024-09-18,5618.26,18.23,2024-09-18,-0.0029006031263851696
2024-09-19,5713.64,16.33,2024-09-19,0.01683429124758695
2024-09-20,5702.55,16.15,2024-09-20,-0.001942855451501775
2024-09-23,5718.57,15.89,2024-09-23,0.0028053309143568263
2024-09-24,5732.93,15.39,2024-09-24,0.0025079697029956895
2024-09-25,5722.26,15.41,2024-09-25,-0.0018629115860669923
2024-09-26,5745.37,15.37,2024-09-26,0.004030480802872329
2024-09-27,5738.17,16.96,2024-09-27,-0.0012539688882457197
2024-09-30,5762.48,16.73,2024-09-30,0.004227593432856073
2024-10-01,5708.75,19.26,2024-10-01,-0.009367852083837029
2024-10-02,5709.54,18.9,2024-10-02,0.0001383744853669804
2024-10-03,5699.94,20.49,2024-10-03,-0.0016828115331257495
2024-10-04,5751.07,19.21,2024-10-04,0.008930275984437889
2024-10-07,5695.94,22.64,2024-10-07,-0.009632284107421169
2024-10-08,5751.13,21.42,2024-10-08,0.009642716894192714
2024-10-09,5792.04,20.86,2024-10-09,0.007088203896394327
2024-10-10,5780.05,20.93,2024-10-10,-0.0020722279710146596
2024-10-11,5815.03,20.46,2024-10-11,0.0060336118627852325
2024-10-14,5859.85,19.7,2024-10-14,0.0076780609629941675
2024-10-15,5815.26,20.64,2024-10-15,-0.007638509068754146
2024-10-16,5842.47,19.58,2024-10-16,0.0046681557065759915
2024-10-17,5841.47,19.11,2024-10-17,-0.00017117513483320916
2024-10-18,5864.67,18.03,2024-10-18,0.003963737043124536
2024-10-21,5853.98,18.37,2024-10-21,-0.0018244427413090425
2024-10-22,5851.2,18.2,2024-10-22,-0.00047500338350551163
2024-10-23,5797.42,19.24,2024-10-23,-0.009233777411953054
2024-10-24,5809.86,19.08,2024-10-24,0.0021434831869283494
2024-10-25,5808.12,20.33,2024-10-25,-0.00029953572187414154
2024-10-28,5823.52,19.8,2024-10-28,0.0026479514493707988
2024-10-29,5832.92,19.34,2024-10-29,0.0016128426925638532
2024-10-30,5813.67,20.35,2024-10-30,-0.003305691628139004
2024-10-31,5705.45,23.16,2024-10-31,-0.01879018259951983
2024-11-01,5728.8,21.88,2024-11-01,0.004084226330236237
2024-11-04,5712.69,21.98,2024-11-04,-0.0028160686495115016
2024-11-05,5782.76,20.49,2024-11-05,0.01219106130274809
2024-11-06,5929.04,16.27,2024-11-06,0.02498123383889653
2024-11-07,5973.1,15.2,2024-11-07,0.007403744412989463
2024-11-08,5995.54,14.94,2024-11-08,0.0037498038697994338
2024-11-11,6001.35,14.97,2024-11-11,0.0009685844338363746
2024-11-12,5983.99,14.71,2024-11-12,-0.002896874371566189
2024-11-13,5985.38,14.02,2024-11-13,0.0002322595101076364
2024-11-14,5949.17,14.31,2024-11-14,-0.006068115029117462
2024-11-15,5870.62,16.14,2024-11-15,-0.013291463960568205
2024-11-18,5893.62,15.58,2024-11-18,0.003910159824107666
2024-11-19,5916.98,16.35,2024-11-19,0.0039557737052673715
2024-11-20,5917.11,17.16,2024-11-20,2.1970426117316337e-05
2024-11-21,5948.71,16.87,2024-11-21,0.005326235305174984
2024-11-22,5969.34,15.24,2024-11-22,0.0034619792004100735
2024-11-25,5987.37,14.6,2024-11-25,0.003015882072251307
2024-11-26,6021.63,14.1,2024-11-26,0.005705736188806683
2024-11-27,5998.74,14.1,2024-11-27,-0.0038085396153748753
2024-11-29,6032.38,13.51,2024-11-29,0.005592178893918033
2024-12-02,6047.15,13.34,2024-12-02,0.0024454606033056034
2024-12-03,6049.88,13.3,2024-12-03,0.00045135046310470323
2024-12-04,6086.49,13.45,2024-12-04,0.006033123750502109
2024-12-05,6075.11,13.54,2024-12-05,-0.0018714648272306858
2024-12-06,6090.27,12.77,2024-12-06,0.0024923196558419955
2024-12-09,6052.85,14.19,2024-12-09,-0.006163180212196304
2024-12-10,6034.91,14.18,2024-12-10,-0.0029682940713745675
2024-12-11,6084.19,13.58,2024-12-11,0.008132661932885083
2024-12-12,6051.25,13.92,2024-12-12,-0.0054287410919564485
2024-12-13,6051.09,13.81,2024-12-13,-2.6441167577320025e-05
2024-12-16,6074.08,14.69,2024-12-16,0.0037921163249597686
2024-12-17,6050.61,15.87,2024-12-17,-0.0038714440227630084
2024-12-18,5872.16,27.62,2024-12-18,-0.029936554508987644
2024-12-19,5867.08,24.09,2024-12-19,-0.0008654734577528358
2024-12-20,5930.85,18.36,2024-12-20,0.010810476252410672
2024-12-23,5974.07,16.78,2024-12-23,0.00726089547546254
2024-12-24,6040.04,14.27,2024-12-24,0.010982197273831982
2024-12-26,6037.59,14.73,2024-12-26,-0.00040570874146761795
2024-12-27,5970.84,15.95,2024-12-27,-0.01111730467559637
2024-12-30,5906.94,17.4,2024-12-30,-0.010759690191101295
2024-12-31,5881.63,17.35,2024-12-31,-0.00429399645413445
2025-01-02,5868.55,17.93,2025-01-02,-0.002226349792552953
2025-01-03,5942.47,16.13,2025-01-03,0.012517287272659085
2025-01-06,5975.38,16.04,2025-01-06,0.0055228222624888485
2025-01-07,5909.03,17.82,2025-01-07,-0.01116600476981219
2025-01-08,5918.25,17.7,2025-01-08,0.001559107735282887
2025-01-10,5827.04,19.54,2025-01-10,-0.015531644353894208
2025-01-13,5836.22,19.19,2025-01-13,0.0015741742695762329
2025-01-14,5842.91,18.71,2025-01-14,0.0011456334044923633
2025-01-15,5949.91,16.12,2025-01-15,0.018147132985426716
2025-01-16,5937.34,16.6,2025-01-16,-0.002114871763466578
2025-01-17,5996.66,15.97,2025-01-17,0.00994142593572411
2025-01-21,6049.24,15.06,2025-01-21,0.00872999675223129
2025-01-22,6086.37,15.1,2025-01-22,0.006119200577442709
2025-01-23,6118.71,15.02,2025-01-23,0.005299445097723889
2025-01-24,6101.24,14.85,2025-01-24,-0.0028592607828964826
2025-01-27,6012.28,17.9,2025-01-27,-0.014687984883634318
2025-01-28,6067.7,16.41,2025-01-28,0.009175576254675617
2025-01-29,6039.31,16.56,2025-01-29,-0.004689853570094891
2025-01-30,6071.17,15.84,2025-01-30,0.005261570722435618
2025-01-31,6040.53,16.43,2025-01-31,-0.005059581291425466
2025-02-03,5994.57,18.62,2025-02-03,-0.007637696973119063
2025-02-04,6037.88,17.21,2025-02-04,0.007198897488332478
2025-02-05,6061.48,15.77,2025-02-05,0.0039010377290886913
2025-02-06,6083.57,15.5,2025-02-06,0.003637700027498819
2025-02-07,6025.99,16.54,2025-02-07,-0.009509913482107744
2025-02-10,6066.44,15.81,2025-02-10,0.006690160848149635
2025-02-11,6068.5,16.02,2025-02-11,0.00033951548500248807
2025-02-12,6051.97,15.89,2025-02-12,-0.0027276186894511618
2025-02-13,6115.07,15.1,2025-02-13,0.010372377459622351
2025-02-14,6114.63,14.77,2025-02-14,-7.19559760565346e-05
2025-02-18,6129.58,15.35,2025-02-18,0.0024419717448794743
2025-02-19,6144.15,15.27,2025-02-19,0.0023741775065794562
2025-02-20,6117.52,15.66,2025-02-20,-0.004343623971148685
2025-02-21,6013.13,18.21,2025-02-21,-0.01721137399126208
2025-02-24,5983.25,18.98,2025-02-24,-0.004981513054855011
2025-02-25,5955.25,19.43,2025-02-25,-0.004690715138395557
2025-02-26,5956.06,19.1,2025-02-26,0.0001360051919139706
2025-02-27,5861.57,21.13,2025-02-27,-0.015991702852089028
2025-02-28,5954.5,19.63,2025-02-28,0.015729750431897126
2025-03-03,5849.72,22.78,2025-03-03,-0.01775343937549338
2025-03-04,5778.15,23.51,2025-03-04,-0.01231023460336647
2025-03-05,5842.63,21.93,2025-03-05,0.011097475685101249
2025-03-06,5738.52,24.87,2025-03-06,-0.017979700568310077
2025-03-07,5770.2,23.37,2025-03-07,0.0055054046005090125
2025-03-10,5614.56,27.86,2025-03-10,-0.027343518375984407
2025-03-11,5572.07,26.92,2025-03-11,-0.007596604935651537
2025-03-12,5599.3,24.23,2025-03-12,0.004874971275234425
2025-03-13,5521.52,24.66,2025-03-13,-0.013988405225352909
2025-03-14,5638.94,21.77,2025-03-14,0.021042919881408308
2025-03-17,5675.12,20.51,2025-03-17,0.00639560393434752
2025-03-18,5614.66,21.7,2025-03-18,-0.01071067425391002
2025-03-19,5675.29,19.9,2025-03-19,0.010740629118978858
2025-03-20,5662.89,19.8,2025-03-20,-0.0021873007738032347
2025-03-21,5667.56,19.28,2025-03-21,0.0008243274123172031
2025-03-24,5767.57,17.48,2025-03-24,0.017492157944606672
2025-03-25,5776.65,17.15,2025-03-25,0.0015730819184730236
2025-03-26,5712.2,18.33,2025-03-26,-0.011219691455108281
2025-03-27,5693.31,18.69,2025-03-27,-0.0033124371066493626
2025-03-28,5580.94,21.65,2025-03-28,-0.019934580336265845
2025-03-31,5611.85,22.28,2025-03-31,0.005523212456950013
2025-04-01,5633.07,21.77,2025-04-01,0.0037741531622356647
2025-04-02,5670.97,21.51,2025-04-02,0.006705592339420831
2025-04-03,5396.52,30.02,2025-04-03,-0.04960587756339505
2025-04-04,5074.08,45.31,2025-04-04,-0.06160907367588022
2025-04-07,5062.25,46.98,2025-04-07,-0.002334179209083819
2025-04-08,4982.77,52.33,2025-04-08,-0.0158250871968123
2025-04-09,5456.9,33.62,2025-04-09,0.09089490164871482
2025-04-10,5268.05,40.72,2025-04-10,-0.03522058784511797
2025-04-11,5363.36,37.56,2025-04-11,0.017930369252113488
2025-04-14,5405.97,30.89,2025-04-14,0.007913254093151065
2025-04-15,5396.63,30.12,2025-04-15,-0.0017292137684181356
2025-04-16,5275.7,32.64,2025-04-16,-0.022663312700996363
2025-04-17,5282.7,29.65,2025-04-17,0.0013259586728286152
2025-04-21,5158.2,33.82,2025-04-21,-0.023849649226388613
2025-04-22,5287.76,30.57,2025-04-22,0.024807034313980802
2025-04-23,5375.86,28.45,2025-04-23,0.01652384547479458
2025-04-24,5484.77,26.47,2025-04-24,0.02005659908960853
2025-04-25,5525.21,24.84,2025-04-25,0.0073460954265644985
2025-04-28,5528.75,25.15,2025-04-28,0.0006404944691347734
2025-04-29,5560.83,24.17,2025-04-29,0.0057856274963946795
2025-04-30,5569.06,24.7,2025-04-30,0.0014789007797954687
2025-05-01,5604.14,24.6,2025-05-01,0.006279331841725186
2025-05-02,5686.67,22.68,2025-05-02,0.014619229243407843
2025-05-05,5650.38,23.64,2025-05-05,-0.006402040027831334
2025-05-06,5606.91,24.76,2025-05-06,-0.007723033885546555
2025-05-07,5631.28,23.55,2025-05-07,0.0043370041259597454
2025-05-08,5663.94,22.48,2025-05-08,0.0057829933406661335
2025-05-09,5659.91,21.9,2025-05-09,-0.0007117720863733933
2025-05-12,5844.19,18.39,2025-05-12,0.03204001430944952
2025-05-13,5886.55,18.22,2025-05-13,0.007222082173714943
2025-05-14,5892.58,18.62,2025-05-14,0.001023844804624757
2025-05-15,5916.93,17.83,2025-05-15,0.004123800988772676
2025-05-16,5958.38,17.24,2025-05-16,0.006980898743962978
2025-05-19,5963.6,18.14,2025-05-19,0.0008756935229845948
2025-05-20,5940.46,18.09,2025-05-20,-0.0038877541185178555
2025-05-21,5844.61,20.87,2025-05-21,-0.016266702451148567
2025-05-22,5842.01,20.28,2025-05-22,-0.000444953295802523
2025-05-23,5802.82,22.29,2025-05-23,-0.006730909417987258
2025-05-27,5921.54,18.96,2025-05-27,0.02025254391312099
2025-05-28,5888.55,19.31,2025-05-28,-0.005586762811582561
2025-05-29,5912.17,19.18,2025-05-29,0.004003150916717184
2025-05-30,5911.69,18.57,2025-05-30,-8.119175975762441e-05
2025-06-02,5935.94,18.36,2025-06-02,0.004093651450134648
2025-06-03,5970.37,17.69,2025-06-03,0.005783504036174
2025-06-04,5970.81,17.61,2025-06-04,7.369455953249158e-05
2025-06-05,5939.3,18.48,2025-06-05,-0.00529131528056298
2025-06-06,6000.36,16.77,2025-06-06,0.010228186115699976
2025-06-09,6005.88,17.16,2025-06-09,0.00091952191342838
2025-06-10,6038.81,16.95,2025-06-10,0.005467983326654945
2025-06-11,6022.24,17.26,2025-06-11,-0.0027476895336661002
2025-06-12,6045.26,18.02,2025-06-12,0.003815210759964134
2025-06-13,5976.97,20.82,2025-06-13,-0.011360743305409217
2025-06-16,6033.11,19.11,2025-06-16,0.009348881754855183
2025-06-17,5982.72,21.6,2025-06-17,-0.008387318295762367
2025-06-18,5980.87,20.14,2025-06-18,-0.0003092717177279465
2025-06-20,5967.84,20.62,2025-06-20,-0.0021809894398640384
2025-06-23,6025.17,19.83,2025-06-23,0.009560641855696288
2025-06-24,6092.18,17.48,2025-06-24,0.011060286796932295
2025-06-25,6092.16,16.76,2025-06-25,-3.282902479779892e-06
2025-06-26,6141.02,16.59,2025-06-26,0.007988153499777193
2025-06-27,6173.07,16.32,2025-06-27,0.005205430912106668
2025-06-30,6204.95,16.73,2025-06-30,0.005151077553744316
2025-07-01,6198.01,16.83,2025-07-01,-0.0011190878184368853
2025-07-02,6227.42,16.64,2025-07-02,0.004733849037257287
2025-07-03,6279.35,16.38,2025-07-03,0.008304350113372305
2025-07-07,6229.98,17.79,2025-07-07,-0.00789334941723412
2025-07-08,6225.52,16.81,2025-07-08,-0.000716149522799676
2025-07-09,6263.26,15.94,2025-07-09,0.006043843334676842
2025-07-10,6280.46,15.78,2025-07-10,0.002742409872004345
2025-07-11,6259.75,16.4,2025-07-11,-0.0033029779929135954
2025-07-14,6268.56,17.2,2025-07-14,0.0014064149836943984
2025-07-15,6243.76,17.38,2025-07-15,-0.0039640981809521275
2025-07-16,6263.7,17.16,2025-07-16,0.0031884998062567844
2025-07-17,6297.36,16.52,2025-07-17,0.005359433132147322
2025-07-18,6296.79,16.41,2025-07-18,-9.051821685285016e-05
2025-07-21,6305.6,16.65,2025-07-21,0.0013981477220053166
2025-07-22,6309.62,16.5,2025-07-22,0.0006373254110623907
2025-07-23,6358.91,15.37,2025-07-23,0.0077815261467118115
2025-07-24,6363.35,15.39,2025-07-24,0.000697989222081707
2025-07-25,6388.64,14.93,2025-07-25,0.003966444948063231
2025-07-28,6389.77,15.03,2025-07-28,0.00017686081491285848
2025-07-29,6370.86,15.98,2025-07-29,-0.0029638056808081927
2025-07-30,6362.9,15.48,2025-07-30,-0.0012502200507663753
2025-07-31,6339.39,16.72,2025-07-31,-0.003701698960678981
2025-08-01,6238.01,20.38,2025-08-01,-0.016121328046944453
2025-08-04,6329.94,17.52,2025-08-04,0.014629536175939909
2025-08-05,6299.19,17.85,2025-08-05,-0.004869703735275253
2025-08-06,6345.06,16.77,2025-08-06,0.007255503683515384
2025-08-07,6340.0,16.57,2025-08-07,-0.000797788937281747
2025-08-08,6389.45,15.15,2025-08-08,0.007769424248422339
2025-08-11,6373.45,16.25,2025-08-11,-0.0025072684706233723
2025-08-12,6445.76,14.73,2025-08-12,0.011281626080988628
2025-08-13,6466.58,14.49,2025-08-13,0.0032248249415864237
2025-08-14,6468.54,14.83,2025-08-14,0.00030305092105848265
2025-08-15,6449.8,15.09,2025-08-15,-0.0029013035955741404
2025-08-18,6449.15,14.99,2025-08-18,-0.00010078339718365875
2025-08-19,6411.37,15.57,2025-08-19,-0.0058753625327812135
2025-08-20,6395.78,15.69,2025-08-20,-0.002434578762704586
2025-08-21,6370.17,16.6,2025-08-21,-0.0040122410562429415
2025-08-22,6466.91,14.22,2025-08-22,0.015072248733123567
2025-08-25,6439.32,14.79,2025-08-25,-0.0042754610800767165
2025-08-26,6465.94,14.62,2025-08-26,0.0041254554739158684
2025-08-27,6481.4,14.85,2025-08-27,0.0023881364585491512
2025-08-28,6501.86,14.43,2025-08-28,0.003151753401949776
2025-08-29,6460.26,15.36,2025-08-29,-0.006418725150929158
2025-09-02,6415.54,17.17,2025-09-02,-0.006946392429262097
2025-09-03,6448.26,16.35,2025-09-03,0.005087154738688097
2025-09-04,6502.08,15.3,2025-09-04,0.008311798740472436
2025-09-05,6481.5,15.18,2025-09-05,-0.003170160654550948
2025-09-08,6495.15,15.11,2025-09-08,0.0021037794861457856
2025-09-09,6512.61,15.04,2025-09-09,0.0026845529877440578
2025-09-10,6532.04,15.35,2025-09-10,0.0029790012563325726
2025-09-11,6587.47,14.71,2025-09-11,0.008450060989231583
2025-09-12,6584.29,14.76,2025-09-12,-0.00048285120011051867
2025-09-15,6615.28,15.69,2025-09-15,0.004695616136136634
2025-09-16,6606.76,16.36,2025-09-16,-0.0012887574351968891
2025-09-17,6600.35,15.72,2025-09-17,-0.0009706893488903998
2025-09-18,6631.96,15.7,2025-09-18,0.0047777085223636995
2025-09-19,6664.36,15.45,2025-09-19,0.00487353856235327
2025-09-22,6693.75,16.1,2025-09-22,0.004400330199851501
2025-09-23,6656.92,16.64,2025-09-23,-0.005517340092831724
2025-09-24,6637.97,16.18,2025-09-24,-0.002850721267084144
2025-09-25,6604.72,16.74,2025-09-25,-0.0050216489054652645
2025-09-26,6643.7,15.29,2025-09-26,0.00588449226108198
2025-09-29,6661.21,16.12,2025-09-29,0.0026321125222386276
2025-09-30,6688.46,16.28,2025-09-30,0.00408250358961618
2025-10-01,6711.2,16.29,2025-10-01,0.003394119228470274
2025-10-02,6715.35,16.63,2025-10-02,0.000618178181611686
2025-10-03,6715.79,16.65,2025-10-03,6.55193825925374e-05
2025-10-06,6740.28,16.37,2025-10-06,0.0036399969738822847
2025-10-07,6714.59,17.24,2025-10-07,-0.003818696311234345
2025-10-08,6753.72,16.3,2025-10-08,0.0058106934127934015
2025-10-09,6735.11,16.43,2025-10-09,-0.0027593218696984716
2025-10-10,6552.51,21.66,2025-10-10,-0.02748595997057204
2025-10-13,6654.72,19.03,2025-10-13,0.015478194983781826
2025-10-14,6644.31,20.81,2025-10-14,-0.001565528031162684
2025-10-15,6671.06,20.64,2025-10-15,0.0040179185387894355
2025-10-16,6629.07,25.31,2025-10-16,-0.0063142449751388335
2025-10-17,6664.01,20.78,2025-10-17,0.005256882598063332
2025-10-20,6735.13,18.23,2025-10-20,0.010615706365319902
2025-10-21,6735.35,17.87,2025-10-21,3.2664017914663565e-05
2025-10-22,6699.4,18.6,2025-10-22,-0.005351805698817079
2025-10-23,6738.44,17.3,2025-10-23,0.005810473980595434
2025-10-24,6791.69,16.37,2025-10-24,0.00787136190706858
2025-10-27,6875.16,15.79,2025-10-27,0.01221510997336481
2025-10-28,6890.89,16.42,2025-10-28,0.002285333388467007
2025-10-29,6890.59,16.92,2025-10-29,-4.3536688374153406e-05
2025-10-30,6822.34,16.91,2025-10-30,-0.00995419119768763
2025-10-31,6840.2,17.44,2025-10-31,0.0026144494615600103
2025-11-03,6851.97,17.17,2025-11-03,0.001719231195508654
2025-11-04,6771.55,19.0,2025-11-04,-0.01180619019419214
2025-11-05,6796.29,18.01,2025-11-05,0.0036468630849652776
2025-11-06,6720.32,19.5,2025-11-06,-0.011241102610422679
2025-11-07,6728.8,19.08,2025-11-07,0.0012610492171643028
2025-11-10,6832.43,17.6,2025-11-10,0.015283571949665772
2025-11-11,6846.61,17.28,2025-11-11,0.002073245648702285
2025-11-12,6850.92,17.51,2025-11-12,0.0006293105606983312
2025-11-13,6737.49,20.0,2025-11-13,-0.016695497821198804
2025-11-14,6734.11,19.83,2025-11-14,-0.0005017963821556283
2025-11-17,6672.41,22.38,2025-11-17,-0.009204541614054106
2025-11-18,6617.32,24.69,2025-11-18,-0.008290659863030455
2025-11-19,6642.16,23.66,2025-11-19,0.0037467576494783256
2025-11-20,6538.76,26.42,2025-11-20,-0.015689666748388537
2025-11-21,6602.99,23.43,2025-11-21,0.009775031702356704
2025-11-24,6705.12,20.52,2025-11-24,0.015348836917048726
2025-11-25,6765.88,18.56,2025-11-25,0.009020920798512149
2025-11-26,6812.61,17.19,2025-11-26,0.0068829721842695365
2025-11-28,6849.09,16.35,2025-11-28,0.005340490085903758
2025-12-01,6812.63,17.24,2025-12-01,-0.005337554357799105
2025-12-02,6829.37,16.59,2025-12-02,0.0024541868350872
2025-12-03,6849.72,16.08,2025-12-03,0.0029753463150951035
2025-12-04,6857.12,15.78,2025-12-04,0.0010797529874062967
2025-12-05,6870.4,15.41,2025-12-05,0.0019348001886360358
2025-12-08,6846.51,16.66,2025-12-08,-0.003483295312933449
2025-12-09,6840.51,16.93,2025-12-09,-0.0008767431309868112
2025-12-10,6886.68,15.77,2025-12-10,0.0067268208715260186
2025-12-11,6901.0,14.85,2025-12-11,0.0020772175085341247
2025-12-12,6827.41,15.74,2025-12-12,-0.010720936344245894
2025-12-15,6816.51,16.5,2025-12-15,-0.0015977816227138871
2025-12-16,6800.26,16.48,2025-12-16,-0.0023867639262764775
2025-12-17,6721.43,17.62,2025-12-17,-0.011659917229324452
2025-12-18,6774.76,16.87,2025-12-18,0.007903012268159712
2025-12-19,6834.5,14.91,2025-12-19,0.008779372826506848
2025-12-22,6878.49,14.08,2025-12-22,0.006415836501950419
2025-12-23,6909.79,14.0,2025-12-23,0.004540095467188959
2025-12-24,6932.05,13.47,2025-12-24,0.003216338173199279
2025-12-26,6929.94,13.6,2025-12-26,-0.0003044295972362362
2025-12-29,6905.74,14.2,2025-12-29,-0.0034982053182543806
2025-12-30,6896.24,14.33,2025-12-30,-0.0013766142974067502
2025-12-31,6845.5,14.95,2025-12-31,-0.007384833448338178
2026-01-02,6858.47,14.51,2026-01-02,0.0018928827007984883
2026-01-05,6902.05,14.9,2026-01-05,0.006334084134120899
2026-01-06,6944.82,14.75,2026-01-06,0.006177589017272698
2026-01-07,6920.93,15.38,2026-01-07,-0.0034459042806426455
2026-01-08,6921.46,15.45,2026-01-08,7.657637160338651e-05
2026-01-09,6966.28,14.49,2026-01-09,0.006454636335169831
2026-01-12,6977.27,15.12,2026-01-12,0.0015763564193844878
2026-01-13,6963.74,15.98,2026-01-13,-0.001941036445421733
2026-01-14,6926.6,16.75,2026-01-14,-0.005347614026380562
2026-01-15,6944.47,15.84,2026-01-15,0.0025765870817866542
2026-01-16,6940.01,15.86,2026-01-16,-0.0006424439594999997
2026-01-20,6796.86,20.09,2026-01-20,-0.020842474609840015
2026-01-21,6875.62,16.9,2026-01-21,0.011521080474655875
2026-01-22,6913.35,15.64,2026-01-22,0.005472503626070247
2026-01-23,6915.61,16.09,2026-01-23,0.0003268503228179835
2026-01-26,6950.23,16.15,2026-01-26,0.00499357730073253
2026-01-27,6978.6,16.35,2026-01-27,0.004073571036609139
2026-01-28,6978.03,16.35,2026-01-28,-8.16816094311329e-05
2026-01-29,6969.01,16.88,2026-01-29,-0.0012934646000264138
2026-01-30,6939.03,17.44,2026-01-30,-0.004311182083850207
2026-02-02,6976.44,16.34,2026-02-02,0.005376762714527654
2026-02-03,6917.81,18.0,2026-02-03,-0.008439512459452748
2026-02-04,6882.72,18.64,2026-02-04,-0.0050853228999764265
2026-02-05,6798.4,21.77,2026-02-05,-0.01232663227429177
2026-02-06,6932.3,17.76,2026-02-06,0.019504358091878945
2026-02-09,6964.82,17.36,2026-02-09,0.0046801149243004755
2026-02-10,6941.81,17.79,2026-02-10,-0.0033092159636613234
2026-02-11,6941.47,17.65,2026-02-11,-4.897978000417709e-05
2026-02-12,6832.76,20.82,2026-02-12,-0.01578487613370198
2026-02-13,6836.17,20.6,2026-02-13,0.0004989417709712465
2026-02-17,6843.22,20.29,2026-02-17,0.0010307478073486504
2026-02-18,6881.31,19.62,2026-02-18,0.00555065970134696
2026-02-19,6861.89,20.23,2026-02-19,-0.0028261268009801056
2026-02-20,6909.51,19.09,2026-02-20,0.006915809547172946
2026-02-23,6837.75,21.01,2026-02-23,-0.01043999339209688
2026-02-24,6890.07,19.55,2026-02-24,0.007622514474642573
2026-02-25,6946.13,17.93,2026-02-25,0.008103425328775544
2026-02-26,6908.86,18.63,2026-02-26,-0.00538002407756977
2026-02-27,6878.88,19.86,2026-02-27,-0.004348797881099042
2026-03-02,6881.62,21.44,2026-03-02,0.0003982413482378287
2026-03-03,6816.63,23.57,2026-03-03,-0.009488874510842593
2026-03-04,6869.5,21.15,2026-03-04,0.007726108548736556
2026-03-05,6830.71,23.75,2026-03-05,-0.005662702054044177
2026-03-06,6740.02,29.49,2026-03-06,-0.013365729048958096
2026-03-09,6795.99,25.5,2026-03-09,0.008269840075943027
2026-03-10,6781.48,24.93,2026-03-10,-0.0021373651385526316
2026-03-11,6775.8,24.23,2026-03-11,-0.0008379262407114513
2026-03-12,6672.62,27.29,2026-03-12,-0.01534485457694618
2026-03-13,6632.19,27.19,2026-03-13,-0.006077520001308344
2026-03-16,6699.38,23.51,2026-03-16,0.010079918404358078
2026-03-17,6716.09,22.37,2026-03-17,0.00249115515768748
2026-03-18,6624.7,25.09,2026-03-18,-0.01370105213122259
2026-03-19,6606.49,24.06,2026-03-19,-0.0027525886179107706
2026-03-20,6506.48,26.78,2026-03-20,-0.015253895829477377
2026-03-23,6581.0,26.15,2026-03-23,0.011388106093259189
2026-03-24,6556.37,26.95,2026-03-24,-0.0037496133331591376
2026-03-25,6591.9,25.33,2026-03-25,0.005404526448370769
2026-03-26,6477.16,27.44,2026-03-26,-0.017559479899019164
2026-03-27,6368.85,31.05,2026-03-27,-0.016863223156244337
2026-03-30,6343.72,30.61,2026-03-30,-0.003953572367090908
2026-03-31,6528.52,25.25,2026-03-31,0.028714924185272283
2026-04-01,6575.32,24.54,2026-04-01,0.0071429747289302155
2026-04-02,6582.69,23.87,2026-04-02,0.0011202303039330127
2026-04-06,6611.83,24.17,2026-04-06,0.004416992414477606
2026-04-07,6616.85,25.78,2026-04-07,0.0007589570903471232
2026-04-08,6782.81,21.04,2026-04-08,0.024772044477339827
2026-04-09,6824.66,19.49,2026-04-09,0.006151052613166395
2026-04-10,6816.89,19.23,2026-04-10,-0.0011391668601091422
2026-04-13,6886.24,19.12,2026-04-13,0.010121861514360059
2026-04-14,6967.38,18.36,2026-04-14,0.011714039770857793
2026-04-15,7022.95,18.17,2026-04-15,0.007944100281508593
2026-04-16,7041.28,17.94,2026-04-16,0.0026066141379231045
2026-04-17,7126.06,17.48,2026-04-17,0.011968515194245957
2026-04-20,7109.14,18.87,2026-04-20,-0.0023772069191958763
2026-04-21,7064.01,19.5,2026-04-21,-0.006368401170700966
2026-04-22,7137.9,18.92,2026-04-22,0.01040573651416016
2026-04-23,7108.4,19.31,2026-04-23,-0.004141432114162128
2026-04-24,7165.08,18.71,2026-04-24,0.007942043275907907
2026-04-27,7173.91,18.02,2026-04-27,0.0012316071238145734
2026-04-28,7138.8,17.83,2026-04-28,-0.004906138729193377
2026-04-29,7135.95,18.81,2026-04-29,-0.00039930647301965165
2026-04-30,7209.01,16.89,2026-04-30,0.010186244049720987
2026-05-01,7230.12,16.99,2026-05-01,0.0029240009668849726
2026-05-04,7200.75,18.29,2026-05-04,-0.004070446279603832
2026-05-05,7259.22,17.38,2026-05-05,0.008087197784592982
2026-05-06,7365.12,17.39,2026-05-06,0.014482958012583242
2026-05-07,7337.11,17.08,2026-05-07,-0.0038103109376631393
2026-05-08,7398.93,17.19,2026-05-08,0.008390363037504484
2026-05-11,7412.84,18.38,2026-05-11,0.0018782365766246575
2026-05-12,7400.96,17.99,2026-05-12,-0.0016039102116678665
2026-05-13,7444.25,17.87,2026-05-13,0.005832200784963853
2026-05-14,7501.24,17.26,2026-05-14,0.00762641789890468
2026-05-15,7408.5,18.43,2026-05-15,-0.012440350542896567
2026-05-18,7403.05,17.82,2026-05-18,-0.0007359122098580062
2026-05-19,7353.61,18.06,2026-05-19,-0.006700728347319141
2026-05-20,7432.97,17.44,2026-05-20,0.01073416057010809
2026-05-21,7445.72,16.76,2026-05-21,0.0017138609811618597
2026-05-22,7473.47,16.7,2026-05-22,0.0037200453914820997
2026-05-26,7519.12,17.01,2026-05-26,0.006089693785401794
2026-05-27,7520.36,16.29,2026-05-27,0.0001648993187011506
2026-05-28,7563.63,15.74,2026-05-28,0.005737224525954656
2026-05-29,7580.06,15.32,2026-05-29,0.0021698815079501913
2026-06-01,7599.96,16.05,2026-06-01,0.002621868930305374
2026-06-02,7609.78,15.77,2026-06-02,0.0012912780053423547
2026-06-03,7553.68,16.06,2026-06-03,-0.007399400395593243
2026-06-04,7584.31,15.4,2026-06-04,0.0040467779144759105
2026-06-05,7383.74,21.51,2026-06-05,-0.026801354331751116
2026-06-08,7405.73,18.92,2026-06-08,0.0029737395870207137
2026-06-09,7386.65,19.87,2026-06-09,-0.002579708009296603
2026-06-10,7266.99,22.22,2026-06-10,-0.016332141340852126
2026-06-11,7394.3,19.44,2026-06-11,0.01736725757939714
2026-06-12,7431.46,17.68,2026-06-12,0.005012906969603712
2026-06-15,7554.29,16.2,2026-06-15,0.016393273711308838
2026-06-16,7511.35,16.41,2026-06-16,-0.005700403869528593
2026-06-17,7420.1,18.44,2026-06-17,-0.01222267576324425
2026-06-18,7500.58,16.4,2026-06-18,0.010787816708107183
2026-06-22,7472.79,17.28,2026-06-22,-0.0037119274964131756
2026-06-23,7365.46,19.49,2026-06-23,-0.01446691785533019
2026-06-24,7358.22,18.63,2026-06-24,-0.0009834498689903408
2026-06-25,7357.49,18.89,2026-06-25,-9.92136975516599e-05
2026-06-26,7354.02,18.41,2026-06-26,-0.00047173948348602443
2026-06-29,7440.43,17.65,2026-06-29,0.011681540390059574
2026-06-30,7499.36,16.45,2026-06-30,0.007889040694017083
2026-07-01,7483.23,16.59,2026-07-01,-0.0021531666062711637
2026-07-02,7483.24,16.15,2026-07-02,1.3363204549235743e-06
2026-07-06,7537.43,15.57,2026-07-06,0.007215421829322013
2026-07-07,7503.85,16.13,2026-07-07,-0.0044650529462263375
2026-07-08,7482.71,16.9,2026-07-08,-0.0028211963280920745
2026-07-09,7543.64,15.84,2026-07-09,0.008109798313078282
2026-07-10,7575.39,15.03,2026-07-10,0.004200011068531894
2026-07-13,7515.34,17.16,2026-07-13,-0.00795857018948387
2026-07-14,7543.59,16.5,2026-07-14,0.0037519309990238026
2026-07-15,7572.4,15.67,2026-07-15,0.003811862125445025
2026-07-16,7533.77,16.73,2026-07-16,-0.005114477621599954
2026-07-17,7457.69,18.77,2026-07-17,-0.01014986574279624
2026-07-20,7443.28,18.65,2026-07-20,-0.0019341028794798384
2026-07-21,7509.2,17.05,2026-07-21,0.00881732355832827
2026-07-22,7498.96,16.64,2026-07-22,-0.001364591207582994
2026-07-23,7408.3,18.7,2026-07-23,-0.012163350976321244
2026-07-24,7411.98,18.58,2026-07-24,0.0004966168082696941
2026-07-27,7413.18,18.67,2026-07-27,0.00016188695469337175
2026-07-28,7428.78,18.21,2026-07-28,0.0021021490079125723
2026-07-29,7316.15,20.66,2026-07-29,-0.015277412729498334
2026-07-30,7437.63,17.09,2026-07-30,0.016468016385045775
2026-07-31,7489.72,15.99,2026-07-31,0.0069791639422006856
2026-08-03,7600.5,15.86,2026-08-03,0.014682620949147454
2026-08-04,7736.52,16.5,2026-08-04,0.01773793949063465
2026-08-05,7723.55,15.81,2026-08-05,-0.0016778711924096616
2026-08-06,7709.96,15.15,2026-08-06,-0.0017611034058269046
2026-08-07,7757.64,14.9,2026-08-07,0.006165164734457754
2026-08-10,7753.11,15.46,2026-08-10,-0.0005841110363842459
2026-08-11,7728.2,15.28,2026-08-11,-0.0032180766998868137
2026-08-12,7748.5,14.55,2026-08-12,0.002623299752730748
2026-08-13,7798.99,14.63,2026-08-13,0.006494961886617667
2026-08-14,7785.76,14.25,2026-08-14,-0.0016978139755896167
2026-08-17,7745.06,15.19,2026-08-17,-0.005241203383950472
2026-08-18,7691.76,15.84,2026-08-18,-0.006905594780615871
2026-08-19,7707.98,14.89,2026-08-19,0.002106529850241227
2026-08-20,7641.16,16.01,2026-08-20,-0.008706731728174925
2026-08-21,7674.37,15.13,2026-08-21,0.004336781299793772
2026-08-24,7652.86,15.85,2026-08-24,-0.0028067712327994538
2026-08-25,7677.28,15.45,2026-08-25,0.003185883580312922
2026-08-26,7675.7,15.21,2026-08-26,-0.00020582323504329418
2026-08-27,7730.99,14.51,2026-08-27,0.007177432317729768
2026-08-28,7711.76,14.43,2026-08-28,-0.002490490351727868
2026-08-31,7686.14,14.92,2026-08-31,-0.003327729579036724
2026-09-01,7631.47,16.34,2026-09-01,-0.007138219622846122
2026-09-02,7666.6,15.2,2026-09-02,0.004592744280894913
2026-09-03,7747.71,14.32,2026-09-03,0.010524084259268663
2026-09-04,7718.6,14.53,2026-09-04,-0.003764315389284263
2026-09-08,7673.52,15.72,2026-09-08,-0.0058575594388461496
2026-09-09,7636.36,16.46,2026-09-09,-0.004854391147843575
2026-09-10,7591.7,17.84,2026-09-10,-0.0058655046067172915
2026-09-11,7656.98,15.84,2026-09-11,0.008562104890909262
2026-09-14,7619.98,17.1,2026-09-14,-0.004843905115351051
2026-09-15,7585.73,17.2,2026-09-15,-0.004504894269671717
2026-09-16,7551.81,17.71,2026-09-16,-0.004481581125118511
2026-09-17,7637.76,15.44,2026-09-17,0.011317096843066471
2026-09-18,7650.5,14.81,2026-09-18,0.0016666387082603204
2026-09-21,7764.7,14.87,2026-09-21,0.01481681577437921
2026-09-22,7764.64,14.21,2026-09-22,-7.727308436797508e-06
