Replication,Residual_SD_State1,Proxy_Error_Eps,Lambda_Min_J,Causal_Error_L2,Difficulty_Ratio,Additive_Strawman
0,0.08,0.0,0.002770971140062348,0.5363605006128923,0.0,360.884307144931
0,0.08,0.01,0.0028615965245125437,126.40112348099098,3.494552748558234,349.4652748558234
0,0.08,0.02,0.0031888892597748955,225.1366313058389,6.271776274040889,313.6088137020444
0,0.08,0.05,0.005590653804891018,315.1495013721284,8.943497799176404,178.91995598352807
0,0.08,0.1,0.014324846954980824,238.41116569170404,6.9808773744161705,69.90877374416169
0,0.08,0.2,0.049505427889473236,128.9660970962143,4.039961041171563,20.399805205857813
0,0.08,0.4,0.19009611711673172,61.10664237323828,2.1041986867852396,5.6604967169631
0,0.15,0.0,0.009731016371185307,0.2850471527945686,0.0,102.76418843165433
0,0.15,0.01,0.00975175209137639,37.24678833804195,1.0254567493407816,102.55567493407816
0,0.15,0.02,0.010008576837598659,71.89711291766878,1.9982861024623524,99.93430512311761
0,0.15,0.05,0.012195471583410843,144.60100947680323,4.0998824570272125,82.04764914054425
0,0.15,0.1,0.02056005561987806,166.1126951668793,4.863800071791494,48.738000717914936
0,0.15,0.2,0.0549594159503569,116.06108350603814,3.6390488607203118,18.395244303601558
0,0.15,0.4,0.19384610235069358,59.837452020625065,2.063492611661319,5.558731529153297
0,0.3,0.0,0.03890711521211595,0.14227041946095617,0.0,25.70223966871214
0,0.3,0.01,0.038634532042856946,9.501243145188658,0.2588357997686393,25.893579976863933
0,0.3,0.02,0.03859492277395107,18.763702984663663,0.5182028765063013,25.930143825315064
0,0.3,0.05,0.03987385278530126,44.346569183234664,1.2539545719151461,25.129091438302922
0,0.3,0.1,0.04666336056109339,73.17240753148516,2.143008964583173,21.53008964583173
0,0.3,0.2,0.07768811309158913,81.7789324911931,2.574396417174057,13.071982085870284
0,0.3,0.4,0.20909029419977776,55.101100560908755,1.913049104124438,5.182622760311095
0,0.5,0.0,0.10806070561204474,0.08538528625951144,0.0,9.254057655242049
0,0.5,0.01,0.1070911029418376,3.511591357042697,0.09337843878058773,9.347843878058772
0,0.5,0.02,0.10634351180691556,6.936428765556698,0.18806977181939738,9.423488590969868
0,0.5,0.05,0.10543292199798446,16.97768413884465,0.4742351729657634,9.534703459315269
0,0.5,0.1,0.10835752694999397,31.69018646851807,0.9228708223116712,9.328708223116712
0,0.5,0.2,0.13089333680591592,48.31094877235312,1.5279616585567914,7.839808292783958
0,0.5,0.4,0.2432221367812668,46.59621538159733,1.6445871469327886,4.511467867331971
0,0.75,0.0,0.24312218066698985,0.057032122057783685,0.0,4.113158236967788
0,0.75,0.01,0.24077967498072445,1.6708648816733218,0.04153174474049999,4.163174474049999
0,0.75,0.02,0.23861466675078497,3.2863215389263885,0.08381714448797271,4.210857224398635
0,0.75,0.05,0.23318731146234117,8.086895348856174,0.2144198999784549,4.338397999569097
0,0.75,0.1,0.22773828377742486,15.675215524357428,0.4391005251349521,4.491005251349521
0,0.75,0.2,0.23091444786449286,27.674559260008998,0.8661216387697217,4.530608193848608
0,0.75,0.4,0.30116784939401986,36.402840595741914,1.328163018744665,3.720407546861662
0,1.0,0.0,0.4322053080053063,0.04290639624414594,0.0,2.3137152216273167
0,1.0,0.01,0.427839880259569,1.0715045828528993,0.023373230176516116,2.3473230176516116
0,1.0,0.02,0.4233907395679054,2.1027323965690843,0.04723768880824165,2.3818844404120827
0,1.0,0.05,0.4096581856218282,5.169972770001899,0.1220529742963735,2.4910594859274697
0,1.0,0.1,0.3867792984270638,10.104358755609416,0.2585453782213148,2.685453782213148
0,1.0,0.2,0.35138686833311494,18.728751025295583,0.5691732333332385,3.045866166666193
0,1.0,0.4,0.3602523669384953,28.913179950760345,1.1103327464557387,3.175831866139346
0,1.5,0.0,0.5642696163170658,0.028867582582510265,0.0,1.7722024562068484
0,1.5,0.01,0.558632101186175,0.7225704468393895,0.01790086888806862,1.8000868888068617
0,1.5,0.02,0.5530055716595479,1.4237074971897867,0.03616600089576094,1.828300044788047
0,1.5,0.05,0.5362172591350259,3.514194378274287,0.09324578638265987,1.9149157276531974
0,1.5,0.1,0.5088797651925746,6.911181732938675,0.1965100733808057,2.0651007338080567
0,1.5,0.2,0.46105623191776884,13.07942843946532,0.4337865669185246,2.368932834592623
0,1.5,0.4,0.43001489165992607,21.45919526533338,0.930200343657719,2.7255008591442973
1,0.08,0.0,0.0026925950127769773,0.3489357780761629,0.0,371.38893716090683
1,0.08,0.01,0.0028018693836585405,149.56950159724065,3.569045744360325,356.91457443603247
1,0.08,0.02,0.003183529108116723,261.88182966924836,6.282336149843272,314.1368074921636
1,0.08,0.05,0.005962185685550409,344.80895570507977,8.386186314387517,167.77372628775038
1,0.08,0.1,0.01602963676801194,250.46867408632633,6.23844454164774,62.4844454164774
1,0.08,0.2,0.05638336452601555,134.86231730655118,3.547145539846581,17.935727699232906
1,0.08,0.4,0.21399833737699414,63.00208086912336,1.8691734006107374,5.072933501526844
1,0.15,0.0,0.009460043887565859,0.18936114737762474,0.0,105.70775483551246
1,0.15,0.01,0.00950130624888829,44.202704375089574,1.0524868621269903,105.25868621269903
1,0.15,0.02,0.009814278506457929,85.04278071678465,2.037847202607887,101.91236013039435
1,0.15,0.05,0.012382802704112086,166.0741982592992,4.0378580838888745,80.80716167777749
1,0.15,0.1,0.022086217297170734,181.7452109353175,4.527710592289161,45.3771059228916
1,0.15,0.2,0.061655666773479306,123.21113589945229,3.243821865308712,16.41910932654356
1,0.15,0.4,0.21739136186834146,61.874164758597836,1.8399995131464868,4.999998782866217
1,0.3,0.0,0.0378352743914514,0.09732913005785648,0.0,26.430362038710165
1,0.3,0.01,0.037591181790824456,11.231080376059346,0.26601983559987136,26.611983559987138
1,0.3,0.02,0.03761559205174231,22.25249508182648,0.5316944093951493,26.604720469757467
1,0.3,0.05,0.03929911673682205,52.369603545739615,1.272293225693583,25.49586451387166
1,0.3,0.1,0.04746212446628607,84.48396567781978,2.1069431915344063,21.169431915344067
1,0.3,0.2,0.08368750250738682,90.39792052691956,2.3898430949393745,12.149215474696872
1,0.3,0.4,0.23135260778104938,57.55646705866734,1.728962572916219,4.722406432290548
1,0.5,0.0,0.10509766670128824,0.06131629487741383,0.0,9.514959098399684
1,0.5,0.01,0.10417590100138437,4.094121291421522,0.09599149039149767,9.609149039149766
1,0.5,0.02,0.10351253604983279,8.143066406500152,0.19321331273703546,9.680665636851773
1,0.5,0.05,0.10307196685226301,20.034831615767253,0.4850979517220906,9.751959034441812
1,0.5,0.1,0.10749003011558028,37.27228816618472,0.9303188388027568,9.403188388027568
1,0.5,0.2,0.13542012166622705,55.36388522090905,1.4768853959010937,7.584426979505468
1,0.5,0.4,0.2627548644810634,49.40034679259852,1.522331473443864,4.20582868360966
1,0.75,0.0,0.23647186507821027,0.04430992131119227,0.0,4.228832887452644
1,0.75,0.01,0.23421895828131997,1.8664057269630099,0.04269509211969519,4.279509211969518
1,0.75,0.02,0.23218965852395917,3.707977111707071,0.08613648052691478,4.326824026345738
1,0.75,0.05,0.2274427119052928,9.220822428990184,0.21983557785232535,4.446711557046506
1,0.75,0.1,0.22399109516070867,18.00172979860046,0.4464463193425266,4.564463193425265
1,0.75,0.2,0.2336451653418316,31.631448999512706,0.8559988806419022,4.479994403209511
1,0.75,0.4,0.3163294620759475,38.77062371241003,1.2645044106070782,3.561261026517695
1,1.0,0.0,0.42039740566582795,0.03650712954748465,0.0,2.378701644022265
1,1.0,0.01,0.41623905124062927,1.1025343910096361,0.02402465595237715,2.4124655952377143
1,1.0,0.02,0.4121722967491769,2.188753724874418,0.04852339703017641,2.4461698515088206
1,1.0,0.05,0.40053629904730664,5.446719155617893,0.12483263094737536,2.546652618947507
1,1.0,0.1,0.38321950998141247,10.76246814348736,0.2609470483505664,2.709470483505664
1,1.0,0.2,0.35892171329353784,20.142797570386875,0.5572245773730427,2.986122886865213
1,1.0,0.4,0.3723074430567806,30.007532901676687,1.074380884561032,3.08595221140258
1,1.5,0.0,0.6740523422421663,0.029689844389494117,0.0,1.4835643129339215
1,1.5,0.01,0.6671984476176221,0.5979530982616367,0.014988044465192005,1.5088044465192005
1,1.5,0.02,0.6601208851919838,1.1938943084836473,0.030297481035134008,1.5348740517567003
1,1.5,0.05,0.6376672915714164,2.9698704788554036,0.07841079613286106,1.618215922657221
1,1.5,0.1,0.5976086933133473,5.86054558872958,0.16733357650064584,1.7733357650064585
1,1.5,0.2,0.5210455201415507,11.203269510348845,0.3838436226179753,2.119218113089876
1,1.5,0.4,0.44410048267522084,19.24378735879085,0.9006970620487428,2.651742655121857
2,0.08,0.0,0.0027965075754526687,0.1584980790057349,0.0,357.5888757741451
2,0.08,0.01,0.0028861380836781247,127.01746189691961,3.4648376862329107,346.49376862329103
2,0.08,0.02,0.003210952788357498,227.33653391406074,6.228680805434894,311.45404027174465
2,0.08,0.05,0.005596212902045685,321.18886320643156,8.934613617312985,178.7422723462597
2,0.08,0.1,0.014270174974021693,245.0302658423812,7.007622554176538,70.17622554176536
2,0.08,0.2,0.0491628071936305,133.68261104037393,4.0681159481452855,20.540579740726425
2,0.08,0.4,0.18749293985976348,62.9475700748288,2.133413665064842,5.733534162662105
2,0.15,0.0,0.009821596009208705,0.08500005381537848,0.0,101.81644602999374
2,0.15,0.01,0.00984035837145762,37.16418932399416,1.016223151893068,101.6323151893068
2,0.15,0.02,0.010093070296527139,72.18092689272544,1.9815575847997091,99.09787923998545
2,0.15,0.05,0.012254609706984566,146.39313896107413,4.080097301793487,81.65194603586973
2,0.15,0.1,0.0205309308725873,169.93187789070842,4.870699756410901,48.806997564109004
2,0.15,0.2,0.05453429511557464,120.17520587952934,3.667416981848571,18.537084909242854
2,0.15,0.4,0.19069493633655474,61.662263400466315,2.097591093315901,5.643977733289753
2,0.3,0.0,0.03927183885422574,0.044473506483100875,0.0,25.46353899321925
2,0.3,0.01,0.03899386633455583,9.342095146117078,0.2564505892850676,25.655058928506758
2,0.3,0.02,0.03894537812107514,18.647755037389313,0.5135397565745312,25.69698782872656
2,0.3,0.05,0.040176511149929865,44.49197125065709,1.244508260396505,24.9401652079301
2,0.3,0.1,0.04681259769465506,74.13847554539483,2.136177117370646,21.461771173706463
2,0.3,0.2,0.07719640927341997,84.19161725231866,2.5907940781497385,13.15397039074869
2,0.3,0.4,0.20473492245391223,56.708966043370204,1.9537458251170794,5.284364562792699
2,0.5,0.0,0.10907682125630273,0.029477223617605647,0.0,9.167850588992273
2,0.5,0.01,0.10809458334128219,3.378444997354743,0.09251157357651722,9.261157357651722
2,0.5,0.02,0.10732939957478962,6.788633743719337,0.1863422331554509,9.337111657772544
2,0.5,0.05,0.1063359060885452,16.833742426665374,0.47020805896331325,9.454161179266265
2,0.5,0.1,0.10901642570870607,31.733261658549026,0.9172929615872922,9.27292961587292
2,0.5,0.2,0.13057165193643253,49.15143859723131,1.5317260449256471,7.858630224628236
2,0.5,0.4,0.2371538297573037,47.62219559945562,1.6866689456769404,4.61667236419235
2,0.75,0.0,0.24541196488005748,0.022885463025772143,0.0,4.074780952463909
2,0.75,0.01,0.24304425407767855,1.5524668703388453,0.04114477027218234,4.124477027218234
2,0.75,0.02,0.2408493923566672,3.1284682769058088,0.08303944554023435,4.171972277011717
2,0.75,0.05,0.23530319613562806,7.833422571212975,0.21249180130634585,4.299836026126917
2,0.75,0.1,0.2295391311016041,15.3504425483192,0.43565556565488445,4.456555656548844
2,0.75,0.2,0.23135316658516208,27.514740151718925,0.8644791984136476,4.522395992068239
2,0.75,0.4,0.29250148263531656,36.535615058975296,1.3675144358112874,3.8187860895282184
2,1.0,0.0,0.4362792369717663,0.020079434703211517,0.0,2.292109995747322
2,1.0,0.01,0.431885408990967,0.9536370857597166,0.023154289984844457,2.3254289984844454
2,1.0,0.02,0.4274315407530088,1.92575197396449,0.04679111879475688,2.359555939737844
2,1.0,0.05,0.41378926227624985,4.827865502213067,0.12083445501932696,2.466689100386539
2,1.0,0.1,0.3910411134674198,9.538737092623652,0.25572758606706364,2.6572758606706364
2,1.0,0.2,0.3537927965491836,17.941218294334075,0.5653026346233039,3.0265131731165194
2,1.0,0.4,0.34804709096871655,28.207257769348576,1.1492697694633314,3.2731744236583284
2,1.5,0.0,0.5826257247279523,0.017809644573590272,0.0,1.7163677427167054
2,1.5,0.01,0.5767798006674372,0.5955037532137114,0.017337639058143534,1.7437639058143533
2,1.5,0.02,0.570895267345693,1.207457554496598,0.03503269538909918,1.7716347694549588
2,1.5,0.05,0.5530394244630153,3.031587394147985,0.0904094677310727,1.8581893546214538
2,1.5,0.1,0.5229957260127661,6.0021625243502905,0.19120615145822253,2.012061514582225
2,1.5,0.2,0.46684566548673184,11.473306259026376,0.42840710492937883,2.342035524646894
2,1.5,0.4,0.4102795406586889,19.500785224490517,0.9749450322524359,2.8373625806310896
3,0.08,0.0,0.0025903728579002154,0.16280274567498715,0.0,386.0448108658037
3,0.08,0.01,0.002703715350298915,155.20217396614515,3.69861420467004,369.871420467004
3,0.08,0.02,0.0030955360064282484,269.85042838252303,6.460916609746301,323.065830487315
3,0.08,0.05,0.005941273947540524,346.8451533245516,8.415703507611903,168.36407015223807
3,0.08,0.1,0.016243114565204924,247.83591217427713,6.156454761097008,61.664547610970075
3,0.08,0.2,0.05753485356173712,132.69726566754105,3.476153802762221,17.580769013811103
3,0.08,0.4,0.2189750976775394,63.001637963452936,1.8266917299840009,4.966729324960003
3,0.15,0.0,0.009099846919001845,0.0907057400317432,0.0,109.89195850227436
3,0.15,0.01,0.00914816708067539,45.97648351952317,1.0931151466531501,109.32151466531502
3,0.15,0.02,0.00947510972294534,88.32348113108995,2.110793498419034,105.55967492095171
3,0.15,0.05,0.012127058647535811,170.16493274275516,4.123011313230507,82.51022626461014
3,0.15,0.1,0.022108430770373732,182.2721042811307,4.523161369462929,45.33161369462929
3,0.15,0.2,0.06276317073847561,121.70229169587238,3.1865821571279276,16.132910785639638
3,0.15,0.4,0.2228217257225154,61.8954615697628,1.795157086693281,4.8878927167332025
3,0.3,0.0,0.03639309408398514,0.05329066645350229,0.0,27.47774063101857
3,0.3,0.01,0.03616783741014618,11.695622295500346,0.2764887456941148,27.658874569411484
3,0.3,0.02,0.03621991231743582,23.211130963717686,0.5521824521472474,27.629122607362365
3,0.3,0.05,0.038039422537875865,54.42236788743124,1.3144258420383481,26.338516840766964
3,0.3,0.1,0.04660597147079769,86.60333679233892,2.1456477967133005,21.556477967133006
3,0.3,0.2,0.08430485841343197,90.51157445214015,2.3723425169543346,12.061712584771673
3,0.3,0.4,0.23745874337312514,57.74965856120639,1.6845031449167132,4.611257862291783
3,0.5,0.0,0.10109033855801085,0.041207914659393774,0.0,9.892142159818254
3,0.5,0.01,0.10021447306665413,4.2707604703580975,0.09978598593587228,9.988598593587227
3,0.5,0.02,0.09960866085931384,8.526545723243593,0.20078575324135495,10.059287662067748
3,0.5,0.05,0.09941060995219463,20.980895250668166,0.5029644222487358,10.109288444974718
3,0.5,0.1,0.10446490872761335,38.771094034158224,0.9572592482777603,9.672592482777603
3,0.5,0.2,0.13452056819567024,56.478750550637685,1.4867614869800805,7.633807434900403
3,0.5,0.4,0.2689322143926816,49.98367927458558,1.4873636499937477,4.118409124984369
3,0.75,0.0,0.22745407884454868,0.03663756693876244,0.0,4.396491832900655
3,0.75,0.01,0.22529830299335915,1.9582739166465593,0.04438559841391596,4.448559841391596
3,0.75,0.02,0.22338003304958262,3.914709367107208,0.0895335170604111,4.496675853020554
3,0.75,0.05,0.21904926707510705,9.75781027925627,0.22825915223380377,4.615183044676075
3,0.75,0.1,0.21656392575460184,18.987904083130427,0.4617574217476757,4.7175742174767565
3,0.75,0.2,0.22909952868497474,32.93260785164511,0.8729830268442487,4.564915134221243
3,0.75,0.4,0.32013963388078914,39.855506608346445,1.2494547930574214,3.523636982643553
3,1.0,0.0,0.4043646910133151,0.03489940616588654,0.0,2.4730151326864283
3,1.0,0.01,0.40035687706057743,1.1721051162977916,0.024977715066168114,2.507771506616811
3,1.0,0.02,0.39642145813735497,2.3473326938103276,0.050451355721188675,2.5425677860594336
3,1.0,0.05,0.3850788148231576,5.864997530465458,0.12984354910036236,2.6468709820072465
3,1.0,0.1,0.3680895907051996,11.567955192021063,0.27167299082926066,2.816729908292607
3,1.0,0.2,0.34539154564302993,21.444102201813013,0.579052969080791,3.0952648454039546
3,1.0,0.4,0.36921745913030996,31.47266170175794,1.083372386945618,3.1084309673640447
3,1.5,0.0,0.5729547486291929,0.03360403168058396,0.0,1.745338532218334
3,1.5,0.01,0.5672020769865409,0.6663312452512814,0.01763040088486363,1.773040088486363
3,1.5,0.02,0.5614042505357072,1.3470461089627273,0.03562495292993499,1.8012476464967495
3,1.5,0.05,0.5437839279157763,3.3735903354656784,0.09194828576791667,1.8889657153583335
3,1.5,0.1,0.5142293052445118,6.658726480052569,0.19446577427642095,2.044657742764209
3,1.5,0.2,0.4611093961895329,12.635909188047385,0.4337365528717022,2.368682764358511
3,1.5,0.4,0.42379816348460764,21.15520047470313,0.9438455247447717,2.759613811861929
4,0.08,0.0,0.0027112975887321525,0.42176783921603483,0.0,368.82709008258166
4,0.08,0.01,0.0028076199551278895,135.2726095601084,3.5617356194294794,356.1835619429479
4,0.08,0.02,0.0031508050419500606,240.22716233287912,6.34758410429032,317.399205214516
4,0.08,0.05,0.005661206191347743,329.3555661064999,8.832040082980386,176.69080165960773
4,0.08,0.1,0.014776566631672726,245.4599354600578,6.767471936657851,67.77471936657851
4,0.08,0.2,0.05141395597738497,132.66807474847985,3.8899943837811732,19.649971918905866
4,0.08,0.4,0.19639715159923496,63.42637370221047,2.0366894160269386,5.491723540067347
4,0.15,0.0,0.009523353667021612,0.22484298162807642,0.0,105.00502606165898
4,0.15,0.01,0.009551418817957664,39.71353709221758,1.0469648740770279,104.7064874077028
4,0.15,0.02,0.00982607315580098,77.02623405629122,2.0354010888055196,101.79005444027597
4,0.15,0.05,0.01212923157731842,153.7837837188224,4.122272683250575,82.49545366501148
4,0.15,0.1,0.020893552543350236,173.62062918806862,4.786165482989004,47.96165482989004
4,0.15,0.2,0.05680544966931484,120.01270979430632,3.520788958881105,17.803944794405524
4,0.15,0.4,0.20020615138876027,62.14356613062758,1.9979406088441314,5.394851522110328
4,0.3,0.0,0.0380820634442324,0.11339315588640536,0.0,26.259081298585773
4,0.3,0.01,0.037823268255142095,10.016793255794237,0.2643875175604502,26.448751756045024
4,0.3,0.02,0.037808515001898746,20.04167567034361,0.5289813683239238,26.46906841619619
4,0.3,0.05,0.03922813545367918,47.61933818894825,1.2745953745122631,25.54190749024526
4,0.3,0.1,0.046468389902078355,78.05279428238882,2.1520005365093873,21.62000536509387
4,0.3,0.2,0.07913148667184651,85.85897147606308,2.5274389299595486,12.837194649797741
4,0.3,0.4,0.2151314187043405,57.40593151270481,1.8593286020659223,5.048321505164806
4,0.5,0.0,0.10577553322782668,0.06964156341777654,0.0,9.453982121235263
4,0.5,0.01,0.10483441443012456,3.6425005717471497,0.09538852345729765,9.548852345729765
4,0.5,0.02,0.10412656013927278,7.354882195948978,0.19207395282480597,9.623697641240296
4,0.5,0.05,0.10340222959183731,18.23863363564011,0.4835485675441089,9.720971350882179
4,0.5,0.1,0.10685400668665251,34.09929687341814,0.9358563436301293,9.458563436301292
4,0.5,0.2,0.13113979320668576,51.51748339068109,1.5250900974411756,7.825450487205878
4,0.5,0.4,0.2475244607784186,48.854247369750645,1.6160019043858294,4.440004760964574
4,0.75,0.0,0.2379882116583587,0.04849872741850214,0.0,4.201888795380919
4,0.75,0.01,0.2357000132756025,1.6975208077779032,0.04242681135663351,4.252681135663351
4,0.75,0.02,0.2335952334792349,3.444345999868193,0.08561818536326372,4.300909268163186
4,0.75,0.05,0.2283835090402275,8.640036260835672,0.2189299928445928,4.428599856891855
4,0.75,0.1,0.2234021409462654,16.849106625168705,0.44762328407610413,4.57623284076104
4,0.75,0.2,0.22778806985749797,29.695990349624246,0.8780091078743416,4.590045539371708
4,0.75,0.4,0.2996625747033617,38.393231147137186,1.3348346899707548,3.737086724926887
4,1.0,0.0,0.4230851580900453,0.03845420957640108,0.0,2.3635903573511072
4,1.0,0.01,0.41873261569593007,1.0702607222390605,0.023881588453242612,2.3981588453242613
4,1.0,0.02,0.41414655671424105,2.177125724884131,0.04829208326317173,2.4346041631585864
4,1.0,0.05,0.3993367077984798,5.469900642795748,0.12520762309993266,2.5541524619986533
4,1.0,0.1,0.3741463927992446,10.764020633870349,0.26727506111132526,2.7727506111132523
4,1.0,0.2,0.33703061166875115,19.964976866709634,0.5934179064914407,3.167089532457203
4,1.0,0.4,0.34782729862456396,30.448712182662074,1.1499959939364908,3.2749899848412265
4,1.5,0.0,0.5037497026297258,0.029244749515527385,0.0,1.9851128343693256
4,1.5,0.01,0.4987310746959103,0.7142607376028722,0.0200508861536195,2.0150886153619494
4,1.5,0.02,0.49375063072951875,1.4547675379344225,0.0405062773701168,2.04531386850584
4,1.5,0.05,0.4790566009993206,3.656776868501473,0.10437180052565628,2.137436010513125
4,1.5,0.1,0.4556375610261288,7.213867089399483,0.21947268740266443,2.294726874026644
4,1.5,0.2,0.4162096539304101,13.586136865514463,0.48052705676413704,2.6026352838206854
4,1.5,0.4,0.3986618399162663,22.036934860062512,1.0033566294782936,2.908391573695734
5,0.08,0.0,0.002723006750577855,0.15990593262967506,0.0,367.24110206035584
5,0.08,0.01,0.00282787954861752,144.37823920806878,3.5362185086308755,353.63185086308755
5,0.08,0.02,0.0031969447054471887,254.16941705520645,6.2559730751434435,312.81865375717217
5,0.08,0.05,0.005888739224132787,340.1421825254062,8.49078182900234,169.8656365800468
5,0.08,0.1,0.01564898791507384,249.68863526961172,6.3901896111553205,64.0018961115532
5,0.08,0.2,0.05480059054606268,134.734122726455,3.64959570703695,18.44797853518475
5,0.08,0.4,0.2082055425459701,63.22993252631421,1.9211784427481475,5.202946106870369
5,0.15,0.0,0.009561513012304134,0.09858235074686358,0.0,104.58595817556912
5,0.15,0.01,0.00959750069174122,42.55546359173448,1.041937929590892,104.2037929590892
5,0.15,0.02,0.009896680275059576,82.09455826715939,2.0208796731972436,101.06398365986216
5,0.15,0.05,0.012372801133940094,161.79239724095285,4.041122091815081,80.87244183630162
5,0.15,0.1,0.021753332283018515,179.43441669087204,4.596996850825647,46.06996850825647
5,0.15,0.2,0.060065947334089334,122.70523159333604,3.329673615028355,16.848368075141774
5,0.15,0.4,0.21141005034326987,62.08193552909524,1.8920576356257124,5.130144089064281
5,0.3,0.0,0.03822938129173469,0.07262223570176403,0.0,26.15789129227166
5,0.3,0.01,0.03797670236927031,10.770116895801676,0.2633193346479636,26.34193346479636
5,0.3,0.02,0.03798323804404547,21.397639343104753,0.526548051980401,26.34740259902005
5,0.3,0.05,0.03955750251967159,50.55097874758575,1.263982729322597,25.329654586451937
5,0.3,0.1,0.04735431526682572,82.1917218955197,2.1117399636449914,21.217399636449912
5,0.3,0.2,0.08218203438127031,89.14181920273427,2.4336219163440544,12.36810958172027
5,0.3,0.4,0.22502956022722803,57.64052668753073,1.7775442461696682,4.843860615424171
5,0.5,0.0,0.10617971597646632,0.06600963145697193,0.0,9.41799467820803
5,0.5,0.01,0.10524173192900857,3.9087330973954675,0.09501934087083971,9.51193408708397
5,0.5,0.02,0.10455135606583722,7.808995163186215,0.19129354943426813,9.584677471713405
5,0.5,0.05,0.10396512946258234,19.269898887964075,0.4809304836964138,9.668609673928275
5,0.5,0.1,0.10792692424175178,35.972827997390375,0.9265528569683336,9.365528569683335
5,0.5,0.2,0.13417904237329162,53.980815661654695,1.490545739949401,7.652728699747006
5,0.5,0.4,0.2559713643287559,49.26234059540624,1.5626747978194213,4.306686994548553
5,0.75,0.0,0.2388923830483484,0.06383507611383767,0.0,4.185985284418274
5,0.75,0.01,0.23660702157649124,1.776498138191797,0.04226417260726627,4.236417260726626
5,0.75,0.02,0.234528781614925,3.558243026553894,0.0852773798690439,4.283868993452195
5,0.75,0.05,0.22953665828183567,8.886091370820036,0.21783012950640634,4.406602590128126
5,0.75,0.1,0.22535655259389129,17.371230041196004,0.44374125734966846,4.537412573496684
5,0.75,0.2,0.23249039865866106,30.676020131778877,0.8602505787502951,4.5012528937514755
5,0.75,0.4,0.3082439065917053,38.480543263965416,1.2976736650623666,3.6441841626559164
5,1.0,0.0,0.4246881042490831,0.06306198691477818,0.0,2.3546692031041485
5,1.0,0.01,0.4204538717130965,1.0515452956761242,0.02378382189526765,2.3883821895267645
5,1.0,0.02,0.4162458601372742,2.1175347000543074,0.04804852592024381,2.4224262960121905
5,1.0,0.05,0.4038161477238926,5.309161963369549,0.12381872364892962,2.526374472978592
5,1.0,0.1,0.3842127179451739,10.50002915837324,0.26027248794577834,2.702724879457783
5,1.0,0.2,0.35425451144813797,19.6660084450076,0.5645658517725879,3.0228292588629397
5,1.0,0.4,0.36081854241360967,29.784677487542496,1.1085904768759813,3.171476192189953
5,1.5,0.0,0.6112612564381781,0.06250663797749252,0.0,1.635961693085219
5,1.5,0.01,0.605099764490927,0.582133158854512,0.01652620044962841,1.6626200449628408
5,1.5,0.02,0.5988418265097473,1.1987408562616406,0.033397800745760806,1.6898900372880403
5,1.5,0.05,0.5795421455432058,3.036012778830572,0.08627500240407006,1.7755000480814012
5,1.5,0.1,0.5462987584194446,6.018519968888711,0.18305002246265523,1.9305002246265524
5,1.5,0.2,0.48353599963107347,11.487155251667984,0.41361966875805584,2.268098343790279
5,1.5,0.4,0.42301367534406475,19.569649234783576,0.9455959069754749,2.7639897674386873
6,0.08,0.0,0.0026520008182350763,0.8032406117075719,0.0,377.0737901451729
6,0.08,0.01,0.0027647871943657296,150.21097017111913,3.616914900495299,361.7014900495299
6,0.08,0.02,0.003156173550850499,262.66976437176737,6.33678714993685,316.85935749684245
6,0.08,0.05,0.006001401686992298,341.1246214894399,8.331387000535592,166.67774001071183
6,0.08,0.1,0.016305962526729324,245.05858061780847,6.132725978983233,61.42725978983233
6,0.08,0.2,0.0576350687089951,131.08203136977446,3.47010950936519,17.55054754682595
6,0.08,0.4,0.21992944126934577,61.46376281398223,1.8187651352695582,4.946912838173896
6,0.15,0.0,0.009310674901265126,0.4302587012603141,0.0,107.40359969652907
6,0.15,0.01,0.009356649460877046,44.221131382258186,1.0687586450484219,106.8858645048422
6,0.15,0.02,0.00968077351496431,85.50569064167006,2.0659506153185463,103.3175307659273
6,0.15,0.05,0.012321497967878242,166.08143601337682,4.057948159416041,81.20896318832082
6,0.15,0.1,0.022275963438141082,179.31936916526848,4.489143658261677,44.991436582616764
6,0.15,0.2,0.06286668053796061,120.07248370794659,3.181335459237975,16.106677296189876
6,0.15,0.4,0.22346724628727455,60.37633817548798,1.7899714908814277,4.87492872720357
6,0.3,0.0,0.03722168362145141,0.21561722730121985,0.0,26.866060390231386
6,0.3,0.01,0.036987215278060016,11.106175108281029,0.2703636898539852,27.04636898539852
6,0.3,0.02,0.037028229454499226,22.29535309926317,0.540128445098253,27.02642225491265
6,0.3,0.05,0.03880356680087775,52.69846513824275,1.2885413409694333,25.820826819388667
6,0.3,0.1,0.04726139461517084,84.406026434467,2.115891856646569,21.25891856646569
6,0.3,0.2,0.0846412760672988,88.84032150170653,2.362913336053426,12.014566680267128
6,0.3,0.4,0.2377111137095614,56.269695250937765,1.682714761450848,4.60678690362712
6,0.5,0.0,0.10337483155014006,0.12948383274354452,0.0,9.673534505494874
6,0.5,0.01,0.10247419394264679,3.988618390680607,0.09758554437224308,9.768554437224306
6,0.5,0.02,0.1018397607381796,8.111605893783318,0.19638694999900982,9.83934749995049
6,0.5,0.05,0.10153298200445086,20.1824620733991,0.492450817585641,9.89901635171282
6,0.5,0.1,0.10633320456728275,37.49129406976165,0.9404400103142252,9.50440010314225
6,0.5,0.2,0.13567050958904658,54.97971019889067,1.4741597168449576,7.570798584224788
6,0.5,0.4,0.2694684161674047,48.54537768175414,1.4844040191764212,4.111010047941053
6,0.75,0.0,0.23257452123170835,0.08636201354296914,0.0,4.299697123760708
6,0.75,0.01,0.2303650316193674,1.7966148670283772,0.043409366125163565,4.350936612516356
6,0.75,0.02,0.22838804578295446,3.683214844872799,0.08757025759135718,4.398512879567859
6,0.75,0.05,0.22385180392744525,9.31552870217148,0.22336205973218773,4.517241194643755
6,0.75,0.1,0.22093606234826368,18.219886140522828,0.45261963545982375,4.626196354598237
6,0.75,0.2,0.23244819250338325,31.751036444085802,0.8604067764350933,4.502033882175467
6,0.75,0.4,0.32362142423616336,38.47259240481054,1.2360121118189606,3.490030279547401
6,1.0,0.0,0.41345004954739634,0.06478836912731813,0.0,2.418671859139211
6,1.0,0.01,0.4093652676095947,1.064923277779,0.024428061663347673,2.4528061663347667
6,1.0,0.02,0.4053803458436892,2.190874553548782,0.04933638299206496,2.486819149603248
6,1.0,0.05,0.39404191514342796,5.55889501398347,0.1268900542770949,2.587801085541898
6,1.0,0.1,0.3774265378214586,11.017868070321107,0.2649522224303818,2.749522224303818
6,1.0,0.2,0.35565555976582797,20.49434376471147,0.562341834700081,3.011709173500405
6,1.0,0.4,0.38055088936289067,30.17476174093187,1.0511077786985876,3.027769446746469
6,1.5,0.0,0.6558699200043618,0.043207681986975534,0.0,1.524692579274484
6,1.5,0.01,0.6492216844102981,0.6139218267064875,0.01540305914008897,1.550305914008897
6,1.5,0.02,0.6423970877741826,1.2569665847298754,0.031133391449978773,1.5766695724989388
6,1.5,0.05,0.6209722923223308,3.1710458395295706,0.08051889048544905,1.660377809708981
6,1.5,0.1,0.5833779350017578,6.274814113711787,0.17141546500160088,1.8141546500160086
6,1.5,0.2,0.513498744867088,11.94023942968529,0.3894848857941556,2.147424428970778
6,1.5,0.4,0.45473752913413873,20.12835354594491,0.8796283006631014,2.599070751657753
7,0.08,0.0,0.003032947212421574,0.7291741329443915,0.0,329.71229960892634
7,0.08,0.01,0.0031308562883628666,124.25547707087499,3.194014377845822,319.4114377845822
7,0.08,0.02,0.003485233225379022,222.82468704469323,5.738496882895113,286.9448441447556
7,0.08,0.05,0.006086787875655613,314.87957642979296,8.214513306760253,164.34026613520507
7,0.08,0.1,0.015545219549074361,240.36768795546118,6.432845781580132,64.42845781580131
7,0.08,0.2,0.05357079400237103,131.77927858031956,3.7333775562697102,18.86688778134855
7,0.08,0.4,0.203714384354802,63.818970870746476,1.9635334110886076,5.308833527721519
7,0.15,0.0,0.01065713656033683,0.39067359535903695,0.0,93.83383560287173
7,0.15,0.01,0.010677968841206614,36.18760078807918,0.9365076962399149,93.6607696239915
7,0.15,0.02,0.01095359886877149,70.58815045563814,1.8258839162916247,91.31419581458124
7,0.15,0.05,0.013308879216184335,143.54057667140037,3.756890357769363,75.18780715538725
7,0.15,0.1,0.02232322295336275,166.83172436813442,4.479639889316973,44.896398893169724
7,0.15,0.2,0.05933130483494877,118.51798931268245,3.370901761833344,17.05450880916672
7,0.15,0.4,0.2068681665118747,62.514421012032585,1.9335986137675711,5.233996534418928
7,0.3,0.0,0.042624383935566425,0.20211462254722037,0.0,23.460749638321108
7,0.3,0.01,0.042322682764528476,9.012023201234713,0.236279917689462,23.6379917689462
7,0.3,0.02,0.04227005608792445,18.14628805004135,0.47314817748050075,23.677408874025037
7,0.3,0.05,0.04360617317442612,43.53927020329885,1.1466266438927895,22.98253287785579
7,0.3,0.1,0.050806497976871416,72.75776614749317,1.9682521721044992,19.78252172104499
7,0.3,0.2,0.08374064951400309,83.06389252841244,2.388326352383451,12.141631761917253
7,0.3,0.4,0.2211446219530409,57.488652640537865,1.8087710949847935,4.921927737461984
7,0.5,0.0,0.11840128692310828,0.130974278567131,0.0,8.445854145566985
7,0.5,0.01,0.11733360010921944,3.2265027702497058,0.08522707895003262,8.532707895003261
7,0.5,0.02,0.11649855374569527,6.581614303740956,0.17167595096208668,8.603797548104334
7,0.5,0.05,0.11538877422617362,16.466396891505855,0.4333177151357459,8.716354302714919
7,0.5,0.1,0.11818337173359075,31.152774876255798,0.8461427232370747,8.561427232370747
7,0.5,0.2,0.1410668245008538,48.541172308651355,1.4177677898944234,7.288838949472117
7,0.5,0.4,0.2536492044890275,48.2902485830603,1.576981094049926,4.342452735124815
7,0.75,0.0,0.2664054796548789,0.09884093415196785,0.0,3.7536765433484067
7,0.75,0.01,0.2638213236059955,1.4794283281608784,0.037904441776414256,3.8004441776414257
7,0.75,0.02,0.26139706384901695,3.054546962188602,0.07651195352198756,3.845597676099378
7,0.75,0.05,0.25508771284647763,7.750588595902299,0.19601100908412658,3.9702201816825315
7,0.75,0.1,0.24783942403734738,15.241894434069444,0.4034870577528893,4.1348705775288925
7,0.75,0.2,0.24641141707539893,27.42234722884676,0.8116507034201358,4.2582535171006795
7,0.75,0.4,0.304529130321346,37.14646604896164,1.3135032421296151,3.6837581053240376
7,1.0,0.0,0.47361307682814185,0.08478477952107348,0.0,2.111428186690179
7,1.0,0.01,0.46754732534490184,0.9236044056964114,0.021388209188499083,2.1488209188499083
7,1.0,0.02,0.45988311336818344,1.928674690736802,0.04348931156336666,2.194465578168333
7,1.0,0.05,0.4358039797189888,4.922064965165725,0.11473048050694845,2.3446096101389684
7,1.0,0.1,0.4002428731944292,9.757612845612696,0.24984829636534767,2.5984829636534763
7,1.0,0.2,0.35164306802390677,18.325448714738855,0.5687585457717678,3.0437927288588384
7,1.0,0.4,0.34640302601648704,28.887500989035487,1.154724323860156,3.28681080965039
7,1.5,0.0,0.4875038039951526,0.07311969710246433,0.0,2.051266045115708
7,1.5,0.01,0.48265682069336197,0.611480556090423,0.020718654686438437,2.0818654686438434
7,1.5,0.02,0.47786619941522634,1.2945503666463987,0.041852719494440846,2.1126359747220422
7,1.5,0.05,0.4638428714760611,3.3275134281557124,0.10779512432925359,2.2059024865850714
7,1.5,0.1,0.4417759557602427,6.619589208633747,0.22635908246276593,2.3635908246276593
7,1.5,0.2,0.40466640974073487,12.552896751646106,0.4942342511901043,2.6711712559505214
7,1.5,0.4,0.38254231490208607,20.508500331230614,1.0456359582138837,3.0140898955347093
8,0.08,0.0,0.0033044843541329165,0.1856851809096237,0.0,302.61907542376485
8,0.08,0.01,0.003386796922685435,103.52408319725535,2.952642342686101,295.2742342686101
8,0.08,0.02,0.0036998224612150334,188.30737149607037,5.405664787880642,270.3032393940321
8,0.08,0.05,0.00602310003713413,284.0357484339188,8.301372995921659,166.07745991843316
8,0.08,0.1,0.014508121856790537,228.60253156254802,6.892690934574342,69.02690934574342
8,0.08,0.2,0.04875695828083716,127.37086970997076,4.101978610888972,20.709893054444862
8,0.08,0.4,0.18596806034594227,62.114512189811535,2.1509069850807196,5.7772674627018
8,0.15,0.0,0.011611904901819022,0.10053038222190924,0.0,86.11851444316845
8,0.15,0.01,0.011610591958374486,30.231361626228747,0.8612825285611042,86.13825285611043
8,0.15,0.02,0.011838889522974043,58.8605527730107,1.6893476335925641,84.4873816796282
8,0.15,0.05,0.013901374675566135,122.97994561712628,3.5967665908525515,71.98533181705102
8,0.15,0.1,0.021929805129814652,151.01200247383647,4.560004040530441,45.70004040530441
8,0.15,0.2,0.055184827577334575,112.26880334572853,3.6241845590570203,18.3209227952851
8,0.15,0.4,0.19012244826856334,60.59029498629598,2.1039072642014776,5.659768160503694
8,0.3,0.0,0.04644196361569503,0.05385458359974453,0.0,21.53225062305614
8,0.3,0.01,0.04609000903149829,7.659741939339702,0.21696676156357267,21.70667615635727
8,0.3,0.02,0.04596298392382388,15.213240728058329,0.4351327588554026,21.77663794277013
8,0.3,0.05,0.04693145946748295,36.447681503942356,1.0653834457171127,21.357668914342256
8,0.3,0.1,0.05304371353250351,62.27030471512131,1.8852375397646917,18.952375397646918
8,0.3,0.2,0.08212967236791978,74.9336539808954,2.4351734791300705,12.375867395650351
8,0.3,0.4,0.20761961048895355,54.95431955640402,1.926600281437683,5.216500703594208
8,0.5,0.0,0.12900298213778438,0.03701737893811539,0.0,7.75175878439716
8,0.5,0.01,0.12781734719226015,2.8435028879563835,0.07823664173657283,7.833664173657282
8,0.5,0.02,0.12684051073965782,5.652095100558963,0.15767833071131604,7.903916535565801
8,0.5,0.05,0.12516315382440812,13.927325727455754,0.3994785883243658,8.039571766487315
8,0.5,0.1,0.12654990474342306,26.386651991065484,0.7902020961829062,8.00202096182906
8,0.5,0.2,0.1450943492798665,42.30390261663343,1.3784134323124346,7.092067161562173
8,0.5,0.4,0.24674601846395283,45.313313702376234,1.6211001194267947,4.452750298566987
8,0.75,0.0,0.29025576638544826,0.029885416460347796,0.0,3.445237324491391
8,0.75,0.01,0.2874151461960564,1.4111532046772244,0.03479287759309189,3.4892877593091884
8,0.75,0.02,0.2846986554695757,2.792627116390723,0.07024971708072326,3.5324858540361634
8,0.75,0.05,0.277304332462422,6.898353427409809,0.18030731635531008,3.6561463271062014
8,0.75,0.1,0.2676372496627779,13.441375921291536,0.37364006738972133,3.836400673897213
8,0.75,0.2,0.26014296567085365,24.324656235523115,0.7688080263259948,4.0440401316299734
8,0.75,0.4,0.3091151259956024,34.74090677702752,1.2940162624254452,3.635040656063613
8,1.0,0.0,0.49807378817717146,0.02695016454496436,0.0,2.0077346444183624
8,1.0,0.01,0.4919438708335408,0.978814007146239,0.020327522290411265,2.042752229041126
8,1.0,0.02,0.4842481733670287,1.9294603236514487,0.041301136689763616,2.0850568344881806
8,1.0,0.05,0.45939388352008287,4.757754532428955,0.10883906336949348,2.2267812673898693
8,1.0,0.1,0.421997147493937,9.32144651639994,0.23696842643097898,2.46968426430979
8,1.0,0.2,0.3701458389697639,17.431366202851056,0.5403275653636009,2.9016378268180048
8,1.0,0.4,0.3621608146611423,27.82864655736389,1.1044817213984406,3.161204303496101
8,1.5,0.0,0.49807379962651915,0.02464207796733379,0.0,2.007734598266061
8,1.5,0.01,0.4931410802676976,0.7546868745916997,0.02027817271798079,2.0378172717980787
8,1.5,0.02,0.48830456385045506,1.4851474204858883,0.04095804438584987,2.0679022192924936
8,1.5,0.05,0.47437904776037493,3.6708356078924225,0.10540094516412266,2.158018903282453
8,1.5,0.1,0.45321200093334896,7.244297991985062,0.22064729043815937,2.306472904381594
8,1.5,0.2,0.42000756991132526,13.752129143082119,0.4761818936792623,2.5809094683963116
8,1.5,0.4,0.40864586345247633,22.065987809354016,0.9788426502609593,2.847106625652398
9,0.08,0.0,0.002687448939809911,0.8876464362612307,0.0,372.1000928377572
9,0.08,0.01,0.00279043999810772,141.79996641770202,3.5836642274269632,358.3764227426963
9,0.08,0.02,0.0031531521344622645,249.03748287924608,6.342859192048081,317.16295960240404
9,0.08,0.05,0.005799199233753441,332.94443322965014,8.621880019051922,172.48760038103842
9,0.08,0.1,0.015396270697666794,244.10416047023523,6.495079358091201,65.050793580912
9,0.08,0.2,0.053932547838362356,131.38214175437776,3.7083358383031833,18.741679191515914
9,0.08,0.4,0.20584907007664474,62.80369258678576,1.943171275202099,5.2579281880052475
9,0.15,0.0,0.009441865147154298,0.4732003021359195,0.0,105.91127752988422
9,0.15,0.01,0.009476798722488534,41.94143268111278,1.0552086514478676,105.53086514478676
9,0.15,0.02,0.009770426472620627,80.51598511387635,2.0469935530496444,102.36967765248221
9,0.15,0.05,0.012203048163228388,158.21915715305266,4.097336938377879,81.99673876755757
9,0.15,0.1,0.02142368046978351,175.2584504071287,4.6677320519712975,46.77732051971298
9,0.15,0.2,0.05912664305615309,119.61953991700359,3.3825698477428907,17.112849238714453
9,0.15,0.4,0.2090079458692588,61.68094714324956,1.9138028381476602,5.184507095369151
9,0.3,0.0,0.03776108899039882,0.23687413445259894,0.0,26.482287103909034
9,0.3,0.01,0.037510820660437594,10.712164160930532,0.26658974194470053,26.668974194470056
9,0.3,0.02,0.03751522602731558,21.07391403577484,0.533116873278002,26.675843663900096
9,0.3,0.05,0.03905601033242514,49.45687106664852,1.280212688762245,25.654253775244896
9,0.3,0.1,0.04670899902840289,80.17921390414077,2.1409150716158964,21.509150716158963
9,0.3,0.2,0.08096035616282779,86.82125172516645,2.470344863574454,12.551724317872267
9,0.3,0.4,0.22248636265945937,57.31335371964678,1.7978630025618487,4.894657506404622
9,0.5,0.0,0.10488924314276897,0.14270703336374257,0.0,9.533866105210233
9,0.5,0.01,0.10396167043072536,3.952024586547559,0.09618929706081895,9.628929706081895
9,0.5,0.02,0.10327672410020264,7.764094953364931,0.19365447707844907,9.702723853922453
9,0.5,0.05,0.1026771021349627,18.940200350046844,0.4869634900123895,9.789269800247789
9,0.5,0.1,0.10652063282077605,35.16729938753605,0.9387852602063753,9.487852602063752
9,0.5,0.2,0.13223083779076797,52.62750992379856,1.5125064874538934,7.762532437269467
9,0.5,0.4,0.25295356451013984,49.09742177879254,1.5813179022585615,4.353294755646403
9,0.75,0.0,0.23599991819973118,0.0959357519968099,0.0,4.237289604285714
9,0.75,0.01,0.2337378202439805,1.8598559594339663,0.042782977909016986,4.288297790901698
9,0.75,0.02,0.23167154685080524,3.627477897908293,0.08632911668207513,4.336455834103756
9,0.75,0.05,0.22664858554676093,8.894299929028048,0.22060583294345892,4.462116658869179
9,0.75,0.1,0.22220937907359273,17.2334796498849,0.4500260088791363,4.600260088791362
9,0.75,0.2,0.22828260818467633,30.25387585850406,0.8761070393860394,4.580535196930197
9,0.75,0.4,0.3030507394242337,38.6561416217675,1.3199109850712136,3.6997774626780338
9,1.0,0.0,0.41955557366391505,0.07279179298084246,0.0,2.3834744733984867
9,1.0,0.01,0.4152967982887999,1.1649753870447868,0.02407916468704856,2.4179164687048558
9,1.0,0.02,0.4109162595889166,2.2596584224957015,0.048671717249660885,2.453585862483044
9,1.0,0.05,0.3972192654030087,5.523305693789477,0.12587506285545152,2.56750125710903
9,1.0,0.1,0.37430177096918776,10.791997957234523,0.2671641113026738,2.771641113026738
9,1.0,0.2,0.3398263247118128,20.000202216636914,0.5885359239594182,3.142679619797091
9,1.0,0.4,0.3498725234618839,30.437992002868466,1.1432735444387565,3.258183861096891
9,1.5,0.0,0.519324161693196,0.050100619148784595,0.0,1.9255795777720344
9,1.5,0.01,0.5141405282564212,0.74104543858427,0.01944993528114287,1.9549935281142872
9,1.5,0.02,0.5089766130493069,1.4378771783414557,0.03929453630527128,1.984726815263564
9,1.5,0.05,0.4936236360826058,3.51168454538995,0.1012917460695353,2.0758349213907055
9,1.5,0.1,0.46877364787395565,6.869102023783087,0.21332257146606523,2.2332257146606525
9,1.5,0.2,0.425564241943033,12.936705394653192,0.46996429748618884,2.549821487430944
9,1.5,0.4,0.3983332124703771,21.312885289385644,1.0041844051096966,2.9104610127742414
10,0.08,0.0,0.0029757787568776193,0.6021106794988388,0.0,336.0464878945722
10,0.08,0.01,0.0030678110905419404,118.38830734964256,3.259653122328814,325.9753122328814
10,0.08,0.02,0.003403420082278624,212.77776144507288,5.876441789874437,293.8420894937218
10,0.08,0.05,0.005871558398369103,303.5573237107968,8.515626790646944,170.36253581293892
10,0.08,0.1,0.01485401072304519,232.8855444920175,6.732188488652121,67.4218848865212
10,0.08,0.2,0.05103926384428648,126.88855234034307,3.9185518155232706,19.79275907761635
10,0.08,0.4,0.1954972529582657,60.5325551485692,2.0460645556251937,5.5151613890629845
10,0.15,0.0,0.01045407668352475,0.3237826502628814,0.0,95.65646305005244
10,0.15,0.01,0.010471006720481535,34.55100683535024,0.9550180099149173,95.51180099149173
10,0.15,0.02,0.010730874814543526,67.36087840141309,1.8637809447645455,93.20904723822727
10,0.15,0.05,0.012967960247541658,137.3212187094411,3.8556564830215705,77.16312966043141
10,0.15,0.1,0.02155257821536985,160.34947208580365,4.639816127830438,46.49816127830439
10,0.15,0.2,0.05689478430233299,113.66387832337689,3.515260712427008,17.776303562135038
10,0.15,0.4,0.19949086140765812,59.22074661174378,2.0051043801079333,5.412760950269834
10,0.3,0.0,0.04180595964060927,0.1663909962873234,0.0,23.920034573937272
10,0.3,0.01,0.04150768453934206,8.65859694310908,0.24091924449608218,24.10192444960822
10,0.3,0.02,0.0414489753115624,17.39863668544451,0.4825209754804457,24.146048774022283
10,0.3,0.05,0.04271011369853406,41.655062097506864,1.1706829055272723,23.463658110545445
10,0.3,0.1,0.0496010328496369,69.51861961956736,2.0160870501052894,20.260870501052892
10,0.3,0.2,0.08130898887891637,79.12900477914822,2.459752639377127,12.498763196885633
10,0.3,0.4,0.21577011011847064,54.346554743803445,1.853824886961295,5.034562217403238
10,0.5,0.0,0.11612020109850503,0.10582180263819464,0.0,8.611766002297031
10,0.5,0.01,0.11507276523348751,3.1305422619012475,0.08690153556064788,8.700153556064787
10,0.5,0.02,0.11425286307545844,6.363209485684372,0.1750503178794826,8.772515893974129
10,0.5,0.05,0.1131584174182999,15.858812481869336,0.44185842415213944,8.887168483042789
10,0.5,0.1,0.11588605211733366,29.879068563164243,0.8629166165635779,8.729166165635778
10,0.5,0.2,0.13842466920149243,46.225367883048285,1.4448291706507737,7.424145853253869
10,0.5,0.4,0.2520981878233288,45.68943244059909,1.5866833611684716,4.366708402921179
10,0.75,0.0,0.2612639989273119,0.07773321076500857,0.0,3.827546099369845
10,0.75,0.01,0.25873907893603754,1.4585666776490465,0.03864897425283053,3.8748974252830526
10,0.75,0.02,0.25638967891466996,2.992887368163573,0.07800626017655055,3.9203130088275273
10,0.75,0.05,0.25039788728564916,7.555667274106503,0.19968219597220863,4.043643919444173
10,0.75,0.1,0.24397885833024907,14.792050897827592,0.4098715793834903,4.198715793834902
10,0.75,0.2,0.24522152511075276,26.401574953754178,0.8155890879060118,4.2779454395300585
10,0.75,0.4,0.3126662645138032,35.49707038452217,1.2793193426927623,3.598298356731905
10,1.0,0.0,0.46446445898549354,0.06509503767856777,0.0,2.1530172667769887
10,1.0,0.01,0.4597001353179529,0.9287316538713132,0.021753310977564694,2.1853310977564693
10,1.0,0.02,0.4547050046731169,1.9204819866082876,0.04398456096690163,2.2192280483450815
10,1.0,0.05,0.43864404517201566,4.871577592234162,0.11398764111887656,2.329752822377531
10,1.0,0.1,0.4110989618574035,9.627362175622256,0.24325043183808054,2.532504318380805
10,1.0,0.2,0.36868637816075184,17.995680619428576,0.5424664751589968,2.912332375794984
10,1.0,0.4,0.3713881023332314,28.166388790299777,1.0770404261391668,3.0926010653479166
10,1.5,0.0,0.5596435659554717,0.05429336180003582,0.0,1.7868515977534984
10,1.5,0.01,0.5540679891512051,0.636518463800902,0.01804832655161928,1.8148326551619283
10,1.5,0.02,0.5485345554630235,1.3264190211149325,0.03646078410341496,1.843039205170748
10,1.5,0.05,0.5322044964926481,3.3847591079814814,0.09394884922903071,1.9289769845806142
10,1.5,0.1,0.5061250941588797,6.734519039537208,0.19757961253865158,2.075796125386516
10,1.5,0.2,0.46153063795121607,12.828353926987088,0.43334067893698547,2.3667033946849276
10,1.5,0.4,0.43440071136488,21.06824136528685,0.920808805177152,2.7020220129428796
11,0.08,0.0,0.0029437013204222946,1.2498871250083352,0.0,339.7083777020364
11,0.08,0.01,0.003028965457666043,115.28304954190375,3.30145725983467,330.15572598346694
11,0.08,0.02,0.0033436293352289365,208.79259270350255,5.981524264450387,299.09621322251934
11,0.08,0.05,0.005663913263861953,303.7870927711564,8.827818801361266,176.60637602722534
11,0.08,0.1,0.014117159833933784,236.57530650677793,7.08357780009173,70.9357780009173
11,0.08,0.2,0.04819450921576309,129.7062766413805,4.149850330555613,20.949251652778063
11,0.08,0.4,0.18447417702060823,62.27014062183751,2.1683251632303784,5.820812908075945
11,0.15,0.0,0.010342635424440628,0.6652238857739999,0.0,96.68715554228135
11,0.15,0.01,0.010353720404010803,33.45832021755615,0.9658363959805425,96.59363959805425
11,0.15,0.02,0.010593825569018429,65.66974216662648,1.8878921377080122,94.4146068854006
11,0.15,0.05,0.01268815928737378,135.4567845166773,3.940681927736825,78.86363855473648
11,0.15,0.1,0.020757289464599604,160.77612352722545,4.817584693345651,48.27584693345651
11,0.15,0.2,0.05403903195016917,115.56655012369413,3.7010285488538237,18.705142744269118
11,0.15,0.4,0.18863962680155505,60.85033726366304,2.1204452467497283,5.70111311687432
11,0.3,0.0,0.04136362489537512,0.3323048336092838,0.0,24.175830878686124
11,0.3,0.01,0.041063088712385,8.3116204633351,0.24352771098253767,24.36277109825377
11,0.3,0.02,0.04098875084857038,16.880826002734764,0.4879387535835962,24.416937679179807
11,0.3,0.05,0.042122852058649296,40.75576278453464,1.1870041451700146,23.790082903400293
11,0.3,0.1,0.04853565302706527,68.65132087894644,2.0603410846092114,20.703410846092112
11,0.3,0.2,0.07830217976345483,79.44304467821554,2.554207310756679,12.971036553783394
11,0.3,0.4,0.20522276634130926,55.64069625655726,1.9491014916676137,5.272753729169034
11,0.5,0.0,0.11489552441306557,0.19950517114345132,0.0,8.703559212670978
11,0.5,0.01,0.11385388205908258,2.985248933736528,0.08783187555089836,8.793187555089835
11,0.5,0.02,0.1130268694774171,6.167192309788201,0.17694907496306464,8.867453748153231
11,0.5,0.05,0.11183377555684569,15.521015363652571,0.44709212177661606,8.991842435532321
11,0.5,0.1,0.11414080119790954,29.40361186139009,0.8761108994373475,8.861108994373476
11,0.5,0.2,0.13490342601610192,46.002649165273525,1.4825420369689368,7.612710184844684
11,0.5,0.4,0.24174032157983352,46.56066008838243,1.6546681057835113,4.536670264458778
11,0.75,0.0,0.2585131170258928,0.13327967131970922,0.0,3.8682756662588984
11,0.75,0.01,0.25600735288667525,1.4063007222550392,0.03906137807075651,3.9161378070756507
11,0.75,0.02,0.25366043238120317,2.936685450149485,0.07884556456934451,3.962278228467225
11,0.75,0.05,0.24757722933451676,7.486796507711596,0.20195718376200883,4.089143675240176
11,0.75,0.1,0.24069269664004295,14.709144307480548,0.4154675293266188,4.254675293266187
11,0.75,0.2,0.24005114818118312,26.401881770438443,0.8331557733231346,4.365778866615673
11,0.75,0.4,0.3016895814962499,36.142384605007884,1.325866137027911,3.714665342569777
11,1.0,0.0,0.4595781743228469,0.10027692047883312,0.0,2.1759083783154476
11,1.0,0.01,0.45472412048427757,0.9301201044888656,0.021991355966228667,2.2091355966228665
11,1.0,0.02,0.44938514521526146,1.9413504053829502,0.04450525392961028,2.245262696480514
11,1.0,0.05,0.4314256523145624,4.951452641583131,0.11589482389782388,2.367896477956477
11,1.0,0.1,0.40091914476036183,9.801541697967876,0.24942685154078187,2.5942685154078187
11,1.0,0.2,0.3563761608989892,18.34715994878384,0.5612047660412609,3.006023830206305
11,1.0,0.4,0.35797250393343966,28.87164216003638,1.1174042576029102,3.1935106440072754
11,1.5,0.0,0.5168042019875805,0.06747100109639537,0.0,1.9349687873165384
11,1.5,0.01,0.5116714349684962,0.6924919754957213,0.019543791809710276,1.9643791809710276
11,1.5,0.02,0.5066095080611224,1.4248642063745869,0.039478137859163515,1.9939068929581758
11,1.5,0.05,0.4918606571926191,3.6141634098141835,0.1016548066384975,2.08309613276995
11,1.5,0.1,0.46889939202198266,7.1805625545302485,0.2132653650259198,2.232653650259198
11,1.5,0.2,0.43143314070546435,13.649224418840856,0.4635712492391452,2.517856246195726
11,1.5,0.4,0.41577114135373594,22.13024021934051,0.962067734421428,2.8051693360535697
12,0.08,0.0,0.002807341534737097,0.10885083929046015,0.0,356.20888574700916
12,0.08,0.01,0.0028992230304804166,127.80765373225694,3.4491999735332355,344.92999735332353
12,0.08,0.02,0.0032310085124495377,228.07065427558388,6.1900177368574365,309.5208868428718
12,0.08,0.05,0.005665546845075716,319.8107936196832,8.825273423245658,176.5554684649132
12,0.08,0.1,0.01451687849698993,242.4011210123008,6.888533235346357,68.98533235346356
12,0.08,0.2,0.05013386586710793,131.60271820084844,3.989319326184598,20.14659663092299
12,0.08,0.4,0.19168758827941457,62.417304827557615,2.0867287422748393,5.616821855687099
12,0.15,0.0,0.009864447984007046,0.05689183667645238,0.0,101.37414699953531
12,0.15,0.01,0.009885524023626715,37.55440458445096,1.011580162680267,101.1680162680267
12,0.15,0.02,0.010146035212512576,72.73316784773127,1.9712133440395558,98.58066720197777
12,0.15,0.05,0.012363935435458188,146.67350437387648,4.044019823704869,80.93039647409736
12,0.15,0.1,0.020844788636824506,168.8497516478205,4.797362148510325,48.07362148510324
12,0.15,0.2,0.0556850565461377,118.39016381963253,3.591627851437855,18.158139257189273
12,0.15,0.4,0.19554253254125137,61.080175740346434,2.045590771489147,5.513976928722868
12,0.3,0.0,0.03945291655196204,0.028626854180971762,0.0,25.346668570951792
12,0.3,0.01,0.03917658250226453,9.530049233409887,0.25525452607873517,25.535452607873516
12,0.3,0.02,0.03913663281477945,18.93974469657192,0.5110301669193997,25.57150834596999
12,0.3,0.05,0.04043484660767009,44.96253109986015,1.2365571825989194,24.781143651978386
12,0.3,0.1,0.047321894974924256,74.37787891166055,2.1131867194454013,21.23186719445401
12,0.3,0.2,0.07874656425318206,83.3852673143238,2.5397933471353733,12.898966735676865
12,0.3,0.4,0.21091961393148378,56.16083175521627,1.8964571029887154,5.141142757471789
12,0.5,0.0,0.10958986956276137,0.017903096421129805,0.0,9.124931017709688
12,0.5,0.01,0.10860631911091022,3.498961511425177,0.09207567369802734,9.217567369802733
12,0.5,0.02,0.10784746251759278,6.980393689703981,0.1854471077308608,9.29235538654304
12,0.5,0.05,0.10691894703382422,17.198549829351983,0.4676439619647798,9.402879239295597
12,0.5,0.1,0.10986337011027503,32.20396339732553,0.9102214860114459,9.202214860114458
12,0.5,0.2,0.13257004496397162,49.23298688293119,1.508636434832271,7.743182174161355
12,0.5,0.4,0.24475440175726842,47.38765089864699,1.6342913431918342,4.4857283579795855
12,0.75,0.0,0.2465773026622845,0.012913934052140476,0.0,4.05552331541891
12,0.75,0.01,0.24419843928645535,1.652774458216545,0.04095030266868154,4.105030266868154
12,0.75,0.02,0.24199346353888232,3.292892298768744,0.08264686040491544,4.152343020245771
12,0.75,0.05,0.23642467284895333,8.169698628660095,0.21148384979237736,4.279676995847547
12,0.75,0.1,0.23066979730123974,15.888578710559553,0.43352012777557747,4.435201277755774
12,0.75,0.2,0.23299006708802916,28.116216828033448,0.858405692996497,4.492028464982485
12,0.75,0.4,0.3005040959165281,36.87664315358358,1.331096665354968,3.7277416633874196
12,1.0,0.0,0.4383605600240564,0.010645952520467785,0.0,2.281227124869815
12,1.0,0.01,0.4338813524917923,1.0557582065184397,0.02304777548647742,2.3147775486477418
12,1.0,0.02,0.429217253560803,2.0988387336312213,0.04659644931344028,2.349822465672014
12,1.0,0.05,0.41434910187275475,5.200329496552349,0.12067119193456062,2.463423838691212
12,1.0,0.1,0.38890965339851735,10.187721723113137,0.25712912787363906,2.6712912787363905
12,1.0,0.2,0.34956569307404917,18.89819273954762,0.5721385249256529,3.0606926246282646
12,1.0,0.4,0.35445895265742433,29.10543990435712,1.1284804545100318,3.221201136275079
12,1.5,0.0,0.5420627604700693,0.008680148734419845,0.0,1.8448048324382473
12,1.5,0.01,0.5366499931843275,0.714915590711658,0.018634119308681737,1.8734119308681738
12,1.5,0.02,0.5312534943062344,1.4195046583416258,0.03764681120096549,1.9023405600482746
12,1.5,0.05,0.5151839315335232,3.5158429518137413,0.09705271639813652,1.9910543279627302
12,1.5,0.1,0.48910159528246405,6.908522410263524,0.20445649935418508,2.144564993541851
12,1.5,0.2,0.4436021590299762,13.021806114685063,0.4508544332546522,2.454272166273261
12,1.5,0.4,0.4150256665178174,21.244148572591694,0.9637958137772852,2.809489534443213
13,0.08,0.0,0.0027583449211567197,1.151102657217996,0.0,362.5362413271532
13,0.08,0.01,0.002857654017766259,133.78855439031895,3.4993739402423167,349.94739402423164
13,0.08,0.02,0.0032107401090078775,237.97015582493043,6.229093393105561,311.47466965527803
13,0.08,0.05,0.005792324363777355,325.60163154406473,8.632113269187405,172.6922653837481
13,0.08,0.1,0.015164507164995894,242.26608360308504,6.594345527484676,66.04345527484675
13,0.08,0.2,0.05283203654107771,131.08808802462863,3.785581875960753,19.127909379803764
13,0.08,0.4,0.20188003480404232,62.98860835600845,1.9813747327132454,5.353436831783114
13,0.15,0.0,0.009690875731202718,0.6153737049606918,0.0,103.18984865115918
13,0.15,0.01,0.009720271715335998,39.012492709194625,1.0287778256468556,102.88778256468558
13,0.15,0.02,0.010002268872554357,76.03712763958919,1.999546328421428,99.99731642107139
13,0.15,0.05,0.012363522588328164,152.12482594823928,4.044154863048717,80.93309726097434
13,0.15,0.1,0.021344815590027467,171.6840645044442,4.684978400409377,46.949784004093765
13,0.15,0.2,0.05813963827545794,118.77034501731971,3.439993882528584,17.399969412642918
13,0.15,0.4,0.20504409972418855,61.776814966387136,1.9507998549485353,5.276999637371338
13,0.3,0.0,0.03875780993774615,0.3096901052029207,0.0,25.801251453738672
13,0.3,0.01,0.03849432519626841,9.69219596010464,0.25977855044902537,25.987855044902535
13,0.3,0.02,0.03847901805324253,19.594549925402987,0.5197637832734313,26.008189163671563
13,0.3,0.05,0.03992178402847723,46.86414216762488,1.2524490379571644,25.09898075914329
13,0.3,0.1,0.04728320398819844,77.0511295943695,2.114915901743023,21.24915901743023
13,0.3,0.2,0.08049632838642538,85.05379326248531,2.4845853718929036,12.622926859464517
13,0.3,0.4,0.2187604587384088,57.15046549917017,1.828484006235859,4.971210015589647
13,0.5,0.0,0.10765935169650533,0.18853085880688228,0.0,9.288556769494837
13,0.5,0.01,0.10670026737115451,3.452891044558173,0.09372047743062557,9.382047743062557
13,0.5,0.02,0.10597619238166885,7.096502130668488,0.18872163219424634,9.456081609712317
13,0.5,0.05,0.10521364857057085,17.79220712241349,0.4752235159534752,9.554470319069504
13,0.5,0.1,0.10863627306854964,33.437395854874104,0.9205028594537652,9.305028594537651
13,0.5,0.2,0.13298793871681264,50.84435582688431,1.503895781300019,7.719478906500096
13,0.5,0.4,0.24987926010264758,48.60651232209877,1.6007731087233272,4.401932771808318
13,0.75,0.0,0.24223461199322416,0.12914050760800727,0.0,4.128229206270375
13,0.75,0.01,0.23990320155074726,1.5705921004330339,0.04168347873375369,4.178347873375369
13,0.75,0.02,0.23775371194707198,3.27182732284265,0.08412066350599119,4.226033175299559
13,0.75,0.05,0.2323988044702384,8.337954455552259,0.21514740626130516,4.352948125226103
13,0.75,0.1,0.22714768740493987,16.369402545537408,0.4402422104422678,4.502422104422678
13,0.75,0.2,0.23086352908223995,29.068452653622742,0.8663126687661198,4.531563343830599
13,0.75,0.4,0.3007186160686152,38.000456883953404,1.3301471163618672,3.725367790904668
13,1.0,0.0,0.43064135351024274,0.10036745313947512,0.0,2.322117910527641
13,1.0,0.01,0.4261941310150485,0.9726434162451055,0.023463485938164903,2.35634859381649
13,1.0,0.02,0.42147724006607834,2.042666260812803,0.047452147112058626,2.3926073556029315
13,1.0,0.05,0.4061234896979707,5.229351032741729,0.12311526239761315,2.5123052479522627
13,1.0,0.1,0.37990539746071933,10.367466834859934,0.26322342527481357,2.732234252748136
13,1.0,0.2,0.34091205932271,19.36964127630507,0.5866615584011314,3.133307792005657
13,1.0,0.4,0.34727589595347397,29.886859599972716,1.1518219509642837,3.2795548774107095
13,1.5,0.0,0.5057228109521863,0.07318897633408006,0.0,1.9773677958428995
13,1.5,0.01,0.5006836321697475,0.640686057041371,0.019972692050395778,2.0072692050395777
13,1.5,0.02,0.4956809515216231,1.346357407825238,0.040348534553536375,2.0374267276768188
13,1.5,0.05,0.48090822391593413,3.447171593422089,0.10396994169253451,2.12939883385069
13,1.5,0.1,0.45729363641923904,6.848539981193002,0.21867787354976814,2.2867787354976814
13,1.5,0.2,0.41694285634650996,12.981117750016015,0.4796820402501042,2.598410201250521
13,1.5,0.4,0.39374604133110436,21.281182795286504,1.0158832293215023,2.9397080733037555
14,0.08,0.0,0.002924537400456346,0.9703064461500251,0.0,341.9344200706613
14,0.08,0.01,0.003019242894251582,124.6290181125392,3.3120886097104907,331.218860971049
14,0.08,0.02,0.0033618426319382594,223.57197259751337,5.949118441772233,297.47592208861164
14,0.08,0.05,0.00587669653567886,315.5009109667719,8.508181373061854,170.21362746123708
14,0.08,0.1,0.01502046326745471,240.25327721674984,6.657584271496673,66.67584271496672
14,0.08,0.2,0.051798834077075875,130.9899109584595,3.8610907670702215,19.505453835351105
14,0.08,0.4,0.19755335907420193,61.95810469490379,2.024769418624556,5.4619235465613905
14,0.15,0.0,0.010270720989343465,0.5188483643341675,0.0,97.36414814866107
14,0.15,0.01,0.010291639980571605,36.34604377148625,0.9716624385304813,97.17624385304813
14,0.15,0.02,0.010559803721500977,70.98060473825424,1.8939745972055992,94.71872986027996
14,0.15,0.05,0.012847446017403077,144.15411142540339,3.8918240973552476,77.88648194710494
14,0.15,0.1,0.021599419456109773,166.90999099257147,4.6297540636775425,46.397540636775425
14,0.15,0.2,0.057543449143409364,117.73485550118585,3.4756345505386976,17.578172752693487
14,0.15,0.4,0.2014025470252342,60.628884061640306,1.9860722017079708,5.365180504269928
14,0.3,0.0,0.04106524673737222,0.26324154025025637,0.0,24.351491332692536
14,0.3,0.01,0.040776521264974726,9.072592347654469,0.2452391643469981,24.53391643469981
14,0.3,0.02,0.04073164165428179,18.3179712868319,0.49101875563362085,24.570937781681042
14,0.3,0.05,0.0420597409327552,43.954000230816504,1.1887852585668475,23.825705171336946
14,0.3,0.1,0.049144154384196365,73.17140606799877,2.034830006804588,20.448300068045878
14,0.3,0.2,0.08149238290369447,82.67571873076551,2.454217104393115,12.471085521965573
14,0.3,0.4,0.21707435476782955,55.696426921899935,1.8426865781903043,5.006716445475761
14,0.5,0.0,0.11405459209925742,0.16347975214980848,0.0,8.767731150445373
14,0.5,0.01,0.11303001305309851,3.2619230817671108,0.08847207683946975,8.857207683946974
14,0.5,0.02,0.11223736085453184,6.670573960335147,0.17819378367174477,8.929689183587238
14,0.5,0.05,0.11125067942973672,16.698933648704053,0.4494354574398695,9.03870914879739
14,0.5,0.1,0.11423967430524401,31.508118246929957,0.8753526356596908,8.853526356596907
14,0.5,0.2,0.13752153445979523,48.56699599377501,1.4543176876670942,7.471588438335471
14,0.5,0.4,0.2519239898094057,46.848250510057724,1.5877805059479326,4.369451264869832
14,0.75,0.0,0.2566073093874391,0.11590324268582412,0.0,3.897005125797675
14,0.75,0.01,0.254132595547808,1.5120773922609645,0.0393495371124826,3.9449537112482598
14,0.75,0.02,0.25184064563578157,3.1023646603200112,0.07941529831099828,3.990764915549914
14,0.75,0.05,0.24606325051961966,7.845367832061949,0.20319978661751967,4.113995732350393
14,0.75,0.1,0.2401221035172177,15.392882255648889,0.4164547891894909,4.2645478918949085
14,0.75,0.2,0.24248421692388306,27.473462991905667,0.8247959497618806,4.323979748809403
14,0.75,0.4,0.3097146887894089,36.18928774613295,1.2915112343024222,3.628778085756055
14,1.0,0.0,0.4561778439932043,0.09371976518517172,0.0,2.192127507216017
14,1.0,0.01,0.4515493443122733,0.9625528660237379,0.02214597391394816,2.224597391394816
14,1.0,0.02,0.44679145519370794,1.9562950929932401,0.044763613465546095,2.258180673277305
14,1.0,0.05,0.43189576088078657,4.922179845131229,0.11576867505722331,2.365373501144466
14,1.0,0.1,0.4066271282303286,9.716480187049424,0.24592554961890373,2.5592554961890372
14,1.0,0.2,0.3663549767185469,18.17586220289997,0.5459186109368742,2.929593054684371
14,1.0,0.4,0.3658096716715441,28.240751009496112,1.0934648014423056,3.1336620036057643
14,1.5,0.0,0.5802759043255079,0.07391105330707262,0.0,1.723318153564147
14,1.5,0.01,0.5744689845116189,0.6658560625677838,0.01740738015386755,1.750738015386755
14,1.5,0.02,0.5686543803312791,1.3117635199325168,0.03517074815874744,1.778537407937372
14,1.5,0.05,0.5511903943587866,3.2388284373701945,0.09071275644809855,1.864255128961971
14,1.5,0.1,0.5223637377173753,6.364904257164522,0.19143748460982368,2.0143748460982365
14,1.5,0.2,0.47034713404109124,12.046842986611844,0.4252178561856131,2.3260892809280653
14,1.5,0.4,0.4279256814176235,20.013184538423207,0.9347417492562918,2.736854373140729
15,0.08,0.0,0.0031592518295619062,1.3011671569006982,0.0,316.53063888188683
15,0.08,0.01,0.003235951594171064,103.1149905918633,3.090281083936191,309.0381083936191
15,0.08,0.02,0.003529236027480796,189.11546445722033,5.666948836594587,283.36744182972933
15,0.08,0.05,0.00570860160281278,287.955892248176,8.75871246214899,175.22424924297982
15,0.08,0.1,0.013672646641733283,232.89774051467117,7.313872918705298,73.23872918705298
15,0.08,0.2,0.045845944956330924,129.4126204973511,4.362435984044032,22.012179920220156
15,0.08,0.4,0.17519465668891518,61.833199737024216,2.2831746558929646,6.107936639732412
15,0.15,0.0,0.011103508160698607,0.6976487990925635,0.0,90.06162606693508
15,0.15,0.01,0.011100294457130929,29.73088469337822,0.9008770027335545,90.09770027335546
15,0.15,0.02,0.0113127238930408,58.665272619133205,1.7679208110350255,88.41604055175127
15,0.15,0.05,0.013243886922076198,123.7697213038058,3.7753267068941176,75.55653413788234
15,0.15,0.1,0.020775636751468447,152.91249781632132,4.813330209623149,48.23330209623148
15,0.15,0.2,0.05201742374150386,113.7651454817091,3.8448655395523414,19.424327697761704
15,0.15,0.4,0.17929269268119316,60.27921482767999,2.2309888597147376,5.977472149286844
15,0.3,0.0,0.04441465297474898,0.3513850140640067,0.0,22.51509204785477
15,0.3,0.01,0.04407620427170854,7.33018368631393,0.22687979069964428,22.69797906996443
15,0.3,0.02,0.0439491532757266,14.954625977498093,0.4550713383378453,22.773566916892264
15,0.3,0.05,0.04483647157817639,36.39905543327944,1.1151635764384478,22.353271528768957
15,0.3,0.1,0.05054479716578082,62.555230142589565,1.978442997248799,19.88442997248799
15,0.3,0.2,0.07784311031414015,75.46553013989882,2.5692704106103803,13.046352053051901
15,0.3,0.4,0.19636825095036667,54.57336127315643,2.0369891673634277,5.492472918408569
15,0.5,0.0,0.12337926082721078,0.21356216418684457,0.0,8.105089893515185
15,0.5,0.01,0.12224394287885824,2.6156731280714687,0.08180364412746272,8.190364412746272
15,0.5,0.02,0.12130558651495076,5.443277225079003,0.16487286838628018,8.26364341931401
15,0.5,0.05,0.11967279404859499,13.772603894044991,0.4178059048215815,8.40611809643163
15,0.5,0.1,0.12089964512657729,26.31091710348494,0.8271322872395849,8.371322872395847
15,0.5,0.2,0.13828086420759578,42.290973212332254,1.4463317187528395,7.4316585937641975
15,0.5,0.4,0.2348037035072581,44.86183783173082,1.7035506426227875,4.658876606556969
15,0.75,0.0,0.27761140151842223,0.1457060017791034,0.0,3.602157528582774
15,0.75,0.01,0.2749004665949062,1.2346657540823254,0.03637680257100479,3.647680257100479
15,0.75,0.02,0.2723200596650932,2.610474083960844,0.07344299213431635,3.6921496067158177
15,0.75,0.05,0.2653689589029899,6.699556578252042,0.1884169128397506,3.8183382567950113
15,0.75,0.1,0.2565128600517948,13.215347627668548,0.38984400228436156,3.9984400228436154
15,0.75,0.2,0.250400508621611,24.035982871782604,0.7987204223383868,4.193602111691934
15,0.75,0.4,0.29862773417015637,34.25001387376416,1.3394603187528533,3.748650796882133
15,1.0,0.0,0.4935395209603383,0.11264910972303029,0.0,2.026180189286932
15,1.0,0.01,0.4881158477649327,0.8282411644584691,0.020486939823383503,2.05869398233835
15,1.0,0.02,0.4818191929788538,1.758660210744697,0.04150934684928121,2.0954673424640604
15,1.0,0.05,0.46015040864114987,4.528322184747863,0.10866012299685406,2.223202459937081
15,1.0,0.1,0.424292438955475,9.00120196667845,0.23568650020297424,2.4568650020297427
15,1.0,0.2,0.37168303579067585,16.975320456824637,0.538092892979479,2.890464464897395
15,1.0,0.4,0.3587537693256448,27.32921014109413,1.1149708635867057,3.187427158966764
15,1.5,0.0,0.5343165647845819,0.0811539400943467,0.0,1.8715496877832445
15,1.5,0.01,0.5290077500869333,0.6317616293073924,0.018903314740392124,1.9003314740392123
15,1.5,0.02,0.5237678779814796,1.3297238730986523,0.03818485409429251,1.9292427047146254
15,1.5,0.05,0.5084717966372466,3.4209946527200636,0.09833387088659107,2.016677417731821
15,1.5,0.1,0.4845270406286574,6.847819453922985,0.20638683007299943,2.163868300729994
15,1.5,0.2,0.4444837930377905,13.14919158039985,0.4499601630761727,2.4498008153808635
15,1.5,0.4,0.41896385730527785,21.586024880487756,0.9547362929412314,2.7868407323530784
16,0.08,0.0,0.003045712575305956,0.5909311863082504,0.0,328.3303907623474
16,0.08,0.01,0.0031382477367750466,117.65219913806503,3.1864915834453167,318.65915834453165
16,0.08,0.02,0.0034767623502155627,211.75374228162076,5.75247830751503,287.64391537575153
16,0.08,0.05,0.005967970495112828,303.66616112046063,8.378057505636969,167.61115011273938
16,0.08,0.1,0.015035791024143411,233.98090609877218,6.650797409955158,66.60797409955157
16,0.08,0.2,0.05155123139518035,127.75158269516014,3.8796357446215826,19.59817872310791
16,0.08,0.4,0.19694855396145242,60.7555469826524,2.030987239836702,5.477468099591755
16,0.15,0.0,0.010698524676599744,0.3154860854775077,0.0,93.47083174816069
16,0.15,0.01,0.010713779619884416,34.274032039994935,0.9333774218615002,93.34774218615003
16,0.15,0.02,0.010973509819318213,66.85816349228973,1.822570930295354,91.1485465147677
16,0.15,0.05,0.013219339502301546,136.74201149230123,3.782337233361378,75.69674466722755
16,0.15,0.1,0.021848112242888976,160.5900777081612,4.577054479045326,45.87054479045326
16,0.15,0.2,0.057372731234396915,114.4008654814099,3.4859766250781723,17.62988312539086
16,0.15,0.4,0.20034801026048618,59.46095357096969,1.9965259424335315,5.391314856083829
16,0.3,0.0,0.0427817873840013,0.15868742649443532,0.0,23.374432466418188
16,0.3,0.01,0.042473471029628056,8.559646476447293,0.235441082576565,23.5541082576565
16,0.3,0.02,0.04240415288635412,17.201253919381006,0.4716519170563623,23.602595852818112
16,0.3,0.05,0.043629987621988026,41.24150791380438,1.1460007835253592,22.970015670507184
16,0.3,0.1,0.05044945234785864,69.12405321194974,1.982182072274657,19.92182072274657
16,0.3,0.2,0.08194912124215983,79.32806056623835,2.440538677760797,12.402693388803984
16,0.3,0.4,0.21536122460893437,54.53965893596516,1.8573445648182194,5.043361412045549
16,0.5,0.0,0.11882936718550768,0.09662948696425568,0.0,8.415428136033691
16,0.5,0.01,0.11775262361165677,3.0826450505944303,0.0849237978168502,8.50237978168502
16,0.5,0.02,0.11689898026159525,6.262070001810495,0.17108789105982125,8.57439455299106
16,0.5,0.05,0.11567665270404413,15.61181367122524,0.43223933984261953,8.69478679685239
16,0.5,0.1,0.11810146492976224,29.485319468605137,0.8467295478466113,8.567295478466113
16,0.5,0.2,0.13968396531505367,45.95527177563547,1.43180356849768,7.3590178424884
16,0.5,0.4,0.24978558370186366,45.668596954415484,1.6013734422616945,4.403433605654237
16,0.75,0.0,0.26735831795966547,0.0662462157875338,0.0,3.740298815580008
16,0.75,0.01,0.2647644217544475,1.4325961909448721,0.03776942511284382,3.7869425112843813
16,0.75,0.02,0.26233000289110725,2.930922832441669,0.0762398497296627,3.831992486483135
16,0.75,0.05,0.25598785577249017,7.387806228116921,0.19532176574984722,3.956435314996944
16,0.75,0.1,0.24868023909052428,14.471378747769084,0.4021228239353515,4.121228239353514
16,0.75,0.2,0.2471817987199872,25.941385994713706,0.8091210640738329,4.245605320369164
16,0.75,0.4,0.3067816600521871,35.13497932183594,1.303858907119661,3.6596472677991523
16,1.0,0.0,0.4752977976474618,0.0515462977931537,0.0,2.1039441060943456
16,1.0,0.01,0.4703200175437989,0.9125846163186637,0.021262118614946562,2.136211861494656
16,1.0,0.02,0.46491381406020127,1.8734551815413039,0.04301872604157599,2.1709363020788
16,1.0,0.05,0.44682134623208825,4.731415717260487,0.11190154727753085,2.2880309455506165
16,1.0,0.1,0.41540339840225854,9.337547100456097,0.24072985532767444,2.5072985532767444
16,1.0,0.2,0.3671435678936984,17.473516721136836,0.5447460271397356,2.9237301356986785
16,1.0,0.4,0.36010939660952745,27.529143710588066,1.110773569826412,3.1769339245660295
16,1.5,0.0,0.5480280991421026,0.03768876661612654,0.0,1.824723954055323
16,1.5,0.01,0.5425619507181363,0.6254081674329433,0.018431074989250493,1.8531074989250493
16,1.5,0.02,0.5371244618738218,1.2836187084248616,0.03723531773292851,1.8817658866464255
16,1.5,0.05,0.5210000875839047,3.245376796516554,0.09596927369411955,1.9693854738823908
16,1.5,0.1,0.4949735881727465,6.433051598592736,0.20203098183311521,2.1203098183311524
16,1.5,0.2,0.4492185590824979,12.231846102621814,0.44521758052135707,2.426087902606785
16,1.5,0.4,0.414043615408042,20.165667243524215,0.9660817969763839,2.8152044924409596
17,0.08,0.0,0.0029294438091017993,0.23152843360199718,0.0,341.36172774265003
17,0.08,0.01,0.003020907778670238,123.00979375118062,3.3102632495460895,331.0363249546089
17,0.08,0.02,0.003353881531744444,220.65864399728684,5.963239849320933,298.18199246604667
17,0.08,0.05,0.005801569794069047,314.0151870675882,8.61835706106907,172.4171412213814
17,0.08,0.1,0.01470604453125276,240.80522977704365,6.799925009575728,68.09925009575727
17,0.08,0.2,0.05053319449604202,131.6065601413321,3.957794514963127,19.988972574815634
17,0.08,0.4,0.19260220323137758,62.89911320489139,2.076819440738539,5.592048601846348
17,0.15,0.0,0.01029492408844363,0.12432489008871404,0.0,97.135247565597
17,0.15,0.01,0.010312562209927224,36.01919319131638,0.9696911200568235,96.97911200568235
17,0.15,0.02,0.010571367873653587,70.0260776155459,1.8919027545947815,94.61513772973908
17,0.15,0.05,0.012794492189222557,142.44853271855922,3.9079315740344516,78.20863148068902
17,0.15,0.1,0.021317738978668767,166.13091520092811,4.690929000494063,47.00929000494063
17,0.15,0.2,0.056354860444677635,117.93916197129158,3.548939673026708,17.94469836513354
17,0.15,0.4,0.1967123061521742,61.519882294951934,2.0334264176160133,5.483566044040034
17,0.3,0.0,0.04117763924330891,0.0627371447735635,0.0,24.285025037283877
17,0.3,0.01,0.040885018273655094,9.093647287540678,0.2445883705632011,24.468837056320112
17,0.3,0.02,0.04083070051792387,18.169598309437283,0.4898275010300251,24.511375051501254
17,0.3,0.05,0.04209725007919641,43.36984875247949,1.1877260368773819,23.804520737547637
17,0.3,0.1,0.04896859536788468,72.30871864863255,2.042125146713592,20.52125146713592
17,0.3,0.2,0.08048172810235336,82.28275209562915,2.485036103420247,12.625180517101235
17,0.3,0.4,0.21287834476073494,56.43820610359824,1.8790074699687318,5.0975186749218295
17,0.5,0.0,0.11438392669038067,0.03824394591523385,0.0,8.742487069069092
17,0.5,0.01,0.11335322990890138,3.3217357813783925,0.0882198064231315,8.83198064231315
17,0.5,0.02,0.1125488123980579,6.683194249502705,0.177700675590115,8.90503377950575
17,0.5,0.05,0.11149299942614031,16.56633223805595,0.4484586499363399,9.019172998726798
17,0.5,0.1,0.11425471209743034,31.17589727667186,0.875237424910102,8.852374249101018
17,0.5,0.2,0.13667463680472156,48.20487077515523,1.4633292955865445,7.5166464779327224
17,0.5,0.4,0.24799785093526433,47.43822709330284,1.61291720267533,4.432293006688325
17,0.75,0.0,0.2573675012073029,0.026223909992720264,0.0,3.8854944595142404
17,0.75,0.01,0.2548778138709928,1.5675246944708487,0.039234485921405195,3.933448592140519
17,0.75,0.02,0.2525561852826539,3.1616499476489826,0.07919029968565829,3.979514984282914
17,0.75,0.05,0.24660307737747847,7.905799335489048,0.20275497180217408,4.105099436043481
17,0.75,0.1,0.24010142991606773,15.438831679282854,0.4164906474524413,4.2649064745244125
17,0.75,0.2,0.24063940842710502,27.526791225305868,0.8311190644427819,4.35559532221391
17,0.75,0.4,0.3041630676639235,36.79700560597036,1.3150840536694248,3.6877101341735616
17,1.0,0.0,0.45754631484431685,0.02039940278740733,0.0,2.185571094240496
17,1.0,0.01,0.45269476269530134,1.008700643029403,0.022089939676927024,2.218993967692702
17,1.0,0.02,0.4473266673908401,2.0355642297403613,0.04471005521905431,2.2555027609527154
17,1.0,0.05,0.42919079186557535,5.090783295039019,0.1164983055266951,2.3799661105339016
17,1.0,0.1,0.39844276912757143,10.012526725073045,0.2509770731163213,2.6097707311632123
17,1.0,0.2,0.3537156616618078,18.659408246326485,0.5654259103494904,3.027129551747452
17,1.0,0.4,0.3548215655612877,29.046565476819367,1.12732719435259,3.2183179858814746
17,1.5,0.0,0.5128074703819203,0.01490004237400486,0.0,1.9500495951340888
17,1.5,0.01,0.5077061235762242,0.6989212728933489,0.019696433695857628,1.9796433695857627
17,1.5,0.02,0.5026585716897574,1.409958128713853,0.03978843916411729,2.0094219582058646
17,1.5,0.05,0.48785257005055155,3.527110902658236,0.10248997969779881,2.099799593955976
17,1.5,0.1,0.464488525379878,6.956917781508468,0.21529057131866897,2.2529057131866894
17,1.5,0.2,0.42541338437965687,13.13282313002722,0.4701309534293156,2.550654767146578
17,1.5,0.4,0.4060280888868443,21.325455610726532,0.9851535175722185,2.862883793930546
18,0.08,0.0,0.0027887750123126373,1.83301167613237,0.0,358.58037869133574
18,0.08,0.01,0.0028987111532334593,146.54940412398153,3.4498090604319724,344.99090604319724
18,0.08,0.02,0.003284279558699379,256.0364938084771,6.0896155892162485,304.5007794608124
18,0.08,0.05,0.006094133914894253,339.1293709719035,8.204611302977515,164.1422260595503
18,0.08,0.1,0.01627833165958606,247.5454787754566,6.143135678226063,61.53135678226063
18,0.08,0.2,0.05710442620444078,133.4628900181329,3.5023554791352907,17.71177739567645
18,0.08,0.4,0.21639400406706522,63.17018355274451,1.8484800525065903,5.021200131266476
18,0.15,0.0,0.009794791260809609,0.9811240583645549,0.0,102.09508026997432
18,0.15,0.01,0.009834372968322902,43.67426880157932,1.0168416463571792,101.69416463571794
18,0.15,0.02,0.010148997813486117,83.33666138789923,1.97063792578847,98.5518962894235
18,0.15,0.05,0.01274246246209164,162.5809821871188,3.9238883495829926,78.52776699165985
18,0.15,0.1,0.022553795762065953,178.83077754186445,4.433843467191169,44.43843467191169
18,0.15,0.2,0.06258211230552785,121.72497571865597,3.195801366109116,16.17900683054558
18,0.15,0.4,0.2199428111046893,62.0032011457507,1.8186545765735729,4.946636441433932
18,0.3,0.0,0.039166608529930966,0.49844345669445866,0.0,25.531952791771694
18,0.3,0.01,0.038910836844638017,11.304335620747963,0.25699781374344866,25.709781374344868
18,0.3,0.02,0.03892683543376871,22.00998752643431,0.5137843797764811,25.709218988824052
18,0.3,0.05,0.040604683688893264,51.293354570509095,1.231385038807153,24.67770077614306
18,0.3,0.1,0.048822745652421035,82.7168855902055,2.048225651050438,20.58225651050438
18,0.3,0.2,0.08538682922993197,88.91001616755355,2.342281611856491,11.911408059282454
18,0.3,0.4,0.23423183163816935,57.58199483750426,1.7077098240767794,4.6692745601919485
18,0.5,0.0,0.10878735796645486,0.3102246572515221,0.0,9.192244564927803
18,0.5,0.01,0.10782955316954794,4.2205996992786154,0.09273895426679828,9.283895426679829
18,0.5,0.02,0.10713186198786084,8.166171989876208,0.18668582463605654,9.354291231802826
18,0.5,0.05,0.1065984766107423,19.744755286574808,0.4690498550235504,9.430997100471007
18,0.5,0.1,0.11089405786285439,36.52960664561683,0.90176157250619,9.1176157250619
18,0.5,0.2,0.13867032536361334,54.291052858143225,1.442269638263064,7.41134819131532
18,0.5,0.4,0.26547401698628337,49.334014330353206,1.506738793275831,4.166846983189577
18,0.75,0.0,0.24476417649412013,0.2206799137282912,0.0,4.085565193091165
18,0.75,0.01,0.24242275862853369,1.978044829059837,0.0412502524786589,4.13502524786589
18,0.75,0.02,0.2402937827806367,3.792135461315841,0.08323145013809169,4.181572506904584
18,0.75,0.05,0.235181268703793,9.214040589406926,0.21260196560540795,4.302039312108159
18,0.75,0.1,0.23090506961150534,17.817088317812768,0.43307840823178395,4.430784082317839
18,0.75,0.2,0.2382149595228042,31.161585471701475,0.8395778350807315,4.397889175403657
18,0.75,0.4,0.31548188759839735,38.762088690458604,1.2679016315167757,3.569754078791939
18,1.0,0.0,0.43513086361290837,0.1790682635453048,0.0,2.298159205938557
18,1.0,0.01,0.4307399951173966,1.1956034216115903,0.02321586133944803,2.3315861339448025
18,1.0,0.02,0.42627301682086594,2.290634382073086,0.04691828760159281,2.3659143800796407
18,1.0,0.05,0.4125313209428524,5.572597125914978,0.12120291832805213,2.4740583665610423
18,1.0,0.1,0.38976268872843084,10.890536590187665,0.2565663745964035,2.665663745964035
18,1.0,0.2,0.3547037923128284,20.18918026205356,0.5638507519074154,3.019253759537077
18,1.0,0.4,0.3614965706504508,30.227907672928087,1.1065111884194887,3.166277971048722
18,1.5,0.0,0.5615586274212154,0.1420778252870027,0.0,1.7807579675023268
18,1.5,0.01,0.5559270964936033,0.6632707803710308,0.017987970118875225,1.8087970118875225
18,1.5,0.02,0.5502644739060242,1.3116184526889736,0.03634615888979898,1.8373079444899492
18,1.5,0.05,0.5331224228611873,3.2545206826169943,0.09378708877345203,1.9257417754690405
18,1.5,0.1,0.5044666248369691,6.395659743594415,0.1982291693376494,2.0822916933764937
18,1.5,0.2,0.45227598351465637,12.073160688437513,0.44220787149870594,2.4110393574935296
18,1.5,0.4,0.41097237390179897,20.150296635609205,0.9733014319244223,2.8332535798110556
19,0.08,0.0,0.0032243490485522517,0.3910462087078665,0.0,310.14011973951915
19,0.08,0.01,0.0033079142110749426,106.73787200086947,3.0230530061873617,302.31530061873616
19,0.08,0.02,0.003623094272753297,193.48123788796764,5.520143417300982,276.0271708650491
19,0.08,0.05,0.005958224077447356,288.7884491435179,8.391762268434388,167.88524536868775
19,0.08,0.1,0.014480630181858231,230.3763277594014,6.905776802813666,69.15776802813664
19,0.08,0.2,0.048864474512291804,127.8320633221817,4.092953050169203,20.664765250846013
19,0.08,0.4,0.1864623891209149,61.99868226651959,2.1452047347769034,5.763011836942259
19,0.15,0.0,0.011331021791540013,0.20887068070185047,0.0,88.25329422158748
19,0.15,0.01,0.011333502915069946,31.300567459098936,0.8823397386436622,88.24397386436623
19,0.15,0.02,0.01156756433685454,60.78545447516706,1.7289724455025952,86.46862227512976
19,0.15,0.05,0.013659131543762188,126.19649737498123,3.660554833944319,73.26109667888637
19,0.15,0.1,0.021774924838813714,153.3574524279015,4.592438354678057,46.02438354678057
19,0.15,0.2,0.055343284060449055,112.91473308804298,3.613807951504084,18.269039757520417
19,0.15,0.4,0.19130981621640852,60.48304719650444,2.0908493244670856,5.627123311167714
19,0.3,0.0,0.04532099234940454,0.10550045460229737,0.0,22.06483018488316
19,0.3,0.01,0.04498246055376213,7.989232361188892,0.22230887054406911,22.24088705440691
19,0.3,0.02,0.04487328315865951,15.813190737298088,0.44569950296004723,22.30497514800236
19,0.3,0.05,0.04592180050373906,37.745635542377556,1.0888074825360752,21.826149650721504
19,0.3,0.1,0.052255051955651985,64.0681036312239,1.9136905668923339,19.236905668923338
19,0.3,0.2,0.08209861299667472,76.06013227352362,2.436094748739552,12.380473743697758
19,0.3,0.4,0.2101079230777337,54.973810950936695,1.9037835134470957,5.1594587836177395
19,0.5,0.0,0.12589237817208304,0.06488509460991115,0.0,7.943292632323571
19,0.5,0.01,0.12474221947831915,2.9844030371064147,0.08016532046504153,8.026532046504153
19,0.5,0.02,0.12380959536422802,5.903895967191501,0.16153836817867953,8.096918408933977
19,0.5,0.05,0.12231711270306497,14.502249075867711,0.408773546849321,8.22547093698642
19,0.5,0.1,0.12418355242956106,27.3860427326504,0.8052596180699666,8.152596180699664
19,0.5,0.2,0.14428800784209375,43.45430933172168,1.386116580241904,7.13058290120952
19,0.5,0.4,0.25076354521525396,45.601759514377314,1.595128190011201,4.387820475028002
19,0.75,0.0,0.28326068647002617,0.04526896833380189,0.0,3.530316940419535
19,0.75,0.01,0.280502050412982,1.4757397239932692,0.035650363287102686,3.5750363287102687
19,0.75,0.02,0.2778915281674628,2.9055668105417625,0.07197052796783215,3.618526398391608
19,0.75,0.05,0.2709556857072817,7.158445072077927,0.1845320199481472,3.7406403989629435
19,0.75,0.1,0.26247778901216295,13.933056093754663,0.38098461731314764,3.909846173131476
19,0.75,0.2,0.25843206626218523,25.094818371436876,0.7738977708636801,4.0694888543184
19,0.75,0.4,0.3152944618451069,35.22458160852242,1.2686553314612483,3.571638328653121
19,1.0,0.0,0.5035779681230749,0.035962788232760896,0.0,1.9857898146878403
19,1.0,0.01,0.4942353308052349,1.008222931446235,0.020233276289065495,2.033327628906549
19,1.0,0.02,0.4848820561196392,1.97974435387739,0.04124714401694672,2.082357200847336
19,1.0,0.05,0.458765265149649,4.8721305952518685,0.10898819897293233,2.2297639794586464
19,1.0,0.1,0.4217604233568231,9.541803695276217,0.23710143119663157,2.4710143119663157
19,1.0,0.2,0.37222113439186794,17.82132999577396,0.5373150031546664,2.8865750157733316
19,1.0,0.4,0.3709422574820678,28.249890133474345,1.0783349481808147,3.0958373704520366
19,1.5,0.0,0.5042915394990094,0.02744989482778168,0.0,1.982979926638179
19,1.5,0.01,0.4993009165404798,0.7575560842865763,0.020028002490536725,2.0128002490536723
19,1.5,0.02,0.49441505949055453,1.4898164498440976,0.040451842265096065,2.0425921132548033
19,1.5,0.05,0.48039352743708336,3.6793457898984507,0.10408133570564905,2.131626714112981
19,1.5,0.1,0.45924835398684727,7.252091092842187,0.2177471059653792,2.277471059653792
19,1.5,0.2,0.426887544845566,13.728691798984757,0.4685074615431881,2.5425373077159406
19,1.5,0.4,0.4213863983729415,22.01082642361694,0.949247535147032,2.77311883786758
20,0.08,0.0,0.002215257690197858,0.5202373763819423,0.0,451.41475162227465
20,0.08,0.01,0.0023408019192386396,191.6420221495729,4.272040243051647,427.2140243051647
20,0.08,0.02,0.00276171859288402,324.13662676768223,7.241867455841803,362.1133727920901
20,0.08,0.05,0.005795823728942689,382.1952157338232,8.626901427369898,172.58802854739795
20,0.08,0.1,0.016744337127279862,259.4345586722069,5.97216833606868,59.821683360686805
20,0.08,0.2,0.060498100151234066,137.0671781207723,3.3058889370085502,16.72944468504275
20,0.08,0.4,0.22929994644417998,64.27765110625688,1.7444400062141956,4.761100015535489
20,0.15,0.0,0.00778042618919745,0.27703738891008556,0.0,128.52766361159323
20,0.15,0.01,0.00785002567689666,57.022699895295986,1.273881183526687,127.3981183526687
20,0.15,0.02,0.008214410941025164,108.85801650677814,2.4347454910143544,121.75727455071772
20,0.15,0.05,0.011075378778522669,199.89545335762887,4.514518284192664,90.34036568385328
20,0.15,0.1,0.021723184293618154,199.86116654168939,4.603376680341383,46.13376680341383
20,0.15,0.2,0.06482391096907053,127.79819297653016,3.0852812952835587,15.626406476417792
20,0.15,0.4,0.23197829528648506,63.392453126385824,1.7242992475050911,4.710748118762728
20,0.3,0.0,0.03111652350420442,0.13856115328457788,0.0,32.137266229785645
20,0.3,0.01,0.030951474148546095,14.400550207086223,0.3230863884546106,32.31863884546105
20,0.3,0.02,0.03107863246275737,28.71325228440418,0.6435289591318637,32.19644795659319
20,0.3,0.05,0.03321235259938506,66.58059091905128,1.5054639640591365,30.15927928118273
20,0.3,0.1,0.04259476169899063,101.75563909461954,2.347706525668148,23.577065256681482
20,0.3,0.2,0.08293903036269547,99.52429964655583,2.4114099131059596,12.257049565529796
20,0.3,0.4,0.2431254430700503,59.93223199524476,1.6452412176571352,4.513103044142838
20,0.5,0.0,0.08643591196059404,0.0834370666803934,0.0,11.569265335638478
20,0.5,0.01,0.08571390580100433,5.179306185792509,0.1166671837731472,11.676718377314721
20,0.5,0.02,0.08527657535963698,10.45180902734704,0.23453099418748916,11.746549709374456
20,0.5,0.05,0.08567138398352343,25.793850141506724,0.5836254496555833,11.722508993111667
20,0.5,0.1,0.0920004505647865,46.990618770817974,1.0869511984572318,10.969511984572318
20,0.5,0.2,0.12559106411970494,65.20437204619512,1.5924699850410813,8.162349925205406
20,0.5,0.4,0.2684395422096157,53.05974128616192,1.4900934367100547,4.125233591775136
20,0.75,0.0,0.19448538473240654,0.05606716243607201,0.0,5.141774541958026
20,0.75,0.01,0.19267135907219177,2.3074421914500998,0.05190185011490532,5.2001850114905315
20,0.75,0.02,0.19111894754843492,4.6849870419316035,0.10464687178612386,5.252343589306193
20,0.75,0.05,0.18802964596535376,11.799089640466901,0.2659155142440303,5.3683102848806055
20,0.75,0.1,0.1880818762560697,22.962226007186246,0.5316833391424276,5.416833391424275
20,0.75,0.2,0.20723950202417618,38.93696615694641,0.9650669782861588,5.025334891430794
20,0.75,0.4,0.31249804832787137,43.346077402638656,1.2800079940989648,3.600019985247412
20,1.0,0.0,0.3457573432834695,0.04252351107841342,0.0,2.8922017693204825
20,1.0,0.01,0.34239651624881606,1.3185437990776867,0.02920590463231554,2.9305904632315536
20,1.0,0.02,0.33922917557115223,2.6870866749868783,0.05895719307257835,2.9678596536289175
20,1.0,0.05,0.33088780627424985,6.807506521932502,0.15110862066206962,3.0721724132413923
20,1.0,0.1,0.3208506243262463,13.530997126859265,0.3116715144625006,3.2167151446250055
20,1.0,0.2,0.31521108453865593,25.00917826262675,0.6344954533966365,3.3724772669831826
20,1.0,0.4,0.36089593381998686,34.53504968818684,1.1083527480238058,3.1708818700595143
20,1.5,0.0,0.686689049362737,0.02924033830930868,0.0,1.4562632110240037
20,1.5,0.01,0.6793649591682969,0.6498092343049242,0.014719628772497129,1.4819628772497129
20,1.5,0.02,0.6711730517296761,1.3287904492522884,0.029798574225318075,1.5099287112659037
20,1.5,0.05,0.6428285191033071,3.3627890840485146,0.07778124105281746,1.6056248210563493
20,1.5,0.1,0.5919726843130143,6.70876395585515,0.16892671342774918,1.789267134277492
20,1.5,0.2,0.505510722887984,12.984916552102872,0.3956394809142712,2.178197404571356
20,1.5,0.4,0.43089438974029115,22.14623194577852,0.9283017127261466,2.7207542818153665
21,0.08,0.0,0.002854710669293834,0.05847105632487157,0.0,350.29819685627496
21,0.08,0.01,0.0029544397859765804,132.43493879339874,3.384736438855711,338.4836438855711
21,0.08,0.02,0.003310711579638141,235.1955417182833,6.0409973864851105,302.0698693242555
21,0.08,0.05,0.005918377637112345,324.0288397723554,8.448261173208214,169.01522346416428
21,0.08,0.1,0.01538810577835652,242.67686080422854,6.498525643139957,65.08525643139957
21,0.08,0.2,0.05343549283661868,131.63226671573068,3.742830642762267,18.914153213811336
21,0.08,0.4,0.20358347374267535,62.00496781574852,1.9647960251704442,5.31199006292611
21,0.15,0.0,0.010032914812524133,0.03555732698193803,0.0,99.67193170539986
21,0.15,0.01,0.010060115411783106,38.8417276941516,0.9940243814983778,99.41243814983778
21,0.15,0.02,0.010342365548671184,75.17122718075983,1.9337935703277918,96.70967851638959
21,0.15,0.05,0.012719000050296678,150.48621656644153,3.9311266453555618,78.67253290711123
21,0.15,0.1,0.02177367608980832,171.09528843418374,4.592701737067144,46.02701737067144
21,0.15,0.2,0.05887659926392127,119.08438350041148,3.396935327454572,17.184676637272858
21,0.15,0.4,0.20665211178916965,60.807295348893305,1.9356201905552628,5.239050476388157
21,0.3,0.0,0.040131661030086786,0.026730295509113922,0.0,24.91798182114361
21,0.3,0.01,0.039855307972939485,9.786913167782872,0.25090760826110514,25.100760826110513
21,0.3,0.02,0.03982887131145173,19.472523214511167,0.5021482994987492,25.12741497493746
21,0.3,0.05,0.04124861542305113,46.228959005302194,1.2121618989436018,24.293237978872035
21,0.3,0.1,0.048605263229970136,76.20860373182326,2.057390359699559,20.67390359699559
21,0.3,0.2,0.08191774015440284,84.80327477656664,2.4414736005049646,12.407368002524821
21,0.3,0.4,0.22044336716417348,56.163919759170916,1.814524996354747,4.936312490886867
21,0.5,0.0,0.11148094731243828,0.024638570689567225,0.0,8.97014264865712
21,0.5,0.01,0.11048422049309957,3.544619437589698,0.09051066256673787,9.061066256673787
21,0.5,0.02,0.10972364810783095,7.089925984291014,0.18227611225927337,9.133805612963668
21,0.5,0.05,0.10885840694666805,17.519678198461328,0.4593122515975823,9.236245031951647
21,0.5,0.1,0.1121314204934697,32.87421094494329,0.8918106946288422,9.018106946288421
21,0.5,0.2,0.13624508744809227,50.24099314221878,1.467942835562402,7.5397141778120105
21,0.5,0.4,0.2524825708463758,47.50945675731124,1.584267772064876,4.36066943016219
21,0.75,0.0,0.2508387376529511,0.023973684051650693,0.0,3.9866250697830963
21,0.75,0.01,0.24842456387831108,1.6234347260616835,0.040253668332485934,4.0353668332485935
21,0.75,0.02,0.24619884254750196,3.252107484347962,0.08123515038922724,4.081757519461362
21,0.75,0.05,0.24065343432070163,8.114225777660199,0.2077676561780065,4.205353123560129
21,0.75,0.1,0.23519833631969836,15.865435278989665,0.4251730754764901,4.3517307547649
21,0.75,0.2,0.2387274726293231,28.245509035030242,0.8377753837763952,4.388876918881976
21,0.75,0.4,0.306918746515498,36.68083327426096,1.3032765334189251,3.6581913335473124
21,1.0,0.0,0.4459422863129899,0.02374114122772454,0.0,2.2424426449169212
21,1.0,0.01,0.4414534312054907,0.9856116898703032,0.022652445973050175,2.2752445973050173
21,1.0,0.02,0.43690781253948574,1.9787158062005064,0.045776247130377166,2.3088123565188585
21,1.0,0.05,0.423012692505111,4.943468258275771,0.11819976299977308,2.413995259995461
21,1.0,0.1,0.39995009686355115,9.750973138668174,0.2500311933518958,2.6003119335189577
21,1.0,0.2,0.3627664209642223,18.273087461243673,0.5513189436563781,2.9565947182818904
21,1.0,0.4,0.3610891975319249,28.298900808476755,1.1077595307033101,3.1693988267582753
21,1.5,0.0,0.5984251168076877,0.023575755904550185,0.0,1.671052855091582
21,1.5,0.01,0.5924157986323348,0.594806654617668,0.016880035986694207,1.6980035986694206
21,1.5,0.02,0.586357194115831,1.2042753211521122,0.034108901878756745,1.7254450939378372
21,1.5,0.05,0.5679200292185657,3.01822734373352,0.08804056456469395,1.810811291293879
21,1.5,0.1,0.536773392483876,5.961592935408371,0.18629835494873914,1.9629835494873915
21,1.5,0.2,0.4786117407705405,11.343346686041247,0.4178752482711983,2.2893762413559915
21,1.5,0.4,0.42260475127408204,19.159731882986055,0.9465108917826113,2.766277229456528
22,0.08,0.0,0.0029757793757366644,0.27954650172624174,0.0,336.04641800854154
22,0.08,0.01,0.0030692358318757298,121.46360925908942,3.2581399891609535,325.8239989160953
22,0.08,0.02,0.0034091155743960003,217.80852606688043,5.866624220724297,293.35121103621486
22,0.08,0.05,0.005907078310582873,309.39268228481114,8.464421389237739,169.3384277847548
22,0.08,0.1,0.014994963487871486,236.8378535517825,6.668905868352659,66.78905868352658
22,0.08,0.2,0.051582392691226095,129.27552971426638,3.8772920286425374,19.586460143212683
22,0.08,0.4,0.19720996844420463,61.97431191372335,2.0282950357713254,5.470737589428314
22,0.15,0.0,0.010456719228666712,0.15059427217173765,0.0,95.63228945255953
22,0.15,0.01,0.010475159923923156,35.55741354155398,0.9546393632771194,95.47393632771194
22,0.15,0.02,0.010739611098132425,69.1381170643482,1.8622648266544697,93.13324133272349
22,0.15,0.05,0.013008807868199277,140.5213599811634,3.843549732349239,76.92099464698477
22,0.15,0.1,0.021707100303229972,163.58863298080274,4.60678757655716,46.1678757655716
22,0.15,0.2,0.05748336509959651,115.91961651118243,3.4792674307336933,17.596337153668465
22,0.15,0.4,0.2013514417029999,60.62775922084206,1.9865762897790094,5.366440724447523
22,0.3,0.0,0.04182415820540952,0.07658368257987845,0.0,23.909626467285605
22,0.3,0.01,0.0415274448522108,8.970136699075931,0.24080460610057566,24.09046061005757
22,0.3,0.02,0.04147378258560705,17.932813865026173,0.48223235868870923,24.13161793443546
22,0.3,0.05,0.04277087964201434,42.800292981920414,1.1690196792418646,23.43039358483729
22,0.3,0.1,0.0497897685047112,71.28906614115131,2.008444766931138,20.184447669311382
22,0.3,0.2,0.08198474498769215,80.97495971819266,2.4394782228087037,12.397391114043517
22,0.3,0.4,0.21783090728331372,55.65236844963193,1.836286709671345,4.990716774178363
22,0.5,0.0,0.11618012988447539,0.047421130592526804,0.0,8.607323825462734
22,0.5,0.01,0.11513388586156137,3.277496775829073,0.0868554025182833,8.69554025182833
22,0.5,0.02,0.11431875416469346,6.597554906205991,0.17494942230727056,8.767471115363527
22,0.5,0.05,0.11325994087295987,16.354237412562206,0.4414623530139702,8.879247060279404
22,0.5,0.1,0.11611586625092847,30.75897321218597,0.861208749749136,8.712087497491359
22,0.5,0.2,0.1391321952645474,47.50363228895459,1.4374818108757497,7.3874090543787485
22,0.5,0.4,0.25396048023659695,46.826138349531384,1.5750482107584156,4.337620526896039
22,0.75,0.0,0.26140982258878614,0.03339049259561234,0.0,3.82541095853564
22,0.75,0.01,0.2588830715956428,1.554371997916073,0.03862747741041678,3.8727477410416773
22,0.75,0.02,0.25653110044470095,3.131114532860844,0.07796325656160077,3.918162828080039
22,0.75,0.05,0.2505273738735835,7.822253124573415,0.1995789890218946,4.041579780437892
22,0.75,0.1,0.2440772703208586,15.265601234912532,0.4097063191035454,4.197063191035453
22,0.75,0.2,0.24525006536750454,27.194645987561348,0.8154941761189837,4.277470880594918
22,0.75,0.4,0.31257805603888633,36.38918927846897,1.2796803623036095,3.5992009057590235
22,1.0,0.0,0.46473365763251717,0.026785039134637707,0.0,2.1517701237613793
22,1.0,0.01,0.45987186533002816,1.0105933453218525,0.021745187635741698,2.18451876357417
22,1.0,0.02,0.4546033710597699,2.0288709847395343,0.04399439439565982,2.219719719782991
22,1.0,0.05,0.43707820226693134,5.05886877885595,0.11439600451514652,2.33792009030293
22,1.0,0.1,0.40713120185057655,9.939330794688829,0.2456210664902602,2.556210664902602
22,1.0,0.2,0.36302130379185354,18.508601558552435,0.5509318541665382,2.954659270832691
22,1.0,0.4,0.36660610354031437,28.800876329315248,1.0910893084899593,3.127723271224898
22,1.5,0.0,0.5315103974528216,0.02081414567430411,0.0,1.881430739252402
22,1.5,0.01,0.526223148653592,0.7129203647754474,0.019003344922370397,1.9103344922370398
22,1.5,0.02,0.5209919686574384,1.420022215334336,0.03838830769606424,1.939415384803212
22,1.5,0.05,0.5056495118512673,3.526961041244002,0.09888272178280497,2.0276544356560993
22,1.5,0.1,0.4814499405026083,6.943922078313197,0.2077059141301488,2.1770591413014877
22,1.5,0.2,0.44105778697674325,13.10594601556726,0.45345532015410467,2.4672766007705236
22,1.5,0.4,0.42144519782541856,21.270339602205883,0.9491150974407304,2.7727877436018256
23,0.08,0.0,0.002896509319492685,0.6513057696685347,0.0,345.24314949386974
23,0.08,0.01,0.0029898362549806057,122.96418476853464,3.3446647733104258,334.4764773310426
23,0.08,0.02,0.0033277424903746943,220.36181699487003,6.010080424747065,300.5240212373533
23,0.08,0.05,0.005808739703474506,310.97683282772283,8.607719152933024,172.20438305866048
23,0.08,0.1,0.014831806788330171,236.71927129408584,6.742266901607773,67.52266901607773
23,0.08,0.2,0.051157482290348444,128.88592125124447,3.9094965398196058,19.74748269909803
23,0.08,0.4,0.19584212787937313,61.770918518427926,2.0424614679757553,5.506153669939388
23,0.15,0.0,0.01017974098415849,0.34753214941163746,0.0,98.23432654683258
23,0.15,0.01,0.010199794150150448,35.88608266512513,0.9804119429069555,98.05119429069556
23,0.15,0.02,0.010463543681330158,69.92307318064415,1.9113983378007497,95.58991689003747
23,0.15,0.05,0.012716771984370625,141.86357461101926,3.9318154057847243,78.68630811569447
23,0.15,0.1,0.021342545248433382,164.27428469727263,4.685476771208456,46.95476771208455
23,0.15,0.2,0.05680711884650495,115.83076601755614,3.5206855066951697,17.803427533475848
23,0.15,0.4,0.19950661928675736,60.46649806938252,2.004946008458331,5.412365021145828
23,0.3,0.0,0.040718611412207964,0.17406733741314012,0.0,24.558794254466818
23,0.3,0.01,0.040431342864688045,8.984196510982246,0.24733286830138426,24.743286830138427
23,0.3,0.02,0.04038390477810485,18.057740624576528,0.49524680958646433,24.782340479323217
23,0.3,0.05,0.04168037960346185,43.20121725866526,1.1996051973539883,24.042103947079763
23,0.3,0.1,0.04863433524514053,71.85481094541116,2.056160519023273,20.66160519023273
23,0.3,0.2,0.0804672927233394,81.24599627174031,2.4854819048981174,12.627409524490584
23,0.3,0.4,0.21481955452828472,55.58949296462001,1.862027881392581,5.055069703481452
23,0.5,0.0,0.11311092896062529,0.10489578873102473,0.0,8.840878677144515
23,0.5,0.01,0.11209337753358482,3.245617234304167,0.08921133629864844,8.931133629864844
23,0.5,0.02,0.11130294067989098,6.5964534227659195,0.17968977169723052,9.004488584861525
23,0.5,0.05,0.11029426987193292,16.439972422962082,0.45333270765613665,9.116654153122733
23,0.5,0.1,0.1131545987642847,30.95184355270812,0.8837466712980231,8.93746671298023
23,0.5,0.2,0.13589387895041058,47.722041988151375,1.4717366340906537,7.558683170453269
23,0.5,0.4,0.24922879573094273,46.8391030649117,1.6049509801902015,4.412377450475503
23,0.75,0.0,0.25450568532456863,0.0705289593588028,0.0,3.929185309651176
23,0.75,0.01,0.25204729402949033,1.5144842191314363,0.03967509367043619,3.977509367043618
23,0.75,0.02,0.2497623106569192,3.098019104627287,0.08007613297377195,4.023806648688597
23,0.75,0.05,0.24395096597294164,7.808724507078607,0.20495922121310994,4.149184424262199
23,0.75,0.1,0.23778815273468104,15.280424263849131,0.42054239813864014,4.305423981386401
23,0.75,0.2,0.23934626610956436,27.237731042811305,0.8356094425490097,4.378047212745049
23,0.75,0.4,0.30619607086934264,36.392884836730786,1.3063524912789772,3.665881228197443
23,1.0,0.0,0.45246084105342516,0.05352123771910203,0.0,2.2101360145814763
23,1.0,0.01,0.4477960599992503,0.9693446700403824,0.022331594431663247,2.2431594431663244
23,1.0,0.02,0.44286183190287365,1.9861442116069694,0.04516081215232453,2.2780406076162265
23,1.0,0.05,0.4268271080681734,5.011716807664091,0.11714345001727007,2.392869000345401
23,1.0,0.1,0.3992656360380322,9.885820432696036,0.2504598216673835,2.604598216673835
23,1.0,0.2,0.3573199275465575,18.44913263246233,0.559722491195067,2.998612455975335
23,1.0,0.4,0.3603336060663431,28.76025810193047,1.1100824160329739,3.1752060400824345
23,1.5,0.0,0.5370776867260103,0.03684623140702548,0.0,1.8619280314844826
23,1.5,0.01,0.5317265256287853,0.6722091793576945,0.01880666003670712,1.890666003670712
23,1.5,0.02,0.5264150074819846,1.371669202731951,0.03799283780997535,1.9196418904987675
23,1.5,0.05,0.5107351251736341,3.4567417980376445,0.09789810321544178,2.007962064308835
23,1.5,0.1,0.48567986984848865,6.842497596352616,0.20589694201490322,2.158969420149032
23,1.5,0.2,0.44281271044666753,12.974752335168002,0.45165821865921363,2.458291093296068
23,1.5,0.4,0.41708820074332287,21.21919237251702,0.9590297670543815,2.7975744176359534
24,0.08,0.0,0.0028578417382870277,0.5003362483939818,0.0,349.91440799636223
24,0.08,0.01,0.0029572893646614682,131.49372749626022,3.381474981615381,338.1574981615381
24,0.08,0.02,0.0033127807479186957,233.18513005485403,6.037224169624054,301.8812084812027
24,0.08,0.05,0.005915171811558027,321.1653818377574,8.452839848591017,169.10679697182033
24,0.08,0.1,0.015367199157784122,240.4578974433897,6.5073666953386144,65.17366695338613
24,0.08,0.2,0.05336160691956691,130.27554379948344,3.748013066800336,18.94006533400168
24,0.08,0.4,0.20371229758961393,61.79648304341962,1.9635535249119571,5.308883812279893
24,0.15,0.0,0.010038668901994598,0.2655075227576574,0.0,99.61480050420913
24,0.15,0.01,0.010066441890926398,38.841607665435035,0.9933996647826193,99.34996647826193
24,0.15,0.02,0.010350525674434067,74.9176796098624,1.9322690102011206,96.63345051005602
24,0.15,0.05,0.012740286610165347,149.49941695230802,3.92455849149465,78.541169829893
24,0.15,0.1,0.02184310174304087,169.47964261561503,4.578104390868373,45.88104390868373
24,0.15,0.2,0.059156098398450825,117.6352021694018,3.3808855792497226,17.104427896248612
24,0.15,0.4,0.2081694991499292,60.508207633659616,1.9215110841569996,5.203777710392499
24,0.3,0.0,0.04014366582532746,0.1323593414133061,0.0,24.91053020297612
24,0.3,0.01,0.03986971309119072,9.934620197880058,0.2508169541407991,25.091695414079908
24,0.3,0.02,0.0398507188329561,19.63927390609298,0.501873004696222,25.1136502348111
24,0.3,0.05,0.041323098182444735,46.37144991867526,1.209977039457353,24.24954078914706
24,0.3,0.1,0.04886930533070278,76.01424067586193,2.0462742272125913,20.562742272125913
24,0.3,0.2,0.0829573374344281,83.88220039605453,2.410877761814449,12.254388809072243
24,0.3,0.4,0.2249523260175378,55.800678197480245,1.7781545409262187,4.845386352315547
24,0.5,0.0,0.11150262263453385,0.07933915086132173,0.0,8.968398916298554
24,0.5,0.01,0.1105106768022289,3.6750120147164242,0.09048899427062698,9.058899427062697
24,0.5,0.02,0.10976488218344951,7.273645822302281,0.18220763874710036,9.130381937355017
24,0.5,0.05,0.10900400886694589,17.834444864303862,0.4586987260352209,9.223974520704418
24,0.5,0.1,0.11265186397526986,33.25622954550373,0.887690593579106,8.97690593579106
24,0.5,0.2,0.13828241510855194,50.249482700209846,1.4463154974766652,7.431577487383326
24,0.5,0.4,0.26091310964218345,47.37906984781035,1.5330774315961375,4.232693578990344
24,0.75,0.0,0.25087464868226744,0.052891935494910926,0.0,3.986054411047723
24,0.75,0.01,0.24846725983846285,1.7365737184283396,0.040246751248037047,4.034675124803704
24,0.75,0.02,0.24626261771386784,3.4243722399660923,0.08121411274543491,4.080705637271746
24,0.75,0.05,0.24086646738142414,8.451920201038206,0.20758389718408787,4.201677943681757
24,0.75,0.1,0.23595041950514437,16.4147496828058,0.4238178521137138,4.338178521137137
24,0.75,0.2,0.2417002557695842,28.896331587899393,0.8274711971784691,4.337355985892345
24,0.75,0.4,0.3195262925344061,37.13021492079336,1.2518531630911989,3.529632907727997
24,1.0,0.0,0.4459948192146961,0.039691331414859234,0.0,2.2421785117611717
24,1.0,0.01,0.4414882915028743,1.0942639139798258,0.02265065731632182,2.275065731632182
24,1.0,0.02,0.43689220332317186,2.1522667730875007,0.0457778826169756,2.3088941308487803
24,1.0,0.05,0.4227040987254965,5.30515885089194,0.11828605435990801,2.41572108719816
24,1.0,0.1,0.3991954353025385,10.390804260879458,0.25050386641874534,2.6050386641874534
24,1.0,0.2,0.36370868931310746,19.267464929845154,0.5498906291673036,2.949453145836518
24,1.0,0.4,0.3758100358008005,29.3331559858362,1.0643675311854137,3.060918827963534
24,1.5,0.0,0.5674455101681625,0.02651955041822876,0.0,1.762283747215922
24,1.5,0.01,0.5617803600628934,0.7090990389649412,0.01780055108882849,1.7900551088828491
24,1.5,0.02,0.5561344293996864,1.398327558480451,0.03596252801968904,1.8181264009844522
24,1.5,0.05,0.5393367628627243,3.4493432763062994,0.0927064562308102,1.9041291246162038
24,1.5,0.1,0.512140156563838,6.7689596500499505,0.19525904914572942,2.052590491457294
24,1.5,0.2,0.4651463130436997,12.757387684027533,0.4299722353839454,2.349861176919727
24,1.5,0.4,0.4384131421904262,20.94120288816803,0.9123814080971566,2.6809535202428916
25,0.08,0.0,0.002836452200200116,1.4021031470914904,0.0,352.5530942948548
25,0.08,0.01,0.002921621740932041,122.09680001540931,3.4227565669777125,342.28565669777123
25,0.08,0.02,0.003233856743843631,218.17303182531415,6.184565855638,309.2482927818999
25,0.08,0.05,0.005532844126864021,312.26510121975406,9.036943541790986,180.78887083581972
25,0.08,0.1,0.013903835554475538,240.6671593015748,7.192259978061289,72.02259978061288
25,0.08,0.2,0.04764026746055801,131.19314765791896,4.198129243619016,21.19064621809508
25,0.08,0.4,0.18251312100214812,62.033028583436476,2.1916232531867785,5.8790581329669465
25,0.15,0.0,0.00996846479503525,0.7470514475928426,0.0,100.3163496647995
25,0.15,0.01,0.00998162203648858,36.03899028163585,1.0018411800651474,100.19411800651476
25,0.15,0.02,0.010220460527386732,69.27316383620757,1.9568589836444286,97.86294918222141
25,0.15,0.05,0.012290958657467979,140.5983529323631,4.068030931795547,81.41061863591092
25,0.15,0.1,0.02025354978844364,164.9971863564235,4.937406086564561,49.47406086564561
25,0.15,0.2,0.05307120067780427,117.45068557836288,3.768522238910738,19.042611194553686
25,0.15,0.4,0.18573253082828448,60.717929516615904,2.153634574493644,5.78408643623411
25,0.3,0.0,0.039873512687944174,0.373295732398185,0.0,25.07930534804253
25,0.3,0.01,0.03958514410226398,9.266142361241286,0.252620022657138,25.272002265713805
25,0.3,0.02,0.039517506909289,18.077582862534022,0.506104801750507,25.32524008752535
25,0.3,0.05,0.04063891367520587,42.57944641890244,1.230347848360558,24.656956967211162
25,0.3,0.1,0.04692130951836834,70.99957559037269,2.13122781581475,21.4122781581475
25,0.3,0.2,0.07601865187387549,81.34528040968546,2.6309332653231627,13.354666326615812
25,0.3,0.4,0.19999457106424007,55.68599621257238,2.0000542908313066,5.400135727078267
25,0.5,0.0,0.11076362088692453,0.22398342952291914,0.0,9.028235010670805
25,0.5,0.01,0.10975938761416132,3.4628875706385367,0.09110838004265419,9.120838004265417
25,0.5,0.02,0.1089619642945673,6.703046612230638,0.183550288667081,9.19751443335405
25,0.5,0.05,0.107810722940747,16.22642376802812,0.4637757602968687,9.325515205937373
25,0.5,0.1,0.11003117274708969,30.346286727431192,0.9088333560694961,9.18833356069496
25,0.5,0.2,0.13003539703870162,47.077873321998595,1.5380427526243126,7.890213763121562
25,0.5,0.4,0.23303741865837743,46.602150458123205,1.7164625419507515,4.691156354876879
25,0.75,0.0,0.24922454168492048,0.14940432304417262,0.0,4.012445938266543
25,0.75,0.01,0.2468097894567208,1.6661495523182286,0.040517031443574665,4.061703144357466
25,0.75,0.02,0.2445501051928266,3.189460218987288,0.08178283131070459,4.109141565535229
25,0.75,0.05,0.23870481546959998,7.720432603510555,0.20946372573856895,4.239274514771378
25,0.75,0.1,0.23212208935468423,14.91856241155043,0.43080777136724496,4.408077713672449
25,0.75,0.2,0.23152363730005335,26.55869836654515,0.8638426828998075,4.5192134144990375
25,0.75,0.4,0.289479137150723,35.83655985249097,1.3817921524055539,3.854480381013884
25,1.0,0.0,0.44307244642655047,0.11215741671961695,0.0,2.256967247828563
25,1.0,0.01,0.438552198412372,1.0724427239931336,0.022802302750280525,2.290230275028052
25,1.0,0.02,0.43385806441358205,2.045028004431702,0.046098025230976655,2.324901261548833
25,1.0,0.05,0.41892599306890516,4.940222475554126,0.11935282323667125,2.4370564647334247
25,1.0,0.1,0.3931631187035674,9.609513446369931,0.25434735671480124,2.6434735671480123
25,1.0,0.2,0.3514639625207653,17.865934184041418,0.5690483842655235,3.0452419213276176
25,1.0,0.4,0.3460490976626107,28.09905026509247,1.1559053403167376,3.289763350791844
25,1.5,0.0,0.5556410164906392,0.0749824133527187,0.0,1.7997231491582062
25,1.5,0.01,0.5500859351450545,0.7124186796381976,0.018178977794375085,1.8278977794375086
25,1.5,0.02,0.5445340281631084,1.3740433901448126,0.03672865048942221,1.8564325244711108
25,1.5,0.05,0.5279184209071737,3.3504071644066236,0.09471160319444835,1.9442320638889672
25,1.5,0.1,0.5006435410058273,6.570565236942252,0.1997429144878073,2.0974291448780726
25,1.5,0.2,0.4515019292280588,12.467866007770182,0.4429659920655128,2.414829960327564
25,1.5,0.4,0.40931852703878613,20.696336344537748,0.9772340453138025,2.843085113284506
26,0.08,0.0,0.0023111712790298265,0.36341639339540766,0.0,432.68104318939777
26,0.08,0.01,0.0024276346921644244,172.40350649554657,4.119235909865922,411.93359098659215
26,0.08,0.02,0.002823234095426018,295.5472592585172,7.084074265184891,354.2237132592445
26,0.08,0.05,0.005684256061432199,362.43992205090444,8.79622583142429,175.9745166284858
26,0.08,0.1,0.016024750228743175,251.21506569582007,6.240346874214153,62.50346874214153
26,0.08,0.2,0.05744432758612939,132.8683173061788,3.481631840848501,17.608159204242504
26,0.08,0.4,0.21945961899052574,62.38084428438736,1.8226587735817967,4.956646933954492
26,0.15,0.0,0.008116103873829343,0.1938297384741666,0.0,123.21182867367364
26,0.15,0.01,0.00817448585374657,51.170662790005686,1.2233185277844418,122.34185277844418
26,0.15,0.02,0.00851193919643553,98.05066265405848,2.349640844283195,117.50204221415974
26,0.15,0.05,0.011198118090202623,184.08566849644862,4.465035963832677,89.35071927665352
26,0.15,0.1,0.02124560911105386,189.57136215696931,4.706854930695825,47.16854930695825
26,0.15,0.2,0.062068749442643525,122.97151774354799,3.2222334394672467,16.311167197336232
26,0.15,0.4,0.22275551824651343,61.40284590165724,1.7956906439342981,4.889226609835745
26,0.3,0.0,0.03245445929525006,0.0969754211878376,0.0,30.81240672976971
26,0.3,0.01,0.032268691403491964,12.954473882625857,0.30989790924455796,30.999790924455798
26,0.3,0.02,0.03236046055685647,25.815903126796204,0.6180381754722103,30.921908773610514
26,0.3,0.05,0.034300311197478006,60.17921069816268,1.4577127219672674,29.204254439345345
26,0.3,0.1,0.043071992815941804,93.54935688549236,2.321694295114853,23.316942951148526
26,0.3,0.2,0.08120590074025885,93.82593738736966,2.462875211983795,12.514376059918972
26,0.3,0.4,0.23560789603599858,57.69636548342948,1.697735970355102,4.644339925887755
26,0.5,0.0,0.09014635713834213,0.058319867574149926,0.0,11.093071664175636
26,0.5,0.01,0.08938039198893191,4.688137845734762,0.11188136209156828,11.198136209156829
26,0.5,0.02,0.08888540333962348,9.43898284618365,0.2250088231425549,11.270441157127745
26,0.5,0.05,0.08902545219459491,23.27591116448465,0.5616371359811605,11.28274271962321
26,0.5,0.1,0.09466332625140317,42.61182310296403,1.0563753035090264,10.663753035090263
26,0.5,0.2,0.12598561253896748,60.15970067401107,1.5874828559343617,8.137414279671807
26,0.5,0.4,0.2639060534480857,50.57811025658802,1.5156908861080218,4.189227215270055
26,0.75,0.0,0.20282673221556052,0.03906810545577166,0.0,4.930316576501457
26,0.75,0.01,0.20092169797936868,2.1185221631211184,0.04977063254276715,4.987063254276715
26,0.75,0.02,0.19926310688480142,4.284430082569854,0.10036980910652196,5.038490455326097
26,0.75,0.05,0.1957650386891099,10.746667075774392,0.25540821964336485,5.158164392867296
26,0.75,0.1,0.19484688165708527,20.873905228906835,0.5132235073486673,5.232235073486672
26,0.75,0.2,0.21119323379124175,35.580411405119094,0.9470000359845528,4.935000179922764
26,0.75,0.4,0.3122597750435952,40.92897174252313,1.2809847183940206,3.602461795985051
26,1.0,0.0,0.36057988815206066,0.029501049767535287,0.0,2.7733105280078423
26,1.0,0.01,0.3570533410734136,1.2435794050414641,0.02800701981932695,2.810701981932695
26,1.0,0.02,0.35368542518640345,2.5196512616821285,0.05654742484641363,2.8473712423206816
26,1.0,0.05,0.34453869070245635,6.34236495069952,0.14512158242100018,2.952431648420003
26,1.0,0.1,0.3325559824023421,12.53174590672249,0.30070125119269464,3.1070125119269463
26,1.0,0.2,0.32185616667782235,23.064396432238357,0.6213955819594402,3.306977909797201
26,1.0,0.4,0.3640147859576924,32.581205832049044,1.0988564625132837,3.1471411562832095
26,1.5,0.0,0.629125419683771,0.02004585207348909,0.0,1.5895081786754834
26,1.5,0.01,0.6226886116658247,0.6755491884308318,0.016059391183095302,1.6159391183095304
26,1.5,0.02,0.6159665807864075,1.3681578096174536,0.03246929399069979,1.6434646995349895
26,1.5,0.05,0.594313285696043,3.4323215134962615,0.084130712207521,1.73261424415042
26,1.5,0.1,0.5556388883038071,6.788588297668183,0.17997300423890222,1.8997300423890222
26,1.5,0.2,0.48597136643726807,12.931953264794789,0.4115468807683696,2.257734403841848
26,1.5,0.4,0.43412156245533834,21.680018712937727,0.9214009037875223,2.7035022594688054
27,0.08,0.0,0.002880384269469297,0.4985246175448033,0.0,347.1758996185073
27,0.08,0.01,0.0029576199190690946,111.83173367618811,3.381097055617438,338.1197055617438
27,0.08,0.02,0.003246935555102504,202.90601234521134,6.159654129436089,308.00270647180446
27,0.08,0.05,0.005387403884389201,300.24678548369985,9.28090803529366,185.6681607058732
27,0.08,0.1,0.013197187335226183,236.92772732263998,7.577372167255526,75.87372167255525
27,0.08,0.2,0.04473592602652084,129.93631942671104,4.4706797816464965,22.55339890823248
27,0.08,0.4,0.17169299796934626,62.52658967132915,2.3297397373853026,6.224349343463256
27,0.15,0.0,0.01011684731790116,0.2656991340439916,0.0,98.84502242418539
27,0.15,0.01,0.010121270690042233,32.55976688748367,0.9880182346904777,98.81182346904777
27,0.15,0.02,0.010336879090800855,63.611621818540506,1.9348199610652979,96.76099805326488
27,0.15,0.05,0.012250869886826983,131.8690952308571,4.081342832133382,81.67685664266763
27,0.15,0.1,0.019665538314801834,158.7536795521031,5.0850375107571875,50.95037510757187
27,0.15,0.2,0.050351311527779635,115.19819941229409,3.972091171640222,20.060455858201106
27,0.15,0.4,0.1754167881239792,61.07002943879157,2.2802834567766244,6.100708641941561
27,0.3,0.0,0.04045161681437063,0.13351075986974267,0.0,24.720890751757178
27,0.3,0.01,0.04015065673533567,8.169443305454777,0.24906192857361734,24.916192857361736
27,0.3,0.02,0.04005681211699183,16.392667029162386,0.4992908557372726,24.984542786863628
27,0.3,0.05,0.04101810693166257,39.35049350719065,1.218973856675091,24.429477133501816
27,0.3,0.1,0.04676498130195547,66.56660325658903,2.1383521861008106,21.483521861008104
27,0.3,0.2,0.07383507872839155,78.07445829464511,2.7087395780495687,13.74369789024784
27,0.3,0.4,0.19090725161019953,55.700352421711514,2.095258281842183,5.638145704605458
27,0.5,0.0,0.11235144303657478,0.08125365204940296,0.0,8.900642243415254
27,0.5,0.01,0.11132451984594607,2.9901869593708916,0.0898274702988908,8.99274702988908
27,0.5,0.02,0.11049079374919238,6.048141879686791,0.18101055591472018,9.070527795736007
27,0.5,0.05,0.10914940207994141,15.023054449326477,0.4580877132371264,9.211754264742527
27,0.5,0.1,0.11078832680489817,28.367479770953647,0.9026221704395198,9.126221704395196
27,0.5,0.2,0.1287398418054493,44.687967653149165,1.55352062885271,7.967603144263549
27,0.5,0.4,0.2257004373219008,46.42814543015137,1.7722606333700095,4.830651583425024
27,0.75,0.0,0.2527764404647234,0.05567579644881109,0.0,3.956064885483489
27,0.75,0.01,0.2503130149610305,1.4615377256864628,0.03994998023397558,4.004998023397557
27,0.75,0.02,0.24797845027610158,2.9578088632191406,0.0806521694838072,4.052608474190359
27,0.75,0.05,0.2417554049704148,7.3942246969613645,0.2068206086483106,4.186412172966212
27,0.75,0.1,0.2340879550549086,14.414603028099588,0.42718985680635985,4.371898568063598
27,0.75,0.2,0.2303325693819944,25.84638551948046,0.8683096816773254,4.541548408386626
27,0.75,0.4,0.28333287167891463,36.07754131862587,1.4117670061710939,3.929417515427734
27,1.0,0.0,0.449368343059976,0.04329920465991316,0.0,2.225345900404321
27,1.0,0.01,0.4443636156178241,1.0069137761607292,0.022504092703666635,2.260409270366663
27,1.0,0.02,0.4384659262138022,2.027222664257103,0.04561357862560047,2.3006789312800233
27,1.0,0.05,0.4182221831196788,5.058943856635375,0.11955367749034958,2.4410735498069913
27,1.0,0.1,0.3854573031264817,9.931896622300808,0.2594321061992866,2.694321061992866
27,1.0,0.2,0.3393963338911173,18.503917301235955,0.5892815567776951,3.146407783888476
27,1.0,0.4,0.3376730077111493,29.186021626036055,1.1845779522364612,3.361444880591153
27,1.5,0.0,0.4833953418606662,0.031626377477480046,0.0,2.0687001164530043
27,1.5,0.01,0.47860015691635993,0.7792832677604875,0.02089426811815191,2.099426811815191
27,1.5,0.02,0.47388273595489844,1.5538796001363546,0.04220453391216913,2.1302266956084566
27,1.5,0.05,0.4602063743548022,3.871590780564278,0.10864690883540835,2.222938176708167
27,1.5,0.1,0.43912783269227046,7.658260079669851,0.2277241216684105,2.377241216684105
27,1.5,0.2,0.4053202982753662,14.545465385295543,0.49343692100049763,2.6671846050024883
27,1.5,0.4,0.3927579612723315,23.348695212522376,1.0184389355322248,2.946097338830562
28,0.08,0.0,0.002889544784033391,0.23332686149528045,0.0,346.07527300689316
28,0.08,0.01,0.0029860710193727715,127.47729817102615,3.348882171630504,334.8982171630504
28,0.08,0.02,0.0033334335485970196,227.03440696374386,5.999819617948475,300.01098089742374
28,0.08,0.05,0.005880245512454374,316.5609605689814,8.503046325888924,170.1109265177785
28,0.08,0.1,0.015136426346910608,239.07826076208954,6.606579235290258,66.16579235290257
28,0.08,0.2,0.05236590884379015,129.88083980103156,3.819278695164233,19.296393475821162
28,0.08,0.4,0.20002281087402055,61.88344587863756,1.9997719172736264,5.399429793184066
28,0.15,0.0,0.010153174873062266,0.12758367947649774,0.0,98.49135984578913
28,0.15,0.01,0.010176942602239728,37.50564339531394,0.9826133830998726,98.27133830998726
28,0.15,0.02,0.010451302023216586,72.5461922204772,1.913637167462186,95.70185837310929
28,0.15,0.05,0.012777629118644928,145.84009454063863,3.9130890038935893,78.31178007787179
28,0.15,0.1,0.021661302624831916,167.14584191111237,4.616527534468901,46.265275344689
28,0.15,0.2,0.058124935217174406,116.98711135830754,3.4408640500455165,17.40432025022758
28,0.15,0.4,0.20413251192632934,60.59343718300284,1.9595114772523767,5.298778693130942
28,0.3,0.0,0.04060825633341054,0.0688136097824204,0.0,24.62553407340585
28,0.3,0.01,0.04032623945402465,9.536197083282707,0.24797749890368162,24.807749890368164
28,0.3,0.02,0.04029234607394712,18.918254220209075,0.4963721884869823,24.838609424349112
28,0.3,0.05,0.04167908061941278,44.846496728083224,1.1996425846474073,24.042851692948144
28,0.3,0.1,0.04894696257217899,74.02146955961729,2.0430276925260955,20.530276925260956
28,0.3,0.2,0.08198631552304449,82.7208899824943,2.439431492000449,12.397157460002246
28,0.3,0.4,0.2202943349268006,55.80542015618643,1.815752548211973,4.939381370529933
28,0.5,0.0,0.11280021915539158,0.047493034591138586,0.0,8.865231002986064
28,0.5,0.01,0.11179102679097441,3.5104234306550484,0.08945261786259362,8.955261786259362
28,0.5,0.02,0.11101944688658873,6.981058464411743,0.1801486186508467,9.027430932542334
28,0.5,0.05,0.11013008389490052,17.174932621713953,0.45400855271949186,9.130171054389837
28,0.5,0.1,0.11339477196800815,32.143645336084745,0.8818748718698672,8.918748718698671
28,0.5,0.2,0.13765046963723748,49.067551480902075,1.4529554496041879,7.46477724802094
28,0.5,0.4,0.25562188358724414,47.20904291844055,1.564811253194132,4.31202813298533
28,0.75,0.0,0.25380208123173387,0.038450801460658116,0.0,3.940078013335716
28,0.75,0.01,0.25135886303177774,1.6635741326691547,0.0397837572918038,3.9883757291803796
28,0.75,0.02,0.24910529525417432,3.294961380687711,0.08028733383444547,4.034366691722274
28,0.75,0.05,0.24348435584462508,8.153626001939067,0.2053520022941702,4.157040045883404
28,0.75,0.1,0.23794149783652896,15.862201145650477,0.42027137304440354,4.302713730444035
28,0.75,0.2,0.24161127197890328,28.093708004647755,0.8277759492010098,4.338879746005049
28,0.75,0.4,0.31335192014362206,36.827449837616435,1.276520022014429,3.591300055036072
28,1.0,0.0,0.45120606391792745,0.03472879451200651,0.0,2.216282270935738
28,1.0,0.01,0.44660486470913613,1.0645328679457904,0.022391157800112138,2.2491157800112136
28,1.0,0.02,0.441831662766216,2.0962236865433783,0.04526610853279316,2.283305426639658
28,1.0,0.05,0.4267117409750552,5.1696842024282414,0.117175121279175,2.3935024255835
28,1.0,0.1,0.4010761075891646,10.129152978981699,0.24932923728888204,2.59329237288882
28,1.0,0.2,0.36187372825520375,18.833598500703232,0.552678971652107,2.9633948582605347
28,1.0,0.4,0.3678000325664656,29.05836814725886,1.0875474839108816,3.118868709777204
28,1.5,0.0,0.5513134846350917,0.031801866013147176,0.0,1.8138500651074934
28,1.5,0.01,0.5458148311987642,0.717841202760946,0.018321231722555367,1.8421231722555365
28,1.5,0.02,0.5403456248075758,1.4031480829354743,0.03701334679469694,1.870667339734847
28,1.5,0.05,0.5241344482850325,3.4439449864003264,0.09539537071757058,1.9579074143514115
28,1.5,0.1,0.498038068203019,6.753281630467685,0.20078786419040615,2.1078786419040614
28,1.5,0.2,0.45296468698163955,12.74544876733148,0.4415355230729207,2.4076776153646033
28,1.5,0.4,0.42505738358984313,20.949402642091414,0.9410494098979773,2.752623524744943
29,0.08,0.0,0.002928229708326698,0.32595502677777893,0.0,341.50326292927275
29,0.08,0.01,0.0030306657182941586,131.46503210241983,3.2996050800444605,329.97050800444606
29,0.08,0.02,0.003396528409105036,233.27684567638957,5.888365292746035,294.4382646373017
29,0.08,0.05,0.0060742642841183124,321.3366196103933,8.231449548668687,164.67899097337371
29,0.08,0.1,0.015798325247929772,240.92004140363767,6.329784862044418,63.39784862044418
29,0.08,0.2,0.0548676849790965,131.16837350881912,3.645132833218607,18.425664166093032
29,0.08,0.4,0.2089881592586021,62.50591377699845,1.9139840334448792,5.184960083612198
29,0.15,0.0,0.01028342115865223,0.1762670386548734,0.0,97.24390206061175
29,0.15,0.01,0.010311423369548373,38.63898263810657,0.9697982171435162,96.98982171435162
29,0.15,0.02,0.010601088202906816,74.65546787092781,1.8865987733708323,94.34993866854161
29,0.15,0.05,0.013039634174063718,149.38364629997886,3.8344634007794274,76.73926801558854
29,0.15,0.1,0.022329551600620386,169.99493488322838,4.478370268627414,44.883702686274134
29,0.15,0.2,0.060394533145528395,118.73863243452425,3.311558010028396,16.757790050141978
29,0.15,0.4,0.2119091727707868,61.32266573176028,1.8876011584107457,5.119002896026864
29,0.3,0.0,0.04111691175277823,0.0935460503323525,0.0,24.32089272688217
29,0.3,0.01,0.04083375871869291,9.77015571333544,0.24489540796111411,24.49954079611141
29,0.3,0.02,0.040806626440136405,19.36833747507394,0.4901164772672432,24.52582386336216
29,0.3,0.05,0.042260880654540076,45.91286986895608,1.1831272615618935,23.712545231237872
29,0.3,0.1,0.0497966030251894,75.75202057327078,2.0081691104394297,20.181691104394297
29,0.3,0.2,0.08391466366088969,84.61131076404027,2.3833736712361335,12.116868356180666
29,0.3,0.4,0.2255825440087291,56.669136074971625,1.7731868472257397,4.832967118064349
29,0.5,0.0,0.11419991812191564,0.06326350789066398,0.0,8.756573703778287
29,0.5,0.01,0.11317870511850256,3.5600540414186583,0.08835584388007979,8.845584388007978
29,0.5,0.02,0.11239905144404695,7.070479869403373,0.1779374446941498,8.916872234707489
29,0.5,0.05,0.11150890638794457,17.40939258726569,0.44839467643999414,9.017893528799883
29,0.5,0.1,0.11484691244174182,32.67486447717153,0.8707243222644476,8.807243222644475
29,0.5,0.2,0.1394663553516745,50.122010796736134,1.4340376178590566,7.370188089295283
29,0.5,0.4,0.25768149649620825,47.93078024229048,1.5523039311667688,4.2807598279169214
29,0.75,0.0,0.256936742189181,0.05020137875802874,0.0,3.892008560082489
29,0.75,0.01,0.254462801353423,1.6526031642071273,0.039298474852955095,3.939847485295509
29,0.75,0.02,0.25217973469277566,3.265086325927363,0.07930851392307754,3.9854256961538774
29,0.75,0.05,0.24647664601984298,8.083809471954932,0.20285897592088573,4.1071795184177144
29,0.75,0.1,0.2408041211309464,15.785506356265776,0.415275284867825,4.2527528486782495
29,0.75,0.2,0.24402835039656443,28.178965680056223,0.8195769043842036,4.297884521921018
29,0.75,0.4,0.31153384350567515,36.95932319009976,1.2839696499706725,3.6099241249266814
29,1.0,0.0,0.456765861929606,0.04474126444148391,0.0,2.189305469930487
29,1.0,0.01,0.4521397734094211,1.0250013620409295,0.022117054477631216,2.2217054477631213
29,1.0,0.02,0.44740038075614924,2.009524020444865,0.0447026888224773,2.255134441123865
29,1.0,0.05,0.43263839186518743,4.950937574724547,0.11556995620393366,2.361399124078673
29,1.0,0.1,0.4076816626864135,9.729904036042143,0.24528942347087968,2.5528942347087966
29,1.0,0.2,0.36743285465272146,18.246130975693468,0.5443171384035042,2.921585692017521
29,1.0,0.4,0.362666582723545,28.45206992990752,1.1029414317583093,3.1573535793957728
29,1.5,0.0,0.5800110100046456,0.040393781546960945,0.0,1.7241052027477728
29,1.5,0.01,0.5742003286115872,0.6463963931719701,0.017415524690102387,1.7515524690102384
29,1.5,0.02,0.5683691179676487,1.251926818560646,0.03518840022750566,1.7794200113752832
29,1.5,0.05,0.5507772819032968,3.05443561947414,0.09078079587309267,1.8656159174618534
29,1.5,0.1,0.5214650415753519,5.980764281738531,0.19176740917837723,2.017674091783772
29,1.5,0.2,0.46731200702108605,11.33645015040978,0.42797958750282145,2.3398979375141074
29,1.5,0.4,0.4150957338697201,19.134793961061,0.9636331269199265,2.809082817299816
30,0.08,0.0,0.002502593069299297,1.1312331517661804,0.0,399.58553880275497
30,0.08,0.01,0.0026082853178733853,152.06804659885265,3.8339363916495555,383.4036391649555
30,0.08,0.02,0.0029754046070946914,264.40545217244903,6.721774898214206,336.1087449107103
30,0.08,0.05,0.005644938069832103,342.5733106689625,8.857493099386145,177.19986198772293
30,0.08,0.1,0.015315799362498399,245.75059239626356,6.529205406337175,65.39205406337175
30,0.08,0.2,0.05413782519352783,131.02084214398425,3.6942747383193733,18.671373691596866
30,0.08,0.4,0.2074233185092241,61.79103358475684,1.9284234910271771,5.221058727567943
30,0.15,0.0,0.008788811696656738,0.5999697452318674,0.0,113.78102461569404
30,0.15,0.01,0.008831304349458528,45.1863861702656,1.132335564973834,113.24355649738341
30,0.15,0.02,0.00913454901221788,86.38039640471881,2.1894895931095317,109.49447965547658
30,0.15,0.05,0.011608399644102265,166.7353793100831,4.307225934059126,86.19451868118252
30,0.15,0.1,0.020939466841854732,179.7340677539463,4.775670782606345,47.85670782606345
30,0.15,0.2,0.05902851457479065,120.04511168585626,3.3881930019871134,17.140965009935567
30,0.15,0.4,0.21059627220479638,60.73900430006518,1.8993688530774,5.1484221326935
30,0.3,0.0,0.03514180801360915,0.29910971977023604,0.0,28.45613406153537
30,0.3,0.01,0.03491924890044248,11.586974444852725,0.2863750027530886,28.64750027530886
30,0.3,0.02,0.03495439736131785,22.733904334316733,0.5721740756467146,28.62870378233573
30,0.3,0.05,0.036605658408647115,52.99023224267696,1.3659090472250277,27.36818094450055
30,0.3,0.1,0.04450424659761999,84.50277611458922,2.2469765841479905,22.569765841479906
30,0.3,0.2,0.0794893332452687,88.7736317658932,2.5160608579127093,12.780304289563544
30,0.3,0.4,0.22376037330309512,56.68096110169899,1.7876266208144869,4.869066552036217
30,0.5,0.0,0.09760571062054722,0.17945644435136313,0.0,10.245302182037364
30,0.5,0.01,0.09675376826949843,4.281331886179684,0.10335514759638044,10.345514759638043
30,0.5,0.02,0.09615004399918924,8.38541067832658,0.20800822514619594,10.420411257309796
30,0.5,0.05,0.09582770585838707,20.383445246338567,0.5217697695266685,10.48539539053337
30,0.5,0.1,0.10024640834583054,37.55458142960508,0.9975419733245656,10.075419733245656
30,0.5,0.2,0.12754782198940326,54.89631701498299,1.568039319531588,8.040196597657939
30,0.5,0.4,0.25353637264726125,48.97790348646805,1.5776829013662268,4.344207253415568
30,0.75,0.0,0.21960329738975806,0.11987642349268325,0.0,4.553665686654841
30,0.75,0.01,0.2175145805508204,1.99923771255871,0.045973929539236506,4.60739295392365
30,0.75,0.02,0.21564050042809632,3.8842693358516516,0.09274695597670832,4.657347798835415
30,0.75,0.05,0.2113062640839018,9.501450448997947,0.23662336853462554,4.78246737069251
30,0.75,0.1,0.20837850275352687,18.35624335552912,0.47989595221480913,4.898959522148091
30,0.75,0.2,0.21867633882194273,31.800441742932836,0.9145936916515237,4.772968458257618
30,0.75,0.4,0.3045747986525386,38.9362817842278,1.3133062937893403,3.68326573447335
30,1.0,0.0,0.3903983380595669,0.09021629416396387,0.0,2.561486314133387
30,1.0,0.01,0.38653120099583405,1.2242478978899938,0.02587113271641887,2.5971132716418865
30,1.0,0.02,0.38273835120551625,2.3629897010739316,0.0522550194852586,2.63275097426293
30,1.0,0.05,0.37182951952419807,5.762893357354778,0.13447022728045152,2.7394045456090304
30,1.0,0.1,0.3555244096522886,11.254902233158926,0.2812746390544672,2.912746390544672
30,1.0,0.2,0.33363784199245183,20.759374908766564,0.5994523846744123,3.197261923372061
30,1.0,0.4,0.3578315277500058,30.73933659812815,1.1178444854067042,3.19461121351676
30,1.5,0.0,0.5887887606969978,0.06076921346389983,0.0,1.698401985146961
30,1.5,0.01,0.5828548136902711,0.728260686924629,0.017156931306248072,1.7256931306248071
30,1.5,0.02,0.576830321254847,1.4046025964470081,0.034672241147954294,1.7536120573977145
30,1.5,0.05,0.5582765083703974,3.4183517821005895,0.08956135400708408,1.8412270801416815
30,1.5,0.1,0.5265405643572538,6.683053126696982,0.1899188909064768,1.9991889090647679
30,1.5,0.2,0.4685537507102348,12.62251240635759,0.42684537194898037,2.334226859744902
30,1.5,0.4,0.42420006960879647,21.069872430868852,0.9429512832680247,2.7573782081700613
31,0.08,0.0,0.002659097707481494,0.47089264856647933,0.0,376.06741459197
31,0.08,0.01,0.00275515264113791,136.46939160948872,3.629562968921346,362.96629689213455
31,0.08,0.02,0.003096492433993944,242.04005989308516,6.458920997330981,322.96604986654904
31,0.08,0.05,0.005591932139917511,330.2368365686571,8.941453284649047,178.87906569298096
31,0.08,0.1,0.014651544356417362,245.2576457149938,6.825219073660321,68.3521907366032
31,0.08,0.2,0.05107293792311074,132.4081868333173,3.9159681845813514,19.779840922906754
31,0.08,0.4,0.1954715689626281,63.16967373463059,2.046333398369946,5.515833495924865
31,0.15,0.0,0.009335452862006207,0.2572485693228494,0.0,107.11853134300954
31,0.15,0.01,0.009364167834333331,40.00331836754751,1.0679005520741969,106.80005520741969
31,0.15,0.02,0.009637014701054382,77.58525579150324,2.075331481834495,103.78657409172473
31,0.15,0.05,0.011920051832372738,154.6379360193906,4.194612632825044,83.94225265650088
31,0.15,0.1,0.020602494447720412,174.06567827891087,4.8537811891542395,48.6378118915424
31,0.15,0.2,0.05618123215304795,120.05456518545313,3.559907683319644,17.999538416598217
31,0.15,0.4,0.19852002277213707,61.97542910203246,2.0149101053606233,5.437275263401558
31,0.3,0.0,0.0373216975653781,0.1418202204490948,0.0,26.794065255157673
31,0.3,0.01,0.03706840687161964,10.036692360553976,0.26977150743578926,26.987150743578926
31,0.3,0.02,0.03705496116180074,20.096701245640674,0.5397387926725888,27.006939633629443
31,0.3,0.05,0.038453379597129154,47.77402604763895,1.3002758281285864,26.05551656257173
31,0.3,0.1,0.04557537746298614,78.31213795244607,2.1941672360522873,22.04167236052287
31,0.3,0.2,0.07770593445528168,86.12309687712475,2.5738059956681467,13.069029978340733
31,0.3,0.4,0.21179233894426774,57.381443002383406,1.8886424409584444,5.121606102396111
31,0.5,0.0,0.103654383111005,0.10162229427123544,0.0,9.647445385199827
31,0.5,0.01,0.10273155921298911,3.6146164498995046,0.09734107100688905,9.744107100688904
31,0.5,0.02,0.10203616850834596,7.314535409361027,0.19600892793582422,9.82044639679121
31,0.5,0.05,0.10131431911999281,18.171494224532807,0.49351365566383476,9.920273113276696
31,0.5,0.1,0.10465499478762959,34.02927059115067,0.9555205673931216,9.655205673931215
31,0.5,0.2,0.12830609671588236,51.55192324822566,1.558772381977099,7.993861909885496
31,0.5,0.4,0.24214794380228377,48.84858512685302,1.6518827032725252,4.529706758181313
31,0.75,0.0,0.23320581744842778,0.08529222463688269,0.0,4.288057694877808
31,0.75,0.01,0.23096399692687025,1.6503811340909147,0.04329679141795543,4.339679141795543
31,0.75,0.02,0.2289026925221382,3.3711402672281134,0.0873733715389377,4.388668576946885
31,0.75,0.05,0.22380355714194664,8.496579648306872,0.22341021134122402,4.51820422682448
31,0.75,0.1,0.2189445759648344,16.619860537948476,0.4567365944523851,4.6673659445238505
31,0.75,0.2,0.22324748484253878,29.42604428251352,0.8958667558609419,4.679333779304709
31,0.75,0.4,0.2928834773153026,38.19283087399831,1.3657308485496487,3.8143271213741214
31,1.0,0.0,0.41457456001406084,0.07878754037295449,0.0,2.412111346065431
31,1.0,0.01,0.41036742172544827,1.007084170667499,0.024368406141875434,2.4468406141875434
31,1.0,0.02,0.4060416760068246,2.0801719329661363,0.04925602759964927,2.4828013799824635
31,1.0,0.05,0.3925106295549911,5.277874332393032,0.12738508523116304,2.5977017046232604
31,1.0,0.1,0.3697409737913069,10.437328345169684,0.27045961115589817,2.8045961115589817
31,1.0,0.2,0.3347323388939952,19.48024019478736,0.5974923147874789,3.1874615739373944
31,1.0,0.4,0.341710583383933,29.984724525986696,1.1705812446276365,3.3264531115690907
31,1.5,0.0,0.5209450923838628,0.07379429291873456,0.0,1.9195880998205883
31,1.5,0.01,0.5157399714698984,0.6248636458186666,0.01938961599485732,1.948961599485732
31,1.5,0.02,0.5105440431417836,1.3184860262279277,0.03917389747008719,1.9786948735043595
31,1.5,0.05,0.4950331082680934,3.38350019356078,0.10100334536194633,2.0700669072389264
31,1.5,0.1,0.46972924260147336,6.730337619431479,0.21288859821921238,2.2288859821921236
31,1.5,0.2,0.4250718495941874,12.79396253872494,0.470508692097438,2.55254346048719
31,1.5,0.4,0.3936126217803664,21.179399224798907,1.0162275746919462,2.940568936729865
32,0.08,0.0,0.0026687473262122494,0.5370278832358371,0.0,374.7076353681257
32,0.08,0.01,0.0027731891579070357,143.4185498394092,3.6059566912295082,360.6056691229508
32,0.08,0.02,0.0031398784516589607,252.64018912780537,6.369673319498391,318.5036659749195
32,0.08,0.05,0.005812968403374314,336.7211223164041,8.601457384660131,172.07914769320263
32,0.08,0.1,0.01550480056145825,246.2282621919763,6.449615369357247,64.59615369357246
32,0.08,0.2,0.05440461891203316,132.55709764275255,3.676158458593011,18.580792292965054
32,0.08,0.4,0.20745884311359342,62.63618265387712,1.9280932738113328,5.2202331845283325
32,0.15,0.0,0.0093699185086255,0.28557356884684165,0.0,106.72451410110425
32,0.15,0.01,0.009407045562330971,42.15398287195347,1.0630330143231603,106.31330143231602
32,0.15,0.02,0.009705813656426057,81.60667525284346,2.0606206453137843,103.0510322656892
32,0.15,0.05,0.01217148948873277,160.68320521251147,4.10796066054901,82.2092132109802
32,0.15,0.1,0.021505289979121253,177.37268905381126,4.650018674339503,46.60018674339503
32,0.15,0.2,0.0596397390073108,120.76735039540507,3.3534687329111796,16.967343664555898
32,0.15,0.4,0.21090940075184533,61.490482956298415,1.8965489379519762,5.141372344879941
32,0.3,0.0,0.037460549055264775,0.14499423854608887,0.0,26.694750216413556
32,0.3,0.01,0.03721525240772107,10.59913308347049,0.26870703147307673,26.880703147307674
32,0.3,0.02,0.037228560774444364,21.2248431138692,0.5372219495986815,26.881097479934073
32,0.3,0.05,0.03881959013690918,50.30783362384667,1.2880094772680413,25.810189545360824
32,0.3,0.1,0.04663401946252705,81.59879525895904,2.1443572986530874,21.543572986530872
32,0.3,0.2,0.08148591295628017,87.95690748468097,2.4544119682049397,12.472059841024697
32,0.3,0.4,0.2249961106408865,57.1179084935535,1.7778085090476743,4.844521272619186
32,0.5,0.0,0.10404104011450402,0.09080116046092782,0.0,9.611591722837778
32,0.5,0.01,0.10312489743600602,3.8242541969701507,0.09696979341196905,9.706979341196904
32,0.5,0.02,0.10245727527156542,7.733680649713402,0.19520331715819622,9.780165857909811
32,0.5,0.05,0.10194491275021916,19.20508784914256,0.4904609622111086,9.859219244222173
32,0.5,0.1,0.10605036334168041,35.844524713910616,0.9429482073325206,9.529482073325205
32,0.5,0.2,0.1327004191314257,53.521035140760695,1.5071542449456865,7.735771224728432
32,0.5,0.4,0.256463064517098,48.93718288168297,1.5596787816334179,4.299196954083545
32,0.75,0.0,0.23407680625524618,0.06534240322785127,0.0,4.2721020335075925
32,0.75,0.01,0.23184117156753586,1.747837912759436,0.04313297734128719,4.323297734128719
32,0.75,0.02,0.2298158058019028,3.544825743991319,0.08702621619176032,4.3713108095880155
32,0.75,0.05,0.22500141177217006,8.910963140305181,0.22222082788808703,4.49441655776174
32,0.75,0.1,0.22118437657995407,17.427540235791394,0.4521114987696785,4.621114987696784
32,0.75,0.2,0.22934745578744517,30.665980678012403,0.8720393226657643,4.560196613328822
32,0.75,0.4,0.30918662611662684,38.470559084016315,1.2937170181776165,3.634292545444041
32,1.0,0.0,0.4161238527478696,0.05367939856392426,0.0,2.40313068668501
32,1.0,0.01,0.4119728417141252,1.0658515431835118,0.024273444721240062,2.437344472124006
32,1.0,0.02,0.4078434297588505,2.1537364097017564,0.04903842636824036,2.471921318412018
32,1.0,0.05,0.39563031706563767,5.406405366915573,0.1263806079646436,2.5776121592928716
32,1.0,0.1,0.37641815641321746,10.68045818995755,0.26566199928524126,2.7566199928524124
32,1.0,0.2,0.3480230567810971,19.926043297316195,0.5746745685467557,3.0733728427337783
32,1.0,0.4,0.36154932263861084,30.080450055429647,1.1063497424937034,3.1658743562342586
32,1.5,0.0,0.579623846613053,0.043490249146723406,0.0,1.725256829654876
32,1.5,0.01,0.5738052478577188,0.6603791482623694,0.017427515759632105,1.7527515759632104
32,1.5,0.02,0.5679428947558766,1.3111210495394083,0.03521480801092997,1.7807404005464986
32,1.5,0.05,0.550132361727385,3.2493028360256706,0.09088721820145752,1.8677443640291505
32,1.5,0.1,0.5202119531557595,6.39251294426382,0.19222933920178195,2.0222933920178194
32,1.5,0.2,0.46564978939927504,12.12041687519971,0.42950733481060044,2.347536674053002
32,1.5,0.4,0.42159121639025554,20.349832248544594,0.9487863704203241,2.77196592605081
33,0.08,0.0,0.0026515434423725827,0.6383801522956213,0.0,377.13883318660885
33,0.08,0.01,0.0027515523621186996,140.6305547612111,3.6343120842156114,363.44120842156116
33,0.08,0.02,0.003104601444559686,247.52808607728056,6.442050729264066,322.1225364632033
33,0.08,0.05,0.005681635097780529,332.6197763223346,8.800283569694924,176.05567139389848
33,0.08,0.1,0.015031167261238305,244.60771498657166,6.652843273048759,66.62843273048759
33,0.08,0.2,0.05259225162957901,131.5927896855803,3.802841555608844,19.21420777804422
33,0.08,0.4,0.20109610427792116,62.301101642728156,1.989098702017556,5.37274675504389
33,0.15,0.0,0.009312658842267223,0.3426891148211739,0.0,107.38071875470357
33,0.15,0.01,0.009345641290443704,41.55307957381118,1.0700175289442582,107.01175289442583
33,0.15,0.02,0.009630833084821667,79.92323112938216,2.0766635475720467,103.85317737860233
33,0.15,0.05,0.01199930247104846,157.52958334300965,4.16690887829842,83.38817756596839
33,0.15,0.1,0.02098447860107683,175.10666669766175,4.7654269568017025,47.75426956801702
33,0.15,0.2,0.05775221957481633,119.65040958041011,3.463070362878535,17.515351814392673
33,0.15,0.4,0.20438296369762413,61.13784421870568,1.9571102833785254,5.292775708446314
33,0.3,0.0,0.03723857780109588,0.17848509449865668,0.0,26.853871953471096
33,0.3,0.01,0.03699051567399572,10.588846339409777,0.27033956725912817,27.043956725912814
33,0.3,0.02,0.03699109144188346,20.899387006117294,0.5406707188248802,27.053535941244007
33,0.3,0.05,0.038484255938502236,49.15961881931455,1.2992326025453085,26.034652050906168
33,0.3,0.1,0.0459386666885976,79.84111683855821,2.1768154630578542,21.86815463057854
33,0.3,0.2,0.07936849998917378,86.58410963045745,2.5198913930247,12.799456965123499
33,0.3,0.4,0.21813106719732242,56.70043393837521,1.8337598817969294,4.984399704492324
33,0.5,0.0,0.10343213693207383,0.11709709507176971,0.0,9.668174995327826
33,0.5,0.01,0.1025165638848201,3.885771388038888,0.09754521241304233,9.764521241304232
33,0.5,0.02,0.10183847800473045,7.681260194291264,0.19638942364271184,9.839471182135592
33,0.5,0.05,0.10122875064310327,18.808270606182663,0.49393082185003245,9.928616437000649
33,0.5,0.1,0.10495530442643312,34.96568174663796,0.9527865270506031,9.62786527050603
33,0.5,0.2,0.13009456551254214,52.3336393170209,1.5373432334551933,7.886716167275966
33,0.5,0.4,0.24915245404955064,48.44904523977016,1.605442745992176,4.41360686498044
33,0.75,0.0,0.23271533668023503,0.08975874469766369,0.0,4.297095388148228
33,0.75,0.01,0.23048595089304935,1.8018219051669628,0.043386592376904676,4.348659237690467
33,0.75,0.02,0.2284521236664752,3.5578110822235374,0.08754569525997781,4.39728476299889
33,0.75,0.05,0.22352495867596442,8.7910731150543,0.2236886667876901,4.523773335753801
33,0.75,0.1,0.21924106760690393,17.073886860517078,0.4561189246683407,4.661189246683406
33,0.75,0.2,0.22562368584371473,29.972595739940342,0.8864317558331896,4.632158779165948
33,0.75,0.4,0.30133930888771954,38.034633107152274,1.3274073053278355,3.7185182633195883
33,1.0,0.0,0.4137110373555504,0.07797466819886621,0.0,2.4171460505187894
33,1.0,0.01,0.40956077228225773,1.0990280164819657,0.02441640087812971,2.451640087812971
33,1.0,0.02,0.4053860255739114,2.1788628405892942,0.04933569175623576,2.4867845878117882
33,1.0,0.05,0.39278667737285383,5.4011022818237215,0.12729555985560417,2.595911197112083
33,1.0,0.1,0.37237857588373663,10.60332685734824,0.26854391330832583,2.7854391330832584
33,1.0,0.2,0.3414681998698254,19.684633370084498,0.5857060776852546,3.128530388426273
33,1.0,0.4,0.3533106915865062,29.86486831233394,1.132148020213711,3.2303700505342774
33,1.5,0.0,0.5584866104659918,0.0683332781199812,0.0,1.7905532223335074
33,1.5,0.01,0.5528890669409542,0.6560684101777452,0.01808681089558957,1.8186810895589567
33,1.5,0.02,0.5472669831314462,1.3314952672692544,0.03654523407489443,1.8472617037447214
33,1.5,0.05,0.5302864977668835,3.34461246962865,0.09428865379480253,1.9357730758960505
33,1.5,0.1,0.50203929004268,6.606139090868554,0.1991875974318637,2.091875974318637
33,1.5,0.2,0.45117629409952087,12.519840234465283,0.4432857014333378,2.416428507166689
33,1.5,0.4,0.41319706130871126,20.80936640022774,0.9680610959165284,2.820152739791321
34,0.08,0.0,0.0027685725221419525,0.3634354487959322,0.0,361.19696775229613
34,0.08,0.01,0.0028671220800100387,133.6846833189154,3.4878180003988484,348.79180003988483
34,0.08,0.02,0.0032181347304282505,236.7201310505142,6.214780198882014,310.7590099441007
34,0.08,0.05,0.005785641206188453,323.8850554105705,8.642084467062851,172.891689341257
34,0.08,0.1,0.015108551914181187,241.23641165895708,6.618768004241228,66.28768004241228
34,0.08,0.2,0.05258806390511359,130.35559139509576,3.803144385784324,19.215721928921617
34,0.08,0.4,0.20111465530719766,61.629268846818476,1.9889152254419744,5.372288063604937
34,0.15,0.0,0.009726474423638293,0.19613810027765732,0.0,102.81217596888916
34,0.15,0.01,0.009755170145307124,39.383759499173905,1.0250974458718851,102.51974458718853
34,0.15,0.02,0.0100357791853718,75.99418794497059,1.99286967464889,99.66348373244449
34,0.15,0.05,0.012388770399782154,151.2885236924723,4.035913039511913,80.76826079023824
34,0.15,0.1,0.021343057870797735,170.70563005611643,4.685364234373522,46.95364234373522
34,0.15,0.2,0.058042291562274376,117.9894707545724,3.445763332507595,17.428816662537972
34,0.15,0.4,0.204813174518727,60.43289408557637,1.9529993660804579,5.282498415201145
34,0.3,0.0,0.03889920641554052,0.10170667717117919,0.0,25.70746532249287
34,0.3,0.01,0.03863470230177156,10.008049632986767,0.2588346591075314,25.89346591075314
34,0.3,0.02,0.03861916597395399,19.818133216652566,0.517877574401494,25.913878720074695
34,0.3,0.05,0.04006602716810724,46.82428573640421,1.247940051311108,25.008801026222162
34,0.3,0.1,0.0474508227006767,76.68626410162003,2.107445020096014,21.17445020096014
34,0.3,0.2,0.08078390526120773,84.41626569108399,2.475740673260564,12.578703366302816
34,0.3,0.4,0.21985130211534334,55.88687053977951,1.8194115574996368,4.948528893749092
34,0.5,0.0,0.1080509082898558,0.06574953133643506,0.0,9.254896750311572
34,0.5,0.01,0.10708981848378955,3.6714256031393666,0.09337955878143285,9.347955878143285
34,0.5,0.02,0.10636755939783692,7.283986537537724,0.1880272529822351,9.421362649111755
34,0.5,0.05,0.1056334418625254,17.890699620682838,0.4733349507353129,9.516699014706258
34,0.5,0.1,0.10918076153335773,33.394641845675835,0.9159122779103097,9.259122779103096
34,0.5,0.2,0.13408420409476834,50.50881693577154,1.4916000087425925,7.658000043712962
34,0.5,0.4,0.25351067715390446,47.52426162332375,1.5778428131339137,4.3446070328347846
34,0.75,0.0,0.24311420223382327,0.04938428310819309,0.0,4.113293221093749
34,0.75,0.01,0.24078255784517827,1.7192264332265452,0.04153124748525157,4.163124748525156
34,0.75,0.02,0.23864993204061294,3.3948999900222594,0.083804758832265,4.21023794161325
34,0.75,0.05,0.23344712819230332,8.391748676900754,0.2141812597446572,4.333625194893144
34,0.75,0.1,0.22877299626160388,16.32544924949587,0.4371145267759187,4.471145267759186
34,0.75,0.2,0.2346348748778817,28.828099043165864,0.8523882057349412,4.461941028674706
34,0.75,0.4,0.31040447812403477,37.13988294642658,1.2886412026574041,3.6216030066435096
34,1.0,0.0,0.43220379240120554,0.04217710711560486,0.0,2.3137233351060496
34,1.0,0.01,0.42787399919599894,1.075921432306957,0.02337136638073499,2.347136638073499
34,1.0,0.02,0.42353036092033053,2.1111731528856224,0.04722211639453673,2.381105819726837
34,1.0,0.05,0.4104820168628267,5.200689708777984,0.1218080158106142,2.486160316212284
34,1.0,0.1,0.38945555969464546,10.201074718560392,0.2567687057244875,2.6676870572448754
34,1.0,0.2,0.3574435065061762,18.995431263820954,0.5595289783129527,2.9976448915647635
34,1.0,0.4,0.36759256126585454,29.13392439064403,1.0881613018025884,3.1204032545064706
34,1.5,0.0,0.5838064929587264,0.036157345235219567,0.0,1.712896331337475
34,1.5,0.01,0.5779618396263224,0.6902811176525719,0.017302180376589288,1.7402180376589287
34,1.5,0.02,0.5721047521264001,1.3433896742633977,0.03495863288263899,1.7679316441319495
34,1.5,0.05,0.5544890228106759,3.2894341891996763,0.09017311063536049,1.8534622127072096
34,1.5,0.1,0.5253801968698162,6.45172994280353,0.19033835039042968,2.003383503904297
34,1.5,0.2,0.47318235312771295,12.224205652576755,0.4226700312849993,2.3133501564249963
34,1.5,0.4,0.43288876782894986,20.420255833903344,0.9240248990661144,2.710062247665286
35,0.08,0.0,0.002439726957392579,0.23713560066064157,0.0,409.8819324719577
35,0.08,0.01,0.0025554181194158655,167.147100195376,3.9132539305488945,391.33539305488944
35,0.08,0.02,0.002951270193428348,288.04730884994353,6.776743127259035,338.8571563629517
35,0.08,0.05,0.005819129511840402,360.3217701644221,8.592350436308923,171.89700872617846
35,0.08,0.1,0.01619025935632035,252.93437340697676,6.1765533089475815,61.86553308947582
35,0.08,0.2,0.05772442783085352,134.38063652291595,3.4647376771935825,17.523688385967912
35,0.08,0.4,0.21971207698718329,62.973344695939495,1.8205644654814932,4.9514111637037335
35,0.15,0.0,0.008563929491798327,0.12893481378081761,0.0,116.7688268519375
35,0.15,0.01,0.00861790059066863,49.59699369758997,1.1603754179791645,116.04754179791645
35,0.15,0.02,0.008951076105355588,94.97326738138023,2.2343682217195813,111.73841108597907
35,0.15,0.05,0.011625149330637564,180.26512837949954,4.301020019435555,86.07040038871109
35,0.15,0.1,0.02165386198557454,188.92805983774267,4.618113852698351,46.28113852698351
35,0.15,0.2,0.06242583661119152,124.05289407115832,3.2038016766305475,16.219008383152737
35,0.15,0.4,0.22249271874960705,61.99855674360127,1.7978116418729162,4.894529104682291
35,0.3,0.0,0.03423487528556323,0.0657068554768301,0.0,29.209979345877674
35,0.3,0.01,0.034030314952400574,12.586291886726393,0.29385564059537383,29.39556405953739
35,0.3,0.02,0.03410131328985331,24.9417041359899,0.5864876765890101,29.344383829450503
35,0.3,0.05,0.035966906024296995,58.20110938091369,1.390166837431697,27.85333674863394
35,0.3,0.1,0.04457391176160576,91.53012692301965,2.2434647543349815,22.534647543349816
35,0.3,0.2,0.08220518783054137,93.68099891715731,2.432936476129488,12.364682380647439
35,0.3,0.4,0.2344499423826997,58.17733853367,1.7061211273281867,4.665302818320467
35,0.5,0.0,0.09507904014399765,0.04045997766891495,0.0,10.517565159318977
35,0.5,0.01,0.09426099112372427,4.5727391476313395,0.10608842407432664,10.618842407432664
35,0.5,0.02,0.0937084025076,9.111752210102905,0.21342803275701927,10.691401637850964
35,0.5,0.05,0.09364247139294321,22.371444173026013,0.5339457540605655,10.728915081211312
35,0.5,0.1,0.09882523909349539,41.15360992703379,1.011887255900218,10.21887255900218
35,0.5,0.2,0.1287968799823227,59.15148110436813,1.552832646469774,7.96416323234887
35,0.5,0.4,0.26185376892699197,50.72857600801503,1.5275701458836932,4.218925364709233
35,0.75,0.0,0.21391034161002853,0.02814694847674805,0.0,4.674855794597628
35,0.75,0.01,0.21188788616241633,2.0781974333216655,0.04719476974882273,4.729476974882273
35,0.75,0.02,0.21009870474207384,4.136682049855837,0.09519335221296511,4.779667610648255
35,0.75,0.05,0.2061298978317359,10.28544799080502,0.24256549159508664,4.901309831901732
35,0.75,0.1,0.20416465987164806,19.9842096062295,0.4898007327167536,4.998007327167536
35,0.75,0.2,0.21744717977894068,34.4616855058318,0.919763595937746,4.79881797968873
35,0.75,0.4,0.3089744247819811,40.61962864767672,1.2946055333940616,3.6365138334851537
35,1.0,0.0,0.3802706379571568,0.02225640494527378,0.0,2.629706057170433
35,1.0,0.01,0.3765271577464542,1.227769182575174,0.026558509244992628,2.6658509244992623
35,1.0,0.02,0.3729023851167419,2.4364008639304564,0.05363333890647748,2.7016669453238737
35,1.0,0.05,0.3627507165525362,6.05758469767983,0.13783570291792555,2.806714058358511
35,1.0,0.1,0.3483802204413333,11.938067242135931,0.28704270257742676,2.9704270257742675
35,1.0,0.2,0.33108044410308884,22.107070536676076,0.6040827948682037,3.2204139743410187
35,1.0,0.4,0.3584884480532234,31.9391065013869,1.1157960658766153,3.189490164691538
35,1.5,0.0,0.6247441574301178,0.0168139976231378,0.0,1.6006552251940944
35,1.5,0.01,0.6183834224831369,0.6734285881885967,0.016171196763077354,1.6271196763077354
35,1.5,0.02,0.6117996516424637,1.3285705437458117,0.03269044032030279,1.6545220160151397
35,1.5,0.05,0.5908488348509892,3.279448359422079,0.08462401387761033,1.7424802775522066
35,1.5,0.1,0.5535282380453282,6.449682248754744,0.18065925661377197,1.9065925661377197
35,1.5,0.2,0.4838577048133922,12.271564531687332,0.41334466313217716,2.2667233156608857
35,1.5,0.4,0.42269457332159344,20.787730606582315,0.9463097594481608,2.7657743986204015
36,0.08,0.0,0.002739426243344823,0.26816738275661084,0.0,365.03994310100717
36,0.08,0.01,0.0028268300460489756,126.28883733089478,3.5375313821843917,353.76313821843917
36,0.08,0.02,0.0031438250846281923,226.16652107953954,6.36167708495949,318.1038542479745
36,0.08,0.05,0.0054721546392765665,319.84859105494286,9.137168683268449,182.793373665369
36,0.08,0.1,0.01394091279718874,244.03023294223007,7.173131448047329,71.83131448047328
36,0.08,0.2,0.04803199422283069,133.0151823872949,4.163891240329462,21.019456201647305
36,0.08,0.4,0.1837093297143062,63.34233267264916,2.1773526724094863,5.843381681023716
36,0.15,0.0,0.00962449914818571,0.14965010709605442,0.0,103.9015105724756
36,0.15,0.01,0.009642765482630374,36.97707678697024,1.037046894691478,103.7146894691478
36,0.15,0.02,0.009890049539340157,71.86273149734875,2.0222345621672546,101.13172810836272
36,0.15,0.05,0.012005803620962008,145.75356527599615,4.16465249462356,83.3430498924712
36,0.15,0.1,0.020108774149401425,169.08731652286912,4.972953560323154,49.829535603231534
36,0.15,0.2,0.053424884140865374,119.43816376648249,3.743573864805398,18.917869324026988
36,0.15,0.4,0.1873798802290545,61.98471649686962,2.13470090551364,5.7367522637840995
36,0.3,0.0,0.0384904574276297,0.08358230618116537,0.0,25.980465466803402
36,0.3,0.01,0.03821853202837594,9.322755518746895,0.26165316848316794,26.175316848316797
36,0.3,0.02,0.038172560095867586,18.630438791122376,0.5239365646362588,26.21682823181294
36,0.3,0.05,0.039390162659247545,44.43923679560607,1.2693524632669069,25.437049265338135
36,0.3,0.1,0.045934968156035594,73.9098283833048,2.176990733079687,21.86990733079687
36,0.3,0.2,0.07590596750742563,83.65817820058892,2.6348389536097363,13.37419476804868
36,0.3,0.4,0.20230731202415256,56.935472491800425,1.977190028367565,5.3429750709189126
36,0.5,0.0,0.1069134364618868,0.06022199160054846,0.0,9.35336130886118
36,0.5,0.01,0.10595180962756881,3.4005175484393377,0.09438253140886407,9.448253140886408
36,0.5,0.02,0.10520519577238527,6.838293400959658,0.19010467927145563,9.52523396357278
36,0.5,0.05,0.1042553458897088,16.943556489583013,0.4795917137227164,9.641834274454329
36,0.5,0.1,0.10697099498145929,31.856619083364844,0.9348328490104488,9.448328490104487
36,0.5,0.2,0.12850112730141502,49.096676667128285,1.556406579460394,7.98203289730197
36,0.5,0.4,0.23555601816948796,47.90936219181698,1.6981098725832207,4.645274681458052
36,0.75,0.0,0.24055203738952705,0.05067033096406365,0.0,4.157104678272566
36,0.75,0.01,0.2382307885735416,1.6057183448614611,0.04197610250076056,4.207610250076056
36,0.75,0.02,0.23607814085411238,3.223671103621601,0.08471771222715306,4.255885611357653
36,0.75,0.05,0.23063419081165157,8.041469476804679,0.21679352841848468,4.385870568369693
36,0.75,0.1,0.2249743834106017,15.6932849912303,0.4444950508764795,4.544950508764795
36,0.75,0.2,0.22697562187199719,27.94272539097694,0.8811518979460707,4.605759489730354
36,0.75,0.4,0.2909379661501682,37.141058781394925,1.3748635329138832,3.837158832284708
36,1.0,0.0,0.427646057355855,0.046852119598965944,0.0,2.3383823673788133
36,1.0,0.01,0.4232896797404885,1.0372807456962077,0.023624483370657243,2.372448337065724
36,1.0,0.02,0.4187786548425893,2.066511741020225,0.04775792598005648,2.407896299002824
36,1.0,0.05,0.40451141126353674,5.132181593099248,0.1236059072939856,2.5221181458797117
36,1.0,0.1,0.38021510924615637,10.078106004217181,0.2630090113942807,2.7300901139428064
36,1.0,0.2,0.3422788526995946,18.784784508611992,0.5843188921038384,3.1215944605191916
36,1.0,0.4,0.34490256667120756,29.241573719508878,1.1597478205528007,3.299369551382002
36,1.5,0.0,0.5305437126798576,0.04391351669419521,0.0,1.8848588270867386
36,1.5,0.01,0.5252484572661932,0.724520466041812,0.019038608989063725,1.9138608989063726
36,1.5,0.02,0.5199740474657554,1.4201824783978432,0.038463458123488684,1.9431729061744343
36,1.5,0.05,0.5042955586963741,3.494022831767792,0.09914820612192614,2.0329641224385226
36,1.5,0.1,0.4789128274600771,6.861825096451211,0.20880626758391885,2.188062675839188
36,1.5,0.2,0.4345631109305208,12.975247019809718,0.46023234593415957,2.5011617296707978
36,1.5,0.4,0.40430567547272683,21.334623907994345,0.9893504451361151,2.8733761128402877
37,0.08,0.0,0.0025870495198743464,0.5836631729687084,0.0,386.5407261506808
37,0.08,0.01,0.002681485354279608,143.74024620155345,3.7292763818531243,372.9376381853124
37,0.08,0.02,0.003016523188219622,253.89448106054567,6.630149596762813,331.5274798381406
37,0.08,0.05,0.0054648063182152935,345.0126211979191,9.149455092917016,183.0391018583403
37,0.08,0.1,0.014349418923811474,256.03863831532635,6.968923308389837,69.78923308389837
37,0.08,0.2,0.05001854050607687,138.56015200106853,3.9985173093105657,20.192586546552825
37,0.08,0.4,0.19032150657660982,64.9052286809279,2.1017067760494457,5.654266940123614
37,0.15,0.0,0.009090258169135884,0.3222764961279397,0.0,110.00787671743976
37,0.15,0.01,0.009119328960569002,42.41327057864982,1.0965719126088032,109.66719126088033
37,0.15,0.02,0.009388335597515415,81.71665599464401,2.1303030544938037,106.53515272469019
37,0.15,0.05,0.011634518229763802,162.1262163001769,4.297556547901432,86.00113095802863
37,0.15,0.1,0.020168796686969914,182.11028400649275,4.958154001552566,49.681540015525655
37,0.15,0.2,0.05508415075646778,125.6721383634896,3.630808449497912,18.354042247489556
37,0.15,0.4,0.19362501219457515,63.651773396826954,2.0658488046887102,5.5646220117217755
37,0.3,0.0,0.036358454160722704,0.17848845562394416,0.0,27.50391959953786
37,0.3,0.01,0.03611326195939221,10.797173323633627,0.2769065838263119,27.70065838263119
37,0.3,0.02,0.0361048425503957,21.339838925420096,0.5539423131975632,27.717115659878157
37,0.3,0.05,0.03749972785882298,50.359094275703875,1.333343009534293,26.71686019068586
37,0.3,0.1,0.04455119379750161,82.34121402870441,2.2446087630003735,22.546087630003736
37,0.3,0.2,0.07625101433363773,90.35537556941986,2.6229159277133847,13.314579638566922
37,0.3,0.4,0.2072062185147093,58.88780294088653,1.9304439937530375,5.226109984382594
37,0.5,0.0,0.10099763736228842,0.1278564247219118,0.0,9.9012217128694
37,0.5,0.01,0.10010096756063568,3.9514093353791355,0.09989913428102029,9.99991342810203
37,0.5,0.02,0.09943089763446658,7.8253654195924565,0.20114471935600056,10.077235967800027
37,0.5,0.05,0.09877973705847239,19.21602798129487,0.5061766865243086,10.173533730486172
37,0.5,0.1,0.10221668157537657,35.88769850386175,0.9783138961154599,9.883138961154598
37,0.5,0.2,0.12590868675761197,54.21176782376445,1.588452752152216,8.14226376076108
37,0.5,0.4,0.23770250429938633,50.058050909180444,1.6827757081439916,4.6069392703599785
37,0.75,0.0,0.22724916938479006,0.10714923880849346,0.0,4.400456127990277
37,0.75,0.01,0.2250713757321,1.8129160751924231,0.044430350005515096,4.45303500055151
37,0.75,0.02,0.22308298426301826,3.5894168752572866,0.08965273647415302,4.50263682370765
37,0.75,0.05,0.21825447496065112,8.901069608819109,0.22909037722600856,4.6318075445201705
37,0.75,0.1,0.2139994288971768,17.364096223785698,0.46729096668780534,4.772909666878053
37,0.75,0.2,0.21977016502880373,30.71248745594949,0.9100416336029389,4.750208168014694
37,0.75,0.4,0.2893426169898504,38.916791940321716,1.3824441216484582,3.8561103041211453
37,1.0,0.0,0.40400353809678574,0.09886585053324319,0.0,2.4752258475529327
37,1.0,0.01,0.39997349814666894,1.0803333328406164,0.025001656475582373,2.510165647558237
37,1.0,0.02,0.3959643475458551,2.1504674185866253,0.0505095979573865,2.545479897869325
37,1.0,0.05,0.3840982089161675,5.355485495593241,0.13017504075608147,2.653500815121629
37,1.0,0.1,0.36531124310781427,10.564312583823286,0.27373917963561556,2.837391796356156
37,1.0,0.2,0.3363889025732131,19.768752811439935,0.5945499345254743,3.172749672627372
37,1.0,0.4,0.34201316353078737,30.111356453629664,1.16954562763194,3.3238640690798498
37,1.5,0.0,0.5835556452607202,0.09248800360552538,0.0,1.7136326383291542
37,1.5,0.01,0.5776755281278884,0.5992601634263379,0.017310755801630835,1.7410755801630835
37,1.5,0.02,0.5717075262266463,1.230848008436159,0.03498292235542698,1.7691461177713488
37,1.5,0.05,0.5533259625459845,3.117602376727171,0.09036264947687994,1.8572529895375989
37,1.5,0.1,0.5217348922743067,6.182595983814842,0.1916682236146555,2.0166822361465546
37,1.5,0.2,0.4622957196198034,11.800142020910702,0.4326235167491535,2.3631175837457676
37,1.5,0.4,0.40580419329487816,20.05890410487949,0.9856970593434442,2.8642426483586103
38,0.08,0.0,0.002919945493438896,1.1845027496898561,0.0,342.4721462256729
38,0.08,0.01,0.003022643083457479,133.5444144970888,3.308362821508322,330.8462821508322
38,0.08,0.02,0.0033891240792183496,236.07695422600622,5.9012297964058895,295.08148982029445
38,0.08,0.05,0.006070824050174254,323.8521840541871,8.23611417276454,164.7722834552908
38,0.08,0.1,0.015808069395925484,242.07135155128026,6.325883161025022,63.35883161025021
38,0.08,0.2,0.05492028542966275,131.35555759941278,3.6416416709294617,18.408208354647307
38,0.08,0.4,0.20900727989445675,62.603153049004085,1.9138089362341333,5.184522340585334
38,0.15,0.0,0.010255668232083454,0.6332102386070182,0.0,97.50705437912245
38,0.15,0.01,0.010284851600502392,39.57783782868742,0.9723037714527182,97.24037714527182
38,0.15,0.02,0.010577504043585166,75.98909735384771,1.890805233218436,94.5602616609218
38,0.15,0.05,0.01303581816879033,151.1336147730511,3.8355858721401446,76.76171744280289
38,0.15,0.1,0.022394214746835103,171.03509128253452,4.465439004246964,44.75439004246963
38,0.15,0.2,0.06072061983195644,118.79588811812768,3.2937740186694,16.668870093346996
38,0.15,0.4,0.2130554035992043,61.35351129510847,1.8774459283486293,5.093614820871573
38,0.3,0.0,0.041009041342119225,0.31779914096402906,0.0,24.38486653851448
38,0.3,0.01,0.04072935177000711,10.186723659478758,0.2455231808369695,24.56231808369695
38,0.3,0.02,0.04071045144298463,19.96047823304779,0.49127433597758524,24.583716798879262
38,0.3,0.05,0.042217969858226435,46.89878807067956,1.184329804770496,23.736596095409922
38,0.3,0.1,0.04993707482064833,76.81284096396071,2.002520178828162,20.125201788281622
38,0.3,0.2,0.08476553008633443,84.88121423729518,2.3594496465284682,11.99724823264234
38,0.3,0.4,0.22897967847894024,56.66610151075295,1.7468799094186382,4.767199773546595
38,0.5,0.0,0.11390377236476763,0.19209957931899757,0.0,8.779340483979588
38,0.5,0.01,0.11288961682335472,3.7989492409996535,0.088582105966819,8.8682105966819
38,0.5,0.02,0.11212521105200014,7.40973505357402,0.17837201653716067,8.938600826858034
38,0.5,0.05,0.11132988738400688,18.0168704207514,0.449115697274861,9.03231394549722
38,0.5,0.1,0.11498858371773367,33.54853779561647,0.8696515494570605,8.796515494570604
38,0.5,0.2,0.1408429760160321,50.812822925917516,1.4200211161203673,7.300105580601835
38,0.5,0.4,0.2635909942626205,48.1280934667391,1.517502527425018,4.193756318562545
38,0.75,0.0,0.2562743471936863,0.12985179917814027,0.0,3.9020682754650537
38,0.75,0.01,0.25381126394234294,1.811657528232388,0.03939935464121739,3.9499354641217383
38,0.75,0.02,0.25154752884063347,3.4968961452432152,0.07950783731479584,3.995391865739792
38,0.75,0.05,0.24595355411372477,8.521606182345531,0.20329041464829106,4.115808292965821
38,0.75,0.1,0.240637109865721,16.500784533904774,0.41556350163863526,4.255635016386352
38,0.75,0.2,0.2452839393128461,29.101979001264844,0.8153815555975358,4.276907777987679
38,0.75,0.4,0.31907552565883757,37.60140487350728,1.2536216908961193,3.534054227240298
38,1.0,0.0,0.455591767634392,0.09922401030576507,0.0,2.1949474750002294
38,1.0,0.01,0.45092542718730333,1.1481165052049878,0.022176615903822708,2.2276615903822705
38,1.0,0.02,0.4460466322163177,2.199124054957766,0.04483836118350215,2.2619180591751076
38,1.0,0.05,0.4304381495082134,5.333174863597149,0.11616070754213186,2.3732141508426365
38,1.0,0.1,0.4039097986246825,10.397512307119872,0.24758002984948904,2.5758002984948902
38,1.0,0.2,0.36382800988108716,19.285041387138126,0.5497102877410885,2.9485514387054423
38,1.0,0.4,0.3695223261465157,29.51254416895519,1.0824785721916026,3.1061964304790064
38,1.5,0.0,0.5454068927807711,0.06952066597503517,0.0,1.8334935132584669
38,1.5,0.01,0.5399677254264218,0.7412049867935342,0.01851962539446747,1.8619625394467472
38,1.5,0.02,0.5345588311202322,1.4186340017648016,0.037414029730062824,1.8907014865031413
38,1.5,0.05,0.5185329710535888,3.434361010588701,0.09642588377438521,1.9785176754877043
38,1.5,0.1,0.49275273633648153,6.695726980818788,0.20294154172228468,2.1294154172228468
38,1.5,0.2,0.4482608140286039,12.581742480777573,0.44616882346364956,2.4308441173182476
38,1.5,0.4,0.42103988559352157,20.69088922279573,0.9500287590002013,2.775071897500503
39,0.08,0.0,0.0026090789225068477,0.5694039083658965,0.0,383.2770221604423
39,0.08,0.01,0.0027150202895575085,149.49005698044343,3.6832137271540577,368.3313727154058
39,0.08,0.02,0.003085013856493442,261.48817868668345,6.4829530531616,324.16765265808
39,0.08,0.05,0.005778804995534072,343.8517670771712,8.6523078800272,173.09615760054402
39,0.08,0.1,0.01554051727744319,249.39674347812013,6.434792241127545,64.44792241127544
39,0.08,0.2,0.05470216549072187,133.94098350821082,3.656162387829461,18.480811939147305
39,0.08,0.4,0.2085141407154923,62.81482441356644,1.9183351240709432,5.195837810177358
39,0.15,0.0,0.009162883415730586,0.3057209266101519,0.0,109.13595149352524
39,0.15,0.01,0.009203251702730396,44.297121440634015,1.0865724770988527,108.66724770988527
39,0.15,0.02,0.009507601801619381,85.08528997387685,2.103579895047088,105.19899475235438
39,0.15,0.05,0.012004027036966883,165.80435973611628,4.165268859027308,83.35537718054614
39,0.15,0.1,0.021435154154729647,180.99178849173066,4.665233535441363,46.752335354413624
39,0.15,0.2,0.05992613019855738,122.29295379065667,3.3374422699634736,16.887211349817367
39,0.15,0.4,0.2122940388860882,61.655830585197286,1.884179141811091,5.110447854527727
39,0.3,0.0,0.03663708782113319,0.15626356892793697,0.0,27.29474582920248
39,0.3,0.01,0.0364018100059463,11.313510211647001,0.2747116145698932,27.48116145698932
39,0.3,0.02,0.03642870457880939,22.352712527887242,0.5490176011263935,27.47088005631968
39,0.3,0.05,0.03808185252327328,52.45662257617411,1.3129613368846247,26.309226737692494
39,0.3,0.1,0.04607036768044109,84.33772475283571,2.170592618093092,21.80592618093092
39,0.3,0.2,0.08152324935988542,89.75215361130299,2.453287884994592,12.466439424972958
39,0.3,0.4,0.22696081010577812,57.317647049032594,1.7624188061964297,4.806047015491074
39,0.5,0.0,0.10175795534332531,0.098322769543064,0.0,9.827241483243833
39,0.5,0.01,0.10086748725072785,4.1532469670852326,0.09913997337063477,9.923997337063476
39,0.5,0.02,0.10023122573407989,8.225987960039427,0.19953861537183365,9.996930768591682
39,0.5,0.05,0.09984700275331025,20.165109668437683,0.5007661584347592,10.065323168695185
39,0.5,0.1,0.10427868632710025,37.378938691301435,0.9589687358193322,9.689687358193321
39,0.5,0.2,0.1319879044990619,55.156120553672345,1.5152903651214609,7.776451825607304
39,0.5,0.4,0.25910281361490595,49.25117631264216,1.5437887162217538,4.259471790554384
39,0.75,0.0,0.22894428168086847,0.07110158803810473,0.0,4.367874981013619
39,0.75,0.01,0.22676610998123597,1.913096906556643,0.044098300230256904,4.41983002302569
39,0.75,0.02,0.22481047285395464,3.781296013113062,0.08896382693431171,4.468191346715585
39,0.75,0.05,0.22027845206215838,9.362842693889645,0.22698543380852776,4.589708676170554
39,0.75,0.1,0.21717018787735465,18.20851021084002,0.4604683588360402,4.7046835883604015
39,0.75,0.2,0.2275465592150011,31.775060457399285,0.8789409986684383,4.594704993342192
39,0.75,0.4,0.31340656376421183,38.871675120450284,1.2762974559171514,3.590743639792878
39,1.0,0.0,0.40700309905708193,0.058659204337145145,0.0,2.4569837485678474
39,1.0,0.01,0.4029775702305632,1.1454707194543434,0.0248152769254093,2.4915276925409295
39,1.0,0.02,0.39904149861429195,2.263956807625034,0.05012010046436731,2.5260050232183655
39,1.0,0.05,0.38778838235539914,5.612368571125151,0.12893630205294843,2.6287260410589686
39,1.0,0.1,0.3711252233776611,11.048110497432278,0.26945083141988146,2.7945083141988145
39,1.0,0.2,0.3486667722950677,20.53178969917881,0.573613592954436,3.0680679647721805
39,1.0,0.4,0.36982091411715445,30.42153108893804,1.0816045949020754,3.104011487255188
39,1.5,0.0,0.6305915520835804,0.04782792468030573,0.0,1.5858125544115396
39,1.5,0.01,0.624216744998696,0.6433090919987969,0.01602007648804886,1.612007648804886
39,1.5,0.02,0.6177062302266881,1.2864283547988034,0.032377850540151305,1.6388925270075652
39,1.5,0.05,0.5974430006318069,3.2030401813205374,0.08368999209485103,1.7237998418970208
39,1.5,0.1,0.5622449427890698,6.314966861571308,0.17785842502013527,1.8785842502013526
39,1.5,0.2,0.49688366055710903,12.008914252066658,0.4025087075227203,2.2125435376136013
39,1.5,0.4,0.4414127524845727,20.28539983738019,0.906181341043109,2.665453352607772
40,0.08,0.0,0.0027178434093958494,0.24736887632287233,0.0,367.93878431071585
40,0.08,0.01,0.0028073733335058654,129.52615556808155,3.562048510132401,356.2148510132401
40,0.08,0.02,0.003130315229985845,231.33640063736368,6.389132892565085,319.47664462825423
40,0.08,0.05,0.005499416029824462,324.10240487548094,9.09187443336524,181.8874886673048
40,0.08,0.1,0.014112653433699558,245.44877831078207,7.085839701923831,70.9583970192383
40,0.08,0.2,0.04878138045608794,133.29106098528808,4.099924974038736,20.699624870193674
40,0.08,0.4,0.18681395032413678,63.155649682793694,2.1411677195732377,5.752919298933094
40,0.15,0.0,0.009545885449042836,0.13546944910424877,0.0,104.75717578407247
40,0.15,0.01,0.009566812314797352,37.94826042244566,1.045280253332933,104.5380253332933
40,0.15,0.02,0.009820505870456355,73.67570444160991,2.0365549660906224,101.84774830453112
40,0.15,0.05,0.011977989693056522,148.7087714393728,4.174323177868848,83.53646355737695
40,0.15,0.1,0.020225622581694178,171.10887045264082,4.944223575619772,49.54223575619773
40,0.15,0.2,0.05411473318850633,119.97903842729984,3.6958511705732464,18.67925585286623
40,0.15,0.4,0.19040068000264407,61.854391710517426,2.100832833130876,5.65208208282719
40,0.3,0.0,0.03817097514491626,0.06964445220607969,0.0,26.197915987304384
40,0.3,0.01,0.037904066755315456,9.558895176511115,0.2638239338420766,26.39239338420766
40,0.3,0.02,0.03786675647541919,19.096338358721606,0.5281677614237383,26.428388071186912
40,0.3,0.05,0.03913222302867872,45.48514439449783,1.2777193864850624,25.604387729701248
40,0.3,0.1,0.04582989412091378,75.33750954195453,2.1819819119845296,21.919819119845297
40,0.3,0.2,0.07638362882582604,84.55438322314818,2.6183621159980563,13.291810579990281
40,0.3,0.4,0.2051229103203015,56.954678587557915,1.9500503350668923,5.275125837667231
40,0.5,0.0,0.10602109391408357,0.04345259651354445,0.0,9.432085286823876
40,0.5,0.01,0.10507035157925441,3.4708400297444606,0.095174327007529,9.527432700752898
40,0.5,0.02,0.10433854455565884,6.98647215298003,0.1916837165514716,9.604185827573579
40,0.5,0.05,0.10345665677917967,17.316400035911375,0.48329417899827537,9.715883579965508
40,0.5,0.1,0.10636415746883333,32.51888140245315,0.9401663340331714,9.501663340331714
40,0.5,0.2,0.1285745444118019,49.86003967722707,1.5555178586473135,7.977589293236567
40,0.5,0.4,0.2382095310828998,48.08421712262626,1.679193935614588,4.59798483903647
40,0.75,0.0,0.23853909819197572,0.03084955555311905,0.0,4.192184876942908
40,0.75,0.01,0.23624185820721516,1.612338102835454,0.042329501113340745,4.242950111334074
40,0.75,0.02,0.23412096763399784,3.256799825022119,0.08542592405164698,4.291296202582348
40,0.75,0.05,0.22881834586402466,8.155295235389218,0.2185139474337102,4.420278948674204
40,0.75,0.1,0.22354163927434323,15.935961545663627,0.44734395043634007,4.5734395043634
40,0.75,0.2,0.22677590523749175,28.341084192877766,0.8819279093629873,4.609639546814936
40,0.75,0.4,0.29422313326081795,37.34308989317257,1.3595124066788276,3.7987810166970686
40,1.0,0.0,0.42406305337701566,0.024941413555917783,0.0,2.358139885181047
40,1.0,0.01,0.4197826510828305,1.0106649223073982,0.023821851556287455,2.3921851556287455
40,1.0,0.02,0.41542552937093313,2.0453208745301166,0.04814340618470276,2.4271703092351378
40,1.0,0.05,0.4020028948883571,5.128612025927672,0.12437721378570131,2.537544275714026
40,1.0,0.1,0.37966736414022106,10.10964868848776,0.2633884538020692,2.733884538020692
40,1.0,0.2,0.3448283595102598,18.88506050067678,0.5799986993066599,3.0999934965333
40,1.0,0.4,0.3505152932574213,29.33034681293317,1.1411770262082024,3.2529425655205055
40,1.5,0.0,0.5501564717995581,0.01964118081219662,0.0,1.817664703150736
40,1.5,0.01,0.5446593188897598,0.6641922779437571,0.01836010080647132,1.8460100806471322
40,1.5,0.02,0.5391715591528793,1.3467022249661886,0.03709394470179964,1.8746972350899822
40,1.5,0.05,0.5227878228820948,3.3812396935255973,0.09564109531923161,1.9628219063846322
40,1.5,0.1,0.49605733484980913,6.688647369564881,0.2015896005857406,2.115896005857406
40,1.5,0.2,0.4488657524657636,12.714240225848428,0.4455675196900985,2.4278375984504925
40,1.5,0.4,0.4147223165696068,21.093131639464794,0.9645007852690856,2.8112519631727135
41,0.08,0.0,0.00268149368387245,0.18898076068899317,0.0,372.92647975059214
41,0.08,0.01,0.002779091633739728,136.33193109930886,3.5982980476765873,359.83980476765873
41,0.08,0.02,0.0031255080240343977,241.3891839170881,6.398959735890888,319.9679867945444
41,0.08,0.05,0.005657363634723834,328.36778150804906,8.8380389220713,176.810778441426
41,0.08,0.1,0.014848066720699623,243.36629369016546,6.734883529354731,67.4488352935473
41,0.08,0.2,0.051791674230798314,131.18986391319217,3.8616245365759676,19.508122682879836
41,0.08,0.4,0.1981898049856325,62.215890786599516,2.0182672869020557,5.44566821725514
41,0.15,0.0,0.00941837040501027,0.10371759994705117,0.0,106.17548015185643
41,0.15,0.01,0.009448196614802357,40.04700207096078,1.0584030379229346,105.85030379229345
41,0.15,0.02,0.009726035185886408,77.50506880145232,2.056336381449894,102.83681907249468
41,0.15,0.05,0.012047315346524114,154.07844859255576,4.150302250901565,83.0560450180313
41,0.15,0.1,0.020870840423780502,172.94677188974086,4.791373896283483,48.01373896283483
41,0.15,0.2,0.05701794490714964,118.96239443247876,3.5076676356134584,17.73833817806729
41,0.15,0.4,0.20155525508729497,61.031878409607266,1.9845674568333993,5.361418642083498
41,0.3,0.0,0.03766088521908985,0.058075345815375094,0.0,26.552748141276087
41,0.3,0.01,0.03740653856632549,10.098315428247092,0.26733294186707524,26.743294186707526
41,0.3,0.02,0.037396708385692055,20.14177251762678,0.5348064271788151,26.76032135894075
41,0.3,0.05,0.03883398794675447,47.742432283535564,1.287531944145302,25.80063888290604
41,0.3,0.1,0.04611392739081213,78.05417689135196,2.1685422530271037,21.785422530271035
41,0.3,0.2,0.07890602847223711,85.46776380170463,2.5346605813568415,12.873302906784206
41,0.3,0.4,0.21561489967336506,56.51642718862317,1.8551593633183974,5.037898408295994
41,0.5,0.0,0.10460376948073823,0.04247738619225421,0.0,9.559884934970153
41,0.5,0.01,0.10367449521841816,3.662636995304486,0.0964557385008947,9.65557385008947
41,0.5,0.02,0.10297874051190443,7.3610069771941005,0.19421484376853476,9.730742188426737
41,0.5,0.05,0.10229229089075188,18.209063590887702,0.4887953878499014,9.825907756998028
41,0.5,0.1,0.105813222388715,34.01914236331534,0.9450614747620144,9.550614747620143
41,0.5,0.2,0.13027269169719294,51.307871350971915,1.5352411729150564,7.876205864575281
41,0.5,0.4,0.24737311522369385,48.16867934995409,1.6169905918769272,4.442476479692318
41,0.75,0.0,0.23534947848384882,0.03626509677567705,0.0,4.249000280103133
41,0.75,0.01,0.23309173317886878,1.687738463442554,0.0429015643910728,4.300156439107281
41,0.75,0.02,0.23102551621343795,3.4058942581650875,0.08657052401745341,4.348526200872669
41,0.75,0.05,0.22597724688558246,8.52421195566994,0.2212612140784075,4.475224281568149
41,0.75,0.1,0.22141519138427632,16.63226037663604,0.45164019403910444,4.616401940391044
41,0.75,0.2,0.22700949297523118,29.348414506565472,0.8810204250877819,4.6051021254389095
41,0.75,0.4,0.3009305346367126,37.753791347478526,1.329210412239773,3.7230260305994323
41,1.0,0.0,0.4183919693492373,0.03382480478578655,0.0,2.390103236339335
41,1.0,0.01,0.41418662388288807,1.0388942734675997,0.024143705816119056,2.4243705816119054
41,1.0,0.02,0.40994058142689366,2.1051818431151106,0.04878755826121274,2.4593779130606372
41,1.0,0.05,0.3970423623646593,5.283911573467803,0.12593114674770658,2.5686229349541314
41,1.0,0.1,0.37597610909227586,10.41667051271505,0.2659743467249324,2.7597434672493244
41,1.0,0.2,0.34384836382298467,19.40430430880859,0.5816517425773219,3.1082587128866095
41,1.0,0.4,0.35422757315263276,29.71157978454256,1.1292175717434747,3.2230439293586866
41,1.5,0.0,0.5541997342623614,0.031969108015818384,0.0,1.804403607899592
41,1.5,0.01,0.5486542917200979,0.6525228446211987,0.018226413519246854,1.8326413519246854
41,1.5,0.02,0.543102641617548,1.3337788336006877,0.03682545152134239,1.8612725760671194
41,1.5,0.05,0.5264381805182484,3.362730802834199,0.09497791355250458,1.9495582710500916
41,1.5,0.1,0.4990007227593767,6.655269110232911,0.20040051133998266,2.1040051133998263
41,1.5,0.2,0.45012778069176523,12.641689408715884,0.44431827711819094,2.4215913855909545
41,1.5,0.4,0.4145596636742812,21.020390815946588,0.9648792081090631,2.8121980202726578
42,0.08,0.0,0.00294092235350705,0.2165835034598573,0.0,340.02937847287944
42,0.08,0.01,0.0030412104753541756,129.7663613598973,3.288164394092261,328.8264394092261
42,0.08,0.02,0.003400883157294714,231.14193191472535,5.880825384165599,294.0612692082799
42,0.08,0.05,0.006035788156279275,320.8448995809382,8.283922282458335,165.7284456491667
42,0.08,0.1,0.015607481121307854,241.526494385906,6.407183787233718,64.17183787233716
42,0.08,0.2,0.05406672321267498,131.24139083735292,3.6991329992995317,18.69566499649766
42,0.08,0.4,0.2057521593114993,62.45272913187019,1.9440865230212163,5.260216307553041
42,0.15,0.0,0.010329549535978068,0.11939315053756795,0.0,96.80964271645884
42,0.15,0.01,0.010355937681414514,38.122737644421996,0.9656296037727897,96.57296037727897
42,0.15,0.02,0.010641682650365244,73.94380523726537,1.8794020322823253,93.99010161411626
42,0.15,0.05,0.013054624526856727,148.51409848856338,3.8300603665112787,76.65120733022556
42,0.15,0.1,0.022255583483262613,169.51978958417874,4.493254471409628,45.03254471409628
42,0.15,0.2,0.05996697628566326,118.34769048538719,3.3351689944689684,16.87584497234484
42,0.15,0.4,0.21006946708480784,61.140116579389286,1.9041320261859602,5.1603300654649
42,0.3,0.0,0.04130677448688528,0.06232814588024598,0.0,24.209104013132173
42,0.3,0.01,0.041022294537124845,9.645234676368522,0.24376988446977488,24.386988446977487
42,0.3,0.02,0.04099497847601568,19.25977211191548,0.4878646298521928,24.41323149260964
42,0.3,0.05,0.042455528188883186,45.80582905468351,1.17770293134858,23.6040586269716
42,0.3,0.1,0.05002439804791111,75.51496642099966,1.9990245540630898,20.0902455406309
42,0.3,0.2,0.08429115720771126,84.02199365449563,2.3727281321711797,12.063640660855897
42,0.3,0.4,0.22658483172113061,56.32419895139469,1.7653432357391876,4.813358089347969
42,0.5,0.0,0.11473433712424182,0.04001545668117223,0.0,8.71578661684457
42,0.5,0.01,0.11371010647244503,3.5203284281287623,0.08794293058219292,8.804293058219292
42,0.5,0.02,0.11293208848465305,7.08196657573625,0.17709758376351914,8.874879188175957
42,0.5,0.05,0.11207478113062673,17.54361932051703,0.4461306950198137,8.972613900396274
42,0.5,0.1,0.11556078475887444,32.881731349356485,0.8653454561480949,8.753454561480948
42,0.5,0.2,0.14082985612629112,50.06028204608179,1.4201534071059991,7.300767035529996
42,0.5,0.4,0.2619315273404773,47.70317834355524,1.5271166631271975,4.217791657817994
42,0.75,0.0,0.25814760547903076,0.029635478818033606,0.0,3.873752763053344
42,0.75,0.01,0.2556622702095652,1.6427031823396019,0.03911410155203208,3.921410155203208
42,0.75,0.02,0.25336926311037905,3.3157336139789395,0.07893617305618915,3.966808652809457
42,0.75,0.05,0.24764612856872847,8.299175039504505,0.20190099594520272,4.088019918904054
42,0.75,0.1,0.2419873970063686,16.202094836641646,0.41324466165222734,4.232446616522273
42,0.75,0.2,0.24563554656010378,28.683568836102584,0.814214403415194,4.27107201707597
42,0.75,0.4,0.3180160110991049,37.240675717972046,1.257798305870034,3.5444957646750845
42,1.0,0.0,0.45892622389836796,0.024971710172889006,0.0,2.1789994729554967
42,1.0,0.01,0.4541761998044124,1.0311491403384738,0.022017886459718555,2.2117886459718554
42,1.0,0.02,0.44911873816168785,2.0855756403408603,0.04453165343726935,2.2465826718634676
42,1.0,0.05,0.4325856374053944,5.2256763248069005,0.11558405013142606,2.361681002628521
42,1.0,0.1,0.4043334584224524,10.287479436750312,0.2473206159840446,2.5732061598404457
42,1.0,0.2,0.3624283393487,19.138199594658047,0.5518332268370872,2.9591661341854363
42,1.0,0.4,0.36870339189461626,29.321078003676693,1.0848828863346314,3.112207215836578
42,1.5,0.0,0.536636172231319,0.02099811575519119,0.0,1.863459922654909
42,1.5,0.01,0.5312895936091278,0.6772983390448418,0.01882212661473104,1.8922126614731036
42,1.5,0.02,0.5259830260052863,1.3736678006068659,0.03802404072217911,1.9212020361089552
42,1.5,0.05,0.5103215619969892,3.4437803497873047,0.09797743956641791,2.009548791328358
42,1.5,0.1,0.4853269936367363,6.787246907367743,0.20604664754099639,2.160466475409964
42,1.5,0.2,0.44292744824383296,12.787002082876034,0.4515412192064001,2.4577060960320005
42,1.5,0.4,0.4213154449846158,20.869590953286643,0.9494073971453999,2.7735184928634995
43,0.08,0.0,0.0027003643273029775,0.921913875624373,0.0,370.3204008026437
43,0.08,0.01,0.002811220266655965,145.01180425812723,3.5571741277659883,355.7274127765988
43,0.08,0.02,0.003197782821112816,254.60280521479365,6.254333430010759,312.73667150053797
43,0.08,0.05,0.006011189152060659,334.54904322807954,8.317821771231372,166.40643542462743
43,0.08,0.1,0.01620501553150517,242.2420567446054,6.170928982177391,61.80928982177391
43,0.08,0.2,0.05709828428536049,130.0362099081999,3.5027322187205945,17.713661093602973
43,0.08,0.4,0.2176548546717505,61.55097416574427,1.8377720111193834,4.994430027798458
43,0.15,0.0,0.009484718857784116,0.49369198902852235,0.0,105.43275082732676
43,0.15,0.01,0.009527820862686718,42.63111929902854,1.0495579360819483,104.96579360819483
43,0.15,0.02,0.00984680830863751,82.59883957702199,2.031114994130253,101.57574970651264
43,0.15,0.05,0.012458545855459023,161.47746608845287,4.01330946485149,80.3161892970298
43,0.15,0.1,0.022319541632374575,175.97716312001404,4.480378748233326,44.90378748233326
43,0.15,0.2,0.0625552395634734,118.72481970640509,3.197174231857341,16.1858711592867
43,0.15,0.4,0.22174208609086699,60.40505244090908,1.803897523702764,4.909743809256909
43,0.3,0.0,0.037927951070396544,0.24736721496856615,0.0,26.36577963686834
43,0.3,0.01,0.037685962420596214,10.704352392943273,0.26535079264778916,26.545079264778916
43,0.3,0.02,0.037718540883001944,21.53300350695805,0.5302432048481787,26.53216024240893
43,0.3,0.05,0.03946307254533763,51.03262597067737,1.2670072747771197,25.39014549554239
43,0.3,0.1,0.04785113238377466,82.13484127018215,2.089814702774055,20.99814702774055
43,0.3,0.2,0.08501999345443485,87.22271627393842,2.352387854595483,11.961939272977414
43,0.3,0.4,0.23725657755387866,56.161872380416895,1.6859385064220775,4.614846266055194
43,0.5,0.0,0.1053484144845071,0.1485476021530751,0.0,9.492311819719541
43,0.5,0.01,0.10442837959089175,3.8502880005983977,0.09575940983835969,9.585940983835968
43,0.5,0.02,0.10377522490699388,7.85371352908705,0.1927242269811945,9.656211349059726
43,0.5,0.05,0.10341628335323347,19.580627525695636,0.4834828556854792,9.719657113709584
43,0.5,0.1,0.1081421266163302,36.44477289740195,0.92470902070183,9.347090207018299
43,0.5,0.2,0.1373632094898783,53.740966150641995,1.4559939356595855,7.479969678297927
43,0.5,0.4,0.2706921023095573,48.331599054260224,1.4776936474584292,4.094234118646073
43,0.75,0.0,0.23702852664065352,0.09908404308886824,0.0,4.2189014722099145
43,0.75,0.01,0.23477432487232103,1.7468335900863925,0.04259409543798442,4.269409543798441
43,0.75,0.02,0.2327522811588609,3.5949484863709373,0.0859282663113809,4.316413315569044
43,0.75,0.05,0.228078728763916,9.110511429058722,0.21922254771840183,4.434450954368036
43,0.75,0.1,0.2249261281435913,17.830631795413165,0.44459041208480987,4.545904120848098
43,0.75,0.2,0.2359203427025796,31.14382281925359,0.8477437668532734,4.438718834266367
43,0.75,0.4,0.32569915361108787,38.323273119834866,1.22812723203338,3.47031808008345
43,1.0,0.0,0.42138034200625346,0.07434235396056935,0.0,2.373152945955793
43,1.0,0.01,0.41719286899673347,1.0526237830691767,0.023969728974629952,2.406972897462995
43,1.0,0.02,0.4130590045990591,2.173575990303685,0.04841923254866033,2.440961627433017
43,1.0,0.05,0.40101694046875325,5.524374161479165,0.12468301199833214,2.543660239966642
43,1.0,0.1,0.3826178808213201,10.948366414741166,0.26135736203792137,2.7135736203792136
43,1.0,0.2,0.35714115875515917,20.36202349131165,0.5600026630845747,3.0000133154228736
43,1.0,0.4,0.37974419898341544,30.237236907611738,1.0533406463372181,3.033351615843045
43,1.5,0.0,0.5933963830456942,0.049600087757506475,0.0,1.6852141815684027
43,1.5,0.01,0.5874432471608574,0.6376884913578132,0.01702292101974191,1.7122921019741908
43,1.5,0.02,0.5814528316889084,1.3076512201572863,0.03439659919087039,1.7398299595435192
43,1.5,0.05,0.5633008739411255,3.3021637956708103,0.08876251096536707,1.8252502193073412
43,1.5,0.1,0.5330019857586192,6.5330991025997776,0.1876165617988655,1.9761656179886549
43,1.5,0.2,0.4788721440137985,12.39546942059607,0.4176480141936113,2.288240070968057
43,1.5,0.4,0.44233404662612075,20.67402806442131,0.9042939449291291,2.660734862322822
44,0.08,0.0,0.002553603121170206,0.6408018002380118,0.0,391.60353138264617
44,0.08,0.01,0.0026678353456130685,157.80530642337868,3.7483572651677273,374.84572651677274
44,0.08,0.02,0.0030615891078453654,274.4002985098914,6.53255525006596,326.647762503298
44,0.08,0.05,0.005919357713487296,350.64654215763767,8.44686238273363,168.98724765467261
44,0.08,0.1,0.016261598116677226,249.49264424858427,6.149457100249213,61.59457100249214
44,0.08,0.2,0.05770261725769369,133.39516478367926,3.466047287020301,17.530236435101504
44,0.08,0.4,0.21951183374203972,63.26222674239673,1.8222252221265745,4.9555630553164365
44,0.15,0.0,0.008966254225760419,0.354237595688069,0.0,111.52929359586511
44,0.15,0.01,0.00901626812924231,46.5841682602422,1.1091063238866166,110.92063238866166
44,0.15,0.02,0.009345619468859865,89.82435615149278,2.1400400547701666,107.02200273850832
44,0.15,0.05,0.012009056202882677,172.84126766818684,4.163524523100984,83.32049046201966
44,0.15,0.1,0.022023371208428913,184.227003351028,4.540630907666281,45.5063090766628
44,0.15,0.2,0.06278818550510519,122.54706642597633,3.1853126251552273,16.126563125776137
44,0.15,0.4,0.2230520760138523,62.18405407848678,1.7933031924578844,4.883257981144711
44,0.3,0.0,0.03584640136727228,0.2020782367727412,0.0,27.896803078062913
44,0.3,0.01,0.03562661086940498,11.743274798974792,0.2806890623600598,28.078906236005984
44,0.3,0.02,0.03568414982832588,23.504517852733553,0.5604729297522485,28.043646487612424
44,0.3,0.05,0.03752001363133463,55.335870231534386,1.3326221171263857,26.702442342527714
44,0.3,0.1,0.04611331389029517,87.94041123018097,2.1685711037359567,21.785711037359565
44,0.3,0.2,0.08385696934621995,91.49770912895826,2.3850134527788716,12.125067263894355
44,0.3,0.4,0.23690555640050762,58.103765504651406,1.6884365486293968,4.621091371573493
44,0.5,0.0,0.09955667738072137,0.15108346996447153,0.0,10.04452967203629
44,0.5,0.01,0.09869566166033714,4.24662487693129,0.10132157616426117,10.142157616426116
44,0.5,0.02,0.09810372513295668,8.585119748556101,0.20386585700894308,10.213292850447154
44,0.5,0.05,0.09794143976416307,21.27994945494666,0.5105091381176028,10.260182762352057
44,0.5,0.1,0.10303556540690885,39.382440910074635,0.9705386640533221,9.80538664053322
44,0.5,0.2,0.1330924897096781,57.256915685692704,1.502714393849502,7.71357196924751
44,0.5,0.4,0.2671228266396098,50.38744015996874,1.497438481884823,4.143596204712058
44,0.75,0.0,0.22398572211590756,0.1311687655431332,0.0,4.4645702884692025
44,0.75,0.01,0.22186367662470813,1.9471167792113049,0.04507272281850547,4.517272281850547
44,0.75,0.02,0.21997723143876385,3.9333108135906154,0.09091850037928811,4.565925018964405
44,0.75,0.05,0.21573053979569218,9.870101038340756,0.2317706155435969,4.685412310871937
44,0.75,0.1,0.21334780866114694,19.246945804408654,0.4687181960177833,4.787181960177833
44,0.75,0.2,0.225956444257268,33.38155780146508,0.8851263377657215,4.625631688828608
44,0.75,0.4,0.31676993470074116,40.22738845895695,1.2627461011345282,3.5568652528363205
44,1.0,0.0,0.3981827665381771,0.12344696116486391,0.0,2.5114095436476447
44,1.0,0.01,0.39423855122865276,1.19251126026032,0.025365352954029457,2.546535295402945
44,1.0,0.02,0.3903702306157406,2.378300056635064,0.051233414926270135,2.581670746313507
44,1.0,0.05,0.3792475580191419,5.9348005166882825,0.13184000514375452,2.6868001028750896
44,1.0,0.1,0.36266021873429394,11.703197142330424,0.275740196564724,2.85740196564724
44,1.0,0.2,0.34067503899547547,21.68847070786108,0.5870697207219112,3.135348603609556
44,1.0,0.4,0.36509175572866526,31.750857177831538,1.0956149891735119,3.1390374729337793
44,1.5,0.0,0.5725077114526704,0.11762383134448257,0.0,1.7467013631355612
44,1.5,0.01,0.5667531087047155,0.7465813598824101,0.017644367267529375,1.7744367267529375
44,1.5,0.02,0.5609406655130451,1.4257771385918994,0.035654394893455774,1.8027197446727887
44,1.5,0.05,0.5432050106833591,3.4545293965795105,0.09204627905972247,1.8909255811944494
44,1.5,0.1,0.5132748251844235,6.7440226135133265,0.1948274006309763,2.048274006309763
44,1.5,0.2,0.45920049825587916,12.726166128439983,0.43553959710329954,2.3776979855164977
44,1.5,0.4,0.42049704608324845,21.25736334943221,0.9512551960253474,2.7781379900633683
45,0.08,0.0,0.0029709704924875567,0.07179479728367824,0.0,336.5903507048003
45,0.08,0.01,0.003068038145770169,125.97318904205297,3.2594118863178942,325.9511886317894
45,0.08,0.02,0.003418651243108856,224.95426474223805,5.850260403226269,292.5330201613134
45,0.08,0.05,0.0059913784028919415,316.04549521103075,8.345325004988137,166.95650009976274
45,0.08,0.1,0.015343294661756966,240.23661596503382,6.517505021216152,65.27505021216152
45,0.08,0.2,0.052936684122594814,131.17834744482496,3.778098370060821,19.090491850304105
45,0.08,0.4,0.2013889299656062,62.805022795387096,1.9862064914308508,5.365516228577127
45,0.15,0.0,0.0104394730459472,0.03950763408711925,0.0,95.7902755817947
45,0.15,0.01,0.010461212600174729,36.936281452103934,0.9559121281822506,95.60121281822506
45,0.15,0.02,0.010735211141166724,71.59438172028,1.8630280985629837,93.17140492814919
45,0.15,0.05,0.013070363040129714,144.7157172025766,3.825448447490391,76.55896894980782
45,0.15,0.1,0.022000363686072725,167.26102049532457,4.545379404946145,45.553794049461445
45,0.15,0.2,0.05864939754696767,118.08705765838147,3.4100947045506445,17.25047352275322
45,0.15,0.4,0.2047562330242398,61.5090080874041,1.953542483625622,5.283856209064055
45,0.3,0.0,0.04175425603856757,0.02183081861969897,0.0,23.949654355625928
45,0.3,0.01,0.041460385236645934,9.330450262071889,0.24119409269649567,24.129409269649567
45,0.3,0.02,0.04141384722494598,18.560949825567874,0.4829302598081936,24.16651299040968
45,0.3,0.05,0.042757784955000565,44.16508637944081,1.1693776946729428,23.43755389345886
45,0.3,0.1,0.0499364022274795,73.39104704475054,2.0025471507631165,20.125471507631165
45,0.3,0.2,0.08269862554943358,83.06537977296011,2.418419879063756,12.292099395318779
45,0.3,0.4,0.21932696799755325,56.584849231086864,1.8237611345836062,4.959402836459016
45,0.5,0.0,0.1159848584064397,0.015618509108071107,0.0,8.62181506913387
45,0.5,0.01,0.11494115395656193,3.405836972348908,0.08700104058272425,8.710104058272425
45,0.5,0.02,0.11412972674723239,6.8020098278973595,0.17523918237616384,8.78195911880819
45,0.5,0.05,0.11308865166843353,16.79588107672365,0.4421310119303201,8.892620238606403
45,0.5,0.1,0.11599096014435502,31.58148849316959,0.8621361516065246,8.721361516065246
45,0.5,0.2,0.1390711178553308,48.77764585428629,1.4381131257465745,7.390565628732872
45,0.5,0.4,0.2521110900727606,47.620692491295806,1.5866021597247384,4.366505399311846
45,0.75,0.0,0.26096918733045904,0.013079281872764588,0.0,3.8318700005519193
45,0.75,0.01,0.25844370611359907,1.5981313336880307,0.038693145793244794,3.8793145793244794
45,0.75,0.02,0.2560867164034921,3.186744241756351,0.07809854521500387,3.924927260750193
45,0.75,0.05,0.25002958070298426,7.920470733310554,0.1999763382373389,4.049526764746778
45,0.75,0.1,0.2433539608866007,15.45624466393435,0.4109240697610774,4.209240697610774
45,0.75,0.2,0.2434338328664963,27.59209513040269,0.8215784866259069,4.307892433129535
45,0.75,0.4,0.3044456907947674,36.735593187219486,1.313863234377811,3.684658085944527
45,1.0,0.0,0.4639491562146776,0.012063759138953668,0.0,2.1554085972672445
45,1.0,0.01,0.4590147132491789,1.014458022854081,0.021785794030901664,2.188579403090166
45,1.0,0.02,0.45352858621648556,2.016756785424522,0.04409865355312637,2.2249326776563185
45,1.0,0.05,0.4348949265301106,5.000968542695026,0.11497029960531899,2.3494059921063792
45,1.0,0.1,0.4031124200258382,9.817797993810546,0.24806975680280535,2.5806975680280537
45,1.0,0.2,0.35593172977336335,18.322531884232564,0.561905509596878,3.00952754798439
45,1.0,0.4,0.3503492973755692,28.597829954203032,1.141717717136467,3.254294292841167
45,1.5,0.0,0.5194651153611403,0.011281981692682283,0.0,1.92505708358257
45,1.5,0.01,0.5142841061303859,0.6770785973133975,0.019444505246803623,1.9544505246803623
45,1.5,0.02,0.5091307583320267,1.341387304865596,0.03928263942552281,1.9841319712761407
45,1.5,0.05,0.4938521333660172,3.3168199566255065,0.10124488003971552,2.0748976007943103
45,1.5,0.1,0.46920386990955415,6.512527403552013,0.21312697190514746,2.2312697190514745
45,1.5,0.2,0.425971747136994,12.281915328505738,0.4695147068889508,2.547573534444754
45,1.5,0.4,0.39404800829166986,20.18443525015698,1.0151047374509874,2.937761843627468
46,0.08,0.0,0.0030940765079275523,0.0828970748997458,0.0,323.1982135664161
46,0.08,0.01,0.003187576371432262,118.65369883775881,3.1371797361851876,313.7279736185187
46,0.08,0.02,0.003529950666503277,213.1873245791474,5.665801561983794,283.31007809918964
46,0.08,0.05,0.006050037002805953,306.25902451102525,8.264412263397803,165.33824526795607
46,0.08,0.1,0.015222621118399726,236.95306229522186,6.569170921499785,65.79170921499784
46,0.08,0.2,0.0521411561877493,130.30932640149558,3.8357415642998443,19.37870782149922
46,0.08,0.4,0.1986627343016586,61.7233317904981,2.0134626728363747,5.433656682090937
46,0.15,0.0,0.010872630340243654,0.04951277749199417,0.0,91.97406411387202
46,0.15,0.01,0.01088835236165646,34.81761432691893,0.9184125997993222,91.85125997993222
46,0.15,0.02,0.01115296404139835,67.60884296519095,1.7932452687700422,89.6822634385021
46,0.15,0.05,0.01343984703249967,138.07824946453724,3.720280437648741,74.45560875297481
46,0.15,0.1,0.022223941998987987,162.47521391641516,4.49965177215427,45.096517721542696
46,0.15,0.2,0.05836449525849567,116.45093696137548,3.426740848425097,17.333704242125485
46,0.15,0.4,0.20329722192916455,60.30015949292075,1.9675625480970576,5.318906370242644
46,0.3,0.0,0.04348896670245319,0.03437454017501421,0.0,22.994338008577945
46,0.3,0.01,0.04317757992500892,8.835744836699934,0.23160167886593136,23.170167886593138
46,0.3,0.02,0.04311319141936088,17.58470855638469,0.463895140711355,23.21475703556775
46,0.3,0.05,0.04440170420574088,41.95807867435302,1.1260829036723166,22.57165807344633
46,0.3,0.1,0.05148364571185306,70.26511928990284,1.9423643880949373,19.523643880949372
46,0.3,0.2,0.08407158978625101,80.71934080270624,2.378924919922328,12.09462459961164
46,0.3,0.4,0.22123951039640322,55.11818822951597,1.8079953227310297,4.919988306827574
46,0.5,0.0,0.12080652035228577,0.030267719254311508,0.0,8.277698894760684
46,0.5,0.01,0.11971715439142434,3.238438834711193,0.0835302179611139,8.36302179611139
46,0.5,0.02,0.11886518013802473,6.474152898459038,0.16825785294546525,8.432892647273261
46,0.5,0.05,0.11773332680631234,16.012511076437708,0.42468858526572467,8.543771705314493
46,0.5,0.1,0.12058975320675785,30.199357686874787,0.8292578543431002,8.392578543431002
46,0.5,0.2,0.14401766690244827,46.97363985049154,1.3887185114272953,7.1435925571364765
46,0.5,0.4,0.260354524101924,46.025187597064296,1.5363666192464833,4.240916548116208
46,0.75,0.0,0.2718216671470726,0.02887705544189407,0.0,3.6788825942228405
46,0.75,0.01,0.26919967650942617,1.5127906646715092,0.03714714716475465,3.7247147164754653
46,0.75,0.02,0.26677017475195297,3.029354130538151,0.07497089964647026,3.768544982323513
46,0.75,0.05,0.260638120458226,7.557103235199295,0.19183686527548374,3.8867373055096746
46,0.75,0.1,0.254294294899195,14.79066148347494,0.3932451573073674,4.032451573073674
46,0.75,0.2,0.25648486368783535,26.502164489350434,0.7797731106792236,4.098865553396117
46,0.75,0.4,0.32513875206609444,35.31964893722805,1.2302440033930122,3.4756100084825303
46,1.0,0.0,0.48324593031129986,0.02837630827656059,0.0,2.0693397238872033
46,1.0,0.01,0.4783628576225031,0.9432161517317538,0.0209046330430015,2.10046330430015
46,1.0,0.02,0.4733817943556522,1.8949064990916282,0.04224919555096785,2.1324597775483927
46,1.0,0.05,0.4579754050407093,4.735732764400716,0.10917616852275182,2.233523370455036
46,1.0,0.1,0.4321262889027654,9.342749207737874,0.2314138310212861,2.414138310212861
46,1.0,0.2,0.39067687791957817,17.534683176714445,0.5119320116026178,2.7596600580130892
46,1.0,0.4,0.38842148537581456,27.4773628227768,1.0298091507810974,2.974522876952743
46,1.5,0.0,0.6210473459849514,0.028013923712092936,0.0,1.6101831953150816
46,1.5,0.01,0.6148361387477222,0.6033330448205991,0.016264496131225575,1.6364496131225577
46,1.5,0.02,0.608624096838633,1.225006965412736,0.0328610058390486,1.66305029195243
46,1.5,0.05,0.5900087331397377,3.0780641328455065,0.08474450832943518,1.7448901665887038
46,1.5,0.1,0.5593980294460684,6.091188444543941,0.17876359003091735,1.8876359003091734
46,1.5,0.2,0.5043269393108328,11.600968382607556,0.39656814738729157,2.1828407369364577
46,1.5,0.4,0.4584426479384107,19.443317084110177,0.8725191728971469,2.581297932242867
47,0.08,0.0,0.0025157076519123083,0.2679840927680841,0.0,397.5024678403521
47,0.08,0.01,0.0026237745080508537,158.62870967878084,3.811303131925307,381.1403131925307
47,0.08,0.02,0.00299827364280732,276.33251586141506,6.670505224891267,333.54526124456333
47,0.08,0.05,0.005719717537186631,357.593645777462,8.741690420012175,174.88380840024348
47,0.08,0.1,0.015572524557162907,256.95717162934534,6.421566370495972,64.31566370495972
47,0.08,0.2,0.05504581617964881,138.18340609523406,3.633336988723636,18.36668494361818
47,0.08,0.4,0.20894873067702716,64.61950428817251,1.9143452018298284,5.185863004574571
47,0.15,0.0,0.0088332251140731,0.15388290577814226,0.0,113.20893411929458
47,0.15,0.01,0.008877872733973167,46.96923470053635,1.1263959621467383,112.64959621467383
47,0.15,0.02,0.009188464102779287,90.26928153416296,2.1766423393818872,108.85211696909435
47,0.15,0.05,0.011715236664010734,174.67575352952835,4.267946216878422,85.40892433756844
47,0.15,0.1,0.021233520600600127,188.46389705949653,4.709534602432989,47.19534602432989
47,0.15,0.2,0.059995672684879466,126.70655007244311,3.33357375706874,16.8678687853437
47,0.15,0.4,0.212220666977588,63.500280472946436,1.8848305666772918,5.112076416693229
47,0.3,0.0,0.035317411326141704,0.09334794781465988,0.0,28.314646018798296
47,0.3,0.01,0.035095932880612614,11.93662690331117,0.2849333007906484,28.50333007906484
47,0.3,0.02,0.03513782808563223,23.671890843993012,0.5691871435895023,28.479357179475112
47,0.3,0.05,0.03684302143166721,55.606841254890796,1.3571091093257661,27.19218218651532
47,0.3,0.1,0.044939356998198496,89.0117470542893,2.225220979552706,22.35220979552706
47,0.3,0.2,0.08064232693987598,93.97058043234284,2.4800871650084306,12.600435825042151
47,0.3,0.4,0.22554480690947262,59.22385809947368,1.7734835285325317,4.833708821331329
47,0.5,0.0,0.09809224795801148,0.07384576766235271,0.0,10.194485505399483
47,0.5,0.01,0.09723886176709895,4.35015632026756,0.10283954191022349,10.293954191022348
47,0.5,0.02,0.09664052652414727,8.663947604576308,0.2069525148437872,10.367625742189361
47,0.5,0.05,0.09637492899813487,21.328647293900886,0.5188071267058225,10.426142534116451
47,0.5,0.1,0.10101726704944397,39.585198047455776,0.9899297706307373,9.999297706307372
47,0.5,0.2,0.12913696004145692,58.24550498629133,1.548743287249397,7.9437164362469845
47,0.5,0.4,0.2555302037979208,51.09391019256179,1.5653726802344246,4.313431700586062
47,0.75,0.0,0.2206970964517781,0.06652383170704093,0.0,4.531097219117688
47,0.75,0.01,0.21860373605005828,1.9848014708939357,0.04574487234614367,4.584487234614366
47,0.75,0.02,0.2167375733921351,3.9395275278509723,0.09227749340819073,4.633874670409536
47,0.75,0.05,0.21250130359165975,9.799928957026552,0.23529267423262246,4.755853484652449
47,0.75,0.1,0.20996764680243152,19.137688714628887,0.47626385075456285,4.862638507545627
47,0.75,0.2,0.22163515610420637,33.502049440308056,0.9023839156003115,4.711919578001557
47,0.75,0.4,0.3074872906241083,40.34328042846598,1.3008667746498344,3.6521669366245857
47,1.0,0.0,0.3923422812832441,0.0637508005839784,0.0,2.5487948857545355
47,1.0,0.01,0.3884857027608465,1.176779701354413,0.02574097303693064,2.5840973036930635
47,1.0,0.02,0.3847629411862485,2.317150158008302,0.051980058002308475,2.6190029001154236
47,1.0,0.05,0.3744028202660311,5.746917759085382,0.1335460025767771,2.7209200515355416
47,1.0,0.1,0.35990236622190186,11.363847384930853,0.27785313291978714,2.8785313291978714
47,1.0,0.2,0.34233209560721334,21.278305176448832,0.5842280129920303,3.121140064960152
47,1.0,0.4,0.3639990398531806,31.30108867470438,1.098903997552687,3.1472599938817174
47,1.5,0.0,0.7000947119685857,0.06168808148708149,0.0,1.4283781649887273
47,1.5,0.01,0.6928809318217459,0.6491752698043428,0.014432494156979702,1.4532494156979703
47,1.5,0.02,0.6852499374341411,1.2487559571897244,0.029186430975664535,1.4793215487832267
47,1.5,0.05,0.6601705831326821,3.040367085474184,0.07573800056757593,1.5647600113515185
47,1.5,0.1,0.6142785839445344,5.972069916705307,0.16279258729460996,1.7279258729460996
47,1.5,0.2,0.5284562959974923,11.450010694590558,0.37846081410098115,2.092304070504906
47,1.5,0.4,0.44258451849885494,19.804083996157946,0.9037821778238159,2.6594554445595393
48,0.08,0.0,0.0027069457377011555,0.9632437312427967,0.0,369.4200390027911
48,0.08,0.01,0.0028040936508926576,134.1651315085384,3.5662147007167864,356.6314700716786
48,0.08,0.02,0.0031496704436433107,236.79978404562516,6.349870679443354,317.5135339721677
48,0.08,0.05,0.005676730997526727,322.38787389494314,8.807886091799014,176.2077218359803
48,0.08,0.1,0.014852744602111816,239.06144635056975,6.732762373479555,67.42762373479555
48,0.08,0.2,0.05175806193433834,128.53512261163542,3.864132321139176,19.520661605695878
48,0.08,0.4,0.1984327417158942,61.16302420505897,2.0157963677823867,5.439490919455967
48,0.15,0.0,0.009508853572851935,0.5160912251860977,0.0,105.16514870467984
48,0.15,0.01,0.009537332858765681,39.639076688914564,1.048511166390621,104.8611166390621
48,0.15,0.02,0.009812941838341237,76.13923849836806,2.0381247875999606,101.92623937999802
48,0.15,0.05,0.012122300200611884,150.91251959875044,4.124629746215674,82.54259492431346
48,0.15,0.1,0.0209094292398472,169.5641209600211,4.782531309340071,47.92531309340071
48,0.15,0.2,0.056938453306158626,116.54679943769193,3.512564679700694,17.76282339850347
48,0.15,0.4,0.20145655946628693,60.02147286025449,1.985539716650123,5.363849291625308
48,0.3,0.0,0.0380249533636013,0.2589431585898379,0.0,26.298520091210207
48,0.3,0.01,0.03776594252417766,10.128982131312101,0.26478883702155787,26.488883702155785
48,0.3,0.02,0.03774940297131758,19.891743302184043,0.5298097036182592,26.51048518091296
48,0.3,0.05,0.03915435905434112,46.7150651892348,1.2769970242804014,25.589940485608025
48,0.3,0.1,0.04634087634405929,76.2381543226727,2.1579220741866614,21.67922074186661
48,0.3,0.2,0.07881774367821151,83.56367546972909,2.537499688097368,12.887498440486839
48,0.3,0.4,0.21484255952051118,55.60568335622514,1.8618284984722113,5.0545712461805286
48,0.5,0.0,0.10561735339005006,0.15594584267472425,0.0,9.468141057340748
48,0.5,0.01,0.10467589508681993,3.742818592528112,0.09553297816756985,9.563297816756984
48,0.5,0.02,0.10396386323995681,7.3333261037740645,0.19237453646598743,9.63872682329937
48,0.5,0.05,0.10320416057039498,17.852308582427636,0.4844765920642829,9.73953184128566
48,0.5,0.1,0.10652357784531377,33.1738338851409,0.9387593058995177,9.487593058995177
48,0.5,0.2,0.13031702790612695,50.01380815469419,1.5347188561119485,7.873594280559741
48,0.5,0.4,0.24574056947805611,47.39352574879892,1.627732860103585,4.469332150258962
48,0.75,0.0,0.23763256819972647,0.10458580253193732,0.0,4.208177387366851
48,0.75,0.01,0.23534708643974325,1.76704533212447,0.04249043466514439,4.259043466514439
48,0.75,0.02,0.23324334052588036,3.4413333785337383,0.08574735705168324,4.307367852584161
48,0.75,0.05,0.2280244949223678,8.420406858236456,0.21927468808569353,4.43549376171387
48,0.75,0.1,0.22299552374521858,16.288830245492264,0.4484394947508187,4.584394947508186
48,0.75,0.2,0.22713346952011548,28.642983427751087,0.8805395366105986,4.602697683052993
48,0.75,0.4,0.2979653733322745,37.1738042006419,1.3424378662749585,3.756094665687396
48,1.0,0.0,0.42245302165008697,0.07905855930570083,0.0,2.3671271094097857
48,1.0,0.01,0.4181761990615922,1.11098882078872,0.023913364802780473,2.4013364802780472
48,1.0,0.02,0.41379832054475185,2.1612725487480353,0.0483327239551641,2.436636197758205
48,1.0,0.05,0.40019319883146875,5.288254407276491,0.12493965451186051,2.5487930902372096
48,1.0,0.1,0.3773885979746805,10.323346944865072,0.26497885875902677,2.7497885875902677
48,1.0,0.2,0.34209569634762926,19.120711717649794,0.5846317335625436,3.123158667812718
48,1.0,0.4,0.3492355396501494,29.372827627197168,1.1453588039771223,3.2633970099428056
48,1.5,0.0,0.5409651360811103,0.05384831960110308,0.0,1.8485479623405228
48,1.5,0.01,0.5355553151976498,0.7082573392831365,0.01867220755023119,1.8772207550231188
48,1.5,0.02,0.5301457524110678,1.394957026595173,0.037725474379529264,1.9062737189764631
48,1.5,0.05,0.5139429116834272,3.4423342281543072,0.09728706995145492,1.9957413990290984
48,1.5,0.1,0.4873494570973662,6.765997683108365,0.20519156950660414,2.1519156950660414
48,1.5,0.2,0.4399894967261692,12.807010434542525,0.45455630529396823,2.4727815264698414
48,1.5,0.4,0.40489202757501497,21.176586479195183,0.9879176984434237,2.869794246108559
49,0.08,0.0,0.0023888930881000806,0.8608073111522294,0.0,418.6039153369202
49,0.08,0.01,0.002499176229177195,166.33693118362683,4.001318467762597,400.14184677625974
49,0.08,0.02,0.0028777888038177732,287.0086447332805,6.949780322123471,347.5090161061735
49,0.08,0.05,0.0056229923023766335,361.9910605486481,8.892062679663784,177.8912535932757
49,0.08,0.1,0.015553990133910608,255.607740028875,6.4292184281370535,64.39218428137053
49,0.08,0.2,0.0553378070701462,136.20805454257214,3.6141656236301527,18.270828118150764
49,0.08,0.4,0.21068785263063347,63.87445440573444,1.898543247774509,5.146358119436273
49,0.15,0.0,0.008384144095979491,0.4632472797637456,0.0,119.272759216953
49,0.15,0.01,0.008434199756720969,49.51319056639574,1.1856489398453351,118.57489398453352
49,0.15,0.02,0.008752034511093578,94.5950811844816,2.2851829451368304,114.27914725684151
49,0.15,0.05,0.0113115859450438,180.1039422512129,4.420246660629196,88.45493321258391
49,0.15,0.1,0.020921861823732634,190.05200235641644,4.779689343257462,47.89689343257462
49,0.15,0.2,0.060017601572331464,125.50020838027567,3.332355754985741,16.861778774928702
49,0.15,0.4,0.21371978438726358,62.84214656334316,1.8716095992086246,5.079023998021562
49,0.3,0.0,0.03351354066308124,0.23774615376494107,0.0,29.838685504859455
49,0.3,0.01,0.03331096388585224,12.6648174972268,0.30020146022394684,30.030146022394685
49,0.3,0.02,0.033373487569247184,24.942785637532424,0.5992780933818104,29.983904669090517
49,0.3,0.05,0.0351509639975874,58.07056189127586,1.4224360960180713,28.498721920361426
49,0.3,0.1,0.04340296370263313,91.58379707280332,2.3039901303775094,23.139901303775094
49,0.3,0.2,0.07955877998114019,94.35105478138601,2.513864592285239,12.769322961426193
49,0.3,0.4,0.22614837769159588,58.85828540998528,1.768750251861147,4.821875629652868
49,0.5,0.0,0.09307304240452631,0.15064973767688866,0.0,10.744249614766737
49,0.5,0.01,0.09227062842865198,4.645354304335968,0.10837684938639465,10.847684938639464
49,0.5,0.02,0.09172482659396006,9.16523006842427,0.21804347571606061,10.92217378580303
49,0.5,0.05,0.0916262327462534,22.380815355821127,0.5456952501634365,10.96390500326873
49,0.5,0.1,0.0965787832032641,41.15941587946236,1.0354241033409528,10.454241033409527
49,0.5,0.2,0.12544802222746548,59.372519887757115,1.59428579621092,8.1714289810546
49,0.5,0.4,0.25409421131855714,51.19047796138477,1.574219254835842,4.335548137089606
49,0.75,0.0,0.20939434045057992,0.11005371980818933,0.0,4.775678262593799
49,0.75,0.01,0.20741425646416392,2.1262873663951205,0.04821269362324549,4.831269362324549
49,0.75,0.02,0.20566187023084706,4.181283632194521,0.09724700051375987,4.882350025687993
49,0.75,0.05,0.20177002530588775,10.324436633929137,0.24780687777681007,5.006137555536201
49,0.75,0.1,0.19982212552778422,20.028276168884297,0.5004450820241902,5.104450820241901
49,0.75,0.2,0.21273085846735212,34.57347948220595,0.9401550928761663,4.900775464380831
49,0.75,0.4,0.30195415466762565,40.90102998205104,1.3247044089865159,3.7117610224662894
49,1.0,0.0,0.37223999501801935,0.091681815677769,0.0,2.686438892606347
49,1.0,0.01,0.3685788549302822,1.2529236867961657,0.02713123627748947,2.7231236277489463
49,1.0,0.02,0.36504044889711046,2.4616927606753225,0.05478844895250816,2.759422447625408
49,1.0,0.05,0.3551703829840879,6.088238656269746,0.1407775039683984,2.865550079367967
49,1.0,0.1,0.341322569662146,11.984780767062823,0.29297798882442433,3.029779888244243
49,1.0,0.2,0.32500645245311743,22.203514523584353,0.6153723979644689,3.2768619898223443
49,1.0,0.4,0.35247547038346966,32.14216965578204,1.1348307431573235,3.2370768578933085
49,1.5,0.0,0.6176919777939668,0.07587696472067139,0.0,1.6189298808305932
49,1.5,0.01,0.6114023942383624,0.6608045804727815,0.016355840432154708,1.6455840432154707
49,1.5,0.02,0.6048911097855423,1.3170494626595581,0.033063802189274676,1.6731901094637338
49,1.5,0.05,0.5841684350310513,3.2777579230881835,0.08559175231257106,1.7618350462514212
49,1.5,0.1,0.5472831294113991,6.4700329924473845,0.1827207794757891,1.927207794757891
49,1.5,0.2,0.47863732477573295,12.346677114693087,0.4178529121056546,2.2892645605282733
49,1.5,0.4,0.418620970782555,20.96641337985412,0.9555183039498819,2.7887957598747044
50,0.08,0.0,0.0024155309788700587,0.2462430238158782,0.0,413.9876527138483
50,0.08,0.01,0.0025294752880690528,167.46257872501772,3.9533890871231976,395.34890871231977
50,0.08,0.02,0.0029196034076567263,288.8331412832445,6.8502454640070445,342.5322732003522
50,0.08,0.05,0.005746450014891179,362.2519252821897,8.701024087990238,174.07048175980475
50,0.08,0.1,0.015970073896356643,254.97020253785234,6.261711789750306,62.717117897503066
50,0.08,0.2,0.05691828809836801,135.9681179949879,3.513809123253208,17.769045616266038
50,0.08,0.4,0.21671457391615148,63.66478395627933,1.8457457326093956,5.014364331523489
50,0.15,0.0,0.008482914573519438,0.1375693539556906,0.0,117.88401160158266
50,0.15,0.01,0.008536002710610823,49.71962646588396,1.1715085314545801,117.16085314545802
50,0.15,0.02,0.00886490956348536,95.24538905213788,2.256086185287234,112.82430926436167
50,0.15,0.05,0.011505884288024197,181.05251506737528,4.345602541131243,86.96205082262486
50,0.15,0.1,0.02141210766536246,190.22583833214333,4.670254865277282,46.80254865277282
50,0.15,0.2,0.061692456437826775,125.4009685239789,3.2418874453728166,16.409437226864082
50,0.15,0.4,0.2199283198125279,62.63000752832304,1.8187744095029212,4.946936023757303
50,0.3,0.0,0.033920278214589455,0.08017578585066423,0.0,29.480890270820062
50,0.3,0.01,0.03371787116210933,12.646188500482298,0.2965786289389931,29.667862893899315
50,0.3,0.02,0.03378903799064917,25.066786547360657,0.5919079437992533,29.61539718996266
50,0.3,0.05,0.03564325196817902,58.53857273854886,1.4027900721471251,28.1058014429425
50,0.3,0.1,0.04419203513036469,92.17767211595354,2.2628512062185893,22.728512062185892
50,0.3,0.2,0.08156605513839528,94.60294570839399,2.4520004021360937,12.460002010680467
50,0.3,0.4,0.23286605105395053,58.676726425651964,1.7177256976257471,4.694314244064368
50,0.5,0.0,0.09421579081715233,0.061293810876483105,0.0,10.613932031210489
50,0.5,0.01,0.09340658837121303,4.6085484265840595,0.10705882930075947,10.715882930075946
50,0.5,0.02,0.09286327521686251,9.183537956470548,0.21537039215227158,10.788519607613578
50,0.5,0.05,0.09282777380134202,22.563871563385476,0.5386318981106185,10.82263796221237
50,0.5,0.1,0.09807036383552448,41.54921351351675,1.019676037581667,10.29676037581667
50,0.5,0.2,0.12820290667771742,59.791721425278084,1.5600270320139429,8.000135160069714
50,0.5,0.4,0.26182164031738436,51.08777587817802,1.5277575967941903,4.219393991985475
50,0.75,0.0,0.21198004759361042,0.05405203668240729,0.0,4.717425113127215
50,0.75,0.01,0.2099801124828871,2.100341523910101,0.04762355768723087,4.772355768723087
50,0.75,0.02,0.208219883674323,4.176051887586379,0.09605230608658887,4.822615304329442
50,0.75,0.05,0.20437642327827735,10.38739886266136,0.2446466143108904,4.942932286217808
50,0.75,0.1,0.20274683933123178,20.21002385992398,0.4932259379719745,5.032259379719744
50,0.75,0.2,0.2171460071549195,34.89177046315591,0.9210392703988938,4.805196351994469
50,0.75,0.4,0.31188645784797026,40.86658261937833,1.2825180123562174,3.6062950308905433
50,1.0,0.0,0.37684971106257353,0.05127557267930108,0.0,2.653577727790685
50,1.0,0.01,0.37315744768523385,1.2418521323005962,0.02679833958033503,2.6898339580335024
50,1.0,0.02,0.3696177572577365,2.453968178423969,0.05410995442530617,2.7254977212653086
50,1.0,0.05,0.3599184511685975,6.094878315957512,0.13892035775786993,2.8284071551573984
50,1.0,0.1,0.3468786731476553,12.03133311334548,0.2882852355625598,2.982852355625598
50,1.0,0.2,0.3334028186140385,22.335237395681517,0.5998749525615998,3.199374762807999
50,1.0,0.4,0.3664036423358274,32.08744213085926,1.0916922043951187,3.1292305109877963
50,1.5,0.0,0.683639005833258,0.04919632170305908,0.0,1.4627603040015882
50,1.5,0.01,0.676577157785683,0.6786353477753098,0.014780280245830685,1.4880280245830686
50,1.5,0.02,0.6690747065569337,1.316930869377646,0.029892028205520182,1.514601410276009
50,1.5,0.05,0.6443045164403574,3.222470943230396,0.07760305682201198,1.6020611364402395
50,1.5,0.1,0.5991447318160128,6.333972810386626,0.16690458029548078,1.7690458029548077
50,1.5,0.2,0.5167813979412097,12.104932310070692,0.38701083436202266,2.135054171810113
50,1.5,0.4,0.4429016717650296,20.651537375438327,0.9031349969981826,2.657837492495456
51,0.08,0.0,0.0027217935314502763,0.7803988151751958,0.0,367.4047970373276
51,0.08,0.01,0.0028256463159151736,138.87164932411454,3.539013337825045,353.91133378250447
51,0.08,0.02,0.0031916314705457195,245.34530319038205,6.26638764048166,313.33938202408297
51,0.08,0.05,0.005862004870419883,329.4031667805955,8.529505025201148,170.64010050402297
51,0.08,0.1,0.015548560966450183,241.7730736775601,6.431463349937941,64.4146334993794
51,0.08,0.2,0.05445861043657419,129.87963674814762,3.6725138301670803,18.5625691508354
51,0.08,0.4,0.2082455829404889,61.25927833579194,1.9208090483931632,5.202022620982908
51,0.15,0.0,0.009560200087750955,0.42059147813806674,0.0,104.60032120888913
51,0.15,0.01,0.009595656407377723,40.772941885113525,1.042138189974309,104.2238189974309
51,0.15,0.02,0.009893220063861861,79.09856919029214,2.0215864876044125,101.09932438022061
51,0.15,0.05,0.012358169048228751,156.32797216951107,4.045906784805336,80.9681356961067
51,0.15,0.1,0.02170167819840681,173.31564032537673,4.607938569807994,46.17938569807994
51,0.15,0.2,0.05992070136813453,118.04663776101269,3.337744643061852,16.88872321530926
51,0.15,0.4,0.21226406629229166,60.06745451659255,1.8844451959626196,5.111112989906549
51,0.3,0.0,0.038228778424069645,0.21388419954084317,0.0,26.158303802100537
51,0.3,0.01,0.03797659742995112,10.24750414074904,0.26332006226848725,26.342006226848724
51,0.3,0.02,0.03798461989279054,20.5912491695054,0.5265288966020689,26.346444830103444
51,0.3,0.05,0.03956948813469329,48.89407506622911,1.263599868408749,25.321997368174983
51,0.3,0.1,0.04740752047349097,79.38641784443746,2.1093699691785686,21.193699691785685
51,0.3,0.2,0.08246239342737094,85.60113632843374,2.425347988185072,12.326739940925359
51,0.3,0.4,0.22774468272385395,55.669371704104954,1.7563527508785348,4.7908818771963375
51,0.5,0.0,0.10618201923907665,0.13236071704189165,0.0,9.417790386415861
51,0.5,0.01,0.10524577841703592,3.695026332158004,0.09501568756872172,9.51156875687217
51,0.5,0.02,0.10456068579764784,7.522413783104223,0.19127648071001763,9.58382403550088
51,0.5,0.05,0.10401186044352001,18.732287459262842,0.4807144087875512,9.664288175751024
51,0.5,0.1,0.10811235574795618,34.93826814733923,0.9249636575594689,9.349636575594687
51,0.5,0.2,0.13500993447266565,52.038127149979594,1.4813724692273837,7.606862346136919
51,0.5,0.4,0.26139805701380403,47.64638630424839,1.5302332563966863,4.2255831409917155
51,0.75,0.0,0.23890146798984227,0.09309469587198753,0.0,4.185826099831745
51,0.75,0.01,0.23661840599088532,1.6849040353319074,0.04226213915237518,4.236213915237518
51,0.75,0.02,0.23454726870376,3.4645947833069175,0.08527065827937899,4.283532913968949
51,0.75,0.05,0.22960620358748415,8.764562884574426,0.2177641510498173,4.405283020996346
51,0.75,0.1,0.22562356757767277,17.13163636234695,0.4432161102389013,4.532161102389012
51,0.75,0.2,0.23378853894329943,30.01368943831083,0.8554739291497342,4.477369645748671
51,0.75,0.4,0.3173122943670199,37.604953022952216,1.2605877777220293,3.551469444305073
51,1.0,0.0,0.4247074697761713,0.07458346201467214,0.0,2.35456183647304
51,1.0,0.01,0.4204627300584195,1.0234631307710993,0.02378332081564183,2.3883320815641826
51,1.0,0.02,0.4162241571559708,2.1208413721370825,0.048051031292029124,2.422551564601456
51,1.0,0.05,0.4036046703921399,5.391768918276666,0.12388360112736134,2.5276720225472267
51,1.0,0.1,0.38360584570165124,10.664364614373085,0.26068424431095566,2.7068424431095566
51,1.0,0.2,0.3544370088748617,19.803639670309032,0.5642751603024967,3.0213758015124834
51,1.0,0.4,0.3732920810578958,29.725179332933383,1.0715469743328467,3.078867435832117
51,1.5,0.0,0.5869026273254344,0.05781965875726633,0.0,1.703860152334103
51,1.5,0.01,0.5810181748763367,0.6315722062752409,0.01721116555799376,1.7311165557993757
51,1.5,0.02,0.5751038577932256,1.3185671118792812,0.034776327317197125,1.7588163658598561
51,1.5,0.05,0.5572216464411369,3.3615089818334494,0.08973090029674904,1.8446180059349808
51,1.5,0.1,0.5274742447956824,6.6655761137494105,0.18958271609779753,1.9958271609779752
51,1.5,0.2,0.4745109133962436,12.631390336940497,0.42148661780722546,2.3074330890361274
51,1.5,0.4,0.43999989775885606,20.89355792557924,0.9090911203329911,2.6727278008324777
52,0.08,0.0,0.002828658943184074,0.7049531515164771,0.0,353.52441566332914
52,0.08,0.01,0.0029300366220495564,133.87759007512471,3.412926625130376,341.3026625130376
52,0.08,0.02,0.003290732604386993,237.92727480332005,6.0776740028458365,303.9037001422918
52,0.08,0.05,0.005928305658892118,326.04100627883565,8.434113029412185,168.73226058824372
52,0.08,0.1,0.015503039912043867,243.24289253322235,6.450347839349422,64.6034783934942
52,0.08,0.2,0.05396162369061272,132.07880218835714,3.706337695594442,18.73168847797221
52,0.08,0.4,0.20554873926656664,62.593978466317836,1.9460104762854251,5.265026190713563
52,0.15,0.0,0.00993548332491448,0.3781307114410062,0.0,100.64935618102983
52,0.15,0.01,0.00996526052222868,39.163739626264636,1.0034860581611318,100.35860581611318
52,0.15,0.02,0.010253291276987425,76.13777533602637,1.950593176347986,97.54965881739929
52,0.15,0.05,0.012666468965919173,152.31429968708468,3.9474300323580063,78.99860064716012
52,0.15,0.1,0.02184571726600444,172.3035304590112,4.577556268002085,45.87556268002085
52,0.15,0.2,0.05942993466377054,119.64436204611219,3.365307418416586,17.02653709208293
52,0.15,0.4,0.20888576147190316,61.38287340465638,1.9149222866193456,5.187305716548364
52,0.3,0.0,0.039730223809172044,0.19165204704948186,0.0,25.169755015805926
52,0.3,0.01,0.039460001756290414,9.792441387455362,0.2534211747318505,25.35211747318505
52,0.3,0.02,0.03944392844510352,19.684665335395017,0.5070488865690749,25.372444328453742
52,0.3,0.05,0.04092011846661026,46.97694431797416,1.2218928457110574,24.487856914221148
52,0.3,0.1,0.04845479986310198,77.33513982034606,2.063779032882754,20.73779032882754
52,0.3,0.2,0.08242747445259777,85.63622578724114,2.4263754449375448,12.331877224687723
52,0.3,0.4,0.2231840434800759,56.74027535138375,1.792242822393837,4.880607055984592
52,0.5,0.0,0.1103537619287418,0.1182982353176529,0.0,9.061766291626062
52,0.5,0.01,0.10937128241404245,3.507641511533333,0.0914316791325844,9.15316791325844
52,0.5,0.02,0.1086309058679975,7.138759931206318,0.1841096678720781,9.225483393603906
52,0.5,0.05,0.10786184514054334,17.82279138259174,0.4635559491389221,9.321118982778442
52,0.5,0.1,0.11141237115270589,33.520298784563686,0.8975663920027008,9.075663920027008
52,0.5,0.2,0.13649458566335163,51.08746020346546,1.4652595854115216,7.526297927057607
52,0.5,0.4,0.2557218152164064,48.12413176075526,1.5641997522248823,4.310499380562206
52,0.75,0.0,0.24828942694696063,0.08295310513571845,0.0,4.027557726868568
52,0.75,0.01,0.24590541226987436,1.5848656570141708,0.04066604271818661,4.076604271818661
52,0.75,0.02,0.24371917016371453,3.2562565222835884,0.08206166132342119,4.123083066171059
52,0.75,0.05,0.23834763177203266,8.249751152924997,0.20977762450697413,4.245552490139482
52,0.75,0.1,0.2333601987447436,16.213152942758242,0.42852208961898863,4.385220896189885
52,0.75,0.2,0.23838210567960716,28.882826735333524,0.8389891490798648,4.3949457453993235
52,0.75,0.4,0.3102892601523408,37.319530760478855,1.289119706571908,3.62279926642977
52,1.0,0.0,0.4413986945971311,0.06625860570352726,0.0,2.2655255039046045
52,1.0,0.01,0.43696407218308586,0.952434716598312,0.022885176692078353,2.2985176692078353
52,1.0,0.02,0.43249011848929103,1.971430354557066,0.04624383111887266,2.332191555943633
52,1.0,0.05,0.4189083665985821,5.016016780169294,0.11935784526335894,2.4371569052671784
52,1.0,0.1,0.39662761760151916,9.958864207952711,0.2521256603479066,2.621256603479066
52,1.0,0.2,0.36144876660999775,18.71619553841812,0.553328765998528,2.96664382999264
52,1.0,0.4,0.363659291961021,28.890554006562613,1.09993064619087,3.1498266154771746
52,1.5,0.0,0.5896561593533778,0.05109102592925589,0.0,1.695903594217703
52,1.5,0.01,0.583740739559691,0.5742132585702664,0.017130892744513408,1.7230892744513406
52,1.5,0.02,0.5777884019956712,1.1974507902204083,0.03461474811699291,1.7507374058496454
52,1.5,0.05,0.5597422802252927,3.0523850590084236,0.08932682373015546,1.8365364746031092
52,1.5,0.1,0.5294632224781277,6.0621940349312196,0.18887053104832233,1.988705310483223
52,1.5,0.2,0.4735713082280618,11.561422055109968,0.42232288258410344,2.3116144129205174
52,1.5,0.4,0.42273012848947616,19.531016019574803,0.9462301668189661,2.765575417047415
53,0.08,0.0,0.002878214029316725,0.7965473897601157,0.0,347.43767830128866
53,0.08,0.01,0.0029727071405007874,127.21781194023559,3.36393715470922,336.40371547092195
53,0.08,0.02,0.003313743829759972,226.3859512441007,6.035469555728658,301.79347778643285
53,0.08,0.05,0.005815828163619475,316.73671827928786,8.59722787422979,171.9945574845958
53,0.08,0.1,0.014911722828778068,239.86923145209445,6.706133231433893,67.16133231433892
53,0.08,0.2,0.05150108778827103,130.1732415838577,3.883413119781684,19.617065598908418
53,0.08,0.4,0.19667609565674016,61.0588173796406,2.033800796504127,5.484501991260318
53,0.15,0.0,0.010112452927019708,0.42548070082803857,0.0,98.88797576778585
53,0.15,0.01,0.010133875482454622,37.46081843565935,0.986789310497607,98.6889310497607
53,0.15,0.02,0.010400385227766156,72.20978153104203,1.9230056927704489,96.17028463852243
53,0.15,0.05,0.012670148152099511,145.2759167888305,3.946283768727261,78.97567537454522
53,0.15,0.1,0.021349673790689905,167.2417303458495,4.6839123154943785,46.939123154943786
53,0.15,0.2,0.05699645820960296,117.29183602040992,3.508989966788907,17.74494983394453
53,0.15,0.4,0.1998469941672224,59.84560980397474,2.0015312297632017,5.403828074408004
53,0.3,0.0,0.04044402267340123,0.21498608709143568,0.0,24.72553257314013
53,0.3,0.01,0.040159579096083454,9.540820415630982,0.2490065938209807,24.91065938209807
53,0.3,0.02,0.040115121759646044,18.785320982420654,0.498565107687622,24.948255384381103
53,0.3,0.05,0.04142137457808478,44.387125071351136,1.2071062466974238,24.192124933948474
53,0.3,0.1,0.04839298003175533,73.46833628262841,2.0664154167480553,20.76415416748055
53,0.3,0.2,0.08024086704785904,82.62305609148237,2.4924954995901474,12.662477497950736
53,0.3,0.4,0.21400034668493872,55.14419940910499,1.8691558504290586,5.072889626072647
53,0.5,0.0,0.11234290498952383,0.13234361650022025,0.0,8.901318691138098
53,0.5,0.01,0.11133254231266894,3.507076784995477,0.08982099745747082,8.992099745747083
53,0.5,0.02,0.11054830757025691,6.895826196942621,0.1809163834307402,9.06581917153701
53,0.5,0.05,0.10955217166439289,16.860504919711786,0.4564035494720477,9.178070989440954
53,0.5,0.1,0.112410970007372,31.567903194738076,0.889592892877287,8.99592892877287
53,0.5,0.2,0.13502518328722968,48.48320190476343,1.4812051732198277,7.606025866099138
53,0.5,0.4,0.2468959255429211,46.465334638288375,1.6201158407956913,4.450289601989228
53,0.75,0.0,0.2527720621504851,0.09248298646139881,0.0,3.9561334092557305
53,0.75,0.01,0.25033314833153286,1.6355826467117331,0.03994676720462259,4.0046767204622595
53,0.75,0.02,0.248071892163016,3.2028675006741456,0.08062179002068222,4.05108950103411
53,0.75,0.05,0.2423558847514321,7.875809608819124,0.20630817382990965,4.176163476598193
53,0.75,0.1,0.23641399641866478,15.314744773238795,0.4229868007599276,4.329868007599276
53,0.75,0.2,0.2383792416546982,27.242859097140535,0.8389992291766242,4.394996145883121
53,0.75,0.4,0.3032450368591924,35.806493402724286,1.3190652818028954,3.697663204507238
53,1.0,0.0,0.4493740573845665,0.07360720837804081,0.0,2.2253176024894943
53,1.0,0.01,0.4448408064721851,1.0077770397451888,0.02247995205139814,2.2579952051398138
53,1.0,0.02,0.4402309659732987,1.9762881541389052,0.045430697851484306,2.291534892574215
53,1.0,0.05,0.4260367175690706,4.865912275955404,0.11736077652014541,2.397215530402908
53,1.0,0.1,0.40224843860324755,9.542324362436105,0.24860258090059037,2.5860258090059034
53,1.0,0.2,0.3635616087638115,17.82424921908012,0.5501130899933122,2.9505654499665614
53,1.0,0.4,0.3602378690629873,27.7651196912137,1.1103774321129474,3.175943580282368
53,1.5,0.0,0.59832137360351,0.05638615591407134,0.0,1.6713425996756563
53,1.5,0.01,0.5923192372846773,0.6143764098896048,0.016882787811927598,1.6982787811927598
53,1.5,0.02,0.5862800235897228,1.2279279823506295,0.03411339154546386,1.725669577273193
53,1.5,0.05,0.5679710864486495,3.058705060969784,0.08803265024041065,1.810653004808213
53,1.5,0.1,0.5372316064629553,6.036061712752386,0.18613945791161393,1.9613945791161391
53,1.5,0.2,0.4801897739720502,11.494121294035242,0.41650199741996413,2.2825099870998207
53,1.5,0.4,0.4257919264649319,19.3774201102907,0.9394259851776309,2.748564962944077
54,0.08,0.0,0.003560481389947873,0.10861020048060246,0.0,280.8608978615222
54,0.08,0.01,0.003633238185341508,91.04621224412482,2.752365655614193,275.2465655614193
54,0.08,0.02,0.003922720791164653,167.6754347665856,5.098502051190346,254.9451025595173
54,0.08,0.05,0.006091630811363908,264.7135581316658,8.20798264837804,164.2096529675608
54,0.08,0.1,0.01404290004903183,221.7231221953,7.121036228331938,71.31036228331936
54,0.08,0.2,0.04623376415804046,125.1550557495721,4.325842890843623,21.82921445421811
54,0.08,0.4,0.1762782868368336,61.4885083621029,2.2691393658156396,6.072848414539099
54,0.15,0.0,0.012511509712032161,0.05864239425905993,0.0,79.92640560701581
54,0.15,0.01,0.012494297131476957,26.463526709321233,0.8003651501777511,80.04651501777512
54,0.15,0.02,0.012692892698701429,51.812293291839545,1.57568495021203,78.8042475106015
54,0.15,0.05,0.014583657263472612,110.52759251482536,3.428495273626183,68.61990547252366
54,0.15,0.1,0.02205338010361906,141.03476159577136,4.534452293940626,45.44452293940626
54,0.15,0.2,0.053219065134478154,108.53111567249009,3.7580517338029926,18.99025866901496
54,0.15,0.4,0.18105980782372275,59.78229672899337,2.20921476062448,5.9230369015612006
54,0.3,0.0,0.050039596593438575,0.030816849492281854,0.0,19.984173895820827
54,0.3,0.01,0.04964471881080684,6.6887879450928525,0.20143129500057042,20.15312950005704
54,0.3,0.02,0.0494608836964845,13.355766217612834,0.40435994073072995,20.2379970365365
54,0.3,0.05,0.050175895154776266,32.212813193275935,0.9964944291629739,19.979888583259477
54,0.3,0.1,0.05559304590317524,55.92029624613254,1.7987861318871976,18.087861318871976
54,0.3,0.2,0.0823367609423978,69.83421141336328,2.4290486741386217,12.345243370693106
54,0.3,0.4,0.2006096142748123,53.66771188504319,1.9939223822645191,5.384805955661298
54,0.5,0.0,0.13899558617427749,0.020471192655241915,0.0,7.194473058634864
54,0.5,0.01,0.13770162866975633,2.5071100985766046,0.07262078231465624,7.272078231465623
54,0.5,0.02,0.13659969599085503,5.0222527423286145,0.14641321018268552,7.340660509134275
54,0.5,0.05,0.13444720723397383,12.424583745055118,0.37189318416251466,7.487863683250293
54,0.5,0.1,0.13472055545236794,23.641558612432103,0.742277224616671,7.52277224616671
54,0.5,0.2,0.15001381389401341,38.671058854696795,1.3332105544713533,6.866052772356766
54,0.5,0.4,0.2436223655381596,43.74981295557428,1.6418853791046797,4.5047134477616995
54,0.75,0.0,0.3127382273736608,0.01591609430047585,0.0,3.197562409935886
54,0.75,0.01,0.3096441798330077,1.3016743841310123,0.03229513309564882,3.2395133095648814
54,0.75,0.02,0.30661750689112743,2.602905822844088,0.06522784756416901,3.28139237820845
54,0.75,0.05,0.2979700512005333,6.460864254713968,0.16780209889734887,3.4060419779469773
54,0.75,0.1,0.2853593147630041,12.597402451657445,0.3504353803311161,3.604353803311161
54,0.75,0.2,0.2709508145119836,22.91774007950919,0.7381413499724114,3.8907067498620567
54,0.75,0.4,0.3107642494917161,33.70405559326479,1.2871493444121622,3.6178733610304055
54,1.0,0.0,0.4759790106868752,0.013975786797046846,0.0,2.10093297718511
54,1.0,0.01,0.4710307570112149,0.9616375178444461,0.021230036151889564,2.133003615188956
54,1.0,0.02,0.46572137588507634,1.9182478384611132,0.04294413148202864,2.167206574101432
54,1.0,0.05,0.4481654435946544,4.764267625719565,0.11156594225328709,2.2813188450657416
54,1.0,0.1,0.4176827110481101,9.354818823846829,0.23941618208009013,2.494161820800901
54,1.0,0.2,0.37055029678672824,17.492618913271386,0.5397377946646493,2.898688973323247
54,1.0,0.4,0.36539953286745647,27.767909479036927,1.0946921493331367,3.1367303733328415
54,1.5,0.0,0.4759790359355217,0.012405627297937765,0.0,2.100932865739626
54,1.5,0.01,0.47128337115415614,0.8007848183814759,0.02121865657069622,2.1318656570696217
54,1.5,0.02,0.46671606198719434,1.5948972484564605,0.04285260703230041,2.1626303516150207
54,1.5,0.05,0.4537885742153959,3.9776929678713495,0.1101834705434142,2.2536694108682838
54,1.5,0.1,0.4348849929524483,7.88829998887984,0.22994585147925378,2.3994585147925376
54,1.5,0.2,0.4079551370140042,14.998081377300062,0.49024998548586596,2.6512499274293297
54,1.5,0.4,0.4111026333597267,23.51165398012797,0.9729930376047687,2.8324825940119216
55,0.08,0.0,0.002312592659872619,0.2195148306775547,0.0,432.41510593356355
55,0.08,0.01,0.0024249541306428303,171.24155318385445,4.123789342501544,412.38893425015436
55,0.08,0.02,0.0028082759131181725,294.67973166863237,7.121807336157713,356.1103668078856
55,0.08,0.05,0.005583401662759599,365.88486026288376,8.955114286957366,179.15228573914735
55,0.08,0.1,0.015617049834369092,255.6042031294919,6.403258045570543,64.13258045570542
55,0.08,0.2,0.05580606357741813,135.63799952769634,3.583839948190322,18.119199740951608
55,0.08,0.4,0.21276211388322788,63.97076356521416,1.8800339623413198,5.1000849058533
55,0.15,0.0,0.008119033199489175,0.1262734425747218,0.0,123.16737417244667
55,0.15,0.01,0.008173029838080523,50.75996831033374,1.2235364605433217,122.36364605433216
55,0.15,0.02,0.008497385522742467,97.34356145310753,2.353665129876931,117.70325649384654
55,0.15,0.05,0.011091988294322772,184.11695957304062,4.5077580928922885,90.20516185784575
55,0.15,0.1,0.020812434973076353,191.6947175163456,4.804819817064331,48.148198170643305
55,0.15,0.2,0.060324410700556254,125.34155488951782,3.315407439167173,16.777037195835863
55,0.15,0.4,0.21563516888367162,62.97749406761452,1.854984982601736,5.037462456504341
55,0.3,0.0,0.03245888334545425,0.0747336366063097,0.0,30.80820708947914
55,0.3,0.01,0.03226809913001266,12.84034981580174,0.30990359734884315,31.000359734884317
55,0.3,0.02,0.0323449074844731,25.562346695591682,0.6183353595802007,30.936767979010035
55,0.3,0.05,0.03418019597782018,59.71331422936779,1.462835380828285,29.3067076165657
55,0.3,0.1,0.04257848234274058,93.5353657550911,2.3486041422293558,23.586041422293558
55,0.3,0.2,0.07921500669384139,95.03932487652322,2.5247741349436645,12.823870674718322
55,0.3,0.4,0.22748934063025059,59.13192901876191,1.7583241434161936,4.795810358540484
55,0.5,0.0,0.09014909048780381,0.05736199896336662,0.0,11.092735318669567
55,0.5,0.01,0.08937710207912597,4.648620562558488,0.11188548036774512,11.198548036774511
55,0.5,0.02,0.08886409775207024,9.333951995988116,0.22506277007166334,11.273138503583166
55,0.5,0.05,0.08887812153019656,23.004758320325227,0.5625681454463727,11.301362908927453
55,0.5,0.1,0.09406568494499856,42.26916418997883,1.0630869275918344,10.730869275918344
55,0.5,0.2,0.12358019421238454,60.37852398024062,1.6183823085459845,8.291911542729922
55,0.5,0.4,0.2541349010787525,51.68075637267225,1.5739672052208453,4.334918013052113
55,0.75,0.0,0.202821432010306,0.05061767305756692,0.0,4.9304454173718035
55,0.75,0.01,0.20090792626231382,2.112074303818614,0.04977404419048943,4.987404419048943
55,0.75,0.02,0.1992238162695556,4.24515655228646,0.10038960388621118,5.039480194310558
55,0.75,0.05,0.1955469755295287,10.612293390990004,0.25569303674783617,5.163860734956723
55,0.75,0.1,0.19399116113050902,20.62570509955817,0.51548740374168,5.2548740374167995
55,0.75,0.2,0.2078081966749259,35.42438583103235,0.9624259446938936,5.012129723469468
55,0.75,0.4,0.29935298339113503,41.587866726800144,1.3362151780440399,3.7405379451100997
55,1.0,0.0,0.3605599764156584,0.04801366921213988,0.0,2.773463682633445
55,1.0,0.01,0.35701256948950855,1.2581964612247776,0.028010218279706445,2.8110218279706443
55,1.0,0.02,0.35358182424059825,2.5183016515069343,0.05656399347719526,2.848199673859763
55,1.0,0.05,0.34400078954042,6.291860622466578,0.1453485036089576,2.9569700721791516
55,1.0,0.1,0.33055330637217656,12.405420533135032,0.3025230668466163,3.125230668466163
55,1.0,0.2,0.3150854023764601,22.9026905361347,0.6347485427491893,3.373742713745947
55,1.0,0.4,0.3460492631917488,32.92239207812788,1.1559047874011992,3.2897619685029977
55,1.5,0.0,0.5763762439299007,0.04605386044393218,0.0,1.7349778213996285
55,1.5,0.01,0.5705327198149386,0.7205031758226417,0.01752747853487467,1.762747853487467
55,1.5,0.02,0.564532244450837,1.4172453204532003,0.035427560066928515,1.7913780033464257
55,1.5,0.05,0.545690495494432,3.492324866117811,0.09162703109698962,1.8825406219397924
55,1.5,0.1,0.5126900131364089,6.8586696453554294,0.1950496351357511,2.050496351357511
55,1.5,0.2,0.4520498148742062,13.001871699047804,0.4424291160381403,2.4121455801907015
55,1.5,0.4,0.40498434069136663,21.812030464266524,0.9876925100786424,2.869231275196606
56,0.08,0.0,0.003111253198996696,0.06519398936299621,0.0,321.4138921006095
56,0.08,0.01,0.003202297080726677,116.30916921074034,3.1227583662321434,312.2858366232143
56,0.08,0.02,0.003537648003132559,209.46451057848512,5.653473715386653,282.6936857693326
56,0.08,0.05,0.006009303008496,303.28573399839405,8.320432490974346,166.45864981948694
56,0.08,0.1,0.015010591975979138,235.852701301558,6.66196244358824,66.7196244358824
56,0.08,0.2,0.05125828290595012,129.6319762986244,3.9018084231764965,19.70904211588248
56,0.08,0.4,0.19539789476785077,62.33057466161438,2.047104962288534,5.517762405721334
56,0.15,0.0,0.010926507747291621,0.0651883175264848,0.0,91.52055012708634
56,0.15,0.01,0.010939113292209755,34.065090698954904,0.9141508761154763,91.42508761154764
56,0.15,0.02,0.01119545420554945,66.21272955205863,1.786439355902706,89.3419677951353
56,0.15,0.05,0.013426645450438812,135.7425753144331,3.72393835709469,74.5287671418938
56,0.15,0.1,0.022015663136898244,160.72946062085552,4.542220662542753,45.52220662542753
56,0.15,0.2,0.05739483893094381,115.63915623038886,3.4846338751927775,17.623169375963883
56,0.15,0.4,0.1996122701450053,60.92789029439923,2.003884829872563,5.409712074681408
56,0.3,0.0,0.04368918947163563,0.06518785955446438,0.0,22.888957476522446
56,0.3,0.01,0.04337246413283635,8.623219939198185,0.23056102990535918,23.066102990535917
56,0.3,0.02,0.04329606587822609,17.1707308120434,0.46193573467510235,23.116786733755117
56,0.3,0.05,0.04450858372664555,40.999431310605594,1.1233788140076666,22.51757628015333
56,0.3,0.1,0.05133154197923156,68.85834495369491,1.94811993063562,19.5811993063562
56,0.3,0.2,0.08292152125909244,79.67451575696384,2.4119190888344897,12.259595444172447
56,0.3,0.4,0.2165555520977934,55.73138152321609,1.8471011069684593,5.017752767421148
56,0.5,0.0,0.12134547839075618,0.0651879750916283,0.0,8.240933352125444
56,0.5,0.01,0.12024557209649914,3.1774907748351757,0.08316314543353687,8.326314543353686
56,0.5,0.02,0.11937276012099,6.342695282803014,0.16754241067835782,8.39712053391789
56,0.5,0.05,0.11811677996036275,15.65932711637774,0.4233098804147797,8.516197608295593
56,0.5,0.1,0.12056341577975199,29.51953869503866,0.8294390081206914,8.394390081206913
56,0.5,0.2,0.14245422953315443,46.1588787884794,1.403959718538596,7.219798592692979
56,0.5,0.4,0.25372704726162637,46.59153321560335,1.5764972805108426,4.3412432012771065
56,0.75,0.0,0.27301484303607765,0.06518817073247984,0.0,3.6628045159722493
56,0.75,0.01,0.2703651808581712,1.5401005583969807,0.036987011301746815,3.7087011301746817
56,0.75,0.02,0.2678766108835113,3.0522573465565803,0.07466124024055684,3.753062012027842
56,0.75,0.05,0.2613823610228576,7.554011509003351,0.19129064334845286,3.875812866969057
56,0.75,0.1,0.25386445917401085,14.717322583013106,0.393910988270537,4.03910988270537
56,0.75,0.2,0.25221283636980263,26.36101073735642,0.7929810507612449,4.164905253806224
56,0.75,0.4,0.31302632360853305,35.98565006328805,1.2778478033056262,3.5946195082640653
56,1.0,0.0,0.4853497671218668,0.06518837265555372,0.0,2.0603697946122828
56,1.0,0.01,0.47979037529498914,1.0332765106978046,0.020842435602947868,2.0942435602947866
56,1.0,0.02,0.47307871604622453,2.0229061045596852,0.042276262536498896,2.1338131268249447
56,1.0,0.05,0.4504623975763169,4.96958245221228,0.11099705606732481,2.2699411213464957
56,1.0,0.1,0.4151335399964279,9.722325368500226,0.24088634226196343,2.5088634226196342
56,1.0,0.2,0.36644179591267073,18.11543252382955,0.5457892692122472,2.9289463460612364
56,1.0,0.4,0.3650849573714577,28.464223884352876,1.095635390950983,3.139088477377457
56,1.5,0.0,0.5124776221884783,0.06518877952655734,0.0,1.9513047140080226
56,1.5,0.01,0.5073918669351432,0.7632610592906381,0.019708632817479196,1.9808632817479197
56,1.5,0.02,0.5023844020217381,1.4682678278959356,0.03981015318054123,2.0105076590270614
56,1.5,0.05,0.4878419441427982,3.571595372767022,0.10249221207876356,2.099844241575271
56,1.5,0.1,0.4653455418412758,6.989046343645117,0.21489407549564296,2.2489407549564295
56,1.5,0.2,0.42898092684681444,13.161671626754481,0.466221194191737,2.531105970958685
56,1.5,0.4,0.4145414710416031,21.259706751728505,0.9649215529508658,2.812303882377164
57,0.08,0.0,0.00308020238064077,0.20017749203616625,0.0,324.6539923107168
57,0.08,0.01,0.003166749750512269,110.73185494562347,3.1578118853194357,315.79118853194353
57,0.08,0.02,0.003487996284076326,199.6811757074268,5.733951062765052,286.7175531382526
57,0.08,0.05,0.005859946459257276,291.4532662480148,8.532501166629652,170.70002333259305
57,0.08,0.1,0.014507456861161047,227.68980358900802,6.893006883082118,69.03006883082118
57,0.08,0.2,0.049409876885602,124.7553836824418,4.047773696401981,20.438868482009905
57,0.08,0.4,0.18972169467656194,61.31122077098025,2.10835139693392,5.6708784923348
57,0.15,0.0,0.010820674865108156,0.10844479813655529,0.0,92.41567762326483
57,0.15,0.01,0.010829396285638735,32.441326659423645,0.9234125094546011,92.35125094546011
57,0.15,0.02,0.011071974727469732,62.96764165756824,1.8063625046379221,90.3381252318961
57,0.15,0.05,0.013202880473236669,129.36778418433482,3.7870523861330216,75.79104772266042
57,0.15,0.1,0.021432032617468257,154.0083311052329,4.665913018371138,46.759130183711385
57,0.15,0.2,0.05543859946995281,111.0128517207641,3.607594742872213,18.23797371436106
57,0.15,0.4,0.19378361667522614,59.92380608842263,2.0641579864327984,5.560394966081995
57,0.3,0.0,0.04327048037800987,0.05967398078731272,0.0,23.110443685025544
57,0.3,0.01,0.04295264921177011,8.23834089921701,0.23281451047866328,23.291451047866328
57,0.3,0.02,0.04286456788474489,16.348236507384225,0.4665858303710515,23.349291518552576
57,0.3,0.05,0.043978929112120695,38.92753318783581,1.1369080832443437,22.78816166488687
57,0.3,0.1,0.05043307570474037,65.39107370472416,1.982825727017888,19.92825727017888
57,0.3,0.2,0.08060601164230356,76.00524473614254,2.481204514714337,12.606022573571684
57,0.3,0.4,0.21050435314685206,54.82043718936679,1.9001982335298881,5.15049558382472
57,0.5,0.0,0.12018584267500032,0.04288536432281178,0.0,8.320447548087197
57,0.5,0.01,0.1190912613380387,3.060648542047728,0.0839692172846768,8.40692172846768
57,0.5,0.02,0.11821124939086813,6.09222153253793,0.16918863562527417,8.479431781263708
57,0.5,0.05,0.1168592584599897,14.979946518947289,0.42786511448828857,8.607302289765771
57,0.5,0.1,0.11890838839683443,28.141435570788286,0.8409835617842938,8.509835617842937
57,0.5,0.2,0.13929007931658657,44.07046838609932,1.4358524381727746,7.379262190863874
57,0.5,0.4,0.24760631298479494,45.994247324701526,1.6154676961914267,4.438669240478567
57,0.75,0.0,0.27040872313875525,0.03612042190454694,0.0,3.6981055507106126
57,0.75,0.01,0.26777136884804514,1.5140686405210364,0.03734529215360138,3.7445292153601373
57,0.75,0.02,0.26526776110412664,3.0206393710922286,0.07539551703061767,3.7897758515308837
57,0.75,0.05,0.25857084106015443,7.484217762316779,0.19337060511153267,3.9174121022306534
57,0.75,0.1,0.2502753310118372,14.531925842258698,0.3995599550131864,4.095599550131864
57,0.75,0.2,0.24645535027926918,25.94807663356646,0.8115060183249071,4.2575300916245356
57,0.75,0.4,0.3071793342202845,36.09933236327402,1.302170932218871,3.6554273305471776
57,1.0,0.0,0.4683929434813685,0.03344016515832101,0.0,2.1349595759650413
57,1.0,0.01,0.4622276606465896,1.0435938141125967,0.021634360838577785,2.173436083857778
57,1.0,0.02,0.4544364168553243,2.09382729423904,0.04401055738093996,2.2205278690469976
57,1.0,0.05,0.43043784365959303,5.213030664821232,0.11616079008039532,2.373215801607906
57,1.0,0.1,0.39572091637401513,10.21669994698261,0.2527033468847149,2.627033468847149
57,1.0,0.2,0.35056546416617806,18.94701692343,0.5705068537646775,3.052534268823387
57,1.0,0.4,0.359387063854801,29.47484851933212,1.1130061157727351,3.1825152894318376
57,1.5,0.0,0.468393016856243,0.03139028884271851,0.0,2.134959241518571
57,1.5,0.01,0.46376815990042813,0.79820322447243,0.0215624979561922,2.16624979561922
57,1.5,0.02,0.4592616112854551,1.619303889080366,0.04354816407149901,2.1974082035749505
57,1.5,0.05,0.44645847511859627,4.075272390864801,0.1119924982647448,2.289849965294896
57,1.5,0.1,0.4276013777516586,8.077334663868116,0.2338626702416235,2.4386267024162347
57,1.5,0.2,0.40062385753421953,15.252457094474757,0.49922139243271824,2.6961069621635914
57,1.5,0.4,0.40743258208337957,23.8004830617578,0.9817575166782845,2.8543937916957107
58,0.08,0.0,0.0031384030327981185,0.445204782905866,0.0,318.63339078806143
58,0.08,0.01,0.0032280326929739907,113.4582827135649,3.0978620575205476,309.79620575205473
58,0.08,0.02,0.003559684983926145,205.07220794883347,5.618474693775024,280.9437346887512
58,0.08,0.05,0.006006580657482755,299.1945265946849,8.324203544609366,166.53407089218732
58,0.08,0.1,0.014921684511083963,233.96621814391153,6.701656232291944,67.11656232291944
58,0.08,0.2,0.050839838682148024,128.79650460230084,3.9339227893779354,19.869613946889675
58,0.08,0.4,0.1939504042264,61.578670519227146,2.062382914825362,5.555957287063404
58,0.15,0.0,0.011029495076713237,0.24302444250218966,0.0,90.6659818101118
58,0.15,0.01,0.011040143408409874,33.120659630196855,0.9057853353954134,90.58853353954134
58,0.15,0.02,0.011292673536519767,64.64066878446805,1.7710597880405654,88.57298940202826
58,0.15,0.05,0.013501356971069453,133.19018711670944,3.70333145824819,74.1166291649638
58,0.15,0.1,0.02201661135653961,158.63415242314886,4.542025036486686,45.52025036486686
58,0.15,0.2,0.05712435086613024,114.60321563286767,3.5011338766666418,17.70566938333321
58,0.15,0.4,0.19857639259815163,60.12448287681151,2.014338133382544,5.435845333456361
58,0.3,0.0,0.04411658280388513,0.12829479535020274,0.0,22.667213470394515
58,0.3,0.01,0.04379514292770677,8.335848404435922,0.22833582291321974,22.843582291321976
58,0.3,0.02,0.04371315036600367,16.726447195853535,0.45752822280121636,22.896411140060817
58,0.3,0.05,0.044903666338106024,40.14143837265832,1.1134948229732666,22.319896459465333
58,0.3,0.1,0.05167342292804684,67.63838281895006,1.9352308078999525,19.452308078999526
58,0.3,0.2,0.08311041301688298,78.56965597749469,2.4064373252407276,12.232186626203637
58,0.3,0.4,0.21658401136543612,54.850048913214465,1.846858396786692,5.01714599196673
58,0.5,0.0,0.12254883111631931,0.08513993404767146,0.0,8.160012550840513
58,0.5,0.01,0.12143728786354717,3.035306378474223,0.08234703010854859,8.244703010854858
58,0.5,0.02,0.12055363431685914,6.150918862467338,0.16590126140397118,8.315063070198558
58,0.5,0.05,0.11926999491142791,15.321307606107661,0.41921692071112204,8.434338414222442
58,0.5,0.1,0.12168808904302074,28.96985121708548,0.8217731150716544,8.317731150716543
58,0.5,0.2,0.14361068019843334,45.37612632936396,1.3926540820198818,7.163270410099409
58,0.5,0.4,0.2557246781304818,45.72549669352484,1.5641822405419268,4.310455601354817
58,0.75,0.0,0.27574006687933444,0.06598925659024041,0.0,3.6266038929975535
58,0.75,0.01,0.2730673861881454,1.4295509350488227,0.036620997254904426,3.6720997254904426
58,0.75,0.02,0.27056424480960495,2.920920971324268,0.07391959722569376,3.715979861284688
58,0.75,0.05,0.2640761368897168,7.359118688510534,0.18933933443929826,3.8367866887859647
58,0.75,0.1,0.25672368628932735,14.418306949450125,0.3895238551821825,3.995238551821825
58,0.75,0.2,0.2558480016524222,25.87493063244838,0.7817141377234851,4.108570688617425
58,0.75,0.4,0.319247113189599,35.280132076702266,1.2529478998372097,3.532369749593024
58,1.0,0.0,0.4902101086117632,0.05778286816320554,0.0,2.0399416136723945
58,1.0,0.01,0.48504455239602406,0.9218058011233742,0.02061666284179872,2.0716662841798716
58,1.0,0.02,0.47938252178264446,1.897874392058921,0.04172033624761177,2.1060168123805885
58,1.0,0.05,0.46036446382519125,4.802778024834507,0.10860959941292496,2.2221919882584986
58,1.0,0.1,0.4278848863030158,9.487572958685284,0.2337077171947197,2.437077171947197
58,1.0,0.2,0.3797589921644208,17.759172496259314,0.526649807184573,2.833249035922865
58,1.0,0.4,0.37818637350453355,27.95629669295004,1.057679567598712,3.0441989189967797
58,1.5,0.0,0.5534932290261191,0.05110874668415018,0.0,1.8067068349860707
58,1.5,0.01,0.5479905345285067,0.6464853603248886,0.018248490384243667,1.8348490384243665
58,1.5,0.02,0.5425526494603604,1.343316792520157,0.036862781925206,1.8631390962603
58,1.5,0.05,0.526641525850178,3.4220570839859548,0.09494124094996696,1.9488248189993391
58,1.5,0.1,0.5016527046700097,6.802463602963972,0.19934109607917022,2.093410960791702
58,1.5,0.2,0.4601255338581259,12.929194115712887,0.4346639890271066,2.3733199451355333
58,1.5,0.4,0.4393687762303317,21.06709148779407,0.9103969640990299,2.6759924102475745
59,0.08,0.0,0.0028856583529359727,0.318409182475233,0.0,346.54137035403517
59,0.08,0.01,0.0029653875435344166,114.00665547051433,3.372240509272895,337.2340509272895
59,0.08,0.02,0.003262288169998578,205.72879920615947,6.13066625564495,306.55331278224753
59,0.08,0.05,0.005456014007831014,301.5258021919206,9.164199345572616,183.3339869114523
59,0.08,0.1,0.013455569761495353,236.37412391000865,7.43186663757349,74.4186663757349
59,0.08,0.2,0.045741055653270135,129.47701295506593,4.372439532573436,22.06219766286718
59,0.08,0.4,0.17543429742667926,62.62926431414051,2.2800558720120017,6.100139680030003
59,0.15,0.0,0.010135536389733052,0.16747874180085795,0.0,98.66276056321651
59,0.15,0.01,0.010142011320299026,33.363045436011184,0.9859977162503464,98.60977162503464
59,0.15,0.02,0.010364147014516455,64.7289864736639,1.9297294772051352,96.50647386025675
59,0.15,0.05,0.012324525917886986,133.27440501457107,4.056951182798307,81.18902365596614
59,0.15,0.1,0.019905167862595437,159.38816853955433,5.023820984092972,50.338209840929714
59,0.15,0.2,0.05124331036476625,115.16881327691556,3.902948474178115,19.714742370890573
59,0.15,0.4,0.1786627361482087,61.231635314713785,2.238855223106973,5.997138057767432
59,0.3,0.0,0.04052752934801524,0.08427248847419375,0.0,24.67458579606144
59,0.3,0.01,0.04022734766472785,8.453003494091202,0.24858710754048052,24.868710754048053
59,0.3,0.02,0.0401373551081898,16.744436875481018,0.49828893672964303,24.934446836482152
59,0.3,0.05,0.04112859114138834,39.87363101466435,1.215699313115645,24.3639862623129
59,0.3,0.1,0.04698583271059349,67.18818603992281,2.1283011118680006,21.383011118680006
59,0.3,0.2,0.07448936965021767,78.49568752883395,2.6849468714683313,13.624734357341655
59,0.3,0.4,0.19302238902654487,55.96460604666142,2.072298462459664,5.58074615614916
59,0.5,0.0,0.1125640594002761,0.05230720051942687,0.0,8.883830285864292
59,0.5,0.01,0.1115353423446679,3.1286642746140942,0.08965767970745879,8.975767970745878
59,0.5,0.02,0.11070048551891704,6.200259365377927,0.18066768096136582,9.05338404806829
59,0.5,0.05,0.10935962009207385,15.2156756553306,0.4572071479208064,9.194142958416128
59,0.5,0.1,0.1110116222806842,28.620094761446758,0.900806581739323,9.108065817393229
59,0.5,0.2,0.1290207221078376,45.003985964361,1.5501385880698821,7.95069294034941
59,0.5,0.4,0.2259898226180134,46.69569574936895,1.7699912118436987,4.824978029609246
59,0.75,0.0,0.25325701749613105,0.03721879656203444,0.0,3.948557911195005
59,0.75,0.01,0.25078476376483466,1.5365786167920263,0.039874830710916624,3.9974830710916622
59,0.75,0.02,0.2484333569010039,3.0326404951024464,0.080504487197223,4.045224359861149
59,0.75,0.05,0.24211295189135867,7.4676708413547415,0.20651518066012464,4.180303613202493
59,0.75,0.1,0.23414332913654604,14.487037676606587,0.42708882789345975,4.370888278934597
59,0.75,0.2,0.2294460685164726,25.93001839528754,0.8716645322935287,4.558322661467643
59,0.75,0.4,0.2801331217504847,36.174760303768544,1.42789255872528,3.9697313968132
59,1.0,0.0,0.4502247484036848,0.03024584699972879,0.0,2.221112907599141
59,1.0,0.01,0.44449239011107644,1.0486380190827223,0.022497573012444712,2.259757301244471
59,1.0,0.02,0.4372098254387309,2.064357223736009,0.04574462611843277,2.3072313059216385
59,1.0,0.05,0.41405966271808015,5.080403801209545,0.1207555444347724,2.465110888695448
59,1.0,0.1,0.37969182315136485,9.925153866757787,0.2633714868285031,2.7337148682850305
59,1.0,0.2,0.33278895548798754,18.444267576959877,0.6009814830144484,3.204907415072242
59,1.0,0.4,0.3292005998512089,29.073874282794772,1.2150646146476975,3.4376615366192436
59,1.5,0.0,0.464953098474208,0.02408050161167297,0.0,2.150754567033974
59,1.5,0.01,0.46034005939961326,0.7867546339338595,0.021723071446448184,2.182307144644818
59,1.5,0.02,0.45580021087868033,1.550450772905443,0.04387887395103328,2.2139436975516635
59,1.5,0.05,0.44262829847760093,3.8333201843750553,0.1129615981896608,2.3092319637932155
59,1.5,0.1,0.4222851383367325,7.558752765888557,0.23680681824104227,2.468068182410423
59,1.5,0.2,0.38940560346035485,14.326350600007755,0.5136032923582773,2.7680164617913863
59,1.5,0.4,0.37542565803235584,22.97716237312403,1.0654572788030547,3.0636431970076363
60,0.08,0.0,0.003172040622983493,1.055998344706263,0.0,315.25447459731475
60,0.08,0.01,0.0032641982266021588,116.42909461281363,3.0635394378022873,306.3639437802287
60,0.08,0.02,0.0036041061018833344,208.8893442973544,5.54922619773845,277.4813098869225
60,0.08,0.05,0.0061100929582217,302.31214498434036,8.183181555809284,163.7136311161857
60,0.08,0.1,0.015237494929184213,235.35418293362423,6.562758541659696,65.72758541659695
60,0.08,0.2,0.05199617559758258,129.4794942941726,3.846436736960679,19.43218368480339
60,0.08,0.4,0.19820134759504215,62.1727229223769,2.0181497495025393,5.445374373756348
60,0.15,0.0,0.011134247925187277,0.5713090271434677,0.0,89.81298123763308
60,0.15,0.01,0.011146492775316845,34.380453487303896,0.8971431823061263,89.72431823061264
60,0.15,0.02,0.011405906428580574,66.29548829994437,1.7534774746077706,87.69387373038852
60,0.15,0.05,0.013666917361032035,135.38734258679366,3.6584694762670558,73.21938952534111
60,0.15,0.1,0.02237431851417381,160.35021019667343,4.469409869920796,44.79409869920795
60,0.15,0.2,0.05824804485630376,115.50180523970134,3.43359164231854,17.367958211592697
60,0.15,0.4,0.2024897821445704,60.7695622392001,1.975408318205481,5.338520795513703
60,0.3,0.0,0.04450571780578921,0.29751428618880277,0.0,22.469023067187155
60,0.3,0.01,0.04418251766238277,8.849801257973148,0.22633386527255447,22.643386527255448
60,0.3,0.02,0.044103025542083125,17.340792555452083,0.4534836273515066,22.69418136757533
60,0.3,0.05,0.04532654665514033,41.018383210314546,1.1031063182557648,22.112126365115294
60,0.3,0.1,0.05223544855439003,68.7367896295218,1.9144087543514678,19.24408754351468
60,0.3,0.2,0.08425061911748966,79.5613994125455,2.373869795794555,12.069348978972775
60,0.3,0.4,0.21974201280845165,55.56557209469161,1.8203164469448936,4.950791117362234
60,0.5,0.0,0.12359712601966942,0.19360536874832754,0.0,8.090803016251838
60,0.5,0.01,0.12247632406498661,3.327783180752803,0.0816484334939212,8.17484334939212
60,0.5,0.02,0.12158585788874472,6.4720433547537715,0.1644928147671639,8.244640738358195
60,0.5,0.05,0.12029635675472015,15.728809496654973,0.4156401851965323,8.362803703930647
60,0.5,0.1,0.12275182679719841,29.509039843881784,0.8146518272612976,8.246518272612976
60,0.5,0.2,0.1449011405429823,46.07653199954208,1.3802513855346337,7.101256927673168
60,0.5,0.4,0.25761844788890953,46.40759694857251,1.5526838364172133,4.281709591043033
60,0.75,0.0,0.2780622854580374,0.14662819758800022,0.0,3.5963165531519405
60,0.75,0.01,0.2753641257223347,1.640142092833132,0.03631555117707515,3.6415551177075143
60,0.75,0.02,0.27283100298952917,3.1389556776247405,0.07330545202286842,3.6852726011434207
60,0.75,0.05,0.2662264008210913,7.601190308761327,0.18781007385364784,3.8062014770729564
60,0.75,0.1,0.2585974555052255,14.705134607027423,0.3867014074234744,3.967014074234744
60,0.75,0.2,0.25693714265030404,26.261553641525225,0.7784004988029447,4.092002494014723
60,0.75,0.4,0.318243041623845,35.767711048974746,1.2569010086096073,3.542252521524018
60,1.0,0.0,0.49430622175309147,0.12609356291847065,0.0,2.02303745328843
60,1.0,0.01,0.488866316505119,1.101991458554819,0.020455489900571392,2.055548990057139
60,1.0,0.02,0.48254637177546145,2.0780014347169495,0.041446793862344906,2.0923396931172453
60,1.0,0.05,0.4609241543719523,4.9831148136029455,0.10847771705114735,2.219554341022947
60,1.0,0.1,0.42567135011637924,9.670033054571439,0.23492302212178442,2.449230221217844
60,1.0,0.2,0.3756381956078675,17.956538277070752,0.5324272194321316,2.8621360971606578
60,1.0,0.4,0.3719424488588463,28.199756570607644,1.075435194953512,3.0885879873837796
60,1.5,0.0,0.5331112843095285,0.10907177849233787,0.0,1.875780966248301
60,1.5,0.01,0.5278137311869352,0.7979015360581567,0.018946077771626428,1.9046077771626428
60,1.5,0.02,0.5225835818409117,1.4857917469074406,0.0382713898694363,1.9335694934718146
60,1.5,0.05,0.5073092176685791,3.536498379155842,0.09855921843837774,2.0211843687675546
60,1.5,0.1,0.48339996511344097,6.867285330220346,0.20686803313387228,2.168680331338723
60,1.5,0.2,0.44375492197178545,12.89340871811243,0.45069922630112547,2.4534961315056276
60,1.5,0.4,0.4232158684790947,20.905268609895163,0.9451441446122395,2.7628603615305987
61,0.08,0.0,0.0030652593082289878,0.45823742015720464,0.0,326.2366734570881
61,0.08,0.01,0.003156156443256051,118.05626291260184,3.168410748892882,316.8510748892882
61,0.08,0.02,0.003490146627712893,212.02870232474476,5.730418269878272,286.54091349391354
61,0.08,0.05,0.005950409738217587,305.6452759429344,8.402782698957001,168.10565397914004
61,0.08,0.1,0.014907972688611212,237.03898326918238,6.7078201770784,67.17820177078399
61,0.08,0.2,0.05096869435888165,130.18553150995731,3.9239773063786285,19.81988653189314
61,0.08,0.4,0.19418121028216642,62.03639777524125,2.059931542391545,5.549828855978863
61,0.15,0.0,0.010769937125668616,0.24490570458196773,0.0,92.85105273424874
61,0.15,0.01,0.010783447906486528,34.68738408982025,0.9273471793733743,92.74471793733744
61,0.15,0.02,0.011039372472274406,67.17739182184897,1.811697182084433,90.60485910422165
61,0.15,0.05,0.013261358497511415,137.25508816705002,3.7703527892246367,75.45705578449272
61,0.15,0.1,0.02180812614781206,162.02661316679928,4.585446696438552,45.95446696438552
61,0.15,0.2,0.05699492622631555,116.28775362410713,3.509084285956256,17.74542142978128
61,0.15,0.4,0.19823776843713578,60.63550054992867,2.0177789689296572,5.444447422324144
61,0.3,0.0,0.04307378787817135,0.12459402843691378,0.0,23.215975405468654
61,0.3,0.01,0.04276243437216418,8.833861420273083,0.2338501104256452,23.395011042564523
61,0.3,0.02,0.04268984285996454,17.47711486046361,0.46849551696889546,23.444775848444774
61,0.3,0.05,0.043904360354384386,41.56396798697161,1.1388390491607947,22.82678098321589
61,0.3,0.1,0.05069881381562925,69.66031060961001,1.9724327350864443,19.824327350864444
61,0.3,0.2,0.08210460769920426,80.33546903926502,2.4359168821890416,12.379584410945206
61,0.3,0.4,0.21469092985361057,55.45111735466793,1.8631434512522003,5.057858628130501
61,0.5,0.0,0.11964764585300064,0.07793632494404276,0.0,8.357874430965422
61,0.5,0.01,0.11856387293855118,3.2596487336933375,0.08434272390193226,8.444272390193225
61,0.5,0.02,0.11770550322953797,6.454161318516069,0.16991558976641832,8.515779488320915
61,0.5,0.05,0.11648265256213784,15.859411138961711,0.42924846661890215,8.634969332378043
61,0.5,0.1,0.1189497837537783,29.8485476308094,0.8406908936210961,8.50690893621096
61,0.5,0.2,0.14073871416665024,46.5448308832673,1.4210730940967518,7.305365470483759
61,0.5,0.4,0.25099354917996664,46.29424699713512,1.5936664559980114,4.3841661399950285
61,0.75,0.0,0.2692075598828644,0.05590913694461555,0.0,3.7146059361598636
61,0.75,0.01,0.26659773894743644,1.5457836305922084,0.03750969546659075,3.7609695466590747
61,0.75,0.02,0.26415251693357655,3.0563842641132237,0.0757138346897871,3.8056917344893546
61,0.75,0.05,0.2578081248674655,7.555152937148988,0.1939426851876918,3.928853703753836
61,0.75,0.1,0.2505895646200495,14.717916301840717,0.3990589159274156,4.090589159274155
61,0.75,0.2,0.24950625448857416,26.334133357272634,0.8015831122548424,4.207915561274212
61,0.75,0.4,0.3097515180074989,35.56260318985045,1.2913576746065092,3.6283941865162728
61,1.0,0.0,0.47859257564753593,0.0457689157807708,0.0,2.0894599099181588
61,1.0,0.01,0.47355870421656854,0.9861299349253362,0.02111670614637628,2.121670614637628
61,1.0,0.02,0.46805515918379775,1.955464308399999,0.042730006512216055,2.1565003256108026
61,1.0,0.05,0.44956119833629277,4.841444411101357,0.11121956295391328,2.274391259078265
61,1.0,0.1,0.4176759264982116,9.49777260824322,0.2394200710546055,2.494200710546055
61,1.0,0.2,0.36943051554121603,17.72796167488316,0.5413737944928557,2.9068689724642782
61,1.0,0.4,0.3635662127176397,27.836207690385468,1.1002122474748672,3.1505306186871676
61,1.5,0.0,0.5450004187020387,0.036860836745887776,0.0,1.8348609756696672
61,1.5,0.01,0.5395692548903042,0.6582601335753004,0.018533302091189436,1.8633302091189436
61,1.5,0.02,0.5341761517573062,1.324173361455489,0.0374408328305279,1.8920416415263948
61,1.5,0.05,0.5182407532374677,3.308492976827534,0.09648025495418548,1.9796050990837095
61,1.5,0.1,0.49270756793772996,6.527633535267779,0.20296014615435812,2.129601461543581
61,1.5,0.2,0.4485151776637789,12.357941841826449,0.4459157905018017,2.429578952509009
61,1.5,0.4,0.4182425552828222,20.269552959342796,0.9563828332330117,2.790957083082529
62,0.08,0.0,0.0031521960077335208,0.5970418183493341,0.0,317.23915567008663
62,0.08,0.01,0.0032441344532437503,115.07444471606627,3.08248629769373,308.258629769373
62,0.08,0.02,0.0035829894814491756,206.7801786775132,5.5819309834844395,279.116549174222
62,0.08,0.05,0.0060808787292102396,299.2440328927953,8.22249583104148,164.4999166208296
62,0.08,0.1,0.015179237435216056,232.7945320860319,6.587946227654264,65.97946227654263
62,0.08,0.2,0.051838046453371846,127.94420010098102,3.858170083239911,19.490850416199553
62,0.08,0.4,0.19805378180290556,61.054311981057026,2.019653431299093,5.449133578247732
62,0.15,0.0,0.011075680697948469,0.3223386339784868,0.0,90.28790439807717
62,0.15,0.01,0.011087998309739267,33.81995979015037,0.9018760393583745,90.19760393583745
62,0.15,0.02,0.011346460529135266,65.44108685389192,1.7626642201455078,88.15321100727539
62,0.15,0.05,0.01359853945064035,133.8897821653643,3.676865459080278,73.58730918160556
62,0.15,0.1,0.022271774596780168,158.60397773882195,4.489987969546756,44.999879695467556
62,0.15,0.2,0.05802249222717807,114.16138233097392,3.4469391493376573,17.434695746688284
62,0.15,0.4,0.20219765383836644,59.69018575981758,1.9782623210838717,5.34565580270968
62,0.3,0.0,0.044296372714174574,0.16972001362902206,0.0,22.575211890431063
62,0.3,0.01,0.043974622618705286,8.628193034323397,0.2274038844337085,22.75038844337085
62,0.3,0.02,0.04389529581185062,17.02597564802301,0.4556296894712008,22.80148447356004
62,0.3,0.05,0.0451116903740368,40.44914383232342,1.1083601520012334,22.217203040024668
62,0.3,0.1,0.05198455108942356,67.88669161266938,1.9236484283182615,19.336484283182614
62,0.3,0.2,0.08385917779174902,78.60765661158922,2.3849506430490925,12.124753215245462
62,0.3,0.4,0.219270576254925,54.584375120338954,1.8242301672749661,4.960575418187415
62,0.5,0.0,0.12304292381470588,0.11319503245450437,0.0,8.12724510274098
62,0.5,0.01,0.12192728903017423,3.2029487374782692,0.0820160940142385,8.21160940142385
62,0.5,0.02,0.12104124319649459,6.303245845430384,0.16523293607892495,8.281646803946247
62,0.5,0.05,0.11976064120649337,15.434258478884498,0.41749943467477885,8.399988693495576
62,0.5,0.1,0.12221811555072119,29.038790610724565,0.8182093100469991,8.282093100469991
62,0.5,0.2,0.14435280187816127,45.40693336515232,1.3854944095148696,7.127472047574348
62,0.5,0.4,0.2575093445834985,45.53751253507444,1.5533416880345416,4.283354220086354
62,0.75,0.0,0.27684587263859656,0.08843034513566857,0.0,3.612118145266453
62,0.75,0.01,0.27416428889893285,1.5478642035892152,0.03647448046629578,3.657448046629578
62,0.75,0.02,0.2716565372841459,3.0141341501634438,0.07362237699098882,3.701118849549441
62,0.75,0.05,0.2651796530418773,7.382737652335003,0.18855141948656212,3.821028389731242
62,0.75,0.1,0.2579199053061046,14.347915144216243,0.38771726393632927,3.9771726393632925
62,0.75,0.2,0.25737800847378317,25.69891747077353,0.7770671674164121,4.08533583708206
62,0.75,0.4,0.32101566048272523,34.96853853335489,1.2460451287594587,3.5151128218986463
62,1.0,0.0,0.4921707769605166,0.07792992859724625,0.0,2.0318150666637873
62,1.0,0.01,0.487087521307828,1.0187863282884178,0.020530191315823572,2.063019131582357
62,1.0,0.02,0.4816937280831968,1.9614293392469764,0.04152015862773628,2.096007931386814
62,1.0,0.05,0.46408862442945203,4.769858225844837,0.10773804262379783,2.2047608524759563
62,1.0,0.1,0.43365608935348815,9.310373646753924,0.23059747679107656,2.4059747679107657
62,1.0,0.2,0.38632980814586826,17.373146600815527,0.5176923855807811,2.7884619279039056
62,1.0,0.4,0.3814925960418626,27.416322248002878,1.0485131406222796,3.021282851555699
62,1.5,0.0,0.579236813245759,0.069467018371236,0.0,1.7264096085269347
62,1.5,0.01,0.5734659549670494,0.7189866810379777,0.017437826802769115,1.7537826802769114
62,1.5,0.02,0.5677385034166391,1.3680053590255177,0.035227485681595304,1.781374284079765
62,1.5,0.05,0.5508324236112365,3.3042352255006584,0.09077170815799458,1.8654341631598914
62,1.5,0.1,0.5237931096614149,6.456422786234988,0.19091507344310238,2.0091507344310235
62,1.5,0.2,0.47705408197108057,12.206571822055343,0.4192396785992163,2.2961983929960814
62,1.5,0.4,0.44385096088736575,20.107704138151426,0.9012034111637451,2.6530085279093627
63,0.08,0.0,0.0028956218415386197,0.4251721078787431,0.0,345.34896292557295
63,0.08,0.01,0.002987375445711015,122.66323344219819,3.3474198947296814,334.7519894729681
63,0.08,0.02,0.0033205437005458882,219.91463373986468,6.023110009578267,301.17550047891336
63,0.08,0.05,0.005768329240401992,311.6356126479624,8.668021174969466,173.41042349938934
63,0.08,0.1,0.014672575005021938,238.021055919959,6.815436279301575,68.25436279301574
63,0.08,0.2,0.050520039800665675,129.74125282268488,3.9588250680151824,19.99412534007591
63,0.08,0.4,0.19322896523382393,62.30201975420143,2.0700830205034997,5.57520755125875
63,0.15,0.0,0.010167987391287148,0.2282746708866876,0.0,98.34787962629561
63,0.15,0.01,0.010186441164739162,35.84655013219698,0.981697124469286,98.1797124469286
63,0.15,0.02,0.010445157214650908,69.75968604218917,1.9147629460231566,95.75814730115782
63,0.15,0.05,0.012662670925422994,141.72708372724787,3.9486140242035677,79.02228048407135
63,0.15,0.1,0.021160066577665202,164.72779729202514,4.725883051121949,47.35883051121949
63,0.15,0.2,0.05610719141537979,116.51357200011776,3.5646054445914954,18.023027222957477
63,0.15,0.4,0.19667442030598692,60.997364556015555,2.033818121226331,5.484545303065826
63,0.3,0.0,0.04065276154903938,0.11454863530915348,0.0,24.598574903545018
63,0.3,0.01,0.04036411780191092,8.995879071916685,0.247744792765583,24.7844792765583
63,0.3,0.02,0.04031123689887729,18.022708746532512,0.4961395764206139,24.826978821030693
63,0.3,0.05,0.041566968439704706,43.063941286199515,1.2028781957608454,24.107563915216907
63,0.3,0.1,0.048371503841925734,71.74775942830748,2.067332872816858,20.77332872816858
63,0.3,0.2,0.07959761919213316,81.49141468445302,2.5126379661838745,12.763189830919371
63,0.3,0.4,0.21145738658715899,56.068080824737734,1.891634085031724,5.12908521257931
63,0.5,0.0,0.11290759250423549,0.0688252930262967,0.0,8.85680030740614
63,0.5,0.01,0.11188944813759444,3.2629252673843587,0.08937393263127587,8.947393263127585
63,0.5,0.02,0.11109316587908177,6.5935850692978875,0.18002907597186307,9.021453798593154
63,0.5,0.05,0.11003544999515016,16.37975048709442,0.4543990141559267,9.137980283118534
63,0.5,0.1,0.11270909309763208,30.834713622911163,0.887239860171503,8.97239860171503
63,0.5,0.2,0.1346829559483799,47.69953451660023,1.4849688929952967,7.6248444649764835
63,0.5,0.4,0.24494826438153655,47.18767625561191,1.6329978945143764,4.4824947362859415
63,0.75,0.0,0.25402545060961246,0.04591531834951586,0.0,3.9366134283009493
63,0.75,0.01,0.2515667665976022,1.53509768261507,0.039750878604707225,3.985087860470722
63,0.75,0.02,0.24927131680881298,3.1120652245022855,0.08023386026134596,4.031693013067298
63,0.75,0.05,0.24336820155978633,7.801936440244122,0.2054500122840284,4.159000245680567
63,0.75,0.1,0.23686029652255175,15.242708838376911,0.42218979486280805,4.32189794862808
63,0.75,0.2,0.23713154919245513,27.20109359478272,0.8434137114234459,4.417068557117229
63,0.75,0.4,0.30002377636302135,36.602163127496866,1.333227668983174,3.7330691724579346
63,1.0,0.0,0.4515869969498582,0.03444846697664217,0.0,2.2144127416295705
63,1.0,0.01,0.4468427050567298,0.9931338282156782,0.02237923968956913,2.2479239689569126
63,1.0,0.02,0.44166618639421396,2.011499366944094,0.04528306810915514,2.284153405457757
63,1.0,0.05,0.4243275920710586,5.040633056807124,0.11783348746179796,2.406669749235959
63,1.0,0.1,0.3946223750356516,9.918487208872895,0.2534068170639479,2.6340681706394786
63,1.0,0.2,0.3505886747954507,18.495384980382454,0.5704690835112944,3.0523454175564724
63,1.0,0.4,0.35110432487767684,28.915746034489224,1.1392625258585414,3.2481563146463532
63,1.5,0.0,0.5143198689948997,0.02297384941717365,0.0,1.9443153187027986
63,1.5,0.01,0.5092007117166925,0.6983412460092893,0.01963862141175437,1.973862141175437
63,1.5,0.02,0.5041299794373525,1.4069378112868156,0.03967230836444507,2.003615418222253
63,1.5,0.05,0.4892223388076705,3.51929287577754,0.1022030190237422,2.094060380474844
63,1.5,0.1,0.4655833892489259,6.949397308955308,0.21478429494943738,2.2478429494943737
63,1.5,0.2,0.4255748669068301,13.15608916148855,0.46995256428943544,2.5497628214471773
63,1.5,0.4,0.40268203454316426,21.426099930936353,0.9933395723844324,2.883348930961081
64,0.08,0.0,0.002972086814299705,0.3118223376541711,0.0,336.46392668904053
64,0.08,0.01,0.0030599737070031692,118.13637435577742,3.268001936459006,326.8101936459006
64,0.08,0.02,0.003383072252205843,212.81418493018998,5.911786243098867,295.60931215494327
64,0.08,0.05,0.0057634773901917135,307.26845741340065,8.675318148222463,173.55636296444925
64,0.08,0.1,0.014432197717021266,238.12797711690533,6.92895163721742,69.38951637217419
64,0.08,0.2,0.04935882317385216,130.26933131810065,4.051960462986687,20.459802314933434
64,0.08,0.4,0.18871372534195907,61.58295077124841,2.1196126528432377,5.6990316321080945
64,0.15,0.0,0.010452997643725306,0.1673787071825775,0.0,95.6663374549096
64,0.15,0.01,0.010465975697432208,34.520932692473195,0.955477089675783,95.55770896757831
64,0.15,0.02,0.010713965965264966,67.22957795780427,1.8667223757141536,93.35611878570766
64,0.15,0.05,0.012867850606020042,137.73395728843627,3.8856528204180587,77.76305640836117
64,0.15,0.1,0.02115506582388893,162.53390234682334,4.727000182012056,47.370001820120564
64,0.15,0.2,0.05530409856342548,116.24594880632435,3.616368500620801,18.281842503104002
64,0.15,0.4,0.19305715759313383,60.169995342714046,2.071925252535813,5.579813131339532
64,0.3,0.0,0.04182887473390065,0.08523522811419221,0.0,23.906930472349988
64,0.3,0.01,0.04152684915188153,8.705076751640775,0.2408080604291865,24.09080604291865
64,0.3,0.02,0.041457346472487465,17.418066949820567,0.4824235437565377,24.141177187826884
64,0.3,0.05,0.04264383378288741,41.66730822025045,1.1725024596654479,23.500049193308957
64,0.3,0.1,0.0492692459632518,69.8423302688475,2.029663698823126,20.396636988231258
64,0.3,0.2,0.0799138503211105,80.24384245969259,2.502695079718451,12.713475398592255
64,0.3,0.4,0.21005430343209558,55.01526774389374,1.9042694839589818,5.160673709897455
64,0.5,0.0,0.11621412818439011,0.0531716035319563,0.0,8.604805763489951
64,0.5,0.01,0.11516276851145799,3.1756458826109775,0.08683361931339001,8.693361931339
64,0.5,0.02,0.11433297314322315,6.404122860409465,0.17492766478613575,8.766383239306787
64,0.5,0.05,0.11317301785734586,15.89717731260731,0.4418014200436433,8.886028400872867
64,0.5,0.1,0.11567184140410072,29.967061632625338,0.8645146371505319,8.745146371505317
64,0.5,0.2,0.13730088440658395,46.56874747938131,1.4566548559712662,7.483274279856331
64,0.5,0.4,0.24728656936385432,46.00605025078891,1.6175565095548925,4.443891273887232
64,0.75,0.0,0.26150940142112705,0.037935108393524174,0.0,3.823954299790658
64,0.75,0.01,0.2589799692698626,1.4934728910169424,0.038613024892206194,3.871302489220619
64,0.75,0.02,0.25662193746877315,3.0246786335723552,0.07793565973849638,3.916782986924819
64,0.75,0.05,0.25057939598939044,7.580558242159898,0.19953755496368508,4.0407510992737015
64,0.75,0.1,0.24399108053496366,14.81698112480425,0.4098510477544695,4.198510477544694
64,0.75,0.2,0.2445523460488947,26.466575988257606,0.8178208192695601,4.2891040963478
64,0.75,0.4,0.30906720508630525,35.533616884744625,1.2942168998108432,3.6355422495271075
64,1.0,0.0,0.4649310151285586,0.03087069641586184,0.0,2.150856723816304
64,1.0,0.01,0.4601803962011629,0.9555201909911019,0.021730608436498038,2.1830608436498036
64,1.0,0.02,0.4552336715532375,1.9402565866609507,0.04393348130809584,2.216674065404792
64,1.0,0.05,0.4394577849170945,4.870829784879661,0.11377657130236687,2.325531426047337
64,1.0,0.1,0.4123794217219886,9.596028951753526,0.2424951264115609,2.5249512641156087
64,1.0,0.2,0.36976197829805424,17.922992834891332,0.5408884951356083,2.9044424756780414
64,1.0,0.4,0.36955724794799594,28.049005423569778,1.0823762819456,3.1059407048639995
64,1.5,0.0,0.5722633884807876,0.024611138261134646,0.0,1.7474471023819003
64,1.5,0.01,0.5665538784300544,0.6550686538509305,0.01765057195921143,1.775057195921143
64,1.5,0.02,0.5608711097064701,1.3333933703176906,0.03565881653356495,1.8029408266782476
64,1.5,0.05,0.5440033976528974,3.355712131346528,0.09191119065749405,1.888223813149881
64,1.5,0.1,0.5167652286077662,6.643192501614579,0.19351147187169157,2.0351147187169154
64,1.5,0.2,0.46930420595028843,12.621949262382662,0.4261628118056654,2.3308140590283273
64,1.5,0.4,0.436955424649231,20.79108703454868,0.9154251839786697,2.6885629599466743
65,0.08,0.0,0.0027486918092387734,0.0722586882765374,0.0,363.80942986727257
65,0.08,0.01,0.0028357812927135395,124.79897537310988,3.5263650358702625,352.64650358702625
65,0.08,0.02,0.00315202083524314,223.27243341946152,6.345135722574386,317.27678612871927
65,0.08,0.05,0.005475526071783931,315.633170862729,9.131542676356933,182.68085352713868
65,0.08,0.1,0.0139290131572273,240.35475653351475,7.179259497512453,71.89259497512452
65,0.08,0.2,0.047985721465873224,130.1842984623548,4.167906491564104,21.03953245782052
65,0.08,0.4,0.18410443451647238,61.866581841731026,2.172679876237369,5.831699690593423
65,0.15,0.0,0.009656408344459102,0.07227919002995853,0.0,103.55817238961372
65,0.15,0.01,0.009674338784509517,36.633927363501655,1.0336623745296092,103.37623745296091
65,0.15,0.02,0.009921255626992377,71.030429239121,2.0158738724145735,100.81369362072867
65,0.15,0.05,0.012035814956606805,143.74174194317996,4.154267922884072,83.13535845768143
65,0.15,0.1,0.020137859710780394,166.3390372617143,4.965771012222667,49.75771012222666
65,0.15,0.2,0.05348078357259267,116.79736540138475,3.739660989232292,18.898304946161456
65,0.15,0.4,0.18815453481769004,60.54004618996867,2.125912088101278,5.7147802202531945
65,0.3,0.0,0.03861667552100626,0.07226248137991587,0.0,25.895548658921488
65,0.3,0.01,0.03834383818390982,9.285949377030372,0.2607980962165725,26.08980962165725
65,0.3,0.02,0.038297657776756394,18.482443798806603,0.5222251479864233,26.13125739932116
65,0.3,0.05,0.03951897915012765,43.914812446253244,1.265214868280283,25.35429736560566
65,0.3,0.1,0.04608625078586319,72.75133196580744,2.1698445478813975,21.798445478813974
65,0.3,0.2,0.07619490707085524,81.79685454090351,2.624847351201778,13.324236756008888
65,0.3,0.4,0.20391565623521518,55.66417905123779,1.9615953349781197,5.3039883374453
65,0.5,0.0,0.10726252333444045,0.07225383810639331,0.0,9.322920708121309
65,0.5,0.01,0.10629801913394013,3.4038613287449873,0.09407513029381634,9.417513029381634
65,0.5,0.02,0.10554976067963649,6.817830695149156,0.18948408666414496,9.494204333207247
65,0.5,0.05,0.10460261209848767,16.824544259288377,0.47799953554623414,9.609990710924684
65,0.5,0.1,0.10735163861221754,31.49649758744042,0.9315181518674941,9.41518151867494
65,0.5,0.2,0.12911548410180082,48.19841784865698,1.5490008916537883,7.945004458268942
65,0.5,0.4,0.23836952174328652,47.04290372431534,1.678066881515089,4.595167203787723
65,0.75,0.0,0.24133580170879412,0.07225027302195032,0.0,4.143604027746542
65,0.75,0.01,0.23900633419314693,1.6034588381925803,0.04183989530553091,4.1939895305530905
65,0.75,0.02,0.2368447349096567,3.232196821308678,0.08444350687225073,4.242175343612536
65,0.75,0.05,0.23137073107792963,8.069253747149812,0.216103392884034,4.37206785768068
65,0.75,0.1,0.225666631680388,15.705622623173332,0.44313153103481495,4.531315310348148
65,0.75,0.2,0.22783741655133583,27.79447932156596,0.877818942240931,4.589094711204655
65,0.75,0.4,0.29552458591808023,36.88197153070551,1.3535252871004124,3.7838132177510304
65,1.0,0.0,0.4290379340915489,0.07224883750783333,0.0,2.330796231613912
65,1.0,0.01,0.4246344630701415,1.0208881180335951,0.023549666524236377,2.3649666524236377
65,1.0,0.02,0.42001334788675565,2.0805765627116917,0.04761753430129658,2.400876715064829
65,1.0,0.05,0.4051514282185938,5.23195343419226,0.12341064727290854,2.5182129454581705
65,1.0,0.1,0.3798049758488712,10.294012393058118,0.2632930223636437,2.732930223636437
65,1.0,0.2,0.34188216329823146,19.11767105682756,0.5849968833429182,3.124984416714591
65,1.0,0.4,0.3515144445744909,29.54448691130784,1.1379333230081086,3.2448333075202713
65,1.5,0.0,0.5168629204102954,0.07224767587522589,0.0,1.9347489643988807
65,1.5,0.01,0.5117212627636532,0.6882871473561191,0.01954188877357372,1.9641888773573717
65,1.5,0.02,0.5066339469147007,1.4362573642710956,0.039476233524808196,1.9938116762404097
65,1.5,0.05,0.49171433988950347,3.6680754719789777,0.10168505561834103,2.0837011123668203
65,1.5,0.1,0.468211042752235,7.293218318715499,0.21357890111301236,2.2357890111301235
65,1.5,0.2,0.4294005107510248,13.834771631890671,0.46576563136871557,2.528828156843578
65,1.5,0.4,0.4142061679759662,22.39782423279106,0.9657026643389084,2.814256660847271
66,0.08,0.0,0.002980530601318818,0.23557852646342892,0.0,335.5107307261071
66,0.08,0.01,0.0030745159234451024,121.08872893712343,3.252544546523165,325.2644546523165
66,0.08,0.02,0.0034160777291240667,216.9905753593446,5.854667717156512,292.75338585782555
66,0.08,0.05,0.0059260241350204915,307.71175519464765,8.437360169446409,168.79720338892818
66,0.08,0.1,0.015057273334475561,235.15528134917975,6.641308673798008,66.51308673798007
66,0.08,0.2,0.05182398413723602,128.0935159103459,3.8592169886123853,19.496084943061923
66,0.08,0.4,0.19829458691302665,61.232045458624164,2.017200803244532,5.44300200811133
66,0.15,0.0,0.010468568036637335,0.1411577319829796,0.0,95.52404841810775
66,0.15,0.01,0.010486971160896533,35.39925169630159,0.9535641746863637,95.36641746863637
66,0.15,0.02,0.010751547121099304,68.7913722422456,1.8601973999398773,93.02986999699387
66,0.15,0.05,0.013022114094406435,139.73744290852773,3.839622325339415,76.84244650678829
66,0.15,0.1,0.0217263252903352,162.5737782179673,4.602711165540925,46.127111655409244
66,0.15,0.2,0.057533769102204646,115.02506467772824,3.4762193251186835,17.581096625593418
66,0.15,0.4,0.2016740208225533,59.9766593180278,1.9833987459988591,5.358496864997147
66,0.3,0.0,0.04185827929940269,0.09786465576857473,0.0,23.89013635384362
66,0.3,0.01,0.04156025681546458,8.898906363789239,0.24061449004999888,24.071449004999888
66,0.3,0.02,0.04150335039530749,17.768795855716096,0.4818888067952526,24.114440339762627
66,0.3,0.05,0.04277913873696749,42.38675489801247,1.1687939840825412,23.425879681650823
66,0.3,0.1,0.04972441681333113,70.64664319379581,2.0110844210683627,20.21084421068363
66,0.3,0.2,0.08163808258898148,80.35694519784042,2.449837057135803,12.449185285679013
66,0.3,0.4,0.21657619922564852,55.16029940404547,1.84692501498396,5.0173125374599
66,0.5,0.0,0.11625892986478066,0.0860191616419754,0.0,8.601489805239803
66,0.5,0.01,0.1152096565057405,3.2432120258741395,0.08679827979091088,8.689827979091088
66,0.5,0.02,0.11438701435305972,6.50558558385128,0.17484502164091167,8.762251082045584
66,0.5,0.05,0.11327884727680677,16.09651825662747,0.44138867230720163,8.877773446144033
66,0.5,0.1,0.11596403302870628,30.284327762464887,0.8623363416072769,8.723363416072768
66,0.5,0.2,0.13832300962423455,46.91133052794728,1.4458910382539818,7.429455191269909
66,0.5,0.4,0.25086870662930877,46.403104402474796,1.5944595297453827,4.386148824363457
66,0.75,0.0,0.26156855020279196,0.0819908107889642,0.0,3.823089584832382
66,0.75,0.01,0.2590377580679679,1.5460974474592786,0.03860441070284487,3.8704410702844867
66,0.75,0.02,0.25667683322799245,3.080890082188738,0.07791899155244392,3.9159495776221958
66,0.75,0.05,0.2506165743901066,7.650769737647059,0.19950795401971552,4.040159080394311
66,0.75,0.1,0.24397073473795788,14.913830903222816,0.4098852270433468,4.198852270433467
66,0.75,0.2,0.24433855584255884,26.63176719556575,0.8185363923034371,4.292681961517185
66,0.75,0.4,0.3082552643343896,35.90592324401042,1.2976258519500494,3.6440646298751234
66,1.0,0.0,0.4649990673533465,0.08053747817791519,0.0,2.150541947732797
66,1.0,0.01,0.46019592598171144,1.0196436882762956,0.021729875114968766,2.1829875114968766
66,1.0,0.02,0.45509835097606743,2.001692247717735,0.04394654464711904,2.2173272323559523
66,1.0,0.05,0.43845512795910757,4.927955184890018,0.11403675498730452,2.3307350997460903
66,1.0,0.1,0.4096917104633644,9.650434586778795,0.2440859735406881,2.540859735406881
66,1.0,0.2,0.3652140228857457,17.99465046467565,0.547624098384,2.9381204919199995
66,1.0,0.4,0.36286876776033195,28.255896533172923,1.1023268893292921,3.15581722332323
66,1.5,0.0,0.5493048688996147,0.07948499436958259,0.0,1.820482680234079
66,1.5,0.01,0.5438286682397593,0.7355232377321406,0.01838814425206299,1.848814425206299
66,1.5,0.02,0.5383865595559795,1.4068814908208649,0.03714802987744435,1.8774014938722177
66,1.5,0.05,0.5222809746831747,3.411119293811177,0.09573391033500872,1.9646782067001742
66,1.5,0.1,0.49639504845835586,6.672853014552058,0.2014524526595662,2.114524526595662
66,1.5,0.2,0.45132130478538124,12.617480125421473,0.443143272607321,2.415716363036605
66,1.5,0.4,0.41863815173890684,20.760984419718294,0.9554790893723157,2.788697723430789
67,0.08,0.0,0.002576859629828838,0.21358378686123855,0.0,388.06925624676836
67,0.08,0.01,0.0026863025769053653,153.02906922642333,3.722588842363414,372.2688842363414
67,0.08,0.02,0.003066154709104447,267.1650080471208,6.522828068855515,326.1614034427757
67,0.08,0.05,0.00582758902141261,346.8641187968893,8.57987751303025,171.647550260605
67,0.08,0.1,0.015827838245905685,249.34711990008856,6.31798218091266,63.279821809126595
67,0.08,0.2,0.05591764199816971,133.5949236983945,3.5766887310188507,18.08344365509425
67,0.08,0.4,0.2128048495414999,62.912708342979634,1.8796564122566881,5.099141030641721
67,0.15,0.0,0.009051616478455976,0.11532440160890021,0.0,110.47750447449137
67,0.15,0.01,0.009095865199558134,45.12263205555103,1.0994006376090302,109.95006376090302
67,0.15,0.02,0.00940962938460043,86.96396326807618,2.1254822249143532,106.29411124571766
67,0.15,0.05,0.011967420686389257,168.7515718275357,4.178009724089153,83.61019448178305
67,0.15,0.1,0.021610090712843717,182.41779093167375,4.627467849571132,46.37467849571132
67,0.15,0.2,0.06091228350397457,122.42497216581823,3.2834099871982287,16.61704993599114
67,0.15,0.4,0.2158504688169498,61.83680301514338,1.8531347288349729,5.032836822087432
67,0.3,0.0,0.036197918853580105,0.058104603699691997,0.0,27.62589761154449
67,0.3,0.01,0.03596890249953688,11.380826503618307,0.27801793507958034,27.811793507958036
67,0.3,0.02,0.03600579579196539,22.689479253504704,0.5554661287187257,27.793306435936287
67,0.3,0.05,0.03771126844791891,53.455570200258734,1.325863649191552,26.56727298383104
67,0.3,0.1,0.04586002817084632,85.69316857580563,2.180548159008132,21.90548159008132
67,0.3,0.2,0.08188127964725767,90.53649753214098,2.4425607521230077,12.412803760615038
67,0.3,0.4,0.22875469809600807,57.67811243542058,1.7485979668584577,4.7714949171461445
67,0.5,0.0,0.10054534138297647,0.0350388235941983,0.0,9.945761645892745
67,0.5,0.01,0.09966755946047558,4.112030264911582,0.10033354939292585,10.043354939292584
67,0.5,0.02,0.09904510070819268,8.265332452734398,0.2019282110573458,10.116410552867288
67,0.5,0.05,0.09870884160745193,20.437325239474337,0.5065402367788024,10.180804735576048
67,0.5,0.1,0.10324021895149589,37.952278680853006,0.968614760948752,9.78614760948752
67,0.5,0.2,0.13118465103973828,55.88624502078938,1.5245686016988091,7.822843008494045
67,0.5,0.4,0.25802215773131426,49.7473079934435,1.5502544568925405,4.275636142231352
67,0.75,0.0,0.2262244720917,0.02350068157911478,0.0,4.420388257529674
67,0.75,0.01,0.22407161531344585,1.8654002034061363,0.044628588882225685,4.472858888222568
67,0.75,0.02,0.22213752156970473,3.7591779067112623,0.09003431684423553,4.521715842211776
67,0.75,0.05,0.21764728716769738,9.417477743069465,0.229729488709294,4.64458977418588
67,0.75,0.1,0.21452945526755635,18.38711625717186,0.4661364560651228,4.761364560651227
67,0.75,0.2,0.22453828127552847,32.14569426233174,0.8907167137107557,4.653583568553778
67,0.75,0.4,0.3074442907448214,39.32315808214817,1.3010487169267353,3.652621792316838
67,1.0,0.0,0.4021756611859549,0.017753252598152754,0.0,2.486475678441485
67,1.0,0.01,0.3981857816913053,1.110575725619967,0.025113905266844837,2.5213905266844834
67,1.0,0.02,0.3942602714105313,2.2376540777024623,0.05072791110412087,2.5563955552060436
67,1.0,0.05,0.38289474487447295,5.610749041325204,0.13058418970046679,2.661683794009335
67,1.0,0.1,0.3656417449067997,11.088719160027305,0.27349174811943183,2.834917481194318
67,1.0,0.2,0.34121613180972765,20.66429113286938,0.5861387588542444,3.1306937942712216
67,1.0,0.4,0.3572698314790921,30.697781898054817,1.1196019499995442,3.19900487499886
67,1.5,0.0,0.59791933146839,0.01206226856790034,0.0,1.6724664137286998
67,1.5,0.01,0.5918836650946256,0.6357200587196644,0.01689521199812345,1.6995211998123447
67,1.5,0.02,0.5857366472126715,1.2758418163548741,0.03414503786842336,1.7272518934211678
67,1.5,0.05,0.5666913151860055,3.180491026730436,0.08823145627984165,1.8146291255968328
67,1.5,0.1,0.5337362711005046,6.269989374474391,0.18735844913408484,1.9735844913408485
67,1.5,0.2,0.4720134541760381,11.92243364770298,0.423716735678915,2.318583678394575
67,1.5,0.4,0.416629292789759,20.191737302533586,0.9600861171368703,2.8002152928421755
68,0.08,0.0,0.002789166227880666,0.6782229982963313,0.0,358.5300832929721
68,0.08,0.01,0.002890455422679252,140.03267306513644,3.4596624191251815,345.97624191251816
68,0.08,0.02,0.0032500934557891455,247.41998166533304,6.15366920122728,307.70346006136396
68,0.08,0.05,0.005878566110438761,336.91623231806835,8.505475495327573,170.15950990655148
68,0.08,0.1,0.015416778059408637,250.64576859652954,6.486439618878177,64.96439618878176
68,0.08,0.2,0.05369299017991072,136.11376769825966,3.7248810194748696,18.824405097374346
68,0.08,0.4,0.20376218896165288,63.894685415361714,1.9630727469033924,5.307681867258481
68,0.15,0.0,0.009796910538904722,0.36249642063485804,0.0,102.07299495375389
68,0.15,0.01,0.00982808632683179,41.416565840040505,1.0174920800907972,101.75920800907971
68,0.15,0.02,0.010117538616539726,79.7622186601435,1.9767653732801023,98.85826866400511
68,0.15,0.05,0.01253500306472954,158.33749773643189,3.9888302971929765,79.82660594385952
68,0.15,0.1,0.02171978619496946,178.1438512475777,4.604096886697766,46.14096886697766
68,0.15,0.2,0.0592782595203167,123.3372440704563,3.3739182226066053,17.069591113033027
68,0.15,0.4,0.207783151558874,62.601683052580015,1.9250839011682939,5.212709752920735
68,0.3,0.0,0.03918012944340973,0.18365313848397294,0.0,25.523141812085168
68,0.3,0.01,0.038916470562171714,10.595294123325312,0.25696060962219885,25.70606096221989
68,0.3,0.02,0.03890908160295437,20.913324215608455,0.5140188145299579,25.720940726497894
68,0.3,0.05,0.04042391572416743,49.33078986191852,1.236891555513201,24.78783111026402
68,0.3,0.1,0.048062992009043584,80.6806098502738,2.0806028884174315,20.906028884174315
68,0.3,0.2,0.0823582440547764,88.64622935877522,2.428415057841449,12.342075289207244
68,0.3,0.4,0.22334429742690765,57.81686679248303,1.7909568527528905,4.877392131882226
68,0.5,0.0,0.10883241151795403,0.11374877749947308,0.0,9.188439234713002
68,0.5,0.01,0.1078676885012867,3.908872125197044,0.09270616751818794,9.280616751818794
68,0.5,0.02,0.10715014959813701,7.714724574905865,0.1866539624537093,9.352698122685464
68,0.5,0.05,0.10647988764504991,18.911722964046668,0.4695722460440108,9.441444920880215
68,0.5,0.1,0.11029310900401608,35.309774848390404,0.9066749582365905,9.166749582365904
68,0.5,0.2,0.1362155933743683,53.31856430436868,1.4682606818026314,7.541303409013157
68,0.5,0.4,0.257197157169579,49.094836722825974,1.5552271432621867,4.2880678581554665
68,0.75,0.0,0.24487489122128417,0.08030744743401992,0.0,4.083717995800304
68,0.75,0.01,0.24253079339560113,1.8228390160344938,0.041231877651464334,4.133187765146433
68,0.75,0.02,0.24039599337265263,3.5729755214413674,0.0831960621281935,4.179803106409675
68,0.75,0.05,0.23524719952276285,8.807672224997004,0.21254238138193834,4.300847627638766
68,0.75,0.1,0.23084865540663727,17.157108702621727,0.4331842428271941,4.43184242827194
68,0.75,0.2,0.23769421454573758,30.315062600468423,0.8414171980677957,4.407085990338978
68,0.75,0.4,0.313281908137407,38.177263434715975,1.2768052977529685,3.592013244382421
68,1.0,0.0,0.43533640104700294,0.06464754906852895,0.0,2.297074165162749
68,1.0,0.01,0.43099672372079123,1.115960799859743,0.023202032520502895,2.3302032520502896
68,1.0,0.02,0.42668533729017877,2.1693873043414658,0.04687294887379377,2.3636474436896884
68,1.0,0.05,0.4139576847825118,5.32206163762241,0.12078529240559788,2.465705848111957
68,1.0,0.1,0.3938963809688379,10.451636003618324,0.25387387351474866,2.6387387351474865
68,1.0,0.2,0.36317736044874727,19.51927589847602,0.5506951197422578,2.953475598711289
68,1.0,0.4,0.3691860133254608,29.53747800136331,1.0834646643218706,3.108661660804676
68,1.5,0.0,0.6277314542467181,0.05058185235460934,0.0,1.5930379037641291
68,1.5,0.01,0.6214029940560488,0.6675038600436575,0.016092616378829402,1.61926163788294
68,1.5,0.02,0.6149736347314855,1.2826935808715008,0.03252171942091884,1.6460859710459421
68,1.5,0.05,0.5951361347148243,3.1125845372180585,0.08401439113415432,1.7302878226830862
68,1.5,0.1,0.5609567893783047,6.079941002130411,0.1782668503055782,1.882668503055782
68,1.5,0.2,0.496569783400211,11.51056496606026,0.40276312954549987,2.2138156477274995
68,1.5,0.4,0.4357370885170702,19.498809356655936,0.9179847447948646,2.6949618619871614
69,0.08,0.0,0.0029334164755384575,0.38675617589571515,0.0,340.89942847833777
69,0.08,0.01,0.0030267122332540723,122.51447283575303,3.303915017136869,330.4015017136869
69,0.08,0.02,0.0033652624343252493,219.53762870624786,5.943072907480421,297.1736453740211
69,0.08,0.05,0.005852215707593567,310.6863527338449,8.543772563803875,170.92545127607752
69,0.08,0.1,0.01489823779189723,236.99707716595262,6.7122032415395765,67.22203241539576
69,0.08,0.2,0.05131190340359206,128.88484195268313,3.8977310669399006,19.6886553346995
69,0.08,0.4,0.1962039509615332,60.81334019732352,2.038694929636876,5.49673732409219
69,0.15,0.0,0.01030372661845411,0.20638396827362185,0.0,97.0522643922818
69,0.15,0.01,0.010322815206777391,35.817448755170645,0.9687279874422775,96.88279874422776
69,0.15,0.02,0.010586150079718436,69.67114390194916,1.8892609541137309,94.48304770568654
69,0.15,0.05,0.012841407485105566,141.4149338985329,3.893654185337065,77.9230837067413
69,0.15,0.1,0.02148109097098043,164.12577270026006,4.655257041418127,46.65257041418128
69,0.15,0.2,0.05700626036343207,115.75681550930616,3.5083866004354576,17.741933002177284
69,0.15,0.4,0.19982283818258437,59.52910970288445,2.00177318888098,5.404432972202451
69,0.3,0.0,0.04120089027539444,0.10433985542534399,0.0,24.271320190311748
69,0.3,0.01,0.040908904056677485,8.995148851032189,0.2444455609503848,24.45455609503848
69,0.3,0.02,0.04085695793069651,18.01016781275111,0.48951270512907347,24.49563525645367
69,0.3,0.05,0.04214114143685882,43.00808519418893,1.1864889819113305,23.779779638226607
69,0.3,0.1,0.04907836012551918,71.57939703437677,2.037557891996542,20.47557891996542
69,0.3,0.2,0.08088558170202943,81.01821485759997,2.4726285673109274,12.563142836554636
69,0.3,0.4,0.21509126417379607,54.69955038347549,1.8596757127095394,5.049189281773849
69,0.5,0.0,0.11443513680429902,0.06439120808519593,0.0,8.738574776295742
69,0.5,0.01,0.11340427430809119,3.254903976187292,0.08818009780506587,8.828009780506587
69,0.5,0.02,0.11260038765147143,6.574557607993499,0.17761928193271764,8.900964096635882
69,0.5,0.05,0.11155050387828527,16.33083295684203,0.4482274688293285,9.01454937658657
69,0.5,0.1,0.11433881764606404,30.733270765229502,0.8745936162253324,8.845936162253324
69,0.5,0.2,0.13691384222907468,47.39533965509979,1.4607726782320078,7.503863391160039
69,0.5,0.4,0.24969367417978575,45.99105847411689,1.6019628903854004,4.404907225963502
69,0.75,0.0,0.257467633336297,0.04520035825203663,0.0,3.8839833459525686
69,0.75,0.01,0.2549811688714866,1.5074696357225112,0.039218582471241686,3.9318582471241683
69,0.75,0.02,0.252671188470523,3.0606195105090683,0.07915425625321436,3.977712812660718
69,0.75,0.05,0.2468026354818208,7.684039014994614,0.20259102947740987,4.101820589548197
69,0.75,0.1,0.2405945476664635,15.027703380512818,0.41563701659037644,4.256370165903764
69,0.75,0.2,0.24212143586116308,26.790769798472503,0.826031777354417,4.330158886772085
69,0.75,0.4,0.3080411493647641,35.53148779758914,1.2985278130044362,3.64631953251109
69,1.0,0.0,0.45771089472481435,0.036160071738194945,0.0,2.184785224745899
69,1.0,0.01,0.4530677214687808,0.9441590004611669,0.02207175555915003,2.2171755559150026
69,1.0,0.02,0.4482963031126802,1.9230072903814883,0.04461335028001103,2.2506675140005514
69,1.0,0.05,0.4333609399160128,4.837185194139269,0.11537726498768028,2.357545299753605
69,1.0,0.1,0.40798367043864364,9.539452558859644,0.2451078492736854,2.551078492736854
69,1.0,0.2,0.36726546317751213,17.829491590145988,0.5445652261163829,2.9228261305819148
69,1.0,0.4,0.3659815838761045,27.8203185468938,1.0929511691916491,3.1323779229791224
69,1.5,0.0,0.5870517847188271,0.027972269037356855,0.0,1.703427237648136
69,1.5,0.01,0.5811764164013644,0.6214279137405079,0.017206479337065754,1.7306479337065754
69,1.5,0.02,0.5752919890557463,1.2688876723622855,0.03476495480638786,1.758247740319393
69,1.5,0.05,0.5576104752755343,3.1978018953436362,0.08966832980548528,1.8433665961097054
69,1.5,0.1,0.5283967823928178,6.331667142172798,0.1892517201697465,1.992517201697465
69,1.5,0.2,0.4755384992780559,12.04780098459512,0.42057583203806265,2.3028791601903134
69,1.5,0.4,0.43125355072458554,20.061260744351163,0.9275285950177714,2.718821487544428
70,0.08,0.0,0.0031599898437674914,1.4849157800236157,0.0,316.45671329365797
70,0.08,0.01,0.0032519128493904005,112.62993325190138,3.075113160512462,307.5213160512462
70,0.08,0.02,0.0035908765409630393,204.21558054008148,5.56967073967856,278.503536983928
70,0.08,0.05,0.006089799292647643,297.26990190589754,8.210451214766005,164.2590242953201
70,0.08,0.1,0.01519169885011131,231.7546949741626,6.582542280929121,65.9254228092912
70,0.08,0.2,0.051854602537343995,127.59698243113175,3.85693825067826,19.484691253391297
70,0.08,0.4,0.19783535740282762,61.94815591652817,2.021883273299472,5.4547081832486795
70,0.15,0.0,0.011095085284808678,0.7934039622938105,0.0,90.129996690444
70,0.15,0.01,0.011107442078324065,32.64479153150615,0.900297289824701,90.03972898247011
70,0.15,0.02,0.011366408936639165,64.22250719627202,1.75957068863947,87.99853443197348
70,0.15,0.05,0.01362275309088066,132.67509133836467,3.6703300475636595,73.45660095127319
70,0.15,0.1,0.022311665651959613,157.62885640588556,4.481960314389038,44.91960314389038
70,0.15,0.2,0.058114978469392536,113.70690137585379,3.441453567866917,17.407267839334583
70,0.15,0.4,0.20222848688934977,60.518649368697616,1.9779607025337722,5.344901756334431
70,0.3,0.0,0.04435555793969785,0.39817825801344403,0.0,22.545088968546338
70,0.3,0.01,0.04403373402924731,8.080513036454551,0.2270986147429145,22.719861474291452
70,0.3,0.02,0.04395536808822581,16.484578663854837,0.4550069961843259,22.77034980921629
70,0.3,0.05,0.04518079552593912,39.92285314155776,1.1066648875470573,22.183297750941144
70,0.3,0.1,0.05208837444743601,67.37009696179597,1.9198141823548955,19.298141823548956
70,0.3,0.2,0.08409126824998824,78.21479222072963,2.378368220175202,12.09184110087601
70,0.3,0.4,0.21967515043868122,55.30409994281907,1.8208704953710892,4.9521762384277235
70,0.5,0.0,0.12318675692458242,0.24079178290731865,0.0,8.117755714700904
70,0.5,0.01,0.12206991743230004,2.899083230402098,0.08192026512630353,8.202026512630352
70,0.5,0.02,0.12118313269458747,6.022014950391106,0.1650394700589654,8.271973502948269
70,0.5,0.05,0.11990304908476898,15.211910678315354,0.41700357398460347,8.39007147969207
70,0.5,0.1,0.12236964643687255,28.88006927412192,0.8171961177610129,8.271961177610127
70,0.5,0.2,0.14453884118733698,45.336940834893284,1.3837111073886343,7.1185555369431714
70,0.5,0.4,0.2575628362761551,46.24022804244606,1.5530190837436106,4.282547709359027
70,0.75,0.0,0.27714631262091854,0.16292347631003845,0.0,3.608202434819339
70,0.75,0.01,0.2744536260073507,1.3851648598065383,0.03643602799305763,3.653602799305763
70,0.75,0.02,0.27191864669735244,2.891751794051507,0.0735514104785177,3.6975705239258847
70,0.75,0.05,0.2652662650895402,7.376466908070003,0.18848985559140957,3.819797111828191
70,0.75,0.1,0.25744050610049773,14.503121865528035,0.38843926122862243,3.984392612286224
70,0.75,0.2,0.2552458618998586,26.080131686100408,0.7835582465915417,4.117791232957709
70,0.75,0.4,0.3169483206307015,35.84358914816592,1.2620353980864527,3.5550884952161317
70,1.0,0.0,0.49268426494528855,0.1246584048138229,0.0,2.0296974576832643
70,1.0,0.01,0.4854495649544775,0.9443630134538522,0.020599462275628446,2.0699462275628444
70,1.0,0.02,0.4766485306826167,1.9454730954597268,0.041959638418181316,2.117981920909066
70,1.0,0.05,0.4509643856107977,4.929818454164908,0.1108735004257126,2.267470008514252
70,1.0,0.1,0.414287053951011,9.736424138952422,0.24137852980514543,2.513785298051454
70,1.0,0.2,0.36560715781286945,18.19324395407484,0.5470352418602455,2.9351762093012277
70,1.0,0.4,0.36738386041913673,28.56831115659608,1.0887794568429123,3.121948642107281
70,1.5,0.0,0.499972819861633,0.08762902395933388,0.0,2.0001087264638686
70,1.5,0.01,0.49501819828495347,0.736188020261702,0.020201277517970313,2.030127751797031
70,1.5,0.02,0.49015401458616137,1.4688507209745012,0.04080350135841704,2.0601750679208517
70,1.5,0.05,0.476113316840103,3.6601233584670023,0.1050170163940025,2.1503403278800497
70,1.5,0.1,0.454679872748197,7.219519571123163,0.219934960823261,2.29934960823261
70,1.5,0.2,0.42111920335189446,13.61638333541298,0.47492491059087744,2.574624552954387
70,1.5,0.4,0.41373801910105246,21.7526752700163,0.9667953669549111,2.8169884173872775
71,0.08,0.0,0.0025627416383629015,0.18717898875442715,0.0,390.20710672918534
71,0.08,0.01,0.0026689746156728917,151.22548228643143,3.746757253245302,374.6857253245302
71,0.08,0.02,0.003038916117306703,264.25096536655445,6.581293865302666,329.08469326513324
71,0.08,0.05,0.005730482750162279,345.20147649998,8.72526839009926,174.5553678019852
71,0.08,0.1,0.015481501316600102,248.9831505340357,6.459321867755461,64.69321867755461
71,0.08,0.2,0.05459383948045548,133.16698170404933,3.6634170064481313,18.517085032240654
71,0.08,0.4,0.20815212836422325,62.70415218613452,1.9216714387857836,5.204178596964459
71,0.15,0.0,0.008998084595950981,0.09694616946477601,0.0,111.1347631083605
71,0.15,0.01,0.009039508544523091,44.667922988153606,1.1062548313048342,110.63548313048342
71,0.15,0.02,0.009343729519749986,85.93131346422958,2.14047291905504,107.04364595275199
71,0.15,0.05,0.011832653184210616,167.0711191675538,4.225594988849968,84.56189977699937
71,0.15,0.1,0.021227483277736478,181.38973521854447,4.71087404435177,47.2087404435177
71,0.15,0.2,0.05955514014662398,121.86372613423225,3.3582323793983626,16.991161896991812
71,0.15,0.4,0.21119836201588638,61.63510743844769,1.8939540827021752,5.134885206755438
71,0.3,0.0,0.03597463832895847,0.05027460987879042,0.0,27.797360764431396
71,0.3,0.01,0.03574444312190123,11.316610318310927,0.2797637654025397,27.98637654025397
71,0.3,0.02,0.03577333641072253,22.454768345081778,0.559075613478571,27.97378067392855
71,0.3,0.05,0.03741397223706876,52.777941728309486,1.3363991314042123,26.777982628084246
71,0.3,0.1,0.04531986884457305,84.71150196105283,2.2065377184332866,22.165377184332865
71,0.3,0.2,0.08037467463815182,89.76571376201933,2.48834599829366,12.6417299914683
71,0.3,0.4,0.22406931676549205,57.47801597096036,1.785161867649352,4.86290466912338
71,0.5,0.0,0.09991481050849302,0.03385150075427521,0.0,10.008526212587846
71,0.5,0.01,0.09903974358037246,4.1179620474752605,0.1009695667465539,10.10695667465539
71,0.5,0.02,0.09841282271974947,8.210425615100691,0.20322554975334942,10.18127748766747
71,0.5,0.05,0.0980202612118392,20.194709284235955,0.5100986202428203,10.251972404856405
71,0.5,0.1,0.10231688872196136,37.441971226488256,0.9773557547448757,9.873557547448756
71,0.5,0.2,0.12930291304506258,55.20297929490195,1.5467555625007396,7.933777812503698
71,0.5,0.4,0.2532442949548707,49.554524019051414,1.579502511878034,4.348756279695085
71,0.75,0.0,0.22479411587929007,0.02692673920253414,0.0,4.448515016011273
71,0.75,0.01,0.2226510199852282,1.8923518333193436,0.04491333567959154,4.501333567959154
71,0.75,0.02,0.2207176139182374,3.7666278446459667,0.09061352034826181,4.55067601741309
71,0.75,0.05,0.21617550566246668,9.358000105513987,0.23129354940919755,4.67587098818395
71,0.75,0.1,0.21279861179550386,18.202597018017308,0.46992787761274707,4.79927877612747
71,0.75,0.2,0.22176281759648087,31.77492134524868,0.9018644431363583,4.709322215681792
71,0.75,0.4,0.30245738353975044,39.20674783935041,1.322500364575924,3.7062509114398097
71,1.0,0.0,0.3996224103016191,0.02407540974132783,0.0,2.502362165438219
71,1.0,0.01,0.39564294879179646,1.1482504494799792,0.025275314600039567,2.5375314600039567
71,1.0,0.02,0.3916979650830669,2.276224303303111,0.05105974955922639,2.5729874779613193
71,1.0,0.05,0.3801079453639492,5.645875805541822,0.13154158077944292,2.680831615588858
71,1.0,0.1,0.36208239693019445,11.100445094820612,0.27618023093036176,2.8618023093036173
71,1.0,0.2,0.33594597087489314,20.603866750899464,0.5953338254932676,3.1766691274663383
71,1.0,0.4,0.35177787806733046,30.746205573134908,1.137081166665744,3.2427029166643604
71,1.5,0.0,0.5696409046689086,0.021831408530898575,0.0,1.7554919104365025
71,1.5,0.01,0.5639112355925894,0.6866326428841363,0.017733287384301615,1.7833287384301613
71,1.5,0.02,0.5581161951364809,1.3506836895232355,0.03583483184018559,1.8117415920092794
71,1.5,0.05,0.540385115369403,3.325823988555392,0.09252660478225866,1.900532095645173
71,1.5,0.1,0.5102750565270232,6.525367681321659,0.1959727380770065,2.059727380770065
71,1.5,0.2,0.4548972145221529,12.348253957273311,0.4396597596450225,2.3982987982251127
71,1.5,0.4,0.4094766014207242,20.70770904431824,0.9768567938000754,2.8421419845001883
72,0.08,0.0,0.003289878854249469,0.535107893238667,0.0,303.9625604171778
72,0.08,0.01,0.0033717302396231224,104.93608161623415,2.965836318245245,296.5936318245245
72,0.08,0.02,0.003683081178111438,190.52950755229065,5.430235998831646,271.5317999415823
72,0.08,0.05,0.005994098379438779,286.93231487700723,8.341538098792675,166.8807619758535
72,0.08,0.1,0.014435199680461586,230.51472592809094,6.927510683163779,69.37510683163778
72,0.08,0.2,0.04851935099436569,127.82986539303884,4.122066678575833,20.810333392879162
72,0.08,0.4,0.18532866503407647,61.40239369457862,2.1583277466896544,5.795819366724136
72,0.15,0.0,0.011561495570350385,0.2882598178547202,0.0,86.49400018493402
72,0.15,0.01,0.011559987661955585,30.71967242814013,0.8650528263892902,86.51528263892901
72,0.15,0.02,0.011786693305826842,59.61696997802684,1.6968287441663428,84.86143720831714
72,0.15,0.05,0.013836069078262713,124.25682560191375,3.613743160516087,72.32486321032174
72,0.15,0.1,0.021815567281451724,152.3032717990296,4.583882633435946,45.93882633435947
72,0.15,0.2,0.05488341570713593,112.71345196418405,3.644088062361542,18.42044031180771
72,0.15,0.4,0.18934189189329464,59.90450606081548,2.1125805599609393,5.681451399902348
72,0.3,0.0,0.046242438276257805,0.14866618550532051,0.0,21.625157264110545
72,0.3,0.01,0.04589152204359889,7.823795622552005,0.21790517190734218,21.80051719073422
72,0.3,0.02,0.045763623165030014,15.441576560719083,0.43702833422688603,21.8714167113443
72,0.3,0.05,0.04671807430270433,36.83453394334443,1.0702495928241993,21.454991856483986
72,0.3,0.1,0.05276994728219628,62.783809335797585,1.8950180007805006,19.050180007805007
72,0.3,0.2,0.08161379118771987,75.23220103747686,2.450566222808839,12.452831114044194
72,0.3,0.4,0.20647008374090947,54.343334273612506,1.9373266710248591,5.243316677562148
72,0.5,0.0,0.1284510734598428,0.09513084427234776,0.0,7.785065340949653
72,0.5,0.01,0.12726965720825456,2.9188491204785754,0.07857332391205193,7.867332391205193
72,0.5,0.02,0.1262944419874258,5.742462459738172,0.15836009633734519,7.938004816867259
72,0.5,0.05,0.12460650133084795,14.054394261423774,0.4012631721939043,8.075263443878086
72,0.5,0.1,0.12592607935913297,26.542768049234315,0.7941166794751587,8.041166794751588
72,0.5,0.2,0.14418297867898264,42.3701744214574,1.3871262879461772,7.135631439730886
72,0.5,0.4,0.24517076363921006,44.78008758371183,1.6315159037014484,4.478789759253622
72,0.75,0.0,0.2890165824717128,0.07047154267136281,0.0,3.4600090813054782
72,0.75,0.01,0.28618998135758084,1.4466842967892086,0.03494182414270286,3.5041824142702858
72,0.75,0.02,0.2834907284981944,2.8214487540809605,0.07054904442889878,3.5474522214449395
72,0.75,0.05,0.27616599925618973,6.904127152175914,0.1810505280688689,3.6710105613773774
72,0.75,0.1,0.2666564016274307,13.399814193809757,0.3750144357671145,3.850144357671145
72,0.75,0.2,0.25944408934035257,24.155483906869154,0.7708789994349394,4.054394997174697
72,0.75,0.4,0.30836134969386586,34.223819799260156,1.297179430551562,3.642948576378905
72,1.0,0.0,0.5138095526306812,0.05946532360055327,0.0,1.9462464153888268
72,1.0,0.01,0.5073173118907176,0.9932944063475346,0.019711529186203138,1.9811529186203138
72,1.0,0.02,0.4990890524213145,1.924876354254799,0.04007300882071174,2.023650441035587
72,1.0,0.05,0.47280028719046363,4.694245825164494,0.10575289684597404,2.1650579369194807
72,1.0,0.1,0.4334018814988542,9.157496725010287,0.2307327316027454,2.407327316027454
72,1.0,0.2,0.378175878139087,17.081976085141182,0.5288544604805366,2.844272302402683
72,1.0,0.4,0.36538982520578833,27.273463429406412,1.0947212330685978,3.136803082671494
72,1.5,0.0,0.5307305305961175,0.05014221030422064,0.0,1.8841953540468044
72,1.5,0.01,0.5254599598426876,0.7490495224701911,0.019030945769861904,1.9130945769861902
72,1.5,0.02,0.5202630849048058,1.4485311970723354,0.03844208935880866,1.942104467940433
72,1.5,0.05,0.5051239470032733,3.540228441533314,0.0989856060015226,2.029712120030452
72,1.5,0.1,0.4815264462719406,6.959127842353012,0.20767291344892264,2.1767291344892263
72,1.5,0.2,0.4424082828599056,13.21059089642359,0.45207110207593615,2.460355510379681
72,1.5,0.4,0.4192963409891968,21.435211216764813,0.9539792287629479,2.78494807190737
73,0.08,0.0,0.0031528920184799494,0.9777321580280796,0.0,317.169124137056
73,0.08,0.01,0.003243801267031203,114.25744075222543,3.0828029144807063,308.2902914480706
73,0.08,0.02,0.003579582251055637,205.14082326555817,5.587244152331434,279.3822076165717
73,0.08,0.05,0.006055964766400756,297.47105109020396,8.256322803825777,165.17645607651554
73,0.08,0.1,0.015077303911974562,231.89443077874046,6.632485528170517,66.42485528170516
73,0.08,0.2,0.05142351805424387,127.64354472531792,3.8892710488813873,19.646355244406937
73,0.08,0.4,0.19627815207090848,61.843689424073865,2.037924220192851,5.494810550482128
73,0.15,0.0,0.01107221803622334,0.5242950216058547,0.0,90.31614051750496
73,0.15,0.01,0.011083539690102116,33.68102370752272,0.9022388406232943,90.23388406232944
73,0.15,0.02,0.011338944356997695,64.99011091031386,1.7638326258878974,88.21163129439486
73,0.15,0.05,0.013569463382166382,132.8974512451152,3.6847440898593176,73.74488179718634
73,0.15,0.1,0.022165217168081584,157.70896944760838,4.511573211382845,45.21573211382845
73,0.15,0.2,0.05760047640994026,113.81727442318757,3.472193503689242,17.56096751844621
73,0.15,0.4,0.20039093003301275,60.469050019711446,1.9960983260774494,5.390245815193623
73,0.3,0.0,0.044270576345115324,0.26931264221944196,0.0,22.588366417559342
73,0.3,0.01,0.043947989116403643,8.64058398432371,0.22754169647019157,22.76416964701916
73,0.3,0.02,0.0438656343412489,16.957997569675282,0.455937781371443,22.81688906857215
73,0.3,0.05,0.04505977339183541,40.160137861540996,1.1096371827085072,22.242743654170145
73,0.3,0.1,0.05185125076902016,67.39033953448555,1.9285937854318362,19.385937854318364
73,0.3,0.2,0.08339014938467357,78.25842194458181,2.3983648125801103,12.19182406290055
73,0.3,0.4,0.21729021702942514,55.31702626909113,1.8408560011048845,5.002140002762212
73,0.5,0.0,0.12295887769518131,0.17163851890378382,0.0,8.132800321088077
73,0.5,0.01,0.12184243900579493,3.22197065184885,0.08207320931522383,8.217320931522384
73,0.5,0.02,0.12095230008924113,6.3046186924706324,0.1653544412569549,8.287722062847743
73,0.5,0.05,0.11963966532427717,15.378638193312192,0.41792159702618337,8.408431940523666
73,0.5,0.1,0.12197764149504892,28.895046795671558,0.8198223770711209,8.298223770711209
73,0.5,0.2,0.14362087221797157,45.26566594209395,1.3925552526687246,7.162776263343623
73,0.5,0.4,0.254702138495719,46.22612432244707,1.570461882897474,4.326154707243685
73,0.75,0.0,0.27664325660488703,0.12655067262666464,0.0,3.6147636934025833
73,0.75,0.01,0.2739550816719594,1.550698666131109,0.036502334393542106,3.66023343935421
73,0.75,0.02,0.271423562810502,3.032106566295874,0.0736855702316577,3.704278511582885
73,0.75,0.05,0.26477470844668693,7.443942958471093,0.1888397887144407,3.826795774288814
73,0.75,0.1,0.25692475896543593,14.465639269098242,0.3892190087194088,3.992190087194088
73,0.75,0.2,0.25447951911827643,25.92530232514399,0.7859178636181109,4.129589318090554
73,0.75,0.4,0.31432285770511015,35.71649533450538,1.2725768750017856,3.581442187504464
73,1.0,0.0,0.4917987490947297,0.10635815774437948,0.0,2.033352060859718
73,1.0,0.01,0.485488423526135,1.003380363840419,0.020597813491348215,2.0697813491348214
73,1.0,0.02,0.477542982973029,1.9830307853339517,0.04188104676041188,2.114052338020594
73,1.0,0.05,0.45273895026733413,4.905037008050122,0.11043891843296431,2.258778368659286
73,1.0,0.1,0.41631051073687503,9.620326113072595,0.2402053213189326,2.502053213189326
73,1.0,0.2,0.3671336421936402,17.95821765190848,0.544760754707716,2.9238037735385802
73,1.0,0.4,0.36574246602462934,28.3324281747023,1.0936657270010963,3.1341643175027407
73,1.5,0.0,0.5055178245151173,0.0891851371225716,0.0,1.978169614413063
73,1.5,0.01,0.5005054476556857,0.6786274584590875,0.01997980251131918,2.007980251131918
73,1.5,0.02,0.49557889127301014,1.3883946454492109,0.04035684399031873,2.0378421995159366
73,1.5,0.05,0.4813230873031265,3.512997342167427,0.1038803276197535,2.12760655239507
73,1.5,0.1,0.45943394241032826,6.972437695267328,0.21765914698285027,2.2765914698285026
73,1.5,0.2,0.4245414538812173,13.233577317442876,0.4710965164215934,2.555482582107967
73,1.5,0.4,0.4122473599881918,21.387543916836822,0.9702912348825167,2.8257280872062918
74,0.08,0.0,0.00248740796100132,0.0602603134742013,0.0,402.02492541571047
74,0.08,0.01,0.0026019057912912997,161.53088775351333,3.8433366932309645,384.34366932309644
74,0.08,0.02,0.0029951332571298388,279.474246135234,6.677499223912829,333.8949611956414
74,0.08,0.05,0.00584660450077512,353.3025863653206,8.551972344524279,171.08944689048556
74,0.08,0.1,0.016163111305064374,249.6914636774353,6.186927634945327,61.96927634945327
74,0.08,0.2,0.057505307776859124,133.0724470976366,3.4779398238519224,17.58969911925961
74,0.08,0.4,0.21926814015045518,62.57970590294332,1.824250434766912,4.96062608691728
74,0.15,0.0,0.008743505271270718,0.060123158128116805,0.0,114.37060640722495
74,0.15,0.01,0.008795189321623632,47.80386444998242,1.1369851897803098,113.70851897803098
74,0.15,0.02,0.009125096994414255,91.76443781625747,2.191757524576736,109.60787622883679
74,0.15,0.05,0.011783556214971534,175.32966517061107,4.243201210893599,84.91402421787197
74,0.15,0.1,0.02176796097904805,185.37657818654807,4.593907536688959,46.039075366889584
74,0.15,0.2,0.06240264303399736,122.53827257430092,3.2049924534612857,16.224962267306427
74,0.15,0.4,0.22249156021123848,61.55672626315096,1.797821003278646,4.894552508196615
74,0.3,0.0,0.034979819253579646,0.06013012136045707,0.0,28.587912154453612
74,0.3,0.01,0.03476783562082018,12.109071885587962,0.2876221605814213,28.77221605814213
74,0.3,0.02,0.03483146483966352,24.069918425957983,0.5741934797191035,28.729673985955174
74,0.3,0.05,0.03667535425053745,56.36058992191039,1.3633133482075988,27.316266964151975
74,0.3,0.1,0.04524868510777652,89.10349160095006,2.2100089706875004,22.200089706875
74,0.3,0.2,0.0828429882210046,91.97900791960389,2.4142055265612763,12.27102763280638
74,0.3,0.4,0.2356378483427422,57.62192069313206,1.6975201683992132,4.6438004209980335
74,0.5,0.0,0.09717755250942231,0.06009418928883267,0.0,10.290442331350548
74,0.5,0.01,0.09633931381411742,4.390413922417542,0.10379978436731002,10.389978436731003
74,0.5,0.02,0.0957681285957112,8.795028372971414,0.20883774480370984,10.46188724018549
74,0.5,0.05,0.09565605639447715,21.673465988837982,0.5227060563087026,10.504121126174052
74,0.5,0.1,0.10079539593307554,39.98079562679181,0.9921088068982471,10.02108806898247
74,0.5,0.2,0.13082927247002987,57.79109831682591,1.528709869160326,7.84354934580163
74,0.5,0.4,0.2651189996305774,50.07625449807912,1.5087564473212738,4.171891118303185
74,0.75,0.0,0.21866468899259645,0.06007521692995005,0.0,4.573212092940429
74,0.75,0.01,0.2165965891228167,1.985681819912696,0.04616877874438596,4.6268778744385965
74,0.75,0.02,0.21476556372991298,3.9924352050867857,0.09312479921199937,4.676239960599967
74,0.75,0.05,0.2106941246654343,9.988620990697296,0.2373108413886532,4.796216827773064
74,0.75,0.1,0.20863555627017438,19.455297556773473,0.47930468702326157,4.893046870232615
74,0.75,0.2,0.2220464019902653,33.6495323751253,0.9007126357704647,4.703563178852323
74,0.75,0.4,0.31547504434439877,39.999027934364676,1.2679291347157298,3.5698228367893243
74,1.0,0.0,0.38875179204618265,0.0600670319909159,0.0,2.572335409019035
74,1.0,0.01,0.38492644232561474,1.1621116294689051,0.025978989491038548,2.6078989491038542
74,1.0,0.02,0.3812256825133825,2.348124112608184,0.05246236263029819,2.6431181315149095
74,1.0,0.05,0.3708812779193072,5.902866108491224,0.13481403073378787,2.746280614675757
74,1.0,0.1,0.3563061765871582,11.675619091309704,0.2806574978796036,2.9065749787960358
74,1.0,0.2,0.3390298399579278,21.666830041257708,0.5899185747921752,3.149592873960876
74,1.0,0.4,0.36832877256317587,31.471410005173265,1.0859862975580923,3.1149657438952305
74,1.5,0.0,0.6349775560099484,0.060060460348716684,0.0,1.5748588127803569
74,1.5,0.01,0.6285261579979028,0.6187187919233408,0.015910236786093105,1.6010236786093106
74,1.5,0.02,0.6218747403805486,1.2737744902441046,0.032160817446550805,1.6280408723275404
74,1.5,0.05,0.6008468360395861,3.2268714345421565,0.08321588298537001,1.7143176597074004
74,1.5,0.1,0.5636953540038461,6.4018182690879755,0.17740078801379958,1.8740078801379958
74,1.5,0.2,0.4948049528737686,12.226721528193261,0.40419967269612744,2.220998363480637
74,1.5,0.4,0.43667809573369587,20.706768465751335,0.9160065593121399,2.6900163982803496
75,0.08,0.0,0.0031099619178108053,0.757094292083428,0.0,321.5473457321078
75,0.08,0.01,0.0031899550441982128,105.98379666413571,3.1348404166973065,313.4940416697306
75,0.08,0.02,0.0034921338717809228,193.1288454234976,5.727157301045958,286.37786505229786
75,0.08,0.05,0.005731793265354596,289.3051208749156,8.723273447809316,174.5154689561863
75,0.08,0.1,0.013908427494029483,230.80315991014052,7.189885416085128,71.99885416085127
75,0.08,0.2,0.04692839511455837,127.53871145729767,4.261812054551914,21.50906027275957
75,0.08,0.4,0.179678481922233,61.81430976497638,2.2261986840089443,5.965496710022361
75,0.15,0.0,0.010927809196962688,0.4055024299926379,0.0,91.50965046845285
75,0.15,0.01,0.010929337676534307,30.769902082802133,0.9149685274589302,91.50685274589303
75,0.15,0.02,0.01115247977391332,60.328049084085656,1.7933231357910056,89.68615678955027
75,0.15,0.05,0.013151607440577948,125.95766943970578,3.8018166392140085,76.08633278428016
75,0.15,0.1,0.02091610836754997,153.3194015963899,4.781004106631219,47.91004106631219
75,0.15,0.2,0.053072383954546845,112.62121052519417,3.7684382177233156,19.042191088616576
75,0.15,0.4,0.18399104604690608,60.313329478025246,2.1740188372972526,5.835047093243132
75,0.3,0.0,0.04370447758136489,0.20495003913225393,0.0,22.880950770737254
75,0.3,0.01,0.04337650411925463,7.692877391253162,0.23053955598881576,23.063955598881577
75,0.3,0.02,0.04326667542798537,15.51814132056731,0.46224952118839663,23.13247605941983
75,0.3,0.05,0.04424614674140893,37.43450703835883,1.1300419060719287,22.650838121438575
75,0.3,0.1,0.05024306752478856,63.72591139512529,1.9903243358033966,20.003243358033966
75,0.3,0.2,0.0786257468336612,75.68886469967732,2.5436960290261577,12.918480145130788
75,0.3,0.4,0.20136371784660242,54.84233054521677,1.9864551781106734,5.366137945276684
75,0.5,0.0,0.12139729891315487,0.12582616749379888,0.0,8.237415568161689
75,0.5,0.01,0.12028551441330222,2.8129202021288027,0.08313553006590553,8.323553006590553
75,0.5,0.02,0.11937811997983437,5.731629303890117,0.16753488833111502,8.39674441655575
75,0.5,0.05,0.11788281811566745,14.312114609536957,0.4241500228722022,8.533000457444045
75,0.5,0.1,0.11948798048733697,27.136003646303987,0.8369042609318997,8.469042609318997
75,0.5,0.2,0.13819268842307036,43.12109864306807,1.4472545710067488,7.436272855033744
75,0.5,0.4,0.23972319524905905,45.53140187132765,1.6685911414805825,4.571477853701457
75,0.75,0.0,0.27314107046597863,0.08744610203698189,0.0,3.6611118141039727
75,0.75,0.01,0.2704758774090394,1.3891825865749854,0.036971873779623785,3.707187377962378
75,0.75,0.02,0.2679433349323055,2.8287110917669795,0.07464264787572678,3.7521323937863387
75,0.75,0.05,0.26115040128107214,7.102849286602401,0.19146055206013554,3.8792110412027108
75,0.75,0.1,0.25263039581191876,13.886102810927605,0.39583518712629173,4.058351871262917
75,0.75,0.2,0.2477410627013251,25.026222871378938,0.8072945107251704,4.236472553625852
75,0.75,0.4,0.3020112372609733,35.302975181414276,1.3244540290212874,3.711135072553218
75,1.0,0.0,0.4855823363388983,0.06914353590394746,0.0,2.059382982378664
75,1.0,0.01,0.4787403859873936,0.9770898231228687,0.020888147924631794,2.0988147924631795
75,1.0,0.02,0.47024675494357593,1.9694523913878976,0.04253086233928348,2.1465431169641738
75,1.0,0.05,0.44497461895583373,4.922486401566448,0.11236595947276441,2.2973191894552882
75,1.0,0.1,0.4085555782543524,9.677867265220138,0.24476474027664238,2.5476474027664238
75,1.0,0.2,0.3595993186387705,18.070088444787153,0.5561745799660613,2.9808728998303065
75,1.0,0.4,0.35826785563805125,28.58176921925903,1.1164830829928256,3.1912077074820635
75,1.5,0.0,0.49448128048184115,0.05227997340422407,0.0,2.0223212474809205
75,1.5,0.01,0.489586400371268,0.7803931512063026,0.0204254039581506,2.0525403958150594
75,1.5,0.02,0.48479157115965554,1.5460729889556337,0.041254842678387735,2.0827421339193863
75,1.5,0.05,0.4710150139423725,3.8391840659694907,0.10615372869221824,2.1730745738443646
75,1.5,0.1,0.4501868159900142,7.586565323695286,0.22213000569572022,2.321300056957202
75,1.5,0.2,0.41814509770421016,14.384991056333236,0.4783028692625667,2.5915143463128336
75,1.5,0.4,0.4120439486240186,22.92418861808282,0.9707702329709289,2.826925582427322
76,0.08,0.0,0.0026138639489915504,1.185973699450187,0.0,382.57538246617924
76,0.08,0.01,0.002713320941012231,145.94278324645583,3.6855205179927597,368.56205179927593
76,0.08,0.02,0.003063957789168926,256.2818212856521,6.527505068999283,326.3952534499641
76,0.08,0.05,0.005622474061963025,343.323530532898,8.892882287934123,177.90764575868246
76,0.08,0.1,0.014901809507924687,252.20972056888934,6.710594437998999,67.20594437998999
76,0.08,0.2,0.05214332984482494,135.82579292435958,3.835581666824628,19.377908334123138
76,0.08,0.4,0.1985181092580699,63.71444024732931,2.0149295270589516,5.437323817647378
76,0.15,0.0,0.009175773620893377,0.635292564963121,0.0,108.98263637661948
76,0.15,0.01,0.009209381670130521,43.32535253273539,1.0858492305117238,108.59492305117239
76,0.15,0.02,0.009493709551832775,83.051619907144,2.1066580866842477,105.35290433421238
76,0.15,0.05,0.01185052504643195,163.18352385309782,4.219222338596246,84.43444677192493
76,0.15,0.1,0.020784248158069802,180.95396002834184,4.811335932840731,48.21335932840731
76,0.15,0.2,0.05729567733439975,123.55925296964007,3.4906647290810895,17.653323645405447
76,0.15,0.4,0.20199159034377598,62.50323110447217,1.9802804627619752,5.350701156904938
76,0.3,0.0,0.036678860125169944,0.3195598706580407,0.0,27.263660773192218
76,0.3,0.01,0.036436027968511066,11.136631203808125,0.2744536261922472,27.455362619224722
76,0.3,0.02,0.03644109570135862,21.842183124361153,0.548830917816073,27.461545890803645
76,0.3,0.05,0.037943158873644085,51.17432061558774,1.3177606051859532,26.405212103719066
76,0.3,0.1,0.045394971299543896,82.92044112097352,2.202887173121855,22.128871731218553
76,0.3,0.2,0.07871474782009794,89.64812333107021,2.5408199294127036,12.904099647063518
76,0.3,0.4,0.21590420820216277,57.94601311773053,1.852673476495921,5.031683691239802
76,0.5,0.0,0.10186266044948068,0.19378811614047128,0.0,9.817140015658193
76,0.5,0.01,0.10096292966550391,4.126959663493008,0.09904625423539694,9.914625423539693
76,0.5,0.02,0.10030097561459729,8.072725409354726,0.19939985506072488,9.989992753036244
76,0.5,0.05,0.09974115582791235,19.648014403119877,0.5012975795695322,10.075951591390645
76,0.5,0.1,0.10355266182261669,36.453571189148356,0.9656922211357318,9.756922211357317
76,0.5,0.2,0.12881011467768233,54.38116147771254,1.5526730994724598,7.9633654973622985
76,0.5,0.4,0.24664517550304266,49.510396881067294,1.6217629198875838,4.45440729971896
76,0.75,0.0,0.22916690458120428,0.13170606187116446,0.0,4.363631833433673
76,0.75,0.01,0.22697454689397628,1.9272035282438815,0.0440578035592298,4.41578035592298
76,0.75,0.02,0.22498081808826975,3.743441963379661,0.08889646757419617,4.464823378709808
76,0.75,0.05,0.2201916595020589,9.1636206584208,0.22707490425872592,4.591498085174518
76,0.75,0.1,0.21618677246628662,17.758189441601584,0.4625629905992263,4.725629905992262
76,0.75,0.2,0.22315022923683173,31.106457721048944,0.8962572016349483,4.681286008174741
76,0.75,0.4,0.2978642487696728,38.80709719448095,1.3428936223538022,3.7572340558845054
76,1.0,0.0,0.40738725285330046,0.10133444694916463,0.0,2.4546668875771096
76,1.0,0.01,0.4033188835911048,1.1727541355345557,0.02479427670472841,2.489427670472841
76,1.0,0.02,0.3992626443241309,2.271790060934782,0.05009233967744682,2.5246169838723413
76,1.0,0.05,0.3872114706976683,5.555829912189517,0.1291284060100575,2.63256812020115
76,1.0,0.1,0.36807044209471923,10.872348935641293,0.27168712442893206,2.8168712442893202
76,1.0,0.2,0.3390716349689282,20.16858403434197,0.5898458596170322,3.1492292980851606
76,1.0,0.4,0.34902315611674756,30.272994420199723,1.1460557644668161,3.26513941116704
76,1.5,0.0,0.578584955365478,0.07218526748729769,0.0,1.7283546534118301
76,1.5,0.01,0.5727585624706112,0.6795332778127126,0.017459363604910072,1.755936360491007
76,1.5,0.02,0.5668523099733104,1.3337020068344572,0.03528255887488873,1.7841279437444366
76,1.5,0.05,0.5487037946615698,3.282241637602068,0.09112384584626221,1.8724769169252442
76,1.5,0.1,0.5176575400257467,6.436421796436633,0.19317790675863875,2.0317790675863874
76,1.5,0.2,0.4599122667650708,12.169681953296434,0.4348655481767409,2.3743277408837047
76,1.5,0.4,0.4099278837521002,20.406364147903105,0.9757813894940994,2.8394534737352486
77,0.08,0.0,0.002929859423432918,0.29830626513398595,0.0,341.3133039769872
77,0.08,0.01,0.0030241174955316715,126.17112786202931,3.3067498252880863,330.68498252880863
77,0.08,0.02,0.003365479672816795,225.91564207861967,5.9426892878127715,297.15446439063857
77,0.08,0.05,0.005871807962623735,319.1184245303388,8.51526485850164,170.3552971700328
77,0.08,0.1,0.014984270853130286,243.52216790903535,6.673664736853681,66.8366473685368
77,0.08,0.2,0.051616674048081616,133.12287541921103,3.874716914416015,19.573584572080076
77,0.08,0.4,0.19627211471419254,62.89060195260511,2.0379869070166787,5.494967267541697
77,0.15,0.0,0.010288700110182203,0.15921486554048647,0.0,97.19400792043213
77,0.15,0.01,0.010308891291547762,36.92470956650552,0.9700364197456403,97.01364197456402
77,0.15,0.02,0.010575229391387737,71.790252112003,1.8912119311839812,94.58059655919905
77,0.15,0.05,0.012850733264087368,145.64490144879107,3.8908285599336105,77.8665711986722
77,0.15,0.1,0.021559184656604533,169.01840413704048,4.638394336001272,46.483943360012724
77,0.15,0.2,0.057308949667833904,119.65462330217214,3.489856316669769,17.649281583348845
77,0.15,0.4,0.19986443120489264,61.57276979971915,2.0013566075193077,5.403391518798269
77,0.3,0.0,0.04113662135329946,0.08031387455836457,0.0,24.3092399692128
77,0.3,0.01,0.04084630264077031,9.283693993391452,0.24482020044621136,24.492020044621135
77,0.3,0.02,0.040798068645760646,18.570542256007382,0.4902192839973618,24.53096419986809
77,0.3,0.05,0.04210544837354871,44.363708245255324,1.1874947763627373,23.799895527254744
77,0.3,0.1,0.04911850446825067,73.92495173894824,2.0358926046829913,20.458926046829916
77,0.3,0.2,0.08116223063834421,83.91516016421336,2.464200385166745,12.521001925833724
77,0.3,0.4,0.21492940191756427,56.58329337326675,1.8610762251756472,5.052690562939119
77,0.5,0.0,0.11425289161702594,0.0492813911065032,0.0,8.752513707504102
77,0.5,0.01,0.11322502945378411,3.358470319546991,0.08831969440186167,8.841969440186167
77,0.5,0.02,0.11242649031262048,6.771332071597091,0.1778940171874679,8.914700859373394
77,0.5,0.05,0.11140637659719205,16.826236671770108,0.4488073441324025,9.02614688264805
77,0.5,0.1,0.11428493075236566,31.736299813985585,0.8750059989683289,8.850059989683288
77,0.5,0.2,0.13710270925933254,49.12406373382535,1.458760378116934,7.4938018905846695
77,0.5,0.4,0.24882220333686442,47.51939061649422,1.6075735791892563,4.418933947973141
77,0.75,0.0,0.25705383256385034,0.03425408136081152,0.0,3.890235714542817
77,0.75,0.01,0.2545728340264157,1.5455267194888476,0.0392814890804977,3.9381489080497696
77,0.75,0.02,0.2522709498239753,3.1281716632220347,0.07927983786462615,3.983991893231307
77,0.75,0.05,0.24644141567326494,7.852984671729515,0.20288797588425891,4.107759517685178
77,0.75,0.1,0.24033277717499912,15.399338584430142,0.4160897284817071,4.26089728481707
77,0.75,0.2,0.24196289440836974,27.586637594989625,0.8265730185160234,4.332865092580117
77,0.75,0.4,0.30494880064742586,36.49967940272831,1.3116955998868478,3.679238999717119
77,1.0,0.0,0.4569721103075263,0.02709698016625723,0.0,2.188317355575671
77,1.0,0.01,0.4523279877044574,0.9530669806076586,0.02210785154097918,2.2207851540979178
77,1.0,0.02,0.4475394038344715,1.9328312500545966,0.044688802435365604,2.25444012176828
77,1.0,0.05,0.4324713687049166,4.856449645536171,0.11561459004726843,2.362291800945368
77,1.0,0.1,0.4067285563738123,9.596869614714938,0.24586422180815093,2.558642218081509
77,1.0,0.2,0.36501063394219335,18.026770249051655,0.547929242060586,2.93964621030293
77,1.0,0.4,0.3585756432686987,28.20442682354961,1.1155247365763212,3.1888118414408027
77,1.5,0.0,0.5751523505658223,0.020511739213553086,0.0,1.7386697611793154
77,1.5,0.01,0.569393487710024,0.6038064043362452,0.017562547194239633,1.7662547194239633
77,1.5,0.02,0.5636205426685599,1.226058969823863,0.03548486700876179,1.7942433504380897
77,1.5,0.05,0.5462415098123147,3.078302669091623,0.09153460347087079,1.8806920694174158
77,1.5,0.1,0.5174020417799983,6.084355661506474,0.19327329991967923,2.032732999196792
77,1.5,0.2,0.46454443053761374,11.573455039732005,0.43052932475918726,2.3526466237959363
77,1.5,0.4,0.41592709703737607,19.45490186851786,0.9617069982917107,2.8042674957292766
78,0.08,0.0,0.00289872172677062,1.0109396817595484,0.0,344.97964767182754
78,0.08,0.01,0.0029922632827925877,125.2090939262375,3.341951912288716,334.2051912288716
78,0.08,0.02,0.00333085770406676,222.91798883053323,6.004459444659346,300.24297223296725
78,0.08,0.05,0.005816764019979029,313.24140692933076,8.595844670380881,171.96689340761762
78,0.08,0.1,0.014857540154778134,238.07302456277822,6.73058924682363,67.4058924682363
78,0.08,0.2,0.05125514659567158,129.58709722393166,3.9020471754321293,19.710235877160645
78,0.08,0.4,0.1962444131695619,62.40205806720056,2.038274585959226,5.495686464898065
78,0.15,0.0,0.010192598626924948,0.5394152039823815,0.0,98.11040703186157
78,0.15,0.01,0.010212789674880112,36.932870264373356,0.9791643927218535,97.92643927218535
78,0.15,0.02,0.01047721007163222,71.09866522738884,1.9089051248625244,95.4652562431262
78,0.15,0.05,0.01273565163927949,143.1887479236034,3.925986782316599,78.56973564633198
78,0.15,0.1,0.021380822302097244,165.37865020030353,4.677088588411822,46.87088588411822
78,0.15,0.2,0.056925028474443806,116.51334904931318,3.513393060308946,17.76696530154473
78,0.15,0.4,0.19995913016349792,61.10762688670799,2.0004087818992677,5.4010219547481695
78,0.3,0.0,0.04078147745684894,0.27000360883371455,0.0,24.520936031758644
78,0.3,0.01,0.04049392105372947,9.465178786228256,0.24695064690651897,24.7050646906519
78,0.3,0.02,0.04044687673233495,18.574713253432865,0.49447575723470266,24.743787861735132
78,0.3,0.05,0.04174862303228575,43.801880303721816,1.1976442902400197,24.002885804800393
78,0.3,0.1,0.04872500461016882,72.5015945455548,2.052334336344633,20.62334336344633
78,0.3,0.2,0.0806540469799181,81.81913502838204,2.479726777377924,12.59863388688962
78,0.3,0.4,0.21540254929778152,56.2292568134322,1.8569882357660643,5.042470589415161
78,0.5,0.0,0.11329816386861215,0.1624386362319078,0.0,8.826268368829565
78,0.5,0.01,0.11227917674608845,3.523341992796268,0.0890637096726698,8.91637096726698
78,0.5,0.02,0.11148817734429844,6.8900418578380025,0.17939121866021618,8.989560933010807
78,0.5,0.05,0.11048305115986218,16.77723223646473,0.45255810257858536,9.101162051571707
78,0.5,0.1,0.11336663351756401,31.34366077392338,0.8820937598407815,8.920937598407814
78,0.5,0.2,0.13621582907119578,48.169099437749836,1.4682581412433808,7.541290706216905
78,0.5,0.4,0.24999396433919804,47.44913251609057,1.6000386291617428,4.400096572904356
78,0.75,0.0,0.25494109898095546,0.10886739984311647,0.0,3.92247465786088
78,0.75,0.01,0.2524781336159903,1.6914596579611576,0.03960739037785198,3.970739037785197
78,0.75,0.02,0.250188142231464,3.2879611086898115,0.07993983976065822,4.016991988032911
78,0.75,0.05,0.2443594113973908,8.03744508208855,0.204616632991832,4.142332659836639
78,0.75,0.1,0.23816299928485793,15.56883214875067,0.4198805032699211,4.29880503269921
78,0.75,0.2,0.23967941187820258,27.62536266338583,0.8344479754549532,4.372239877274766
78,0.75,0.4,0.3068332162160409,36.96342171045153,1.3036398240481255,3.659099560120313
78,1.0,0.0,0.45324745309067593,0.08225307933845835,0.0,2.2063003182500878
78,1.0,0.01,0.44851511242668746,1.0917480940991247,0.022295792768040924,2.239579276804092
78,1.0,0.02,0.44340345026174416,2.1233138871927006,0.04510564811391039,2.2752824056955196
78,1.0,0.05,0.42645942259603814,5.194769914728325,0.11724444894576122,2.394888978915224
78,1.0,0.1,0.39755294577955463,10.143564254123683,0.2515388228451226,2.6153882284512253
78,1.0,0.2,0.35507586571305794,18.83654612086794,0.5632599095361299,3.0162995476806493
78,1.0,0.4,0.35967003880419457,29.30795671570242,1.1121304441423356,3.180326110355839
78,1.5,0.0,0.5189038535983664,0.055969092357073105,0.0,1.9271392822879359
78,1.5,0.01,0.5137444299228113,0.7366704559944189,0.01946493123341984,1.956493123341984
78,1.5,0.02,0.5086445660496063,1.4543829097532928,0.03932018807421895,1.9860094037109473
78,1.5,0.05,0.4937158473678547,3.596812286834558,0.10127282781495632,2.0754565562991263
78,1.5,0.1,0.47025624595535115,7.078194558281404,0.2126500197713367,2.226500197713367
78,1.5,0.2,0.4313251114141529,13.375919047618341,0.4636873548685241,2.5184367743426206
78,1.5,0.4,0.412801981380481,21.73673123442295,0.9689875970612618,2.822468992653154
79,0.08,0.0,0.0028495266439263313,0.07185464312148687,0.0,350.9354798038003
79,0.08,0.01,0.0029397115664896722,122.77620937189153,3.401694273000076,340.1794273000076
79,0.08,0.02,0.003267254150129484,219.6603303923173,6.121348104862728,306.08740524313635
79,0.08,0.05,0.005673915238600739,310.7367937899945,8.812257127113984,176.29514254227968
79,0.08,0.1,0.014430166743066103,236.900537915232,6.92992685258134,69.3992685258134
79,0.08,0.2,0.049708276589336804,128.6945033762071,4.02347483603773,20.317374180188647
79,0.08,0.4,0.19073354852403604,61.90273216910577,2.0971664560080914,5.642916140020229
79,0.15,0.0,0.010009989739191608,0.05718698235118229,0.0,99.90020230338004
79,0.15,0.01,0.010028118280063572,35.99789549561065,0.9971960562013441,99.72960562013442
79,0.15,0.02,0.010282701065692467,69.78668138198132,1.945014240152195,97.27071200760975
79,0.15,0.05,0.0124650658006483,141.3577249364013,4.0112102735470145,80.27420547094029
79,0.15,0.1,0.020829485185912745,163.923959497574,4.800886776963231,48.10886776963231
79,0.15,0.2,0.05525736387129182,115.54452390807714,3.619427095108082,18.297135475540408
79,0.15,0.4,0.19433964068018264,60.60429205468864,2.058252236136758,5.545630590341895
79,0.3,0.0,0.040030147353698003,0.05232564752011623,0.0,24.981172094227116
79,0.3,0.01,0.039746100706213344,9.108189045310384,0.2515970075634801,25.16970075634801
79,0.3,0.02,0.039694561765804104,18.109719957136548,0.5038473561693156,25.212367808465782
79,0.3,0.05,0.040934910592449185,43.03951656022184,1.2214513058988568,24.479026117977135
79,0.3,0.1,0.04765088133224813,71.46873275939724,2.098597071117007,21.085970711170074
79,0.3,0.2,0.07849520445228265,80.84335977091429,2.5479263528968867,12.939631764484432
79,0.3,0.4,0.20942985840208259,55.73596804158457,1.9099473353605743,5.174868338401436
79,0.5,0.0,0.11118858686169607,0.05126377235275745,0.0,8.993728836970183
79,0.5,0.01,0.11018645688031513,3.3497463894139465,0.09075525507514985,9.085525507514985
79,0.5,0.02,0.10940384254011652,6.679222059723962,0.1828089355514761,9.160446777573805
79,0.5,0.05,0.1083732533712619,16.446670630048672,0.4613684506518548,9.277369013037097
79,0.5,0.1,0.11104874594306849,30.82195624004566,0.900505441558675,9.105054415586748
79,0.5,0.2,0.132913130076402,47.459466091901206,1.5047422319001496,7.7237111595007475
79,0.5,0.4,0.24339001228814913,47.02300776749637,1.6434528115576104,4.508632028894026
79,0.75,0.0,0.25016950485346273,0.050932164941142104,0.0,3.997289759939973
79,0.75,0.01,0.2477495097373487,1.6151225930131081,0.040363349298254865,4.046334929825487
79,0.75,0.02,0.24549301872314908,3.20289220120801,0.08146871183556828,4.093435591778413
79,0.75,0.05,0.23970884928910655,7.91899290293241,0.20858637529771093,4.221727505954218
79,0.75,0.1,0.23341224719709133,15.37914393104881,0.4284265337437964,4.384265337437964
79,0.75,0.2,0.2342426043040042,27.303724110671265,0.853815643803364,4.46907821901682
79,0.75,0.4,0.2996822907217648,36.71212348105379,1.3347468715506237,3.7368671788765586
79,1.0,0.0,0.44474249907497265,0.05081656470544172,0.0,2.2484921096587724
79,1.0,0.01,0.44009459994569544,1.0749217234156576,0.022722387416782504,2.2822387416782504
79,1.0,0.02,0.43506593238359065,2.1123389684525797,0.04597004387455996,2.318502193727998
79,1.0,0.05,0.4183562056761539,5.196591853799409,0.11951537785650679,2.4403075571301356
79,1.0,0.1,0.3897741104673012,10.154639835351984,0.2565588563081056,2.665588563081056
79,1.0,0.2,0.347769002043364,18.8346796981776,0.5750943839872814,3.075471919936407
79,1.0,0.4,0.35303192959552954,29.29507982974849,1.1330419898797315,3.232604974699328
79,1.5,0.0,0.5111179183426388,0.05073454944577316,0.0,1.9564956815496122
79,1.5,0.01,0.5060363311968724,0.7827335763948304,0.01976142696384683,1.986142696384683
79,1.5,0.02,0.5010142595879077,1.5190407243615016,0.03991902349535984,2.015951174767992
79,1.5,0.05,0.4863187062691156,3.7157564959495186,0.10281323616684272,2.1062647233368543
79,1.5,0.1,0.46324762051787893,7.286211280357819,0.21586727178049375,2.2586727178049375
79,1.5,0.2,0.4250952803799463,13.739485342109365,0.47048275817421875,2.552413790871094
79,1.5,0.4,0.40798775247298036,22.17785818183614,0.9804215875977568,2.8510539689943917
80,0.08,0.0,0.0029938895678712297,1.9681702684969633,0.0,334.0136559248705
80,0.08,0.01,0.003085585116087192,121.27297728163798,3.240876405535987,324.0976405535987
80,0.08,0.02,0.003420544976085617,215.924640053174,5.847021495062311,292.3710747531155
80,0.08,0.05,0.005884820681656591,307.1335791419654,8.496435610324303,169.97871220648608
80,0.08,0.1,0.01485385467963104,235.86753428140383,6.732259211955879,67.42259211955877
80,0.08,0.2,0.05097542590320661,128.70257437347993,3.923459126751877,19.817295633759382
80,0.08,0.4,0.19492348885230668,61.1479732106852,2.0520872181960566,5.530218045490141
80,0.15,0.0,0.010515992801021529,1.050342550257702,0.0,95.09325642585638
80,0.15,0.01,0.010532042418774167,36.01916396866685,0.9494834527227349,94.95834527227349
80,0.15,0.02,0.010790506552235674,68.91801486898044,1.8534811042634713,92.69405521317357
80,0.15,0.05,0.013020196322568832,139.15208923161063,3.840187871309701,76.85375742619402
80,0.15,0.1,0.021581259025462096,162.4230658143568,4.633649959069467,46.436499590694666
80,0.15,0.2,0.05682324129655879,115.34104819456735,3.519686583104368,17.798432915521836
80,0.15,0.4,0.19876613373442725,59.837835270041424,2.012415256486513,5.431038141216283
80,0.3,0.0,0.04204976465176931,0.5268997102099283,0.0,23.781345942870182
80,0.3,0.01,0.04174854346502584,9.368660063813754,0.23952931455865845,23.962931455865846
80,0.3,0.02,0.041685870881661986,18.12937999253113,0.4797788693626212,24.008943468131058
80,0.3,0.05,0.04292896585131825,42.458502003750645,1.1647147563063092,23.34429512612618
80,0.3,0.1,0.049768581965366335,70.48807549498154,2.009299764047716,20.192997640477163
80,0.3,0.2,0.08128158454646883,80.28700118048413,2.460581952430561,12.502909762152804
80,0.3,0.4,0.21471679655133302,54.90656113583582,1.8629190003976739,5.057297500994185
80,0.5,0.0,0.11679323453094213,0.31876382695346944,0.0,8.562139785032404
80,0.5,0.01,0.11573816857011034,3.5530196404209424,0.08640192015775965,8.650192015775964
80,0.5,0.02,0.11490883501764716,6.7874692233187055,0.1740510205061995,8.722551025309974
80,0.5,0.05,0.11377521388210905,16.293904937883074,0.4394630279650251,8.839260559300502
80,0.5,0.1,0.1164002291554972,30.357943520117672,0.8591048378986574,8.691048378986574
80,0.5,0.2,0.13857550887240047,46.8376447428354,1.443256471705681,7.416282358528405
80,0.5,0.4,0.25055914484002106,46.07861398034897,1.5964294588225671,4.391073647056418
80,0.75,0.0,0.2627736373626907,0.21593069070218615,0.0,3.805556790385939
80,0.75,0.01,0.2602321691976933,1.7398353083348865,0.038427224546567086,3.8527224546567083
80,0.75,0.02,0.2578633120073368,3.2654907292456667,0.07756047126018048,3.898023563009024
80,0.75,0.05,0.25179547312055744,7.805280834898,0.19857386385997672,4.021477277199534
80,0.75,0.1,0.24518773789727405,15.01627558022913,0.4078507386119646,4.178507386119645
80,0.75,0.2,0.24577726758616406,26.620856109047622,0.8137449079983952,4.268724539991975
80,0.75,0.4,0.31038895648964504,35.61692900790158,1.2887056437954953,3.6217641094887383
80,1.0,0.0,0.4671441129530865,0.16548515160919583,0.0,2.140667028164874
80,1.0,0.01,0.46235957715027337,1.1367134382036466,0.0216281883066734,2.1728188306673397
80,1.0,0.02,0.4573563300444541,2.111941650274554,0.043729579512009904,2.206478975600495
80,1.0,0.05,0.4413080682246382,5.015503212155239,0.11329953744364492,2.315990748872898
80,1.0,0.1,0.4136708541365866,9.698905695928023,0.24173808475997155,2.5173808475997155
80,1.0,0.2,0.3701791197205008,17.960594943199293,0.5402789875101749,2.9013949375508745
80,1.0,0.4,0.36840888391527987,28.03241943087854,1.0857501473606834,3.114375368401708
80,1.5,0.0,0.5689015084520279,0.11680651010567342,0.0,1.7577735076164314
80,1.5,0.01,0.5632245632815199,0.7683918771400502,0.01775490745953429,1.7854907459534288
80,1.5,0.02,0.557572227933916,1.432244718403769,0.03586979228522554,1.8134896142612773
80,1.5,0.05,0.5407820711120108,3.4138639262687063,0.09245868654111432,1.8991737308222865
80,1.5,0.1,0.5136149469691662,6.636837275647742,0.19469838366289463,2.046983836628946
80,1.5,0.2,0.46593320379255254,12.50761301656381,0.4292460772747289,2.3462303863736444
80,1.5,0.4,0.4309044959675574,20.58637520037195,0.9282799407832492,2.7206998519581225
81,0.08,0.0,0.002609699535187547,1.26589701286557,0.0,383.18587504677413
81,0.08,0.01,0.0027078946752575207,141.31367211176084,3.6929058177083642,369.3005817708364
81,0.08,0.02,0.003054664876037756,250.43875447570056,6.547363069804977,327.3881534902488
81,0.08,0.05,0.005586043672307231,338.2673048388246,8.950878821065189,179.06757642130376
81,0.08,0.1,0.014769687988709132,249.45632410495358,6.770623731283032,67.8062373128303
81,0.08,0.2,0.05165489566432866,134.55103808065132,3.871849849425097,19.559249247125482
81,0.08,0.4,0.19724885952764207,63.40660966022709,2.02789512171524,5.4697378042881
81,0.15,0.0,0.009165497703706673,0.6774484453093833,0.0,109.1048224904998
81,0.15,0.01,0.009197810012993416,41.294221431396224,1.0872153247211411,108.73153247211411
81,0.15,0.02,0.009478047470919545,80.41101582490408,2.1101392519254425,105.52696259627213
81,0.15,0.05,0.01180591970895532,159.77500357826895,4.235163480069474,84.75326960138948
81,0.15,0.1,0.020637231193160424,178.28666008928425,4.845611267520322,48.55611267520322
81,0.15,0.2,0.05676624186921033,122.23584479436956,3.5232207279248975,17.816103639624487
81,0.15,0.4,0.20060337715374651,62.20340138379923,1.9939843769102246,5.384960942275561
81,0.3,0.0,0.0366490733398416,0.34149045137608136,0.0,27.28581950018609
81,0.3,0.01,0.03640500760607576,10.278470569902899,0.27468748552962985,27.478748552962983
81,0.3,0.02,0.03640578161088892,20.785457418084057,0.5493632910773169,27.488164553865843
81,0.3,0.05,0.037876716406954086,49.631942597219236,1.320072190598341,26.45144381196682
81,0.3,0.1,0.04521747866868976,81.0856989460455,2.21153418864205,22.215341886420497
81,0.3,0.2,0.07812326204944647,88.3166170643759,2.5600569504306443,13.000284752153219
81,0.3,0.4,0.214414467798582,57.64070445146092,1.8655457540101936,5.063864385025484
81,0.5,0.0,0.10179325204412991,0.2084948389287572,0.0,9.823833897815497
81,0.5,0.01,0.10089275923129545,3.664084280298405,0.09911514043416256,9.921514043416256
81,0.5,0.02,0.10022713464945852,7.527642150431598,0.1995467601657916,9.99733800828958
81,0.5,0.05,0.09963900668996735,18.872650026914314,0.5018115059655096,10.086230119310192
81,0.5,0.1,0.1033479135610755,35.39881661249209,0.9676054073496415,9.776054073496415
81,0.5,0.2,0.12823204945471445,53.277740463117794,1.559672491007255,7.9983624550362755
81,0.5,0.4,0.24547444955653383,49.17497330657477,1.629497492397384,4.47374373099346
81,0.75,0.0,0.22902610055037878,0.1435244114494583,0.0,4.3663145711203795
81,0.75,0.01,0.22683485566436384,1.659118687667122,0.044084935583253125,4.418493558325312
81,0.75,0.02,0.2248416527049839,3.436057537755756,0.0889514899013935,4.467574495069674
81,0.75,0.05,0.22005069547407038,8.74301218816102,0.22722036798057627,4.594407359611525
81,0.75,0.1,0.21603362911091417,17.17359290966832,0.46289089532749944,4.728908953274994
81,0.75,0.2,0.22297254768091937,30.36685521142103,0.8969714078264299,4.684857039132149
81,0.75,0.4,0.29817447837416977,38.470912170518176,1.34149643584872,3.7537410896218
81,1.0,0.0,0.4071507547520593,0.11221595899910161,0.0,2.456092708483287
81,1.0,0.01,0.4030928420583921,1.0148957843968156,0.02480818053958745,2.490818053958745
81,1.0,0.02,0.3990630554840798,2.092764803478968,0.05011739304140591,2.5258696520702957
81,1.0,0.05,0.3871799158604297,5.317578336366691,0.12913892986645506,2.632778597329101
81,1.0,0.1,0.3685314824626006,10.546212287077017,0.2713472383194514,2.813472383194514
81,1.0,0.2,0.34065607333055326,19.733928803291384,0.5871024052048278,3.135512026024139
81,1.0,0.4,0.35192924116296037,30.01435906973274,1.1365921134549333,3.241480283637333
81,1.5,0.0,0.5842541186436967,0.08289977267513073,0.0,1.7115839975958185
81,1.5,0.01,0.5783767182703974,0.6504109704341372,0.01728976925264978,1.7389769252649778
81,1.5,0.02,0.5724307486577248,1.2998945520699383,0.03493872411099051,1.7669362055495257
81,1.5,0.05,0.5542277191226745,3.239328271772738,0.09021562486832753,1.8543124973665506
81,1.5,0.1,0.5232678514036093,6.388216401280458,0.19110671471935614,2.011067147193561
81,1.5,0.2,0.465972930063581,12.13896296851243,0.429209482131742,2.3460474106587097
81,1.5,0.4,0.4161839098691468,20.441756420573338,0.9611135618524148,2.8027839046310365
82,0.08,0.0,0.003143968647351163,0.06164460488012821,0.0,318.06932961704746
82,0.08,0.01,0.0032310071388193767,111.49854376708647,3.0950101842405835,309.51101842405836
82,0.08,0.02,0.0035549976664504945,201.6185938455705,5.62588273650517,281.31413682525846
82,0.08,0.05,0.005948502344717339,296.18506601151944,8.405477060020543,168.15954120041084
82,0.08,0.1,0.014673528054428045,232.9535393371384,6.814993614969299,68.24993614969297
82,0.08,0.2,0.04983707436319345,128.46247654299694,4.013076661412282,20.26538330706141
82,0.08,0.4,0.19004490069732918,62.089919500554224,2.1047657607875054,5.661914401968764
82,0.15,0.0,0.0110404099718539,0.036578392754165176,0.0,90.57634658036892
82,0.15,0.01,0.011047730491557899,32.555625980472186,0.90516328286986,90.526328286986
82,0.15,0.02,0.011290495960861615,63.387295792966086,1.7714013688441843,88.59006844220922
82,0.15,0.05,0.013431284225143293,130.94211828438378,3.722652217157334,74.50304434314667
82,0.15,0.1,0.02170499802986013,157.1098869491664,4.607233774563232,46.17233774563232
82,0.15,0.2,0.05585340821871384,114.24044339643535,3.5808020741872912,18.104010370936454
82,0.15,0.4,0.19359876696063716,60.67975053540232,2.0661288616643345,5.565322154160836
82,0.3,0.0,0.04414040145859655,0.02118067130569552,0.0,22.65498198828106
82,0.3,0.01,0.04381392487616395,8.201063311014797,0.22823794098027247,22.833794098027248
82,0.3,0.02,0.04371729933941342,16.35499911671421,0.45748480126193336,22.894240063096667
82,0.3,0.05,0.044806370744616686,39.1583868245901,1.1159127411810588,22.368254823621175
82,0.3,0.1,0.05121569799017011,66.24601026140655,1.952526352744292,19.625263527442918
82,0.3,0.2,0.08122254566116852,77.82777314689937,2.462370495432742,12.511852477163707
82,0.3,0.4,0.20918167690036563,55.37438768347951,1.912213373213,5.1805334330325
82,0.5,0.0,0.12259291148324053,0.015506181090240717,0.0,8.157078479506609
82,0.5,0.01,0.12147329059711241,3.0023212705587685,0.08232262377057656,8.242262377057655
82,0.5,0.02,0.12056628921904546,6.016916204477587,0.1658838480436592,8.31419240218296
82,0.5,0.05,0.11912112834672803,14.889002026658865,0.41974081923119544,8.444816384623909
82,0.5,0.1,0.12096714669394615,28.15005357757303,0.8266707344350758,8.366707344350756
82,0.5,0.2,0.14064473725742968,44.50570591285352,1.4220226358980583,7.310113179490291
82,0.5,0.4,0.24447916282693555,46.02646985499211,1.6361312570558668,4.490328142639667
82,0.75,0.0,0.27581438693920324,0.013149043813004736,0.0,3.625626679946998
82,0.75,0.01,0.2731220789571221,1.44277469631925,0.03661366389046093,3.6713663890460926
82,0.75,0.02,0.2705616418717439,2.895431934091374,0.0739203083690656,3.7160154184532797
82,0.75,0.05,0.2636796890175786,7.211797904574248,0.18962401004905113,3.842480200981022
82,0.75,0.1,0.2549847623941063,14.074883011533174,0.3921802976031928,4.021802976031927
82,0.75,0.2,0.24953137563809782,25.338786413722868,0.8015024142297259,4.20751207114863
82,0.75,0.4,0.3008311944766717,35.33485110315767,1.3296493427014546,3.724123356753636
82,1.0,0.0,0.4903201267564524,0.012199121391011819,0.0,2.0394838910961357
82,1.0,0.01,0.48223168424830765,0.9602913934376183,0.020736920295039894,2.083692029503989
82,1.0,0.02,0.47300187916986436,1.929480812924679,0.042283130111661994,2.1341565055830998
82,1.0,0.05,0.44674207315826636,4.809834294949647,0.11192140387969818,2.2884280775939634
82,1.0,0.1,0.4091406049004875,9.446650701878632,0.2444147532712436,2.544147532712436
82,1.0,0.2,0.35760597802956057,17.643184048796368,0.5592747668873352,2.9963738344366764
82,1.0,0.4,0.34930328858543624,27.99064738298646,1.145136656513796,3.2628416412844894
82,1.5,0.0,0.4944407214025904,0.011463761978205483,0.0,2.0224871389299794
82,1.5,0.01,0.48953088069315354,0.7013042516771135,0.020427720485866906,2.0527720485866903
82,1.5,0.02,0.4846903956357798,1.4133820780285629,0.04126345432070204,2.083172716035102
82,1.5,0.05,0.47059421908475174,3.5386702833751995,0.10624864898944975,2.1749729797889947
82,1.5,0.1,0.4486452871759694,6.998351158041207,0.22289323627905985,2.3289323627905985
82,1.5,0.2,0.4124519702500008,13.272878223049933,0.4849049451231216,2.624524725615608
82,1.5,0.4,0.39326257737902076,21.445358136740982,1.0171321224253835,2.942830306063459
83,0.08,0.0,0.003443392147043564,0.7398040730961245,0.0,290.41130295269517
83,0.08,0.01,0.0035220920835271298,96.21832650975935,2.839221622503889,283.9321622503889
83,0.08,0.02,0.0038270608039873773,176.68577655416223,5.225942576914951,261.31712884574756
83,0.08,0.05,0.006099623917111191,272.59746696697846,8.197226694540246,163.99453389080495
83,0.08,0.1,0.014413390128304324,223.34447139744083,6.937993012735069,69.47993012735067
83,0.08,0.2,0.04802513706945953,125.10645178710554,4.164485771497889,21.02242885748944
83,0.08,0.4,0.1834028885911702,61.3478457965139,2.1809907306948366,5.8524768267370915
83,0.15,0.0,0.012100119806970724,0.40643631899622834,0.0,82.64380980954526
83,0.15,0.01,0.012092051954321802,27.88735676885449,0.8269895000265787,82.70895000265787
83,0.15,0.02,0.012309852219674811,54.82536380296208,1.6247148741586062,81.2557437079303
83,0.15,0.05,0.014318520842008148,116.06845299119009,3.491980809449839,69.88961618899677
83,0.15,0.1,0.022184713134977233,145.02905436878214,4.507608432508254,45.17608432508254
83,0.15,0.2,0.05487594940645944,109.38826432122859,3.6445838689482066,18.422919344741032
83,0.15,0.4,0.1883810541520865,59.71394807243008,2.123355779063994,5.708389447659984
83,0.3,0.0,0.048394996376709895,0.2251879710981323,0.0,20.663293209403985
83,0.3,0.01,0.04802231472133533,6.986982130913487,0.2082365262488525,20.83365262488525
83,0.3,0.02,0.04787217331751792,14.102687890878592,0.4177792361200651,20.908961806003255
83,0.3,0.05,0.048757141104005614,34.15183081673993,1.0254908074561468,20.559816149122938
83,0.3,0.1,0.05468555766529353,58.843777778096936,1.8286363762084394,18.386363762084393
83,0.3,0.2,0.08328016031742164,71.87352504588169,2.4015323606210854,12.207661803105426
83,0.3,0.4,0.20811284765091215,53.8883804440077,1.9220341488525436,5.205085372131359
83,0.5,0.0,0.13442853516341258,0.16196628140229566,0.0,7.4388967995849296
83,0.5,0.01,0.13318790542390094,2.597155019664933,0.07508189251999058,7.518189251999058
83,0.5,0.02,0.13215460552524907,5.26906914848001,0.15133789640179326,7.586894820089663
83,0.5,0.05,0.13029945403621715,13.13823203337156,0.3837314620374568,7.724629240749135
83,0.5,0.1,0.1313676548050792,25.000003502598727,0.7612223887864793,7.712223887864792
83,0.5,0.2,0.14928619654014683,40.39350013462193,1.3397085908489534,6.898542954244767
83,0.5,0.4,0.2511522429556627,44.302428266613134,1.5926594773458356,4.381648693364588
83,0.75,0.0,0.3024639104759792,0.1362998465647867,0.0,3.306179565113495
83,0.75,0.01,0.2994957083778947,1.3550263232960527,0.03338946008328874,3.348946008328874
83,0.75,0.02,0.2966407618447385,2.7052425734183143,0.06742161756740628,3.3910808783703135
83,0.75,0.05,0.28877093665247716,6.720217893983221,0.17314761859214647,3.5129523718429287
83,0.75,0.1,0.2781760279934862,13.107271705986951,0.35948460664030196,3.6948460664030196
83,0.75,0.2,0.26904195647922047,23.742937279896886,0.7433784775329162,3.916892387664581
83,0.75,0.4,0.31938993964299367,34.250211037973486,1.2523876000825522,3.53096900020638
83,1.0,0.0,0.49760422968423074,0.12608394047713978,0.0,2.0096292200622554
83,1.0,0.01,0.4921410246484113,1.0190763093172264,0.020319378997400318,2.0419378997400313
83,1.0,0.02,0.4858115869861893,1.983442640028973,0.04116822351659669,2.0784111758298347
83,1.0,0.05,0.4641606086541137,4.859853301154119,0.10772133409808443,2.2044266819616887
83,1.0,0.1,0.4288203445210552,9.49829895216271,0.23319789109280464,2.4319789109280463
83,1.0,0.2,0.37891012470089114,17.70013868728861,0.5278296539525792,2.8391482697628962
83,1.0,0.4,0.3776369302417229,27.995199171204582,1.0592184396371473,3.0480460990928684
83,1.5,0.0,0.49760414750624515,0.11824568742106509,0.0,2.009629551947112
83,1.5,0.01,0.492692937170593,0.8728896977801961,0.020296617315903473,2.039661731590347
83,1.5,0.02,0.4879115217366904,1.6535671696775223,0.04099103855717786,2.069551927858893
83,1.5,0.05,0.47435150656068314,3.996512555655073,0.1054070648210402,2.1581412964208035
83,1.5,0.1,0.45444234215728163,7.83135806961419,0.2200499177195733,2.300499177195733
83,1.5,0.2,0.4259190337432959,14.7666206169849,0.4695728158524638,2.547864079262319
83,1.5,0.4,0.4299929765129268,23.11474316837715,0.9302477525187551,2.725619381296888
84,0.08,0.0,0.0029957452270200978,0.8597535835594935,0.0,333.8067573238568
84,0.08,0.01,0.003092444730879957,127.38119689699941,3.2336875418156605,323.378754181566
84,0.08,0.02,0.0034424481886554084,227.06351951581865,5.809818740601535,290.5109370300767
84,0.08,0.05,0.006011868958686333,319.77751111572303,8.316881213413144,166.3876242682629
84,0.08,0.1,0.015352931366735618,243.89986138557006,6.513414123420411,65.2341412342041
84,0.08,0.2,0.05289673061970679,133.628400989557,3.7809520107749264,19.10476005387463
84,0.08,0.4,0.20092251262475502,63.90047447817428,1.9908172298593747,5.377043074648436
84,0.15,0.0,0.01053212991830221,0.4572300390840193,0.0,94.9475564541081
84,0.15,0.01,0.01055326462367223,37.570561745600784,0.9475740784106568,94.76740784106569
84,0.15,0.02,0.010827301042473102,72.45431203945198,1.8471824069123444,92.37912034561721
84,0.15,0.05,0.013166393271652897,146.25270386648268,3.7975472073775487,76.00094414755097
84,0.15,0.1,0.022115281459028482,169.42981073011435,4.521760222010441,45.317602220104405
84,0.15,0.2,0.058840093779799464,120.09304505655365,3.3990428490557996,17.195214245278997
84,0.15,0.4,0.2050219261743882,62.54649261917681,1.9510108380299127,5.277527095074782
84,0.3,0.0,0.04213717488341996,0.22827448516600773,0.0,23.732013424409182
84,0.3,0.01,0.04184082639820301,9.621391662653537,0.2390010155351397,23.910101553513968
84,0.3,0.02,0.041794512744301786,18.93852897510534,0.47853171832292213,23.946585916146105
84,0.3,0.05,0.04315529547250939,44.805350390756374,1.1586063645851017,23.222127291702034
84,0.3,0.1,0.050415302232780033,74.39208598073195,1.9835247548110502,19.935247548110503
84,0.3,0.2,0.08352908116314409,84.33945882773654,2.394375673896996,12.171878369484979
84,0.3,0.4,0.22130871418465195,57.47303591881228,1.8074299580732034,4.918574895183008
84,0.5,0.0,0.11706194525708981,0.13698242747774547,0.0,8.542485756612143
84,0.5,0.01,0.1160105701173167,3.5692780783333764,0.08619904194839671,8.62990419483967
84,0.5,0.02,0.1151976698993864,7.010162034529805,0.1736146227390536,8.70073113695268
84,0.5,0.05,0.1141892507683288,17.146287299036924,0.4378695863539886,8.807391727079771
84,0.5,0.1,0.11726795136263483,32.161106793458025,0.8527479062950789,8.627479062950789
84,0.5,0.2,0.14112889004566168,49.628575972908045,1.4171442851657858,7.285721425828929
84,0.5,0.4,0.2567719331312854,48.34710834859115,1.557802658265938,4.294506645664844
84,0.75,0.0,0.2634076213994656,0.09144876915474684,0.0,3.7963973657522607
84,0.75,0.01,0.26086521940311364,1.692920923125348,0.0383339719372365,3.8433971937236495
84,0.75,0.02,0.25850620721105205,3.304831665527233,0.07736758128856618,3.8883790644283085
84,0.75,0.05,0.25253121211311746,8.11644387053908,0.19799532731662206,4.009906546332441
84,0.75,0.1,0.24627022533410695,15.794811207158446,0.4060580196584187,4.160580196584187
84,0.75,0.2,0.24798357768968687,28.16981597648958,0.8065050188535835,4.232525094267918
84,0.75,0.4,0.31301074187570466,37.343886456241755,1.2779114148064556,3.594778537016139
84,1.0,0.0,0.46829742329216195,0.0687445029705436,0.0,2.135395050798985
84,1.0,0.01,0.4633907686961667,1.0692076534023982,0.021580058722656042,2.1680058722656037
84,1.0,0.02,0.4580610504671784,2.08286614262343,0.04366230217479071,2.2031151087395355
84,1.0,0.05,0.44030794769228193,5.107635596122049,0.1135568873150196,2.3211377463003915
84,1.0,0.1,0.40999940020133574,10.006395369312393,0.24390279583553942,2.539027958355394
84,1.0,0.2,0.3648421645070777,18.686388121702613,0.5481822537430981,2.9409112687154906
84,1.0,0.4,0.3624576299833261,29.104707596613196,1.1035772650679225,3.158943162669806
84,1.5,0.0,0.5305667364355384,0.04614620206603474,0.0,1.88477703430527
84,1.5,0.01,0.5252823467899439,0.6899848148761542,0.019037380679383306,1.9137380679383307
84,1.5,0.02,0.5200408712309303,1.3561515056281905,0.03845851567908547,1.9429257839542733
84,1.5,0.05,0.5045886083924332,3.3402065985217675,0.09909062386345739,2.0318124772691477
84,1.5,0.1,0.4799431352460876,6.555017230573013,0.20835801714035493,2.183580171403549
84,1.5,0.2,0.43767809816250547,12.37292957089161,0.4569568384610875,2.4847841923054377
84,1.5,0.4,0.41047522584552926,20.41560898912251,0.9744802482928134,2.836200620732033
85,0.08,0.0,0.003043367869883236,0.18927811277081186,0.0,328.5833467244848
85,0.08,0.01,0.003130569722307594,115.73639371930913,3.194306751497244,319.44067514972437
85,0.08,0.02,0.003453038547947224,208.55953848838107,5.7920002114918985,289.6200105745949
85,0.08,0.05,0.005831877321314344,303.4126213233393,8.573568551804067,171.52137103608135
85,0.08,0.1,0.014498929973317117,236.79844230933105,6.897060692343054,69.07060692343053
85,0.08,0.2,0.04942332761315883,130.08683493627916,4.046672080953742,20.43336040476871
85,0.08,0.4,0.18871980934435736,62.13139773606232,2.1195443201731905,5.698860800432976
85,0.15,0.0,0.010695198972319972,0.1047109355935785,0.0,93.49989678434966
85,0.15,0.01,0.010705606011763775,33.90623972087008,0.9340900448803715,93.41900448803716
85,0.15,0.02,0.010950727012459003,65.83437814799053,1.8263627590428784,91.33813795214391
85,0.15,0.05,0.01309420391618188,135.1801315341604,3.818483377840921,76.41966755681841
85,0.15,0.1,0.021357921476299745,160.70666692389864,4.6821035516479,46.921035516479
85,0.15,0.2,0.0554341368616653,115.86444155994336,3.6078851646792254,18.239425823396125
85,0.15,0.4,0.19287349972169301,60.71510733768904,2.0738981797767986,5.584745449441996
85,0.3,0.0,0.042779125816215145,0.06250178820435007,0.0,23.375886741962283
85,0.3,0.01,0.04246705695003895,8.601153146258318,0.23547664279548874,23.557664279548874
85,0.3,0.02,0.04238642904564565,17.08094680234737,0.47184913780922993,23.612456890461495
85,0.3,0.05,0.04353303268712487,40.73659342417881,1.148553108150165,23.0210621630033
85,0.3,0.1,0.050070041908280405,68.50289090746104,1.9972022428737444,20.072022428737444
85,0.3,0.2,0.08045138602664012,79.4965703938643,2.4859733297046414,12.629866648523207
85,0.3,0.4,0.20962904569733287,55.47147906498097,1.9081325236652988,5.170331309163247
85,0.5,0.0,0.11883345899314066,0.04940055359361401,0.0,8.415138366524552
85,0.5,0.01,0.11775463861202733,3.173666270807231,0.0849223446130861,8.50223446130861
85,0.5,0.02,0.11689484725035619,6.312117785264088,0.17109394015602392,8.574697007801197
85,0.5,0.05,0.1156296721926425,15.548489220508941,0.4324149593427758,8.698299186855516
85,0.5,0.1,0.1179020683114533,29.298654698756785,0.8481615414569089,8.581615414569088
85,0.5,0.2,0.1388818239125888,45.8622661447006,1.440073253400521,7.400366267002604
85,0.5,0.4,0.24669257213963006,46.27677170745807,1.6214513332553713,4.453628333138428
85,0.75,0.0,0.26738028197600944,0.04458085297614401,0.0,3.7399915678513813
85,0.75,0.01,0.26478705939238084,1.5302999911736241,0.03776619606315907,3.7866196063159068
85,0.75,0.02,0.2623550954776858,3.0267217403821594,0.07623255787574772,3.8316278937873856
85,0.75,0.05,0.2560307881713484,7.480171975817748,0.19528901331404544,3.9557802662809083
85,0.75,0.1,0.24878488632294946,14.566961166137862,0.4019536776449888,4.119536776449888
85,0.75,0.2,0.2474871402394155,26.096938361345412,0.808122797033102,4.24061398516551
85,0.75,0.4,0.30735334545876036,35.66285933710328,1.301433694834048,3.6535842370851195
85,1.0,0.0,0.4753481121941138,0.04277628096549949,0.0,2.1037214082626643
85,1.0,0.01,0.4703416261292857,1.0129583760043024,0.021261141783889735,2.1361141783889734
85,1.0,0.02,0.4648577526770512,1.9881552970519039,0.04302391405719874,2.1711957028599373
85,1.0,0.05,0.44643641146948965,4.891208153773168,0.1119980331250761,2.2899606625015214
85,1.0,0.1,0.4148840008649717,9.576402705360865,0.24103122750338604,2.5103122750338605
85,1.0,0.2,0.36768986863206177,17.869435167624452,0.5439366625576924,2.919683312788462
85,1.0,0.4,0.3636822742430331,28.185244425185317,1.099861137946738,3.1496528448668446
85,1.5,0.0,0.5371899568564381,0.04144399172102829,0.0,1.8615388974355789
85,1.5,0.01,0.5318460773589199,0.7284984643858103,0.018802432556537282,1.890243255653728
85,1.5,0.02,0.526558556582564,1.4166649465278713,0.03798248029583395,1.9191240147916973
85,1.5,0.05,0.5110471974895473,3.470320635791664,0.09783832148110484,2.0067664296220964
85,1.5,0.1,0.48654504539690907,6.813721190537056,0.20553081558650538,2.155308155865054
85,1.5,0.2,0.4451982548602759,12.897611383702456,0.44923805926141686,2.4461902963070843
85,1.5,0.4,0.42046903640849426,21.096376506489488,0.9513185641840981,2.778296410460245
86,0.08,0.0,0.002789447308059206,0.5107639970883092,0.0,358.4939558136923
86,0.08,0.01,0.0028908262962151774,137.67854706958607,3.4592185677474045,345.9318567747404
86,0.08,0.02,0.0032507416966765486,243.30765729158077,6.152442078202443,307.6421039101221
86,0.08,0.05,0.005881270157715611,331.04860881021017,8.501564910158946,170.0812982031789
86,0.08,0.1,0.015428420007382291,245.8641218349524,6.481545093544987,64.91545093544987
86,0.08,0.2,0.053769396967576835,133.1267992381566,3.719587930669946,18.79793965334973
86,0.08,0.4,0.20480286294819525,63.10879298558601,1.9530976971800427,5.282744242950106
86,0.15,0.0,0.009798061077833205,0.27220435499192125,0.0,102.0610090155863
86,0.15,0.01,0.009829016988281187,40.623246815753184,1.0173957387521733,101.74957387521734
86,0.15,0.02,0.010117835138078653,78.29861105029387,1.9767074405798177,98.85537202899087
86,0.15,0.05,0.012531014673540777,155.44309584234318,3.9900998684148816,79.85199736829762
86,0.15,0.1,0.021702217469800267,174.74045727455731,4.607824068630547,46.17824068630547
86,0.15,0.2,0.059236890364087545,120.70257719520146,3.376274459559584,17.08137229779792
86,0.15,0.4,0.20838541730983684,61.88828162900161,1.9195201140455138,5.198800285113785
86,0.3,0.0,0.03918047276403437,0.14014900270439493,0.0,25.522918164426738
86,0.3,0.01,0.03891595067758689,10.34095327459383,0.25696404240124,25.706404240123998
86,0.3,0.02,0.03890598186258111,20.45090943392199,0.5140597677406401,25.722988387032004
86,0.3,0.05,0.04040289668907214,48.27509716584075,1.2375350308366284,24.800700616732566
86,0.3,0.1,0.047979926776944015,78.94807660218257,2.0842049314684115,20.942049314684116
86,0.3,0.2,0.08206243520573347,86.71973588960518,2.4371687179230404,12.385843589615199
86,0.3,0.4,0.22304858615276268,57.256028884772014,1.793331250824634,4.883328127061585
86,0.5,0.0,0.10882601418102937,0.09037493745821354,0.0,9.188979377086483
86,0.5,0.01,0.10785946369803336,3.791563062765529,0.09271323680967213,9.281323680967212
86,0.5,0.02,0.10713631874020943,7.514202173394686,0.18667805871225798,9.353902935612899
86,0.5,0.05,0.10642674525235706,18.451863792011544,0.4698067189919316,9.446134379838632
86,0.5,0.1,0.1101020621063164,34.44609365207175,0.9082482025035855,9.182482025035855
86,0.5,0.2,0.13552431178039226,52.05660700043234,1.4757499770527234,7.578749885263617
86,0.5,0.4,0.25568965940991323,48.70555766817812,1.5643964676676,4.310991169169
86,0.75,0.0,0.24485096461629807,0.06783036781122138,0.0,4.08411705286554
86,0.75,0.01,0.24250190131537544,1.7577309017374494,0.04123679008600815,4.133679008600814
86,0.75,0.02,0.24035174638974696,3.479478883958357,0.08321137790931055,4.180568895465527
86,0.75,0.05,0.23509537896900795,8.618606353172847,0.21267963759760408,4.303592751952081
86,0.75,0.1,0.23032425461101574,16.788378480484063,0.43417051395167,4.441705139516699
86,0.75,0.2,0.23589059694642972,29.665475486715458,0.8478506671693218,4.439253335846609
86,0.75,0.4,0.3095778650539343,38.000937738551244,1.2920820418808447,3.6302051047021116
86,1.0,0.0,0.4352848302338172,0.05793060309267935,0.0,2.297346313361853
86,1.0,0.01,0.43089835764531714,1.0734551228954112,0.02320732911270746,2.3307329112707458
86,1.0,0.02,0.42644728862461084,2.1300319424385044,0.04689911399015933,2.3649556995079664
86,1.0,0.05,0.41280919555490037,5.2856455179554676,0.12112133290245565,2.4724266580491125
86,1.0,0.1,0.3902759342447481,10.396267221709618,0.25622896834137987,2.6622896834137983
86,1.0,0.2,0.35533487510835565,19.388240693677428,0.5628493401865271,3.014246700932636
86,1.0,0.4,0.36129947815797003,29.64411082962115,1.1071148013812218,3.167787003453054
86,1.5,0.0,0.5652424499584585,0.04968099908384938,0.0,1.7691523346724811
86,1.5,0.01,0.5595835711211574,0.6446734013819736,0.017870431721153702,1.7970431721153701
86,1.5,0.02,0.5539124657779622,1.3007710837324602,0.036106788049823514,1.8253394024911758
86,1.5,0.05,0.5368535160146398,3.254776130948658,0.09313527528175213,1.9127055056350424
86,1.5,0.1,0.5086389891950163,6.4212434645510355,0.19660309595664757,2.0660309595664756
86,1.5,0.2,0.45781272614499335,12.1749416390453,0.436859852464342,2.38429926232171
86,1.5,0.4,0.4177661217521286,20.342105839497382,0.9574735220806878,2.793683805201719
87,0.08,0.0,0.0032610641413279486,0.4001151882265674,0.0,306.64836895627167
87,0.08,0.01,0.0033511617968223343,110.29366734005555,2.984039746896817,298.41397468968165
87,0.08,0.02,0.0036866725943755217,199.05442494761522,5.424946069393982,271.2673034696991
87,0.08,0.05,0.006165540737763937,292.15392526177146,8.109588781686252,162.24177563372504
87,0.08,0.1,0.015202704203983343,229.68724531354948,6.577777128216338,65.87777128216337
87,0.08,0.2,0.05163693343647624,126.47483910588087,3.873196696431248,19.565983482156238
87,0.08,0.4,0.19718480493543272,60.63018981205532,2.028553874275344,5.47138468568836
87,0.15,0.0,0.011455210967083056,0.21949587802113815,0.0,87.29651534777793
87,0.15,0.01,0.011463500232040366,32.43471342823051,0.8723339117706913,87.24339117706914
87,0.15,0.02,0.01171746884731781,62.89891251887044,1.7068532684495343,85.36266342247671
87,0.15,0.05,0.013953309894138446,129.48240763700238,3.5833791680498814,71.71758336099762
87,0.15,0.1,0.02259079220687571,154.8953907874715,4.426582259012772,44.36582259012772
87,0.15,0.2,0.058246401548344755,112.25073305194412,3.433688514371127,17.368442571855635
87,0.15,0.4,0.20233853792479256,59.15182734891211,1.976884898460008,5.34221224615002
87,0.3,0.0,0.04580685177180745,0.12040789317788012,0.0,21.830795204648094
87,0.3,0.01,0.04547073995865211,8.297187722012367,0.21992164651583185,22.002164651583186
87,0.3,0.02,0.04537853878283679,16.42251046574614,0.4407369769157146,22.05684884578573
87,0.3,0.05,0.04656528422088052,39.09724534179736,1.0737612974255037,21.525225948510073
87,0.3,0.1,0.05341936562473948,65.79819103152289,1.8719802983524796,18.8198029835248
87,0.3,0.2,0.08538416728640379,76.60517185600109,2.3423546350126103,11.91177317506305
87,0.3,0.4,0.2217620910649347,53.880765588977106,1.8037347956052374,4.909336989013093
87,0.5,0.0,0.1272300344346957,0.08532478624859696,0.0,7.85977937083148
87,0.5,0.01,0.12607385776635516,3.087352600074932,0.07931858497209135,7.941858497209134
87,0.5,0.02,0.1251499323747476,6.121250348731498,0.15980831647684968,8.010415823842482
87,0.5,0.05,0.1237718262525733,15.040099089030539,0.403969154482444,8.129383089648881
87,0.5,0.1,0.12612287802040312,28.293348848997038,0.7928775617047276,8.028775617047275
87,0.5,0.2,0.14829421953426525,44.243723596976686,1.3486702356175622,6.943351178087811
87,0.5,0.4,0.26321265851867676,44.91555147598762,1.5196837502084546,4.199209375521137
87,0.75,0.0,0.28625704031853855,0.07085666172825623,0.0,3.493363862377774
87,0.75,0.01,0.28347735575489486,1.4905271627828838,0.03527618625258511,3.5376186252585105
87,0.75,0.02,0.2808635925738702,2.9625598995646927,0.0712089445866494,3.5804472293324703
87,0.75,0.05,0.27402396469698487,7.337167223326778,0.18246579292905968,3.699315858581193
87,0.75,0.1,0.26604781777512215,14.273512624569387,0.37587228054065586,3.8587228054065585
87,0.75,0.2,0.26415392084591993,25.492527080485836,0.7571343228960032,3.9856716144800157
87,0.75,0.4,0.3294662869944957,34.83477206067036,1.214084766149936,3.4352119153748397
87,1.0,0.0,0.5088929657081949,0.06503133180026284,0.0,1.9650497597434107
87,1.0,0.01,0.5032536490233169,0.9772877428233744,0.019870695462233353,1.9970695462233352
87,1.0,0.02,0.49665018591502447,1.9604436659688282,0.040269792637149936,2.033489631857497
87,1.0,0.05,0.474072439612614,4.88495880878807,0.1054691136250343,2.159382272500686
87,1.0,0.1,0.4376521836006784,9.587860822958543,0.22849194805170164,2.3849194805170164
87,1.0,0.2,0.3871477569616314,17.838936609056823,0.5165986277942486,2.782993138971243
87,1.0,0.4,0.3896983803191453,27.89774487752639,1.0264348537256383,2.9660871343140953
87,1.5,0.0,0.5474697187327328,0.06052523662887495,0.0,1.8265850434883804
87,1.5,0.01,0.5420406488577045,0.6902233414809869,0.018448800880660855,1.8548800880660854
87,1.5,0.02,0.5367031180299844,1.4169413314551258,0.037264549670238074,1.8832274835119036
87,1.5,0.05,0.5212514266142212,3.586820038437907,0.09592299885829389,1.9684599771658777
87,1.5,0.1,0.4975295442912543,7.112100588498901,0.2009930890485167,2.109930890485167
87,1.5,0.2,0.4600791483010308,13.454166245541805,0.43470781220699783,2.373539061034989
87,1.5,0.4,0.45148996779754924,21.53501507163482,0.8859554553366341,2.614888638341585
88,0.08,0.0,0.0027213434155353732,0.29536782927770483,0.0,367.46556656219326
88,0.08,0.01,0.002808951233768188,124.7502018538585,3.560047565007055,356.01475650070546
88,0.08,0.02,0.0031262002597658173,222.65492269358776,6.397542811764143,319.8971405882071
88,0.08,0.05,0.0054557408282048785,313.1241748151466,9.164658214978235,183.3431642995647
88,0.08,0.1,0.013930177018167428,237.5789019404839,7.178659673138555,71.88659673138555
88,0.08,0.2,0.048084920152265634,128.7677953697399,4.159308144147486,20.99654072073743
88,0.08,0.4,0.1849408472676329,62.688850334500295,2.16285372274276,5.8071343068569
88,0.15,0.0,0.009562401680647403,0.16827796218527077,0.0,104.5762386267272
88,0.15,0.01,0.009581040910705378,36.60365529740554,1.0437279303156402,104.38279303156402
88,0.15,0.02,0.009828205475857919,70.80645057793518,2.0349594897184597,101.76797448592298
88,0.15,0.05,0.011940803164551846,142.902547127475,4.187323022661731,83.79646045323462
88,0.15,0.1,0.02003145267530168,164.9142334509391,4.992149177642903,50.02149177642902
88,0.15,0.2,0.05333679260665569,115.80456993040757,3.749756785619741,18.948783928098702
88,0.15,0.4,0.1881982967751009,61.44168501301417,2.125417747419917,5.713544368549793
88,0.3,0.0,0.038246481365446686,0.10626408672673551,0.0,26.14619604990481
88,0.3,0.01,0.03797615746307576,9.269454448624229,0.26332311292218036,26.342311292218035
88,0.3,0.02,0.03793011515115313,18.374318268984823,0.5272855070515643,26.384275352578214
88,0.3,0.05,0.03913766814199184,43.551203820982046,1.2775416209928379,25.600832419856754
88,0.3,0.1,0.04563571760374656,72.11693329139455,2.1912660795278103,22.012660795278105
88,0.3,0.2,0.07544988208464547,81.30923673484031,2.650766236793116,13.453831183965578
88,0.3,0.4,0.20230337465676118,56.66538021037339,1.9772285097995108,5.343071274498777
88,0.5,0.0,0.1062412190715169,0.08787358856987683,0.0,9.41254259636125
88,0.5,0.01,0.10528448870811234,3.402750703145502,0.09498075284122535,9.508075284122535
88,0.5,0.02,0.10453912834414407,6.772467091900795,0.1913159246378998,9.585796231894989
88,0.5,0.05,0.10357152972262144,16.64957920721736,0.4827581492124985,9.70516298424997
88,0.5,0.1,0.1061909004119146,31.157809951611643,0.9417002738662156,9.517002738662155
88,0.5,0.2,0.12736353788998428,47.92952812209042,1.5703081377400068,8.051540688700033
88,0.5,0.4,0.2345541479108494,48.017614412961585,1.7053631477539855,4.663407869384964
88,0.75,0.0,0.23904601319286192,0.08132784976202133,0.0,4.183295034471885
88,0.75,0.01,0.23673343869546656,1.6194707259343306,0.042241603277955085,4.234160327795508
88,0.75,0.02,0.2345767528920218,3.240239738026538,0.08525994052448248,4.282997026224123
88,0.75,0.05,0.2290468420645739,8.05337641726373,0.21829595880611957,4.415919176122391
88,0.75,0.1,0.22303056530629126,15.660471582833893,0.44836903795077815,4.583690379507781
88,0.75,0.2,0.2239710979720571,27.832259509907413,0.8929723603219208,4.664861801609604
88,0.75,0.4,0.2883022985240392,37.74918484897087,1.3874325735444917,3.868581433861229
88,1.0,0.0,0.42497455396838146,0.0789176865538567,0.0,2.353082062589566
88,1.0,0.01,0.42042086361288467,1.050449308214448,0.023785689211674815,2.388568921167481
88,1.0,0.02,0.4153092729618894,2.127169864747194,0.04815688283905784,2.427844141952892
88,1.0,0.05,0.3979989985231703,5.331606792661521,0.12562845681906698,2.5625691363813394
88,1.0,0.1,0.3693583746275824,10.485426650093466,0.270739766225223,2.80739766225223
88,1.0,0.2,0.3296530054413255,19.508974110191136,0.6066985487732729,3.2334927438663645
88,1.0,0.4,0.33860715146212084,30.400148213490148,1.1813099583773765,3.353274895943441
88,1.5,0.0,0.4679767923708154,0.0771542540819047,0.0,2.1368581013043486
88,1.5,0.01,0.46333856554962694,0.7272692995000097,0.021582490091533138,2.1682490091533135
88,1.5,0.02,0.45878364974593283,1.5120940402918748,0.04359353261842632,2.1996766309213163
88,1.5,0.05,0.4456281548289265,3.859570096254171,0.11220116919945207,2.294023383989041
88,1.5,0.1,0.42552962304882597,7.686307947407472,0.23500126567810262,2.450012656781026
88,1.5,0.2,0.39410026768738465,14.60865958972185,0.5074850650917284,2.7374253254586423
88,1.5,0.4,0.387590624793551,23.45519189856341,1.0320167063201253,2.9800417658003133
89,0.08,0.0,0.0028027376664267164,0.7706865671348864,0.0,356.79400608153463
89,0.08,0.01,0.0029053427437962477,138.71037704436748,3.4419346981876444,344.2034698187644
89,0.08,0.02,0.0032692010890420665,244.79040666610126,6.117702599279493,305.9051299639746
89,0.08,0.05,0.005927812596535244,332.3107374498161,8.434814560302494,168.74629120604985
89,0.08,0.1,0.01557526511903298,246.57368588416765,6.420436457148968,64.30436457148967
89,0.08,0.2,0.05430503555021679,133.61194754280456,3.682899715903079,18.61449857951539
89,0.08,0.4,0.20656997260234353,62.89496666349129,1.9363898584138266,5.240974646034567
89,0.15,0.0,0.009845091088689811,0.41191689020148997,0.0,101.57346346432641
89,0.15,0.01,0.009877228267774103,41.047064498117976,1.012429775732374,101.2529775732374
89,0.15,0.02,0.010170529626146242,78.97050186909448,1.9664659300125635,98.34329650062817
89,0.15,0.05,0.01261692069564948,156.44335235291206,3.9629320977852243,79.30864195570447
89,0.15,0.1,0.021908624672021048,175.50378861336162,4.564412485814661,45.74412485814661
89,0.15,0.2,0.05991539772271598,121.14578161658643,3.3380400965639114,16.890200482819555
89,0.15,0.4,0.2106115469403717,61.65355020471076,1.899231100150686,5.148077750376715
89,0.3,0.0,0.03937105395462065,0.20616098313976222,0.0,25.399370846221363
89,0.3,0.01,0.03910694901887308,10.510081124983458,0.2557090300031839,25.580903000318393
89,0.3,0.02,0.03910204184273021,20.715526775119944,0.5114822412712028,25.59411206356014
89,0.3,0.05,0.04064194882183443,48.7887688981382,1.2302559658049188,24.65511931609838
89,0.3,0.1,0.0483824527769672,79.63045777292653,2.0668650359868836,20.768650359868836
89,0.3,0.2,0.08312028451370661,87.20359707107566,2.4061515329271983,12.23075766463599
89,0.3,0.4,0.22633637426989292,57.012335823550444,1.7672811155091817,4.818202788772955
89,0.5,0.0,0.10935913739027674,0.12373908364155205,0.0,9.144183319874205
89,0.5,0.01,0.10839074963665393,3.8808793239858663,0.09225879545553353,9.235879545553352
89,0.5,0.02,0.107672752853898,7.646083749705729,0.1857480139579802,9.307400697899011
89,0.5,0.05,0.10702043366558629,18.71459075101073,0.4672004988901302,9.394009977802604
89,0.5,0.1,0.11092903982213827,34.888751585977396,0.9014771980388391,9.11477198038839
89,0.5,0.2,0.137307413479597,52.546797365152706,1.4565855909136234,7.482927954568117
89,0.5,0.4,0.26068623786582745,48.50860286322764,1.5344116485576655,4.236029121394163
89,0.75,0.0,0.24605516963658516,0.08250604055109283,0.0,4.064129201093254
89,0.75,0.01,0.24370122546661838,1.8100704280912923,0.04103385192607403,4.113385192607403
89,0.75,0.02,0.2415604944735005,3.5457868502088243,0.08279499528096067,4.159749764048033
89,0.75,0.05,0.236417503042093,8.733912668366033,0.21149026343915722,4.279805268783144
89,0.75,0.1,0.2321087510452581,16.995834946150726,0.43083252807000516,4.408325280700051
89,0.75,0.2,0.2394588036303092,29.97539375652684,0.835216734435757,4.376083672178784
89,0.75,0.4,0.3177418686912745,37.85162359044495,1.2588835133611223,3.547208783402805
89,1.0,0.0,0.43743001071815835,0.061884389240692846,0.0,2.2860800025088186
89,1.0,0.01,0.43306846003127686,1.1061730634307811,0.023091037383045132,2.3191037383045128
89,1.0,0.02,0.4287334408119195,2.1573044563448343,0.046649032000220796,2.35245160001104
89,1.0,0.05,0.41592881208176563,5.302020891478502,0.1202128790976152,2.454257581952304
89,1.0,0.1,0.3957691740972702,10.412836687624457,0.25267253375176335,2.6267253375176334
89,1.0,0.2,0.36533657364701033,19.425798976749636,0.5474403999672938,2.9372019998364687
89,1.0,0.4,0.3743333847338227,29.440234003504617,1.0685661934332362,3.07141548358309
89,1.5,0.0,0.6165216210735963,0.04125948170315012,0.0,1.6220031314694583
89,1.5,0.01,0.6103245146662287,0.6554599819037988,0.01638472609193611,1.6484726091936108
89,1.5,0.02,0.6040647249429222,1.2801294348187742,0.03310903480068265,1.6754517400341322
89,1.5,0.05,0.5849535406484897,3.1404303438912025,0.0854768738463727,1.759537476927454
89,1.5,0.1,0.5525695802936159,6.16058850135905,0.1809726839231062,1.909726839231062
89,1.5,0.2,0.49266096585068087,11.687831581075862,0.40595868936898366,2.2297934468449183
89,1.5,0.4,0.43976340833882627,19.75256197003924,0.9095799978242174,2.673949994560543
90,0.08,0.0,0.002761294195960872,1.0707439901347227,0.0,362.14902470832925
90,0.08,0.01,0.0028494534624872326,124.15588878081927,3.5094449274743353,350.95449274743356
90,0.08,0.02,0.003169153397370229,222.97687794710944,6.310833680880215,315.56168404401075
90,0.08,0.05,0.005517341789604481,315.61580526648163,9.062335071248926,181.29670142497852
90,0.08,0.1,0.014059036093330151,240.56217695508823,7.1128631675852745,71.22863167585274
90,0.08,0.2,0.04845783758771661,130.77292969683688,4.1272993174317225,20.83649658715861
90,0.08,0.4,0.1856830663415359,62.343318336008124,2.154208285553948,5.78552071388487
90,0.15,0.0,0.00969913633587231,0.5736218718299547,0.0,103.10196345023984
90,0.15,0.01,0.009717969689319353,36.22402812138737,1.029021526069444,102.91215260694439
90,0.15,0.02,0.009968448760830083,70.78888375883626,2.006330220463969,100.33651102319845
90,0.15,0.05,0.012109606242981415,143.86155731367927,4.128953410766714,82.62906821533427
90,0.15,0.1,0.020308375296336188,166.6381132935359,4.924076817609378,49.340768176093775
90,0.15,0.2,0.05402971841769174,117.3119155553371,3.701666524593826,18.708332622969127
90,0.15,0.4,0.1899479156310336,60.96266724613643,2.1058404282623684,5.6646010706559204
90,0.3,0.0,0.03878557457008067,0.2875244152959546,0.0,25.78278164200263
90,0.3,0.01,0.03851270858648802,9.060250390708266,0.2596545495506501,25.97545495506501
90,0.3,0.02,0.03846981880638757,18.317573048176925,0.5198880738341086,26.01440369170543
90,0.3,0.05,0.03972086906084074,43.93812997358675,1.2587841399797834,25.22568279959567
90,0.3,0.1,0.04640303074430146,73.00772093057792,2.155031651941841,21.65031651941841
90,0.3,0.2,0.07697151845462698,82.21742233323447,2.598363706672821,13.191818533364104
90,0.3,0.4,0.2062208056194827,55.974761094012074,1.9396684965826263,5.249171241456566
90,0.5,0.0,0.10773035147047581,0.17273954388783802,0.0,9.282435138755268
90,0.5,0.01,0.10676337351954301,3.2706677536483406,0.09366508073266813,9.376508073266814
90,0.5,0.02,0.1060170476003675,6.711372193738318,0.18864890555517294,9.452445277758645
90,0.5,0.05,0.10510201946331844,16.806381764528126,0.4757282519909187,9.564565039818374
90,0.5,0.1,0.10799067568029533,31.626838850559068,0.9260058738408898,9.360058738408897
90,0.5,0.2,0.13032860108448224,48.50257232886038,1.534582573094259,7.872912865471295
90,0.5,0.4,0.24141516150958303,47.23604279567598,1.6568967644731871,4.542241911182968
90,0.75,0.0,0.24238734639830123,0.11530497497996893,0.0,4.125627904506027
90,0.75,0.01,0.24005076741212605,1.5307873660952616,0.04165785474383305,4.175785474383305
90,0.75,0.02,0.23788885072459592,3.169649858969881,0.08407287663579498,4.223643831789748
90,0.75,0.05,0.23245409076874934,8.040732207682924,0.2150962361412738,4.351924722825475
90,0.75,0.1,0.22694160537269037,15.74232519113785,0.4406419873331599,4.506419873331598
90,0.75,0.2,0.22985877672537677,27.938213602441177,0.8700994708544435,4.550497354272218
90,0.75,0.4,0.2994446165446844,36.96289266772224,1.335806282362436,3.7395157059060895
90,1.0,0.0,0.4309065899953836,0.0865977022574592,0.0,2.3206885743165664
90,1.0,0.01,0.42650335498743436,0.9903539563207565,0.02344647441353567,2.3546474413535665
90,1.0,0.02,0.4219186249673325,2.0510340760576935,0.04740250564086504,2.390125282043252
90,1.0,0.05,0.40732626318181003,5.206334729796816,0.12275172145647409,2.5050344291294815
90,1.0,0.1,0.3825756330151592,10.278942121943796,0.2613862237170698,2.7138622371706984
90,1.0,0.2,0.3454422821377511,19.125707565381575,0.5789679212466717,3.0948396062333585
90,1.0,0.4,0.35612514680914403,29.519142651640827,1.1232006601723343,3.2080016504308353
90,1.5,0.0,0.5258984491793962,0.05793525784989085,0.0,1.9015077940624934
90,1.5,0.01,0.5206640637308081,0.7094489836066492,0.019206241983257297,1.93062419832573
90,1.5,0.02,0.5154793152356616,1.451546044071752,0.03879884101820187,1.9599420509100935
90,1.5,0.05,0.5002408087773321,3.6648583980800944,0.09995186142891448,2.0490372285782894
90,1.5,0.1,0.4761386906240508,7.255184360826046,0.21002283991862766,2.2002283991862766
90,1.5,0.2,0.4361380529351946,13.719851028259106,0.458570396813593,2.4928519840679653
90,1.5,0.4,0.4202642997789414,22.194805613295447,0.951782010059859,2.7794550251496473
91,0.08,0.0,0.002610007145352571,0.09764695685692404,0.0,383.1407135342979
91,0.08,0.01,0.002722671014578379,153.69273622912604,3.6728638702419785,367.2963870241978
91,0.08,0.02,0.003112849125603339,267.6832320913198,6.424982128269246,321.2691064134622
91,0.08,0.05,0.005947902550440443,345.5989633057196,8.406324679327085,168.17649358654168
91,0.08,0.1,0.016213142399977752,247.59920237299465,6.167835792285228,61.77835792285228
91,0.08,0.2,0.05736910039923798,132.59878906551583,3.486197249184276,17.630986245921378
91,0.08,0.4,0.21856356665329632,62.762680646387395,1.830131188490867,4.975327971227167
91,0.15,0.0,0.009159983629967255,0.09173656301586205,0.0,109.17050077780267
91,0.15,0.01,0.009207430144312802,45.57550808638711,1.0860793775532198,108.61793775532198
91,0.15,0.02,0.009532955235980169,87.64056804976039,2.097985305177364,104.91926525886818
91,0.15,0.05,0.012177415515030285,169.2088215455643,4.105961559600741,82.1692311920148
91,0.15,0.1,0.022135928023807507,181.72298718215438,4.517542697665468,45.275426976654686
91,0.15,0.2,0.06271417462202494,121.4763840688099,3.1890717083560385,16.145358541780194
91,0.15,0.4,0.22278248209246093,61.61842303086125,1.7954733076094775,4.888683269023694
91,0.3,0.0,0.03661408252358445,0.09034539276837336,0.0,27.311895617099346
91,0.3,0.01,0.036386770051489034,11.61418663916041,0.2748251627129728,27.492516271297283
91,0.3,0.02,0.036437098175069085,23.07689937755982,0.5488911302405624,27.464556512028114
91,0.3,0.05,0.03825325727057385,54.15319300968416,1.3070782350987478,26.191564701974954
91,0.3,0.1,0.04682104050538602,86.24074939527928,2.1357919200556124,21.457919200556123
91,0.3,0.2,0.08455831829956194,90.19142083008305,2.365231523307579,12.026157616537894
91,0.3,0.4,0.2382812754414903,57.415415807843324,1.6786883453551917,4.596720863387979
91,0.5,0.0,0.10168289468055895,0.09009107432833881,0.0,9.83449579343253
91,0.5,0.01,0.1008017636650431,4.259000791854594,0.0992046134552692,9.930461345526918
91,0.5,0.02,0.10019200768709736,8.507710891937036,0.19961672055180887,10.000836027590443
91,0.5,0.05,0.09999012592843814,20.937766668040062,0.5000493752331552,10.050987504663103
91,0.5,0.1,0.10506573925215765,38.679001303261586,0.9517850510716926,9.617850510716925
91,0.5,0.2,0.135287653249633,56.285530567287005,1.4783315047305883,7.591657523652942
91,0.5,0.4,0.2710865278170287,49.64915166526077,1.4755436325850253,4.088859081462563
91,0.75,0.0,0.22876357464273492,0.09001695057040988,0.0,4.371325293205974
91,0.75,0.01,0.2265960111001038,1.9802774775464018,0.04413140351169853,4.423140351169852
91,0.75,0.02,0.22466857361932663,3.939224853404694,0.08902001591859282,4.4710007959296405
91,0.75,0.05,0.22032625872274922,9.788471710903547,0.2269361822319973,4.588723644639946
91,0.75,0.1,0.2178781955493351,19.01594910245072,0.4589720405379279,4.689720405379278
91,0.75,0.2,0.2307578616510729,32.89952831004651,0.8667093661251655,4.533546830625827
91,0.75,0.4,0.32456561709448845,39.613635199617285,1.2324164327102798,3.481041081775699
91,1.0,0.0,0.40667165990041965,0.08999183082866989,0.0,2.458986200919107
91,1.0,0.01,0.4026471890383316,1.2203360947359014,0.024835638425500125,2.4935638425500124
91,1.0,0.02,0.3987078494838987,2.3996876812207857,0.05016204227202624,2.5281021136013115
91,1.0,0.05,0.3874263737914161,5.929959646526973,0.12905677925509318,2.6311355851018634
91,1.0,0.1,0.37074259748595195,11.645102024422762,0.2697289188728554,2.797289188728554
91,1.0,0.2,0.34912794681055526,21.500671412903824,0.5728558880120947,3.064279440060474
91,1.0,0.4,0.37706937710620714,31.354506573210873,1.060812742391791,3.0520318559794775
91,1.5,0.0,0.5930976448075735,0.08997407955917856,0.0,1.6860630096152938
91,1.5,0.01,0.5871333503223513,0.7569901835049906,0.0170319059452333,1.71319059452333
91,1.5,0.02,0.5811038055702132,1.4438993141640395,0.03441725868646622,1.740862934323311
91,1.5,0.05,0.5626793107306373,3.4895168249620885,0.08886056239579018,1.8272112479158036
91,1.5,0.1,0.5315589134984534,6.800441311982899,0.18812590187200567,1.981259018720057
91,1.5,0.2,0.4757187254079951,12.798317641102182,0.42041649680380383,2.3020824840190195
91,1.5,0.4,0.4389097040583449,21.24220465892404,0.9113491825344273,2.678372956336068
92,0.08,0.0,0.0031694668938482768,0.4268132008497677,0.0,315.5104733672824
92,0.08,0.01,0.003255579399752216,107.60663638357744,3.07164985770616,307.174985770616
92,0.08,0.02,0.0035773059144393053,195.05462623996618,5.590799467071782,279.55997335358904
92,0.08,0.05,0.005956155385368838,287.77046562969093,8.394676895573255,167.9435379114651
92,0.08,0.1,0.014632933778119368,226.6627381667353,6.833899579968717,68.43899579968716
92,0.08,0.2,0.04965303604124533,124.41848831630465,4.027951077027109,20.339755385135547
92,0.08,0.4,0.1902884403329083,59.766143280312065,2.102071987663585,5.655179969158962
92,0.15,0.0,0.011140567294497255,0.22825009941530078,0.0,89.76203577118892
92,0.15,0.01,0.011146969829543014,31.38510738924527,0.8971047874819595,89.72047874819596
92,0.15,0.02,0.011388988643565046,61.27952378304064,1.7560821795445647,87.82410897722822
92,0.15,0.05,0.013528737082863444,126.801330862657,3.6958364771042755,73.9667295420855
92,0.15,0.1,0.021807209259578596,152.1973684076925,4.5856394924112545,45.956394924112544
92,0.15,0.2,0.056033566601593456,110.29251614921081,3.5692891266770177,18.046445633385087
92,0.15,0.4,0.19513564025797003,58.35691139305289,2.049856189628909,5.524640474072273
92,0.3,0.0,0.044563105265664454,0.11467365579515329,0.0,22.440087916640152
92,0.3,0.01,0.04423418565052627,7.909402103784576,0.2260694947343521,22.61694947343521
92,0.3,0.02,0.04413869014758955,15.85941242948488,0.4531172069928816,22.67586034964408
92,0.3,0.05,0.04525279955258049,38.041069235703084,1.1049040168642739,22.148080337285478
92,0.3,0.1,0.05177903947344754,64.21557892103479,1.9312834115294923,19.412834115294924
92,0.3,0.2,0.08235452829305229,74.98777323881583,2.428524625729326,12.342623128646629
92,0.3,0.4,0.21384241624293876,53.24200353792733,1.8705362903567937,5.076340725891984
92,0.5,0.0,0.12379050734492839,0.06945952877216938,0.0,8.078163838634348
92,0.5,0.01,0.12266356810615629,2.9072206883906864,0.08152379842192212,8.16237984219221
92,0.5,0.02,0.12175857071944717,5.875275390733521,0.16425948400859158,8.23297420042958
92,0.5,0.05,0.12037565079240425,14.5916078585867,0.4153663940411695,8.35732788082339
92,0.5,0.1,0.12251705055957168,27.537624405772927,0.8162129233708317,8.262129233708317
92,0.5,0.2,0.14357500655935768,43.21248774820629,1.3930001104845136,7.165000552422568
92,0.5,0.4,0.2545256273413503,44.496192297292104,1.5715509836011545,4.328877459002887
92,0.75,0.0,0.2785347890617528,0.04712673958969986,0.0,3.590215798064256
92,0.75,0.01,0.2758297567947822,1.41883436339009,0.036254246518587246,3.6354246518587243
92,0.75,0.02,0.2732855083160614,2.870818468540568,0.0731835365996411,3.6791768299820546
92,0.75,0.05,0.26662371519740635,7.181451883558382,0.18753020511690174,3.8006041023380344
92,0.75,0.1,0.258843192759341,14.011686486363008,0.3863342857657255,3.963342857657255
92,0.75,0.2,0.2569859913996863,25.09727130005046,0.7782525378550426,4.091262689275212
92,0.75,0.4,0.32123478407532424,34.73346777901855,1.2451951651232347,3.5129879128080868
92,1.0,0.0,0.4951791031316267,0.03618422485808614,0.0,2.0194713259823964
92,1.0,0.01,0.4898039424487586,0.96986481948105,0.020416332196113676,2.0516332196113676
92,1.0,0.02,0.48366438730961697,1.9548619258676367,0.0413509874300442,2.08754937150221
92,1.0,0.05,0.462735828924951,4.884617443804564,0.10805301183649921,2.211060236729984
92,1.0,0.1,0.428361345145415,9.601175501544288,0.23344776818284851,2.434477681828485
92,1.0,0.2,0.38021476782472663,17.90154458468282,0.5260184951369302,2.830092475684651
92,1.0,0.4,0.38400866766428676,28.14388582374583,1.0416431546532001,3.004107886633
92,1.5,0.0,0.5390807127992091,0.025651100571721413,0.0,1.8550097902917724
92,1.5,0.01,0.5337406531595926,0.7438183441282822,0.018735691090425374,1.8835691090425375
92,1.5,0.02,0.5285023317029232,1.4872340884483095,0.037842784790668084,1.9121392395334043
92,1.5,0.05,0.5134077785598525,3.7111186196622867,0.09738847381754473,1.9977694763508946
92,1.5,0.1,0.4904565522866513,7.341304589279881,0.20389165876930562,2.138916587693056
92,1.5,0.2,0.4548858024470752,13.922787388660177,0.43967078973248347,2.3983539486624172
92,1.5,0.4,0.44842979439554914,22.31221606888395,0.8920013901823162,2.63000347545579
93,0.08,0.0,0.0025687999849297407,0.4628386059193637,0.0,389.286828817601
93,0.08,0.01,0.002670084337470018,143.95171176158937,3.745200052173366,374.5300052173366
93,0.08,0.02,0.003025305409320357,253.29029430397293,6.610902799560013,330.5651399780007
93,0.08,0.05,0.005614257570384408,336.57160964261163,8.905897061751034,178.1679412350207
93,0.08,0.1,0.015001996347536411,245.48499173657828,6.665779519165244,66.75779519165243
93,0.08,0.2,0.0527140494126025,131.93374146216362,3.7940549479430703,19.17027473971535
93,0.08,0.4,0.20192127285876452,63.094121874214444,1.9809700797586756,5.352425199396689
93,0.15,0.0,0.009020184352017855,0.25080629110107555,0.0,110.86247918827686
93,0.15,0.01,0.009057049026169469,42.423347879232814,1.1041123848513976,110.42123848513977
93,0.15,0.02,0.009348038500080673,82.04036774896396,2.139486267608697,106.99431338043485
93,0.15,0.05,0.011745413986857363,161.0906771223115,4.2569806441857185,85.18961288371436
93,0.15,0.1,0.020817435906219754,177.10706934835073,4.80366556431296,48.13665564312961
93,0.15,0.2,0.05790886624931177,120.16645664025819,3.4537025667011214,17.468512833505606
93,0.15,0.4,0.20586948143131767,61.885705779849474,1.9429786154751079,5.25744653868777
93,0.3,0.0,0.03606422799866357,0.1393270696726029,0.0,27.728307397486976
93,0.3,0.01,0.03583004727805429,10.73193875365386,0.27909536156612735,27.919536156612736
93,0.3,0.02,0.03584878051270002,21.45570830511829,0.5578990334947286,27.91495167473643
93,0.3,0.05,0.03742208379846719,50.726748429218226,1.3361094552956991,26.77218910591398
93,0.3,0.1,0.045095754981874896,81.91718872723224,2.217503621797495,22.27503621797495
93,0.3,0.2,0.07928765361873447,87.69509534375025,2.522460822989256,12.81230411494628
93,0.3,0.4,0.22087949315332767,57.43946214472358,1.8109422214326274,4.9273555535815685
93,0.5,0.0,0.10016463165485741,0.10157783292648985,0.0,9.983563893548304
93,0.5,0.01,0.09928569994613222,3.914545745018316,0.10071943900708293,10.081943900708291
93,0.5,0.02,0.09865218722732388,7.890231420039371,0.20273245390813355,10.156622695406677
93,0.5,0.05,0.09822373915174805,19.52851840112448,0.5090419121873775,10.23083824374755
93,0.5,0.1,0.1024105017682794,36.29189084497755,0.9764623576033877,9.864623576033877
93,0.5,0.2,0.12905447968401798,53.74575086638956,1.54973310875909,7.94866554379545
93,0.5,0.4,0.2532450127714755,49.330763636281056,1.579498034817981,4.348745087044953
93,0.75,0.0,0.22535712000117045,0.08660557533552646,0.0,4.437401400917825
93,0.75,0.01,0.2232083805494174,1.8321268814899403,0.044801185221564926,4.490118522156493
93,0.75,0.02,0.22126931988767998,3.6872582170527632,0.0903875874439002,4.539379372195009
93,0.75,0.05,0.21671084178991504,9.213797303039263,0.2307221899330319,4.6644437986606375
93,0.75,0.1,0.2133180068492068,17.928451061643372,0.46878367877630417,4.787836787763041
93,0.75,0.2,0.22244501589000645,31.27714883166172,0.8990985893740818,4.6954929468704085
93,0.75,0.4,0.30647697930499507,39.16205078532659,1.3051551242350707,3.6628878105876765
93,1.0,0.0,0.40062403476533975,0.08073814824498539,0.0,2.4961058579167292
93,1.0,0.01,0.3966169175780472,1.1608113705362402,0.025213246225262637,2.5313246225262636
93,1.0,0.02,0.3926098017076855,2.3119122205177156,0.05094116324403648,2.5670581622018243
93,1.0,0.05,0.38065732487016535,5.746409242109777,0.131351734836717,2.67703469673434
93,1.0,0.1,0.36177055540379427,11.28028827817303,0.2764182947072182,2.8641829470721816
93,1.0,0.2,0.335173450584416,20.84302055439208,0.5967059731350305,3.1835298656751525
93,1.0,0.4,0.35856224995321295,31.16026603980915,1.1155664045844036,3.188916011461009
93,1.5,0.0,0.535360322160797,0.07628418740182305,0.0,1.8679008484675246
93,1.5,0.01,0.53001118948564,0.7814644386311859,0.018867526192616238,1.8967526192616238
93,1.5,0.02,0.5246717207117574,1.5149203066124417,0.03811907371883597,1.9259536859417987
93,1.5,0.05,0.5087406202968302,3.6992525496936377,0.09828191028038406,2.015638205607681
93,1.5,0.1,0.4828673807167668,7.23077781833114,0.20709620072401727,2.1709620072401727
93,1.5,0.2,0.43857728609871494,13.576371166003696,0.4560199680632435,2.4800998403162176
93,1.5,0.4,0.4181307670574919,22.161459031128715,0.9566385243901486,2.7915963109753714
94,0.08,0.0,0.002726793562051892,0.3968271812497585,0.0,366.73109908896345
94,0.08,0.01,0.0028276213736322855,136.3535955725809,3.536541381830861,353.6641381830861
94,0.08,0.02,0.003184632899046637,241.24790139793635,6.2801586977222,314.02793488610996
94,0.08,0.05,0.005792447025577951,326.6729142005027,8.631930474152444,172.6886094830489
94,0.08,0.1,0.015256725022029845,241.2006947387308,6.554486618563661,65.6448661856366
94,0.08,0.2,0.05329407559700713,129.658701198974,3.752762342897858,18.963811714489285
94,0.08,0.4,0.20398560284121178,60.75092117805242,1.9609227044879802,5.302306761219951
94,0.15,0.0,0.009580867159394784,0.2134658914376952,0.0,104.37468585705443
94,0.15,0.01,0.009612916243796767,40.03252855382424,1.0402670476249098,104.03670476249098
94,0.15,0.02,0.009900672925881938,77.54267856550763,2.020064711734574,101.0232355867287
94,0.15,0.05,0.012297860294000214,153.82940640247273,4.065747927254762,81.36495854509522
94,0.15,0.1,0.021401473771946487,171.8778809299945,4.672575406049006,46.825754060490056
94,0.15,0.2,0.05868008982719554,117.64593317916925,3.4083110743179055,17.241555371589524
94,0.15,0.4,0.20768484799157372,59.57435747627317,1.9259951020414787,5.214987755103697
94,0.3,0.0,0.03831894376140549,0.10733264154555247,0.0,26.09675272435853
94,0.3,0.01,0.038062184437418635,10.081232972023596,0.2627279581507434,26.28279581507434
94,0.3,0.02,0.03805827702570652,20.159787178864363,0.525509864424261,26.295493221213047
94,0.3,0.05,0.039563321463876866,47.80924977181319,1.2637968236729644,25.32593647345929
94,0.3,0.1,0.04712262683918714,77.95105945952845,2.122122782782561,21.32122782782561
94,0.3,0.2,0.08109360383039982,84.77262860406759,2.466285755634717,12.531428778173584
94,0.3,0.4,0.22257155613786087,55.160114430143096,1.7971748364478342,4.8929370911195855
94,0.5,0.0,0.10644105567133838,0.0646779054576723,0.0,9.394871120855223
94,0.5,0.01,0.10549802743086632,3.6489335486445094,0.09478850215046038,9.488850215046037
94,0.5,0.02,0.10479775624650266,7.362890250531026,0.19084378059542134,9.562189029771067
94,0.5,0.05,0.10415317111903286,18.250501873734468,0.4800621955413804,9.651243910827608
94,0.5,0.1,0.1079284299155962,34.066948541646006,0.9265399309357459,9.365399309357459
94,0.5,0.2,0.13358581721127297,51.07890013504255,1.4971649249537438,7.685824624768718
94,0.5,0.4,0.2557811982561583,47.04651239847834,1.5638366022486543,4.309591505621635
94,0.75,0.0,0.23949406840969517,0.04336999174596812,0.0,4.175468756450914
94,0.75,0.01,0.23720134075500252,1.6755625289486744,0.04215827772377,4.225827772377
94,0.75,0.02,0.23511306105514296,3.3930583636331764,0.08506545706241832,4.273272853120916
94,0.75,0.05,0.2300758134646712,8.510294626761736,0.21731967062099575,4.396393412419914
94,0.75,0.1,0.22578519649609122,16.608682046133456,0.4428988328370377,4.528988328370376
94,0.75,0.2,0.2328058737034936,29.19977782809863,0.8590848539101903,4.495424269550951
94,0.75,0.4,0.31236148020220644,36.88939357827233,1.2805676287007637,3.601419071751909
94,1.0,0.0,0.4257697176490971,0.03276479443000883,0.0,2.3486874677737446
94,1.0,0.01,0.4215269606585013,1.0269928990825692,0.023723274981932812,2.382327498193281
94,1.0,0.02,0.4173150675013292,2.0789755375182377,0.047925420281970284,2.4162710140985144
94,1.0,0.05,0.40490395149337116,5.216392433441668,0.12348607568681279,2.5197215137362554
94,1.0,0.1,0.3854623718689206,10.283569969365342,0.25942869472615027,2.6942869472615025
94,1.0,0.2,0.3566556738771139,19.127081102840467,0.5607649468347172,3.003824734173586
94,1.0,0.4,0.37122076707615564,28.95746111495916,1.077525923860667,3.0938148096516667
94,1.5,0.0,0.6201155812846939,0.02227238236974334,0.0,1.6126026021282989
94,1.5,0.01,0.6138745333889503,0.6414638889598587,0.01628997369347461,1.6389973693474609
94,1.5,0.02,0.6075550464312797,1.2902529459971204,0.03291882787819489,1.6659413939097445
94,1.5,0.05,0.588180032034204,3.2214241733411657,0.08500798612131802,1.7501597224263603
94,1.5,0.1,0.5551902586118,6.352796482529165,0.18011843408427303,1.9011843408427302
94,1.5,0.2,0.49447994001924045,12.053885417531399,0.4044653459394489,2.222326729697244
94,1.5,0.4,0.44460838638143674,20.16536754934694,0.8996681399905794,2.649170349976448
95,0.08,0.0,0.003046458539218356,0.026555208357831768,0.0,328.24999491264197
95,0.08,0.01,0.0031561088981701614,130.19382174686672,3.1684584792995474,316.85584792995473
95,0.08,0.02,0.003545978258208537,230.68583847672434,5.64019250645496,282.02962532274796
95,0.08,0.05,0.006396448340687029,315.0602677497899,7.816837928941925,156.38675857883848
95,0.08,0.1,0.016743529356331065,234.47320618151085,5.972456455973423,59.82456455973423
95,0.08,0.2,0.05830455825604875,127.14045624521361,3.4302635331132314,17.351317665566157
95,0.08,0.4,0.22207186890800715,61.631270537155736,1.801218686396066,4.903046715990166
95,0.15,0.0,0.01070213282239201,0.018062298941495632,0.0,93.43931874099954
95,0.15,0.01,0.010735047677128651,38.30915375114484,0.9315282335732246,93.16282335732247
95,0.15,0.02,0.011047823545829777,74.10260845721497,1.8103113176123637,90.53556588061818
95,0.15,0.05,0.013664845977396072,147.55862026186963,3.6590240448160425,73.23048089632084
95,0.15,0.1,0.023615345059438738,166.25710299132783,4.234534780173849,42.445347801738485
95,0.15,0.2,0.06435015119951346,115.12377026115632,3.107995805323177,15.739979026615883
95,0.15,0.4,0.22623484156145107,60.40619453035865,1.7680742596464742,4.820185649116186
95,0.3,0.0,0.04279959731582445,0.014195902961121299,0.0,23.364705808348024
95,0.3,0.01,0.04251007259845012,9.707454992484967,0.23523836560948597,23.533836560948597
95,0.3,0.02,0.04249747712656976,19.325290033238872,0.4706161718831973,23.550808594159864
95,0.3,0.05,0.044120715616601275,45.78892879915972,1.1332545109759402,22.715090219518803
95,0.3,0.1,0.05235486458306458,74.97760461550082,1.9100421860769625,19.200421860769627
95,0.3,0.2,0.0894118942731871,82.55541631827279,2.2368388638420353,11.384194319210174
95,0.3,0.4,0.24260294277714936,55.84437991103778,1.6487846166294557,4.521961541573639
95,0.5,0.0,0.11888322791507437,0.013174514891378185,0.0,8.411615477957595
95,0.5,0.01,0.11782657566167498,3.5546100789627735,0.08487049669264608,8.497049669264609
95,0.5,0.02,0.11703426695457722,7.1174737305546,0.1708901206495556,8.56450603247778
95,0.5,0.05,0.11624271793165514,17.570855985006805,0.4301344711278816,8.652689422557632
95,0.5,0.1,0.12019817239158381,32.82574300092024,0.8319594051248813,8.419594051248813
95,0.5,0.2,0.1477152392367886,49.670814190264174,1.3539564437180283,6.969782218590141
95,0.5,0.4,0.27768008455788246,47.568468270069374,1.4405066198278975,4.001266549569744
95,0.75,0.0,0.2674847485698617,0.012831633173613835,0.0,3.7385309081980047
95,0.75,0.01,0.26490951528985346,1.6740202265262383,0.037748738428887305,3.78487384288873
95,0.75,0.02,0.26253357272993044,3.356381303738466,0.07618073297076598,3.829036648538299
95,0.75,0.05,0.2566040487102315,8.363536968204189,0.1948527322593502,3.947054645187004
95,0.75,0.1,0.25075142849195947,16.28619801987105,0.3988013173101687,4.088013173101687
95,0.75,0.2,0.2546927814980481,28.740176138745195,0.7852597895536854,4.126298947768427
95,0.75,0.4,0.33125880088464077,37.40688948799688,1.2075150876951282,3.4187877192378204
95,1.0,0.0,0.4755273607865659,0.012708128812127805,0.0,2.1029284168757574
95,1.0,0.01,0.4701318941419706,1.0668272973955715,0.02127062665733586,2.137062665733586
95,1.0,0.02,0.46367659677160383,2.1407951500157427,0.043133511890080425,2.176675594504021
95,1.0,0.05,0.44194849172715056,5.336474175244387,0.11313535612396415,2.312707122479283
95,1.0,0.1,0.4082475295568107,10.476570995759552,0.24494943082340012,2.549494308234001
95,1.0,0.2,0.3638781585064338,19.419559984622346,0.5496345282742872,2.9481726413714355
95,1.0,0.4,0.375391428803183,29.654780491580322,1.065554430145818,3.0638860753645445
95,1.5,0.0,0.5039516332714928,0.012618439029663671,0.0,1.9843174105981556
95,1.5,0.01,0.498950467942956,0.7194441275327011,0.020042069589046422,2.014206958904642
95,1.5,0.02,0.4940263115636148,1.4480877096457372,0.04048367370697145,2.0441836853485724
95,1.5,0.05,0.4797284767840467,3.613576160326595,0.10422562432646222,2.134512486529244
95,1.5,0.1,0.45765420614792,7.104617517509734,0.2185055849080925,2.285055849080925
95,1.5,0.2,0.4226140842816805,13.312459534484564,0.4732449945200977,2.5662249726004887
95,1.5,0.4,0.41606662237033426,21.339469097269244,0.9613844958800045,2.803461239700011
96,0.08,0.0,0.002703784944890642,0.7203978610889096,0.0,369.8519003479569
96,0.08,0.01,0.002808433662337782,140.8466536067822,3.560703652752777,356.0803652752777
96,0.08,0.02,0.003176444861015065,248.5288583231987,6.296347292365339,314.8373646182669
96,0.08,0.05,0.005860211234013166,332.51196181895745,8.53211565306652,170.6923130613304
96,0.08,0.1,0.01559250784587984,243.76321085880832,6.413336519591618,64.23336519591616
96,0.08,0.2,0.054663878761609955,131.33549928208356,3.658723173893371,18.493615869466854
96,0.08,0.4,0.2085711147071238,61.93876333707861,1.9178111051555784,5.194527762888947
96,0.15,0.0,0.009496411506212192,0.38815382944229326,0.0,105.30293462386692
96,0.15,0.01,0.00953268634179749,41.29386064616253,1.0490222421515647,104.91222421515647
96,0.15,0.02,0.009831428180241982,80.0765478509758,2.034292437816266,101.7346218908133
96,0.15,0.05,0.012302003417029474,158.13095159482017,4.0643786467158485,81.33757293431697
96,0.15,0.1,0.021660891189078334,175.1922156949443,4.616615222665498,46.26615222665498
96,0.15,0.2,0.059915060275107915,119.58872523464572,3.338058896739377,16.890294483696884
96,0.15,0.4,0.21186096171624758,60.81116706464364,1.888030700699515,5.120076751748788
96,0.3,0.0,0.037972962743799306,0.1987215693562877,0.0,26.334526666958382
96,0.3,0.01,0.03772266287495047,10.335101068233907,0.2650926323295285,26.519263232952852
96,0.3,0.02,0.03773121056463162,20.757375727144346,0.5300651556286812,26.523257781434058
96,0.3,0.05,0.03930944279221394,49.323456615888425,1.2719590115864872,25.48918023172974
96,0.3,0.1,0.047107925897440076,80.23590925328023,2.122785032347055,21.32785032347055
96,0.3,0.2,0.0819560788255801,86.87307673944973,2.4403314905492537,12.401657452746266
96,0.3,0.4,0.22576908206057064,56.46516058191422,1.7717217802776277,4.829304450694069
96,0.5,0.0,0.10547092810400231,0.1250253518587985,0.0,9.481285677261932
96,0.5,0.01,0.10454030015248224,3.6999437952008076,0.09565689007410562,9.575689007410562
96,0.5,0.02,0.10385782111734951,7.526785811209835,0.19257095695664453,9.648547847832226
96,0.5,0.05,0.10329870771295367,18.762876061674454,0.48403316079171044,9.730663215834209
96,0.5,0.1,0.10731968811078586,35.10406896265173,0.9317954772359219,9.417954772359218
96,0.5,0.2,0.13378903585139076,52.63652452949472,1.4948908087068853,7.674454043534427
96,0.5,0.4,0.25741682155231144,48.29477646594033,1.5539000038453714,4.284750009613428
96,0.75,0.0,0.23730107648118132,0.09031914733133865,0.0,4.214055894008146
96,0.75,0.01,0.23503324940128206,1.6625827354311355,0.042547171625605125,4.264717162560512
96,0.75,0.02,0.23297579237877514,3.4170601146902633,0.085845828855402,4.3122914427701
96,0.75,0.05,0.2280657526991054,8.657947878791694,0.21923502063883585,4.434700412776716
96,0.75,0.1,0.22409170689374294,16.988374646398526,0.44624587578966846,4.562458757896684
96,0.75,0.2,0.23195491621282716,30.006336286890615,0.8622365210681401,4.5111826053407
96,0.75,0.4,0.31133845339805144,37.83259668120483,1.284775444967581,3.6119386124189523
96,1.0,0.0,0.4218619933882773,0.07442215710213576,0.0,2.3704434522965205
96,1.0,0.01,0.41766294946266136,0.9853833062469332,0.02394275099782101,2.4042750997821005
96,1.0,0.02,0.4135039158169575,2.0442706380135736,0.04836713567871807,2.4383567839359035
96,1.0,0.05,0.40130128725748593,5.210570025345439,0.12459466637075257,2.5418933274150515
96,1.0,0.1,0.3823131106687734,10.351184153661976,0.26156570938692586,2.715657093869259
96,1.0,0.2,0.35420847664534694,19.39888718228137,0.5646392257299111,3.023196128649556
96,1.0,0.4,0.36624543654681935,29.463791616409978,1.0921637789440841,3.1304094473602104
96,1.5,0.0,0.6074397709561985,0.060552594821422556,0.0,1.6462537486240894
96,1.5,0.01,0.601329204503369,0.5696996931676013,0.016629825934130187,1.6729825934130185
96,1.5,0.02,0.5951474785348265,1.1985078845731012,0.03360511591049218,1.700255795524609
96,1.5,0.05,0.5762228023399688,3.0710501464076256,0.08677199131474188,1.7854398262948377
96,1.5,0.1,0.5440273541176327,6.113040236269887,0.18381428662202423,1.9381428662202422
96,1.5,0.2,0.48431788718076746,11.686142106050415,0.4129519171059477,2.2647595855297387
96,1.5,0.4,0.43114551498362363,19.81812658666157,0.9277610136224967,2.7194025340562415
97,0.08,0.0,0.0028506358978929837,0.2342904431518636,0.0,350.79892200162743
97,0.08,0.01,0.0029546203112706094,136.90198991454585,3.3845296337584525,338.4629633758452
97,0.08,0.02,0.003323574432829652,242.4918529331784,6.017617599426602,300.9008799713301
97,0.08,0.05,0.006019763729888939,330.1533942589427,8.305973829461655,166.16947658923308
97,0.08,0.1,0.015804026525380602,245.2302932697032,6.327501402215708,63.375014022157075
97,0.08,0.2,0.0550832537310267,132.8859176148064,3.630867576861135,18.354337884305675
97,0.08,0.4,0.20948021706662867,62.93264884021741,1.9094881874825123,5.173720468706281
97,0.15,0.0,0.010013249348974894,0.14194753750479625,0.0,99.86768182322105
97,0.15,0.01,0.010045414151890296,40.2499571817568,0.9954791160221353,99.55791160221354
97,0.15,0.02,0.010342161343992198,77.94061318706252,1.9338317528393694,96.71158764196846
97,0.15,0.05,0.012819390726253271,155.08076730581487,3.9003413709516854,78.0568274190337
97,0.15,0.1,0.022230703684630575,174.33682967971865,4.498283159121771,45.082831591217705
97,0.15,0.2,0.06073013236939092,120.4471238747902,3.293258094408561,16.666290472042803
97,0.15,0.4,0.2133606725846549,61.6821419923913,1.874759744400845,5.0868993610021125
97,0.3,0.0,0.040042446478168785,0.09861988703080614,0.0,24.973499072920077
97,0.3,0.01,0.039772914938448894,10.171318654173099,0.2514273850804155,25.15273850804155
97,0.3,0.02,0.03976515555101825,20.299353878473475,0.502952892371821,25.167644618591048
97,0.3,0.05,0.041311941892649286,48.171922498282285,1.2103037937535588,24.256075875071172
97,0.3,0.1,0.04911521487813922,78.86250227005804,2.0360289626770864,20.460289626770866
97,0.3,0.2,0.08416832823706402,86.57343031229469,2.3761907143586205,12.080953571793101
97,0.3,0.4,0.22872499216970063,57.0184295243092,1.7488250680678712,4.772062670169678
97,0.5,0.0,0.11122233905592087,0.08658010272919467,0.0,8.990999546388029
97,0.5,0.01,0.11023555396700906,3.7052781124976417,0.09071483419036265,9.081483419036264
97,0.5,0.02,0.10949962929588873,7.4395075852538515,0.1826490201711662,9.152451008558309
97,0.5,0.05,0.10879634676127212,18.41337282966757,0.45957425491237486,9.241485098247498
97,0.5,0.1,0.11262947694337073,34.453198161512205,0.8878670372435385,8.978670372435385
97,0.5,0.2,0.13889421544795352,52.04945825802136,1.4399447763535125,7.399723881767562
97,0.5,0.4,0.2623125868017293,48.48862848973857,1.5248982325897409,4.2122455814743525
97,0.75,0.0,0.2502451811440827,0.0824535328673486,0.0,3.9960809452080275
97,0.75,0.01,0.24784502653484647,1.7263687247081168,0.04034779369919703,4.044779369919703
97,0.75,0.02,0.2456494804089898,3.4534856823540134,0.08141682191511804,4.090841095755902
97,0.75,0.05,0.24029107372604142,8.610785872237221,0.20808097123493471,4.211619424698694
97,0.75,0.1,0.23546272247870903,16.808801540806922,0.424695675592735,4.34695675592735
97,0.75,0.2,0.24132227572958842,29.6996019457882,0.828767254889094,4.3438362744454695
97,0.75,0.4,0.3169875520809396,37.84109403544568,1.2618792043223956,3.554698010805989
97,1.0,0.0,0.4448768858611021,0.08095882458377422,0.0,2.247812893368024
97,1.0,0.01,0.4403864317299942,1.0835473923320784,0.022707329925484878,2.2807329925484874
97,1.0,0.02,0.43581568920598945,2.1411311087412086,0.04589095917230035,2.3145479586150173
97,1.0,0.05,0.42174042435596665,5.301059208623812,0.11855633729290768,2.4211267458581536
97,1.0,0.1,0.39837290981455775,10.417177276300087,0.251021084858782,2.61021084858782
97,1.0,0.2,0.36222689314379103,19.40146922121196,0.5521401193163402,2.9607005965817015
97,1.0,0.4,0.3687844719930831,29.509557362720624,1.084644366500069,3.111610916250172
97,1.5,0.0,0.5736237392176502,0.07987374712363803,0.0,1.743303025366197
97,1.5,0.01,0.5678801770317374,0.7122326792246868,0.017609348599328067,1.7709348599328067
97,1.5,0.02,0.5621226841858933,1.3656756041243292,0.035579421650569834,1.7989710825284917
97,1.5,0.05,0.5447958343663222,3.3103397890113353,0.09177750057167264,1.8855500114334527
97,1.5,0.1,0.5161251381727807,6.454352861066671,0.19375146181413758,2.0375146181413757
97,1.5,0.2,0.4645879872571085,12.139261620350187,0.4304889611562807,2.3524448057814036
97,1.5,0.4,0.42560336779480396,20.145365676624355,0.9398421870403336,2.749605467600834
98,0.08,0.0,0.0028517377854247548,0.1920030784514494,0.0,350.663376244129
98,0.08,0.01,0.002947150883564401,129.78731014485157,3.3931075791768097,339.32075791768096
98,0.08,0.02,0.0032904165822829476,231.4931223866307,6.078257722043102,303.9328861021551
98,0.08,0.05,0.005806982835984694,322.994219887675,8.610323366234208,172.25646732468417
98,0.08,0.1,0.014952133850673732,244.00304579916445,6.688008614602796,66.98008614602796
98,0.08,0.2,0.05171846290639887,132.53553117301132,3.8670909528375597,19.535454764187797
98,0.08,0.4,0.19718123700356605,62.3269179088041,2.0285905803135114,5.471476450783778
98,0.15,0.0,0.010017446537780217,0.11194111013541833,0.0,99.82583847376256
98,0.15,0.01,0.010040888837584028,38.065130796329015,0.9959277671284462,99.60277671284462
98,0.15,0.02,0.010311556141882817,73.84809635977126,1.9395714599046097,96.99857299523048
98,0.15,0.05,0.012606554416880902,148.74950228551089,3.966190788265438,79.37381576530875
98,0.15,0.1,0.021369745966933203,170.63559965757722,4.679512810060377,46.89512810060377
98,0.15,0.2,0.057322851516364015,119.43771848466172,3.489009962159782,17.64504981079891
98,0.15,0.4,0.20093433229232707,61.04432331504488,1.9907001229539234,5.376750307384809
98,0.3,0.0,0.04005913687005369,0.07374828102609447,0.0,24.96309401882177
98,0.3,0.01,0.039780498187134986,9.60666170531296,0.25137945615859586,25.147945615859584
98,0.3,0.02,0.0397457557746513,19.169807049548442,0.50319838207116,25.179919103558
98,0.3,0.05,0.04110452873122944,45.622556555441456,1.2164109781414953,24.37821956282991
98,0.3,0.1,0.04824035262264622,75.46410579516234,2.072953338095117,20.82953338095117
98,0.3,0.2,0.08068196454611548,84.44763157086611,2.4788687425389324,12.594343712694661
98,0.3,0.4,0.21617886482928125,56.22677868715935,1.8503196430228472,5.025799107557118
98,0.5,0.0,0.11126811823447352,0.06280655475213902,0.0,8.98730036840127
98,0.5,0.01,0.11027164646125533,3.4982847842283853,0.09068514274440952,9.078514274440952
98,0.5,0.02,0.10950758498916396,7.020013039276883,0.18263575077451527,9.151787538725763
98,0.5,0.05,0.10860950950722267,17.375532481363862,0.46036484490959734,9.257296898191948
98,0.5,0.1,0.11175465854518492,32.61968642396742,0.8948172836980014,9.048172836980013
98,0.5,0.2,0.13536352901926865,49.91752134152912,1.4775028506499008,7.587514253249504
98,0.5,0.4,0.25012940557201824,47.477579555662096,1.5991722328098303,4.397930582024576
98,0.75,0.0,0.25034729999222993,0.05899350983313241,0.0,3.994450908921475
98,0.75,0.01,0.24793721575139258,1.6328262137877068,0.04033279138710274,4.043279138710274
98,0.75,0.02,0.24571394188579865,3.267479475846031,0.08139546273404165,4.089773136702082
98,0.75,0.05,0.2401663371866225,8.14345289119738,0.2081890434176345,4.21378086835269
98,0.75,0.1,0.23468017978388275,15.901393878182473,0.42611182628243305,4.36111826282433
98,0.75,0.2,0.23811282038958315,28.256244198047614,0.839937974245882,4.39968987122941
98,0.75,0.4,0.30684012543738226,36.776304842790985,1.3036104695558441,3.65902617388961
98,1.0,0.0,0.44505754291913247,0.05760304392002795,0.0,2.2469004646927226
98,1.0,0.01,0.44057048369202856,1.0292232705375182,0.022697843750672794,2.2797843750672793
98,1.0,0.02,0.4360129663439003,2.04015692360187,0.045870195484565536,2.313509774228277
98,1.0,0.05,0.42201530159617673,5.056750350811531,0.11847911630428185,2.4195823260856364
98,1.0,0.1,0.3987100246380851,9.938064951415624,0.2508088430702776,2.608088430702776
98,1.0,0.2,0.36159692260877796,18.55120473656829,0.5531020522992275,2.9655102614961373
98,1.0,0.4,0.362828437507461,28.649403104962555,1.1024494186505835,3.1561235466264588
98,1.5,0.0,0.5875558398952571,0.0565905055516526,0.0,1.701965893451538
98,1.5,0.01,0.5816662915398625,0.6814244439812427,0.017191988164771767,1.7291988164771768
98,1.5,0.02,0.5757495208808527,1.3212742181208714,0.03473732808218673,1.7568664041093365
98,1.5,0.05,0.5578666345046845,3.2270473508516737,0.08962715621878645,1.8425431243757289
98,1.5,0.1,0.5280277946015344,6.31854342503463,0.18938396997730586,1.9938396997730585
98,1.5,0.2,0.4734448347984449,11.951446240634706,0.4224356995786934,2.312178497893467
98,1.5,0.4,0.4262757003060248,19.974230783859557,0.9383598448441669,2.745899612110417
99,0.08,0.0,0.002869016878715788,0.8270580195546424,0.0,348.551452387277
99,0.08,0.01,0.0029603016826695223,125.8622074484996,3.378034089749347,337.8134089749347
99,0.08,0.02,0.0032915286232249067,225.97924965174386,6.076204186371258,303.8302093185629
99,0.08,0.05,0.005724538309609563,320.4318305482933,8.734328830687868,174.73657661375736
99,0.08,0.1,0.014572619231977613,244.98103407539003,6.86218437524009,68.72184375240089
99,0.08,0.2,0.050158758543824476,133.8262658149161,3.9873395156950893,20.136697578475445
99,0.08,0.4,0.1910349044744006,63.459170047730005,2.093858193614045,5.6346454840351115
99,0.15,0.0,0.010079624549185328,0.4419109233425984,0.0,99.2100444932568
99,0.15,0.01,0.010098177873324165,36.66197087456501,0.9902776644899952,99.03776644899952
99,0.15,0.02,0.01035542239501705,71.56402520266265,1.9313553071117453,96.58776535558727
99,0.15,0.05,0.012558973703563979,145.71375133710174,3.981217030959387,79.67434061918773
99,0.15,0.1,0.020999508833931795,169.6106396734951,4.76201614003544,47.7201614003544
99,0.15,0.2,0.05567509734536095,120.21480682176343,3.5922703243672864,18.16135162183643
99,0.15,0.4,0.19433402342308798,62.133499279196,2.0583117302581293,5.545779325645323
99,0.3,0.0,0.04031308145212933,0.22171461799040143,0.0,24.80584376035537
99,0.3,0.01,0.040026931225432126,9.135980908010229,0.24983179309150352,24.993179309150353
99,0.3,0.02,0.039974733795595345,18.41535877489767,0.5003160271752384,25.03580135876192
99,0.3,0.05,0.04122151082734228,44.19845416252041,1.2129589380997394,24.309178761994787
99,0.3,0.1,0.047972340011506694,73.84150585488734,2.084534545865678,20.94534545865678
99,0.3,0.2,0.0789079909677704,84.08371204892829,2.5345975426201015,12.872987713100505
99,0.3,0.4,0.20862180985810155,57.08790012227378,1.9173450765865194,5.193362691466299
99,0.5,0.0,0.1119804431601653,0.13399575152459944,0.0,8.9301307601516
99,0.5,0.01,0.11097060718307428,3.272049414117035,0.09011395227839435,9.021395227839434
99,0.5,0.02,0.11018070130387993,6.681717282849796,0.1815199918254261,9.095999591271305
99,0.5,0.05,0.1091302821353581,16.72033913845188,0.4581679715441701,9.213359430883402
99,0.5,0.1,0.1117731816045876,31.60693829659721,0.8946689945157258,9.046689945157256
99,0.5,0.2,0.13346447511080822,49.06261961809844,1.4985261046728053,7.692630523364026
99,0.5,0.4,0.2411269364058372,47.916216025395165,1.6588772949313546,4.547193237328387
99,0.75,0.0,0.25195835467681665,0.09056238978700328,0.0,3.9689098671988297
99,0.75,0.01,0.2495211673979317,1.4983625738098347,0.040076760237548054,4.017676023754805
99,0.75,0.02,0.24724883231334907,3.0880883947305953,0.08089016968400943,4.064508484200471
99,0.75,0.05,0.24142339486504866,7.826965155930169,0.20710503233520142,4.192100646704028
99,0.75,0.1,0.235053922216115,15.379897792365117,0.42543429634012775,4.354342963401277
99,0.75,0.2,0.23536931600681532,27.58454918528419,0.8497284327163904,4.448642163581952
99,0.75,0.4,0.2948673116423555,36.82729821223027,1.356542363994419,3.791355909986047
99,1.0,0.0,0.447929276617475,0.069192038538255,0.0,2.2324952893266348
99,1.0,0.01,0.44332077715584084,0.9327061397070816,0.022557029842264067,2.2657029842264063
99,1.0,0.02,0.4384626508247012,1.9303595401223783,0.045613919366637376,2.3006959683318686
99,1.0,0.05,0.4227068856706245,4.90271061537127,0.11828527448914158,2.415705489782831
99,1.0,0.1,0.39534691506410674,9.707462221226308,0.2529424062504312,2.629424062504312
99,1.0,0.2,0.3519227874409081,18.22038102401558,0.5683064784021191,3.0415323920105957
99,1.0,0.4,0.34558694825876723,28.592438153332875,1.1574511190755086,3.2936277976887713
99,1.5,0.0,0.5393005530226727,0.04846470105123907,0.0,1.85425361497443
99,1.5,0.01,0.533910736326544,0.6164859348231908,0.018729722628922606,1.8829722628922605
99,1.5,0.02,0.528527771496392,1.2722594455216556,0.03784096329200467,1.9120481646002334
99,1.5,0.05,0.5124393442814206,3.224914878019385,0.09757252357371897,2.0014504714743793
99,1.5,0.1,0.48608909219912405,6.3921891878167125,0.2057236041804359,2.157236041804359
99,1.5,0.2,0.4387301235099557,12.150957912504525,0.4558611075071566,2.479305537535783
99,1.5,0.4,0.39887728719932697,20.204746198559384,1.0028146822010249,2.907036705502562
