rep_id,city,N,method,ate,bias,se,coverage,lambda_min,lambda_param
0,Delhi,5349,Oracle DML,1.096997859661819,0.009224444070119686,0.01627786250511538,1.0,0.38309332101894417,0.0
0,Delhi,5349,Standard DML,7.135138280222998,6.047364864631299,0.08214585384222607,0.0,2.9542300637695758,0.0
0,Delhi,5349,Block DML,7.681509125004402,6.5937357094127025,0.07017070112163439,0.0,3.6399588840709396,0.0
0,Delhi,5349,DML + Z Controls (GBM),3.794622871649791,2.706849456058092,0.14530752548013617,0.0,1.6381506864353743,0.0
0,Delhi,5349,Spectral OR-DML (Fixed),7.48019643215903,6.392423016567331,0.0691793906724969,0.0,4.996861413819609e-05,0.05
0,Delhi,5349,Adaptive Spectral OR-DML,6.0497175373409835,4.961944121749284,0.09314737714039083,0.0,4.996861413819609e-05,0.4999953910749918
0,Delhi,5349,Regime FE DML (Hard),7.669517787045878,6.581744371454179,0.07014593903433634,0.0,1.6455231741151267e-05,0.0
0,Delhi,5349,Decoupled Soft OR-DML,7.676967610134282,6.589194194542583,0.07013911370558006,0.0,0.8944988009240552,0.05
0,Delhi,5349,"HMM(Z, T) OR-DML",2.1266427869250184,1.038869371333319,0.12563516569359465,0.0,0.37618699781012666,0.05
1,Delhi,5349,Oracle DML,1.0845113188662725,-0.0032620967254268773,0.015162760067302584,1.0,0.4039651819089018,0.0
1,Delhi,5349,Standard DML,7.029181978484895,5.941408562893196,0.07929693362588482,0.0,3.0096284092770014,0.0
1,Delhi,5349,Block DML,7.58486965252028,6.497096236928581,0.06914872998566328,0.0,3.675246585026564,0.0
1,Delhi,5349,DML + Z Controls (GBM),3.7553369283936955,2.667563512801996,0.14566485521013975,0.0,1.6520351134166391,0.0
1,Delhi,5349,Spectral OR-DML (Fixed),4.827648370035394,3.739874954443695,0.11001740366630718,0.0,0.4819977611261796,0.05
1,Delhi,5349,Adaptive Spectral OR-DML,5.203489850229017,4.115716434637318,0.12492342340863404,0.0,0.4819977611261796,4.469534883430863e-06
1,Delhi,5349,Regime FE DML (Hard),1.1856201498339558,0.09784673424225643,0.0502413659552217,1.0,0.4202637628071822,0.0
1,Delhi,5349,Decoupled Soft OR-DML,4.25582514751561,3.168051731923911,0.09873794648809169,0.0,0.695781579913914,0.05
1,Delhi,5349,"HMM(Z, T) OR-DML",2.127162880316274,1.0393894647245745,0.09563817543370758,0.0,0.4028628717643817,0.05
2,Delhi,5349,Oracle DML,1.0818385075726216,-0.005934908019077811,0.01626513503899114,1.0,0.38441900720771127,0.0
2,Delhi,5349,Standard DML,7.102803246695477,6.015029831103778,0.08409611577566915,0.0,2.976548205917987,0.0
2,Delhi,5349,Block DML,7.587830120719912,6.5000567051282125,0.06965433962938565,0.0,3.7507128762025985,0.0
2,Delhi,5349,DML + Z Controls (GBM),3.724859850002374,2.6370864344106746,0.15007609407521727,0.0,1.6529706070726498,0.0
2,Delhi,5349,Spectral OR-DML (Fixed),4.963086985809479,3.87531357021778,0.11188261074113169,0.0,0.45504855757135215,0.05
2,Delhi,5349,Adaptive Spectral OR-DML,5.36892296561915,4.281149550027451,0.128353485961511,0.0,0.45504855757135215,4.469534883430863e-06
2,Delhi,5349,Regime FE DML (Hard),1.1510777013986846,0.06330428580698522,0.041902077127169625,1.0,0.3926185108725297,0.0
2,Delhi,5349,Decoupled Soft OR-DML,4.349423746211844,3.261650330620145,0.09989876570922765,0.0,0.6628031679495282,0.05
2,Delhi,5349,"HMM(Z, T) OR-DML",2.243937144314886,1.1561637287231867,0.1389251357806452,0.0,0.3782624646194414,0.05
3,Delhi,5349,Oracle DML,1.0697935742143276,-0.01797984137737174,0.01691462949041549,1.0,0.37197658169604975,0.0
3,Delhi,5349,Standard DML,7.140349092312176,6.052575676720477,0.08177511659587772,0.0,2.9243498811452135,0.0
3,Delhi,5349,Block DML,7.67552017147266,6.587746755880961,0.06936061046689737,0.0,3.636295913434866,0.0
3,Delhi,5349,DML + Z Controls (GBM),3.694920709305724,2.607147293714025,0.1452284504852324,0.0,1.6406522179098024,0.0
3,Delhi,5349,Spectral OR-DML (Fixed),4.939914322059342,3.8521409064676426,0.11456565754073755,0.0,0.4510961121574811,0.05
3,Delhi,5349,Adaptive Spectral OR-DML,5.35177345494153,4.264000039349831,0.131434496449396,0.0,0.4510961121574811,4.469534883430863e-06
3,Delhi,5349,Regime FE DML (Hard),1.1212395185000024,0.033466102908302986,0.039173441317625186,1.0,0.3778073449314474,0.0
3,Delhi,5349,Decoupled Soft OR-DML,4.333584376428391,3.2458109608366916,0.10250087202564372,0.0,0.6537724637866789,0.05
3,Delhi,5349,"HMM(Z, T) OR-DML",2.1864868314666133,1.098713415874914,0.10962190625652589,0.0,0.3718573325289681,0.05
4,Delhi,5349,Oracle DML,1.091492824517468,0.003719408925768608,0.016876468026644505,1.0,0.38727101078326914,0.0
4,Delhi,5349,Standard DML,7.163494036317854,6.0757206207261545,0.08119138302608624,0.0,2.899941964743079,0.0
4,Delhi,5349,Block DML,7.6858311622988,6.5980577467071,0.06949071978577862,0.0,3.5970837129118665,0.0
4,Delhi,5349,DML + Z Controls (GBM),3.81425423093968,2.7264808153479807,0.14349205599759499,0.0,1.5303735501052622,0.0
4,Delhi,5349,Spectral OR-DML (Fixed),4.94174409625088,3.853970680659181,0.11274419716058187,0.0,0.4579593365530513,0.05
4,Delhi,5349,Adaptive Spectral OR-DML,5.348150051080486,4.260376635488787,0.1283782778487457,0.0,0.4579593365530513,4.469534883430863e-06
4,Delhi,5349,Regime FE DML (Hard),1.1625238118237824,0.07475039623208302,0.043487448604004324,1.0,0.39558663019233375,0.0
4,Delhi,5349,Decoupled Soft OR-DML,4.366086370499165,3.2783129549074657,0.10147253552556268,0.0,0.652898299383458,0.05
4,Delhi,5349,"HMM(Z, T) OR-DML",2.240053997877141,1.1522805822854416,0.1120538034511699,0.0,0.3892457304257752,0.05
5,Delhi,5349,Oracle DML,1.0818509642341916,-0.005922451357507796,0.016384050273656175,1.0,0.3824027786222742,0.0
5,Delhi,5349,Standard DML,7.134162670295584,6.046389254703885,0.08261947156874455,0.0,2.881246780852508,0.0
5,Delhi,5349,Block DML,7.694699615142546,6.606926199550847,0.07105381753995613,0.0,3.5340529687511193,0.0
5,Delhi,5349,DML + Z Controls (GBM),3.7233394297354514,2.635566014143752,0.14611966519572975,0.0,1.569895646316298,0.0
5,Delhi,5349,Spectral OR-DML (Fixed),4.844609409501211,3.7568359939095117,0.108044392135682,0.0,0.45997240030914993,0.05
5,Delhi,5349,Adaptive Spectral OR-DML,5.240052957549791,4.152279541958092,0.12353598040077292,0.0,0.45997240030914993,4.469534883430863e-06
5,Delhi,5349,Regime FE DML (Hard),1.1421444082404995,0.054370992648800076,0.044007556384981744,1.0,0.3927537279131105,0.0
5,Delhi,5349,Decoupled Soft OR-DML,4.284451187299142,3.196677771707443,0.09774029356238668,0.0,0.661238918343231,0.05
5,Delhi,5349,"HMM(Z, T) OR-DML",2.1956811370965688,1.1079077215048694,0.11368003558516686,0.0,0.37799424197904774,0.05
6,Delhi,5349,Oracle DML,1.1241215750689433,0.0363481594772439,0.017158843857626577,0.0,0.405205254125875,0.0
6,Delhi,5349,Standard DML,7.077377999642043,5.989604584050344,0.07860166396279851,0.0,2.990569203521575,0.0
6,Delhi,5349,Block DML,7.59459706492193,6.506823649330231,0.06799480480546162,0.0,3.7175120003645694,0.0
6,Delhi,5349,DML + Z Controls (GBM),3.6142829172986293,2.52650950170693,0.1470959022457916,0.0,1.599096695201732,0.0
6,Delhi,5349,Spectral OR-DML (Fixed),4.83373229235285,3.7459588767611507,0.11129508872053001,0.0,0.4824914940331697,0.05
6,Delhi,5349,Adaptive Spectral OR-DML,5.211128789197318,4.1233553736056185,0.12609704656868684,0.0,0.4824914940331697,4.469534883430863e-06
6,Delhi,5349,Regime FE DML (Hard),1.2237387883416377,0.13596537274993836,0.04460334404879336,0.0,0.4165124724256482,0.0
6,Delhi,5349,Decoupled Soft OR-DML,4.273921079993275,3.1861476644015756,0.1005632451900985,0.0,0.6970015908207354,0.05
6,Delhi,5349,"HMM(Z, T) OR-DML",2.1878372846952407,1.1000638691035414,0.10083837598542132,0.0,0.4025369830609211,0.05
7,Delhi,5349,Oracle DML,1.063891310571585,-0.02388210502011434,0.01666814337063692,1.0,0.40921317279101804,0.0
7,Delhi,5349,Standard DML,7.053548685773403,5.9657752701817035,0.08239558155989311,0.0,3.0091658331871405,0.0
7,Delhi,5349,Block DML,7.554304994621034,6.4665315790293345,0.06872700243807157,0.0,3.771132607914835,0.0
7,Delhi,5349,DML + Z Controls (GBM),3.686242429298876,2.5984690137071764,0.14384043334463015,0.0,1.6282975845308127,0.0
7,Delhi,5349,Spectral OR-DML (Fixed),4.829346713532027,3.7415732979403282,0.1112798302539061,0.0,0.4892798731676973,0.05
7,Delhi,5349,Adaptive Spectral OR-DML,5.204589045770565,4.116815630178865,0.1262071875092655,0.0,0.4892798731676973,4.469534883430863e-06
7,Delhi,5349,Regime FE DML (Hard),1.1342326789271437,0.04645926333544437,0.044023909242911136,1.0,0.41812381077681776,0.0
7,Delhi,5349,Decoupled Soft OR-DML,4.262739826646888,3.1749664110551885,0.09961714410978022,0.0,0.7021053585583363,0.05
7,Delhi,5349,"HMM(Z, T) OR-DML",2.1158830622344245,1.028109646642725,0.11531228152011982,0.0,0.40191308260215947,0.05
8,Delhi,5349,Oracle DML,1.0975786107710677,0.009805195179368287,0.016795549951766537,1.0,0.39185461891723516,0.0
8,Delhi,5349,Standard DML,7.056733463076477,5.968960047484778,0.08272745305225465,0.0,2.955274657039449,0.0
8,Delhi,5349,Block DML,7.577799430044478,6.490026014452779,0.07115455347915835,0.0,3.6689007107718488,0.0
8,Delhi,5349,DML + Z Controls (GBM),3.6647696817821602,2.576996266190461,0.14269223463909209,0.0,1.6769682433573732,0.0
8,Delhi,5349,Spectral OR-DML (Fixed),4.812196840973477,3.7244234253817776,0.10802983787953897,0.0,0.4668529433571214,0.05
8,Delhi,5349,Adaptive Spectral OR-DML,5.198230106208607,4.110456690616908,0.12298839636043278,0.0,0.4668529433571214,4.469534883430863e-06
8,Delhi,5349,Regime FE DML (Hard),1.3225800987299212,0.23480668313822184,0.07363017739517314,0.0,0.4191414217948496,0.0
8,Delhi,5349,Decoupled Soft OR-DML,4.250988549330733,3.163215133739034,0.09777018817825346,0.0,0.6707140450110067,0.05
8,Delhi,5349,"HMM(Z, T) OR-DML",2.0578118284754994,0.9700384128838,0.07070072360497158,0.0,0.38903119205518605,0.05
9,Delhi,5349,Oracle DML,1.0900447181796884,0.0022713025879890214,0.016108814817616824,1.0,0.40687769988989836,0.0
9,Delhi,5349,Standard DML,7.078267581410156,5.990494165818457,0.08017306005145972,0.0,2.936358415795404,0.0
9,Delhi,5349,Block DML,7.620443044917544,6.532669629325845,0.0675633668866257,0.0,3.6550887688368676,0.0
9,Delhi,5349,DML + Z Controls (GBM),3.68491676537016,2.5971433497784604,0.14651277877743152,0.0,1.653425668364723,0.0
9,Delhi,5349,Spectral OR-DML (Fixed),4.778233953944918,3.6904605383532187,0.11141002135625329,0.0,0.4851072563058277,0.05
9,Delhi,5349,Adaptive Spectral OR-DML,5.152074558289472,4.064301142697773,0.1257568186195472,0.0,0.4851072563058277,4.469534883430863e-06
9,Delhi,5349,Regime FE DML (Hard),1.1233313531089937,0.0355579375172943,0.02843256782857636,1.0,0.40987102303648354,0.0
9,Delhi,5349,Decoupled Soft OR-DML,4.253995012700756,3.1662215971090566,0.10061509007389184,0.0,0.6878054108217753,0.05
9,Delhi,5349,"HMM(Z, T) OR-DML",2.0537737539064542,0.9660003383147548,0.0964690280102447,0.0,0.40546430762193314,0.05
10,Delhi,5349,Oracle DML,1.1178666357725007,0.030093220180801294,0.0163224298901093,1.0,0.38361123022337595,0.0
10,Delhi,5349,Standard DML,7.097100755480412,6.009327339888713,0.08229434620472706,0.0,3.0010143308337156,0.0
10,Delhi,5349,Block DML,7.606045022496367,6.518271606904668,0.06910802098420116,0.0,3.746274920998197,0.0
10,Delhi,5349,DML + Z Controls (GBM),3.720187149124825,2.6324137335331255,0.14709606861729063,0.0,1.655959239343075,0.0
10,Delhi,5349,Spectral OR-DML (Fixed),4.980183015727459,3.8924096001357595,0.10617113337946972,0.0,0.45336979419963613,0.05
10,Delhi,5349,Adaptive Spectral OR-DML,5.379413343301147,4.291639927709448,0.12169813527905293,0.0,0.45336979419963613,4.469534883430863e-06
10,Delhi,5349,Regime FE DML (Hard),1.181698230549819,0.09392481495811955,0.040078697312457244,0.0,0.38998125848689513,0.0
10,Delhi,5349,Decoupled Soft OR-DML,4.3772079479236075,3.2894345323319083,0.09682838896857146,0.0,0.6700867569613943,0.05
10,Delhi,5349,"HMM(Z, T) OR-DML",2.150518582149304,1.0627451665576044,0.08603281285189653,0.0,0.3746611934740606,0.05
11,Delhi,5349,Oracle DML,1.0713823211060858,-0.0163910944856136,0.01606078039053602,1.0,0.3856691687626559,0.0
11,Delhi,5349,Standard DML,7.110129309324186,6.022355893732487,0.08222679831059083,0.0,2.975835891843131,0.0
11,Delhi,5349,Block DML,7.644668807423708,6.5568953918320085,0.069172800366009,0.0,3.6739518888569593,0.0
11,Delhi,5349,DML + Z Controls (GBM),3.782340957198909,2.69456754160721,0.1488556594904843,0.0,1.5800095557989278,0.0
11,Delhi,5349,Spectral OR-DML (Fixed),4.959286391919968,3.871512976328269,0.1136014074076648,0.0,0.45871895399270884,0.05
11,Delhi,5349,Adaptive Spectral OR-DML,5.361357127804619,4.27358371221292,0.1297545957360328,0.0,0.45871895399270884,4.469534883430863e-06
11,Delhi,5349,Regime FE DML (Hard),1.1266125916555565,0.03883917606385712,0.04109986392299836,1.0,0.3934646763846283,0.0
11,Delhi,5349,Decoupled Soft OR-DML,4.351390040001407,3.263616624409708,0.10128301465543467,0.0,0.6661463033281304,0.05
11,Delhi,5349,"HMM(Z, T) OR-DML",2.1849276072742594,1.09715419168256,0.11497260912568558,0.0,0.38221271444199756,0.05
12,Delhi,5349,Oracle DML,1.0997220037616782,0.011948588169978791,0.017030906576308336,1.0,0.3927198291548549,0.0
12,Delhi,5349,Standard DML,7.171973342371028,6.084199926779329,0.08155305268505293,0.0,2.875189045983872,0.0
12,Delhi,5349,Block DML,7.723030092651138,6.635256677059439,0.06938888868158377,0.0,3.5418801202592176,0.0
12,Delhi,5349,DML + Z Controls (GBM),3.8077177030782017,2.719944287486502,0.13763444829680718,0.0,1.5792920818012661,0.0
12,Delhi,5349,Spectral OR-DML (Fixed),4.892371824821121,3.8045984092294223,0.11100913538298152,0.0,0.46219315309927395,0.05
12,Delhi,5349,Adaptive Spectral OR-DML,5.29658647469075,4.208813059099051,0.1268853242140388,0.0,0.46219315309927395,4.469534883430863e-06
12,Delhi,5349,Regime FE DML (Hard),1.2216886797014344,0.13391526410973498,0.05464372498618115,0.0,0.4102628124108837,0.0
12,Delhi,5349,Decoupled Soft OR-DML,4.317424241478513,3.2296508258868135,0.09962187411200452,0.0,0.6621519746871213,0.05
12,Delhi,5349,"HMM(Z, T) OR-DML",2.240537326275738,1.1527639106840388,0.11846632989819705,0.0,0.38716794161603185,0.05
13,Delhi,5349,Oracle DML,1.0734998804417346,-0.014273535149964767,0.01686179107125574,1.0,0.4035920147022676,0.0
13,Delhi,5349,Standard DML,7.121424305961472,6.033650890369773,0.0804296133795271,0.0,2.9443468296354216,0.0
13,Delhi,5349,Block DML,7.701154388472859,6.61338097288116,0.06775720331770185,0.0,3.5890225779661917,0.0
13,Delhi,5349,DML + Z Controls (GBM),3.764064323226974,2.6762909076352743,0.15081829323470206,0.0,1.607571146418956,0.0
13,Delhi,5349,Spectral OR-DML (Fixed),4.870994105074979,3.7832206894832803,0.11465958740865193,0.0,0.4723010195873182,0.05
13,Delhi,5349,Adaptive Spectral OR-DML,5.2611517558243195,4.17337834023262,0.12904385713309005,0.0,0.4723010195873182,4.469534883430863e-06
13,Delhi,5349,Regime FE DML (Hard),1.1431954236057744,0.05542200801407504,0.04207654083918294,1.0,0.41121063387331686,0.0
13,Delhi,5349,Decoupled Soft OR-DML,4.308096669187638,3.2203232535959385,0.10382185670329387,0.0,0.678368041757901,0.05
13,Delhi,5349,"HMM(Z, T) OR-DML",1.9817375463530587,0.8939641307613593,0.0829869727108668,0.0,0.3991690012625757,0.05
14,Delhi,5349,Oracle DML,1.0992648818180577,0.011491466226358327,0.016105167544972786,1.0,0.3911744317972026,0.0
14,Delhi,5349,Standard DML,7.042310850695213,5.954537435103513,0.08780731017085165,0.0,2.955198966821572,0.0
14,Delhi,5349,Block DML,7.564868535344112,6.477095119752413,0.07406415863272718,0.0,3.680977099712037,0.0
14,Delhi,5349,DML + Z Controls (GBM),3.651021358585135,2.563247942993436,0.1501418203812566,0.0,1.6253124381477895,0.0
14,Delhi,5349,Spectral OR-DML (Fixed),4.7944510805170415,3.7066776649253423,0.11240034916293677,0.0,0.4601699159059179,0.05
14,Delhi,5349,Adaptive Spectral OR-DML,5.175733051656136,4.087959636064437,0.12712497793497413,0.0,0.4601699159059179,4.469534883430863e-06
14,Delhi,5349,Regime FE DML (Hard),1.2061918654049772,0.11841844981327787,0.04972759225141874,0.0,0.40337833597577066,0.0
14,Delhi,5349,Decoupled Soft OR-DML,4.26520415378973,3.177430738198031,0.10195966300549919,0.0,0.6651281304389344,0.05
14,Delhi,5349,"HMM(Z, T) OR-DML",2.1395511385877217,1.0517777229960223,0.09385997786212835,0.0,0.383253760160646,0.05
15,Delhi,5349,Oracle DML,1.1133823491314487,0.025608933539749357,0.016328249450326973,1.0,0.3807002652103796,0.0
15,Delhi,5349,Standard DML,7.183010536775628,6.095237121183929,0.08505568594381092,0.0,2.872791988423124,0.0
15,Delhi,5349,Block DML,7.732945271470863,6.6451718558791635,0.0728002766586928,0.0,3.543264462819146,0.0
15,Delhi,5349,DML + Z Controls (GBM),3.9498902632310364,2.862116847639337,0.15020033918942974,0.0,1.5595570326171004,0.0
15,Delhi,5349,Spectral OR-DML (Fixed),4.885488661890344,3.7977152462986448,0.11086390398970096,0.0,0.458709656973489,0.05
15,Delhi,5349,Adaptive Spectral OR-DML,5.285038379298433,4.197264963706734,0.12627348618934867,0.0,0.458709656973489,4.469534883430863e-06
15,Delhi,5349,Regime FE DML (Hard),1.2922765807464032,0.2045031651547038,0.0687531812196613,0.0,0.4032224043534546,0.0
15,Delhi,5349,Decoupled Soft OR-DML,4.3321588273080405,3.2443854117163413,0.10048803829565954,0.0,0.661939063297233,0.05
15,Delhi,5349,"HMM(Z, T) OR-DML",2.173713607439007,1.0859401918473075,0.12281348413173289,0.0,0.37940291281775285,0.05
16,Delhi,5349,Oracle DML,1.0810234105822518,-0.006750005009447557,0.016719840124633862,1.0,0.4039967504239979,0.0
16,Delhi,5349,Standard DML,7.067383998367587,5.979610582775888,0.08101078208053893,0.0,2.935219570308023,0.0
16,Delhi,5349,Block DML,7.601617071127158,6.513843655535458,0.06906379009379104,0.0,3.641816584780098,0.0
16,Delhi,5349,DML + Z Controls (GBM),3.7241146827550318,2.636341267163332,0.1437253692418982,0.0,1.6495952900248123,0.0
16,Delhi,5349,Spectral OR-DML (Fixed),4.775203779100586,3.687430363508887,0.10747100303660975,0.0,0.46921229299899536,0.05
16,Delhi,5349,Adaptive Spectral OR-DML,5.151826438831126,4.064053023239427,0.12176718559831952,0.0,0.46921229299899536,4.469534883430863e-06
16,Delhi,5349,Regime FE DML (Hard),1.138485322648022,0.05071190705632267,0.04278176606951271,1.0,0.4148936024767651,0.0
16,Delhi,5349,Decoupled Soft OR-DML,4.240762891623563,3.1529894760318635,0.09752139191560753,0.0,0.6747163680101287,0.05
16,Delhi,5349,"HMM(Z, T) OR-DML",1.9812706394793778,0.8934972238876784,0.09083732953924249,0.0,0.39367293100562006,0.05
17,Delhi,5349,Oracle DML,1.0783134036507458,-0.009460011940953583,0.015664865012727295,1.0,0.3853752860701829,0.0
17,Delhi,5349,Standard DML,7.081094266314973,5.993320850723274,0.08285592972329059,0.0,2.9617609758562344,0.0
17,Delhi,5349,Block DML,7.62738490372157,6.539611488129871,0.07223456968416148,0.0,3.6314796159982827,0.0
17,Delhi,5349,DML + Z Controls (GBM),3.7078463418221594,2.62007292623046,0.14329356109192917,0.0,1.6022789011596936,0.0
17,Delhi,5349,Spectral OR-DML (Fixed),4.865847525295573,3.7780741097038737,0.11539985478447666,0.0,0.45879902647241144,0.05
17,Delhi,5349,Adaptive Spectral OR-DML,5.261777938221504,4.174004522629805,0.13162855891147168,0.0,0.45879902647241144,4.469534883430863e-06
17,Delhi,5349,Regime FE DML (Hard),1.115971792102342,0.02819837651064261,0.031020508571211816,1.0,0.3882111048666704,0.0
17,Delhi,5349,Decoupled Soft OR-DML,4.277975307446902,3.190201891855203,0.10295224431637001,0.0,0.6646575459793804,0.05
17,Delhi,5349,"HMM(Z, T) OR-DML",2.0816194763814586,0.9938460607897592,0.1033655588444063,0.0,0.3880644772329251,0.05
18,Delhi,5349,Oracle DML,1.0918622640087574,0.004088848417058033,0.016074931579114576,1.0,0.3918320205790039,0.0
18,Delhi,5349,Standard DML,7.1094499124279995,6.0216764968363,0.08593620145761924,0.0,2.8913929761656236,0.0
18,Delhi,5349,Block DML,7.668185590903379,6.58041217531168,0.07322937610968008,0.0,3.569668895505435,0.0
18,Delhi,5349,DML + Z Controls (GBM),3.739339417042294,2.651566001450594,0.14637164877748296,0.0,1.6044234611597694,0.0
18,Delhi,5349,Spectral OR-DML (Fixed),4.805847433014329,3.71807401742263,0.11208957265398134,0.0,0.4645063312006258,0.05
18,Delhi,5349,Adaptive Spectral OR-DML,5.194468860861474,4.106695445269775,0.12688743408506234,0.0,0.4645063312006258,4.469534883430863e-06
18,Delhi,5349,Regime FE DML (Hard),1.1337246564154304,0.04595124082373103,0.032837419224425735,1.0,0.3961672552654795,0.0
18,Delhi,5349,Decoupled Soft OR-DML,4.268033958881528,3.1802605432898288,0.10189724656402434,0.0,0.6625932862233171,0.05
18,Delhi,5349,"HMM(Z, T) OR-DML",2.1252831845179174,1.037509768926218,0.11293334372161824,0.0,0.38639035419058126,0.05
19,Delhi,5349,Oracle DML,1.091835799256978,0.004062383665278668,0.016898626172440694,1.0,0.38908658522243317,0.0
19,Delhi,5349,Standard DML,7.147466660646824,6.059693245055125,0.07812660533421723,0.0,2.975222905193165,0.0
19,Delhi,5349,Block DML,7.633772523129956,6.545999107538257,0.06645946069252409,0.0,3.737957486111333,0.0
19,Delhi,5349,DML + Z Controls (GBM),3.910689112777164,2.822915697185465,0.15067001236271668,0.0,1.603638417802913,0.0
19,Delhi,5349,Spectral OR-DML (Fixed),5.038966955454821,3.951193539863122,0.10938234269401716,0.0,0.4645151940408507,0.05
19,Delhi,5349,Adaptive Spectral OR-DML,5.452833616048153,4.365060200456454,0.12561079387831464,0.0,0.4645151940408507,4.469534883430863e-06
19,Delhi,5349,Regime FE DML (Hard),1.190939364889608,0.10316594929790868,0.05067112607339062,0.0,0.40292642542667634,0.0
19,Delhi,5349,Decoupled Soft OR-DML,4.398199548035457,3.310426132443758,0.097964449781617,0.0,0.6735212761176244,0.05
19,Delhi,5349,"HMM(Z, T) OR-DML",2.2375626665500956,1.1497892509583962,0.12887404296300634,0.0,0.3861994336423944,0.05
20,Delhi,5349,Oracle DML,1.0444647705591934,-0.04330864503250598,0.01655152042136869,0.0,0.38057851534218623,0.0
20,Delhi,5349,Standard DML,7.182292717803666,6.094519302211967,0.08808752510215394,0.0,2.8481564634394365,0.0
20,Delhi,5349,Block DML,7.699449697130301,6.611676281538601,0.07369969285246962,0.0,3.562370082423087,0.0
20,Delhi,5349,DML + Z Controls (GBM),3.8181328782023063,2.7303594626106067,0.1502547408955099,0.0,1.6250443026084997,0.0
20,Delhi,5349,Spectral OR-DML (Fixed),7.489833951008219,6.40206053541652,0.07432523635764893,0.0,0.0034407518061484454,0.05
20,Delhi,5349,Adaptive Spectral OR-DML,6.013702438335497,4.925929022743798,0.09955611666510092,0.0,0.0034407518061484454,0.49999561014106686
20,Delhi,5349,Regime FE DML (Hard),7.701298520924663,6.613525105332964,0.07351646793541262,0.0,0.021146071482977577,0.0
20,Delhi,5349,Decoupled Soft OR-DML,7.694856094712545,6.607082679120846,0.07364839710809223,0.0,0.892281198430937,0.05
20,Delhi,5349,"HMM(Z, T) OR-DML",7.69919325210086,6.611419836509161,0.0906799902853829,0.0,0.0019513049938643112,0.05
21,Delhi,5349,Oracle DML,1.0793720711715207,-0.008401344420178702,0.01697939038730916,1.0,0.393080862629072,0.0
21,Delhi,5349,Standard DML,7.104381285768154,6.016607870176455,0.08174449310061505,0.0,2.947568278262898,0.0
21,Delhi,5349,Block DML,7.62241073467634,6.5346373190846405,0.0703188849224946,0.0,3.653830139704491,0.0
21,Delhi,5349,DML + Z Controls (GBM),3.6738419623511427,2.586068546759443,0.14755934797676803,0.0,1.6330725753156399,0.0
21,Delhi,5349,Spectral OR-DML (Fixed),4.923989423683891,3.836216008092192,0.10782249924340365,0.0,0.457508122527634,0.05
21,Delhi,5349,Adaptive Spectral OR-DML,5.328125979413114,4.240352563821415,0.12332629569144087,0.0,0.457508122527634,4.469534883430863e-06
21,Delhi,5349,Regime FE DML (Hard),1.1248017634440375,0.037028347852338106,0.03705077024072449,1.0,0.3990897813756848,0.0
21,Delhi,5349,Decoupled Soft OR-DML,4.320321512381485,3.2325480967897855,0.09749143883508622,0.0,0.6615545753988238,0.05
21,Delhi,5349,"HMM(Z, T) OR-DML",2.1027849533675163,1.0150115377758169,0.09571419597181563,0.0,0.3893811663530217,0.05
22,Delhi,5349,Oracle DML,1.0917375634337567,0.003964147842057342,0.016628232961101785,1.0,0.38307609542002685,0.0
22,Delhi,5349,Standard DML,7.098872892896029,6.01109947730433,0.08207390615858524,0.0,2.982976455632359,0.0
22,Delhi,5349,Block DML,7.6136744700845425,6.525901054492843,0.06934633094663878,0.0,3.7020199655574633,0.0
22,Delhi,5349,DML + Z Controls (GBM),3.7602968699750834,2.6725234543833842,0.14587544412941872,0.0,1.5981541424105792,0.0
22,Delhi,5349,Spectral OR-DML (Fixed),7.41686414788215,6.329090732290451,0.06860224388160555,0.0,2.9376290302862706e-05,0.05
22,Delhi,5349,Adaptive Spectral OR-DML,6.012494010128906,4.924720594537207,0.0926937983946923,0.0,2.9376290302862706e-05,0.49999538122937476
22,Delhi,5349,Regime FE DML (Hard),7.611175086545446,6.523401670953747,0.06934414275768158,0.0,0.0003088407901214026,0.0
22,Delhi,5349,Decoupled Soft OR-DML,7.609173958357678,6.521400542765979,0.0693090093816494,0.0,0.9137809873751807,0.05
22,Delhi,5349,"HMM(Z, T) OR-DML",2.186085703468769,1.0983122878770695,0.11078958869217154,0.0,0.3798049481648382,0.05
23,Delhi,5349,Oracle DML,1.0726462359647388,-0.01512717962696053,0.01650063870151695,1.0,0.39161167086612486,0.0
23,Delhi,5349,Standard DML,7.060928740047819,5.97315532445612,0.08438689889030192,0.0,2.960182407095857,0.0
23,Delhi,5349,Block DML,7.607121858622366,6.519348443030667,0.06909215674754983,0.0,3.640454069567494,0.0
23,Delhi,5349,DML + Z Controls (GBM),3.6902847074050684,2.602511291813369,0.14502406503534984,0.0,1.6789108459748159,0.0
23,Delhi,5349,Spectral OR-DML (Fixed),4.836296245995316,3.7485228304036164,0.11246612455411012,0.0,0.4662588170530023,0.05
23,Delhi,5349,Adaptive Spectral OR-DML,5.224787682827158,4.137014267235459,0.1280938178565266,0.0,0.4662588170530023,4.469534883430863e-06
23,Delhi,5349,Regime FE DML (Hard),1.1217128558863871,0.03393944029468776,0.038166963837766056,1.0,0.39789227611354416,0.0
23,Delhi,5349,Decoupled Soft OR-DML,4.263358944388765,3.1755855287970656,0.10059796962828232,0.0,0.675620553477842,0.05
23,Delhi,5349,"HMM(Z, T) OR-DML",2.1551452872245975,1.0673718716328982,0.11740723561019588,0.0,0.3822484545256517,0.05
24,Delhi,5349,Oracle DML,1.0844562833399713,-0.0033171322517280277,0.016613471272607393,1.0,0.3857061520670638,0.0
24,Delhi,5349,Standard DML,7.078075764990406,5.990302349398707,0.08354162105845943,0.0,2.932151852054477,0.0
24,Delhi,5349,Block DML,7.594442076594983,6.506668661003284,0.07205291742257253,0.0,3.6572067749560193,0.0
24,Delhi,5349,DML + Z Controls (GBM),3.655539100914178,2.5677656853224784,0.14233240035438052,0.0,1.611635496258615,0.0
24,Delhi,5349,Spectral OR-DML (Fixed),4.86433768474935,3.7765642691576504,0.11247557928270734,0.0,0.4636460395709219,0.05
24,Delhi,5349,Adaptive Spectral OR-DML,5.2579137508141605,4.170140335222461,0.12838923213932713,0.0,0.4636460395709219,4.469534883430863e-06
24,Delhi,5349,Regime FE DML (Hard),1.1433599837040522,0.05558656811235285,0.037067453374160564,1.0,0.39073497881779934,0.0
24,Delhi,5349,Decoupled Soft OR-DML,4.288914697046282,3.201141281454583,0.10031883454911743,0.0,0.6654726912580154,0.05
24,Delhi,5349,"HMM(Z, T) OR-DML",2.144747761579314,1.0569743459876146,0.10636372397614359,0.0,0.38378285809359064,0.05
25,Delhi,5349,Oracle DML,1.0807591974563693,-0.007014218135330097,0.01599924582062205,1.0,0.3846453416890584,0.0
25,Delhi,5349,Standard DML,7.080475080799449,5.99270166520775,0.08320938574129187,0.0,2.9527918066689676,0.0
25,Delhi,5349,Block DML,7.609567060401247,6.521793644809548,0.07171355219356067,0.0,3.659296718729498,0.0
25,Delhi,5349,DML + Z Controls (GBM),3.6344725810227354,2.5466991654310362,0.13987666683775551,0.0,1.6617139243510346,0.0
25,Delhi,5349,Spectral OR-DML (Fixed),4.849506853277593,3.761733437685894,0.10935481927098613,0.0,0.46227239861032254,0.05
25,Delhi,5349,Adaptive Spectral OR-DML,5.244158119851743,4.156384704260044,0.12564981665603164,0.0,0.46227239861032254,4.469534883430863e-06
25,Delhi,5349,Regime FE DML (Hard),1.1919385315398698,0.10416511594817046,0.05455771329316637,1.0,0.40239498138519936,0.0
25,Delhi,5349,Decoupled Soft OR-DML,4.256972898166695,3.169199482574996,0.09811347584978919,0.0,0.6711707666733017,0.05
25,Delhi,5349,"HMM(Z, T) OR-DML",2.135375176787356,1.0476017611956567,0.12119852715205462,0.0,0.3756910624553013,0.05
26,Delhi,5349,Oracle DML,1.0593868258656225,-0.028386589726076883,0.01638689689814029,1.0,0.4053207753342131,0.0
26,Delhi,5349,Standard DML,7.088640970877358,6.000867555285659,0.0822349476067075,0.0,2.9454622210950054,0.0
26,Delhi,5349,Block DML,7.620587637022297,6.5328142214305975,0.06764175961519547,0.0,3.648662244034101,0.0
26,Delhi,5349,DML + Z Controls (GBM),3.692616194876328,2.6048427792846285,0.15356747975304594,0.0,1.6291078948403628,0.0
26,Delhi,5349,Spectral OR-DML (Fixed),4.860020168605167,3.7722467530134676,0.1135896903241959,0.0,0.47585689425914096,0.05
26,Delhi,5349,Adaptive Spectral OR-DML,5.249498386263067,4.161724970671368,0.12893967419435026,0.0,0.47585689425914096,4.469534883430863e-06
26,Delhi,5349,Regime FE DML (Hard),1.111994736664715,0.024221321073015556,0.03928380696435044,1.0,0.4135938717815775,0.0
26,Delhi,5349,Decoupled Soft OR-DML,4.285162161616104,3.197388746024405,0.10143877275318063,0.0,0.6778464824602748,0.05
26,Delhi,5349,"HMM(Z, T) OR-DML",2.214071420569601,1.1262980049779017,0.11921533257851259,0.0,0.40156519158851683,0.05
27,Delhi,5349,Oracle DML,1.0854780032958071,-0.002295412295892252,0.015866688200653546,1.0,0.40800497588375517,0.0
27,Delhi,5349,Standard DML,7.05387379990173,5.966100384310031,0.0823103237594026,0.0,2.9877798557421777,0.0
27,Delhi,5349,Block DML,7.569907024800461,6.482133609208762,0.06972421331723438,0.0,3.7104957300891823,0.0
27,Delhi,5349,DML + Z Controls (GBM),3.6709859437165346,2.583212528124835,0.14504902347016174,0.0,1.6793557074463685,0.0
27,Delhi,5349,Spectral OR-DML (Fixed),4.825911287587262,3.738137871995563,0.11045128735140605,0.0,0.48841002695044683,0.05
27,Delhi,5349,Adaptive Spectral OR-DML,5.201679176862361,4.1139057612706615,0.12555744384756642,0.0,0.48841002695044683,4.469534883430863e-06
27,Delhi,5349,Regime FE DML (Hard),1.2743102657079732,0.18653685011627386,0.07098201505348486,0.0,0.4357100512498777,0.0
27,Delhi,5349,Decoupled Soft OR-DML,4.2716872131459205,3.1839137975542213,0.09839049830481578,0.0,0.6915258175662413,0.05
27,Delhi,5349,"HMM(Z, T) OR-DML",2.055458876632584,0.9676854610408847,0.09012428815052559,0.0,0.41351412877215743,0.05
28,Delhi,5349,Oracle DML,1.0726831278190931,-0.015090287772606237,0.01661544555902538,1.0,0.3909414650875077,0.0
28,Delhi,5349,Standard DML,7.127376895167218,6.0396034795755185,0.0880885606415934,0.0,2.8676546786590547,0.0
28,Delhi,5349,Block DML,7.65254083743308,6.564767421841381,0.07365386174945596,0.0,3.6040306651836915,0.0
28,Delhi,5349,DML + Z Controls (GBM),3.7336156407238676,2.645842225132168,0.1557757061549608,0.0,1.6485278822568818,0.0
28,Delhi,5349,Spectral OR-DML (Fixed),4.833404729180472,3.745631313588773,0.1143183689297452,0.0,0.4616685503266866,0.05
28,Delhi,5349,Adaptive Spectral OR-DML,5.226695038162258,4.1389216225705585,0.12970362461255536,0.0,0.4616685503266866,4.469534883430863e-06
28,Delhi,5349,Regime FE DML (Hard),1.1249326464872904,0.03715923089559103,0.03818304511850139,1.0,0.39842220287489577,0.0
28,Delhi,5349,Decoupled Soft OR-DML,4.29462711842826,3.206853702836561,0.10296231293707729,0.0,0.6542190933262315,0.05
28,Delhi,5349,"HMM(Z, T) OR-DML",2.1377149398531956,1.0499415242614962,0.107661582438138,0.0,0.3856056226969819,0.05
29,Delhi,5349,Oracle DML,1.1088973606533579,0.02112394506165849,0.01580763590186562,1.0,0.3792515879168182,0.0
29,Delhi,5349,Standard DML,7.119239735478885,6.031466319887186,0.08233630058938272,0.0,2.9606996871247317,0.0
29,Delhi,5349,Block DML,7.627408754407995,6.5396353388162956,0.06627068705668006,0.0,3.696848026670692,0.0
29,Delhi,5349,DML + Z Controls (GBM),3.8018548948809223,2.7140814792892227,0.1462530646460618,0.0,1.6170181316969061,0.0
29,Delhi,5349,Spectral OR-DML (Fixed),4.946432675028494,3.858659259436795,0.11054181094815828,0.0,0.4606332380607769,0.05
29,Delhi,5349,Adaptive Spectral OR-DML,5.3474776547983955,4.259704239206696,0.1268428377416192,0.0,0.4606332380607769,4.469534883430863e-06
29,Delhi,5349,Regime FE DML (Hard),1.2012248654847435,0.11345144989304412,0.04830836443095555,0.0,0.3910280204458131,0.0
29,Delhi,5349,Decoupled Soft OR-DML,4.351375481018188,3.263602065426489,0.09914450212498015,0.0,0.6655877044027945,0.05
29,Delhi,5349,"HMM(Z, T) OR-DML",2.2805874718977033,1.192814056306004,0.12718748341528788,0.0,0.38022048591911917,0.05
0,Mumbai,4932,Oracle DML,1.4471787625771633,-0.0388309697829341,0.015807289178264874,0.0,0.3465323059261975,0.0
0,Mumbai,4932,Standard DML,7.4824782614177865,5.996468529057689,0.0652081288092619,0.0,3.0136885299105796,0.0
0,Mumbai,4932,Block DML,7.716096137649565,6.230086405289468,0.06583281182206988,0.0,3.2630198684779836,0.0
0,Mumbai,4932,DML + Z Controls (GBM),4.347405048766765,2.861395316406668,0.1273290430465215,0.0,1.8671043686277553,0.0
0,Mumbai,4932,Spectral OR-DML (Fixed),7.266150860113179,5.780141127753081,0.07565103116004154,0.0,0.9500436556556691,0.05
0,Mumbai,4932,Adaptive Spectral OR-DML,7.520957585741442,6.034947853381345,0.07766567060634455,0.0,0.9500436556556691,4.469534883430863e-06
0,Mumbai,4932,Regime FE DML (Hard),7.25914053345014,5.773130801090043,0.08478102804522525,0.0,1.0855298476129693,0.0
0,Mumbai,4932,Decoupled Soft OR-DML,7.316547850412182,5.830538118052085,0.0752354197865578,0.0,1.1207476234143579,0.05
0,Mumbai,4932,"HMM(Z, T) OR-DML",3.7177553467826736,2.231745614422576,0.13531915429726785,0.0,0.35183943587491456,0.05
1,Mumbai,4932,Oracle DML,1.470235961223572,-0.01577377113652534,0.016995164996007756,1.0,0.3383460516564625,0.0
1,Mumbai,4932,Standard DML,7.459170541922105,5.973160809562008,0.06437189441710951,0.0,3.0879040227336936,0.0
1,Mumbai,4932,Block DML,7.6624409320169695,6.176431199656872,0.06272887174799571,0.0,3.3715657892513966,0.0
1,Mumbai,4932,DML + Z Controls (GBM),4.42032339215012,2.934313659790023,0.12151259553927066,0.0,1.8366149484528749,0.0
1,Mumbai,4932,Spectral OR-DML (Fixed),6.76070860005773,5.274698867697633,0.09571580225794842,0.0,0.7157438837776684,0.05
1,Mumbai,4932,Adaptive Spectral OR-DML,7.084000258161346,5.597990525801249,0.10459703618288928,0.0,0.7157438837776684,4.469534883430863e-06
1,Mumbai,4932,Regime FE DML (Hard),5.511699923040107,4.0256901906800096,0.14591842520338297,0.0,0.8783340728958374,0.0
1,Mumbai,4932,Decoupled Soft OR-DML,6.354304782157897,4.8682950497977995,0.08538743350653327,0.0,1.0122741314383843,0.05
1,Mumbai,4932,"HMM(Z, T) OR-DML",4.066903161776746,2.5808934294166486,0.14617890671606237,0.0,0.3777877828858193,0.05
2,Mumbai,4932,Oracle DML,1.4829172253358918,-0.003092507024205604,0.016453857523963302,1.0,0.3464609711309477,0.0
2,Mumbai,4932,Standard DML,7.424593465303797,5.9385837329437,0.06045949731417158,0.0,3.131724704147994,0.0
2,Mumbai,4932,Block DML,7.662997175842189,6.1769874434820915,0.06191065136833625,0.0,3.376228444404919,0.0
2,Mumbai,4932,DML + Z Controls (GBM),4.424973300062062,2.9389635677019648,0.1290740028220806,0.0,1.7978699193349272,0.0
2,Mumbai,4932,Spectral OR-DML (Fixed),6.630354318060316,5.144344585700219,0.0978392395097303,0.0,0.5580332194708608,0.05
2,Mumbai,4932,Adaptive Spectral OR-DML,6.994113273247391,5.508103540887294,0.11169470471538759,0.0,0.5580332194708608,4.469534883430863e-06
2,Mumbai,4932,Regime FE DML (Hard),4.30089662244975,2.814886890089653,0.16658709508526098,0.0,0.7031856641767089,0.0
2,Mumbai,4932,Decoupled Soft OR-DML,5.933835278935103,4.447825546575006,0.08279528190453445,0.0,0.8795274754390924,0.05
2,Mumbai,4932,"HMM(Z, T) OR-DML",3.628829774198108,2.142820041838011,0.12311410504829048,0.0,0.35152663456641153,0.05
3,Mumbai,4932,Oracle DML,1.491950160396545,0.005940428036447676,0.01709381504440978,1.0,0.3457260969026225,0.0
3,Mumbai,4932,Standard DML,7.535819232357282,6.049809499997185,0.06385301219228327,0.0,3.0061186443699186,0.0
3,Mumbai,4932,Block DML,7.765345879145676,6.279336146785579,0.0651462932008445,0.0,3.2572559665149323,0.0
3,Mumbai,4932,DML + Z Controls (GBM),4.37596241370927,2.8899526813491727,0.12439440310690876,0.0,1.7967029406744848,0.0
3,Mumbai,4932,Spectral OR-DML (Fixed),6.720922325647045,5.234912593286948,0.0964852534514534,0.0,0.6844032951050691,0.05
3,Mumbai,4932,Adaptive Spectral OR-DML,7.047649915859624,5.561640183499527,0.10446823283382418,0.0,0.6844032951050691,4.469534883430863e-06
3,Mumbai,4932,Regime FE DML (Hard),5.48956004289013,4.0035503105300325,0.14649299355219508,0.0,0.83400726216642,0.0
3,Mumbai,4932,Decoupled Soft OR-DML,6.412489975782214,4.926480243422117,0.08767424351626475,0.0,0.9716103726939253,0.05
3,Mumbai,4932,"HMM(Z, T) OR-DML",3.7096248817082698,2.2236151493481726,0.12259407987349798,0.0,0.3586050777552116,0.05
4,Mumbai,4932,Oracle DML,1.469931852096662,-0.016077880263435373,0.017895754318816785,1.0,0.3454752350655513,0.0
4,Mumbai,4932,Standard DML,7.421074856965943,5.9350651246058455,0.06306456169347979,0.0,3.1265910484570805,0.0
4,Mumbai,4932,Block DML,7.639802363083477,6.1537926307233795,0.06368989920101167,0.0,3.3918874859948365,0.0
4,Mumbai,4932,DML + Z Controls (GBM),4.337298610038924,2.8512888776788268,0.1282155143153546,0.0,1.8339225883908477,0.0
4,Mumbai,4932,Spectral OR-DML (Fixed),6.624173872958646,5.1381641405985485,0.09609980595784616,0.0,0.6041873169491324,0.05
4,Mumbai,4932,Adaptive Spectral OR-DML,6.974553751385271,5.4885440190251735,0.10863819383690668,0.0,0.6041873169491324,4.469534883430863e-06
4,Mumbai,4932,Regime FE DML (Hard),4.531801912528682,3.0457921801685846,0.15563458194729976,0.0,0.8109269443324996,0.0
4,Mumbai,4932,Decoupled Soft OR-DML,5.987716072497921,4.501706340137824,0.08241129473701002,0.0,0.9227528722942736,0.05
4,Mumbai,4932,"HMM(Z, T) OR-DML",3.7416005408543938,2.255590808494296,0.12938975649843648,0.0,0.3880079811585366,0.05
5,Mumbai,4932,Oracle DML,1.509243421685194,0.023233689325096618,0.016862064721315906,1.0,0.3502800327068271,0.0
5,Mumbai,4932,Standard DML,7.527964412031638,6.041954679671541,0.06242173917444384,0.0,3.0217048414469194,0.0
5,Mumbai,4932,Block DML,7.7538758900835445,6.267866157723447,0.06316963701416269,0.0,3.2690047126894437,0.0
5,Mumbai,4932,DML + Z Controls (GBM),4.4072966676051415,2.9212869352450443,0.12361122913663028,0.0,1.7871096876164987,0.0
5,Mumbai,4932,Spectral OR-DML (Fixed),6.703028491117742,5.217018758757645,0.1004805600888399,0.0,0.5916118727487406,0.05
5,Mumbai,4932,Adaptive Spectral OR-DML,7.061275584807767,5.57526585244767,0.11282114111993946,0.0,0.5916118727487406,4.469534883430863e-06
5,Mumbai,4932,Regime FE DML (Hard),4.704718168515721,3.218708436155624,0.16086842593090306,0.0,0.7967627661948843,0.0
5,Mumbai,4932,Decoupled Soft OR-DML,6.104513070016043,4.6185033376559455,0.08649371645382124,0.0,0.9047651816091623,0.05
5,Mumbai,4932,"HMM(Z, T) OR-DML",3.6924514005100915,2.206441668149994,0.1272407717386169,0.0,0.37161984379921564,0.05
6,Mumbai,4932,Oracle DML,1.4997812999133628,0.013771567553265474,0.01802924813255046,1.0,0.3293050903028914,0.0
6,Mumbai,4932,Standard DML,7.533039756829015,6.047030024468918,0.06370659514283065,0.0,3.019995162204088,0.0
6,Mumbai,4932,Block DML,7.752514366103487,6.26650463374339,0.06233585926130404,0.0,3.268845869959614,0.0
6,Mumbai,4932,DML + Z Controls (GBM),4.390386806467994,2.904377074107897,0.12404013620665719,0.0,1.8384267400405725,0.0
6,Mumbai,4932,Spectral OR-DML (Fixed),7.524244891509484,6.038235159149387,0.06168672149383965,0.0,0.0020370596760636572,0.05
6,Mumbai,4932,Adaptive Spectral OR-DML,5.952078867568252,4.466069135208155,0.09177573552503819,0.0,0.0020370596760636572,0.49999552366242284
6,Mumbai,4932,Regime FE DML (Hard),7.754826262288154,6.268816529928057,0.06236611137674068,0.0,0.0032358788676805413,0.0
6,Mumbai,4932,Decoupled Soft OR-DML,7.746862643121279,6.260852910761182,0.06230165018267847,0.0,0.8085311068259378,0.05
6,Mumbai,4932,"HMM(Z, T) OR-DML",3.909481006696187,2.42347127433609,0.1420026180707874,0.0,0.3499913157210027,0.05
7,Mumbai,4932,Oracle DML,1.4983883175966894,0.012378585236592077,0.017586951688105767,1.0,0.3201278592659803,0.0
7,Mumbai,4932,Standard DML,7.526734994529528,6.040725262169431,0.06331688353077694,0.0,3.047561006561356,0.0
7,Mumbai,4932,Block DML,7.759552702965947,6.27354297060585,0.06145156897890337,0.0,3.2918042216962102,0.0
7,Mumbai,4932,DML + Z Controls (GBM),4.476929076354743,2.990919343994646,0.12232949685013184,0.0,1.792595255361732,0.0
7,Mumbai,4932,Spectral OR-DML (Fixed),6.6955192399075525,5.209509507547455,0.09347774009029661,0.0,0.6768292103771664,0.05
7,Mumbai,4932,Adaptive Spectral OR-DML,7.021468460242171,5.535458727882074,0.1018010705788807,0.0,0.6768292103771664,4.469534883430863e-06
7,Mumbai,4932,Regime FE DML (Hard),5.403116949188275,3.917107216828178,0.14630534577243015,0.0,0.9169541339483809,0.0
7,Mumbai,4932,Decoupled Soft OR-DML,6.314137235813583,4.828127503453486,0.08407991855510459,0.0,0.9711005132710185,0.05
7,Mumbai,4932,"HMM(Z, T) OR-DML",3.699077127904191,2.213067395544094,0.11488768147253173,0.0,0.33793130687948486,0.05
8,Mumbai,4932,Oracle DML,1.4853293127646368,-0.0006804195954606129,0.01684228317655179,1.0,0.35785902214223925,0.0
8,Mumbai,4932,Standard DML,7.3968267619725525,5.910817029612455,0.06296439656955917,0.0,3.1544538105148145,0.0
8,Mumbai,4932,Block DML,7.63423805174782,6.148228319387723,0.0650178077016532,0.0,3.411689497483024,0.0
8,Mumbai,4932,DML + Z Controls (GBM),4.489077157823366,3.0030674254632688,0.12417964281360863,0.0,1.851279267831321,0.0
8,Mumbai,4932,Spectral OR-DML (Fixed),7.421268818403323,5.935259086043226,0.06351003388127305,0.0,0.002258370021565703,0.05
8,Mumbai,4932,Adaptive Spectral OR-DML,5.92963322259363,4.4436234902335325,0.08816681534494453,0.0,0.002258370021565703,0.49999552149920995
8,Mumbai,4932,Regime FE DML (Hard),7.632613503873796,6.146603771513699,0.06510247728836394,0.0,0.004438795910123379,0.0
8,Mumbai,4932,Decoupled Soft OR-DML,7.628672167850476,6.1426624354903785,0.06497643816653943,0.0,0.8373454872874022,0.05
8,Mumbai,4932,"HMM(Z, T) OR-DML",7.634187102367589,6.148177370007492,0.09567016053612479,0.0,0.002375824841167107,0.05
9,Mumbai,4932,Oracle DML,1.4880936348930978,0.0020839025330003924,0.01753222582332468,1.0,0.3511318902016508,0.0
9,Mumbai,4932,Standard DML,7.496745910773738,6.010736178413641,0.06485693875074863,0.0,3.0213428699451166,0.0
9,Mumbai,4932,Block DML,7.736887550326126,6.250877817966029,0.06637876645213474,0.0,3.249337868224064,0.0
9,Mumbai,4932,DML + Z Controls (GBM),4.4762228694992645,2.9902131371391674,0.13001048840278742,0.0,1.775703793301382,0.0
9,Mumbai,4932,Spectral OR-DML (Fixed),6.623598728694407,5.13758899633431,0.10917436438092963,0.0,0.4727470945375265,0.05
9,Mumbai,4932,Adaptive Spectral OR-DML,7.035599926993742,5.549590194633645,0.12888669082054158,0.0,0.4727470945375265,4.469534883430863e-06
9,Mumbai,4932,Regime FE DML (Hard),2.2664283770491322,0.7804186446890349,0.1303913743965431,0.0,0.414294947428958,0.0
9,Mumbai,4932,Decoupled Soft OR-DML,5.714110612785265,4.228100880425168,0.08564895916038869,0.0,0.788226427175605,0.05
9,Mumbai,4932,"HMM(Z, T) OR-DML",3.9176108832241683,2.431601150864071,0.14918112174431244,0.0,0.3813995448715822,0.05
10,Mumbai,4932,Oracle DML,1.4891520885454854,0.003142356185388051,0.015826250619958657,1.0,0.3519296917147932,0.0
10,Mumbai,4932,Standard DML,7.463012709387733,5.977002977027636,0.0645692871036797,0.0,3.041312904401216,0.0
10,Mumbai,4932,Block DML,7.683986358713154,6.197976626353057,0.061999584372576265,0.0,3.3306683261993086,0.0
10,Mumbai,4932,DML + Z Controls (GBM),4.376773610914325,2.8907638785542282,0.12611563387948135,0.0,1.81375629977787,0.0
10,Mumbai,4932,Spectral OR-DML (Fixed),6.586328794067498,5.100319061707401,0.09575566265024765,0.0,0.6437933151764635,0.05
10,Mumbai,4932,Adaptive Spectral OR-DML,6.921621256583035,5.435611524222938,0.10640411009993393,0.0,0.6437933151764635,4.469534883430863e-06
10,Mumbai,4932,Regime FE DML (Hard),4.932146679322679,3.446136946962582,0.15283440250103883,0.0,0.888025553567058,0.0
10,Mumbai,4932,Decoupled Soft OR-DML,6.084344458458888,4.598334726098791,0.08468082089996444,0.0,0.9361764353843511,0.05
10,Mumbai,4932,"HMM(Z, T) OR-DML",3.6999376342719894,2.213927901911892,0.13601298444998486,0.0,0.38884416957829465,0.05
11,Mumbai,4932,Oracle DML,1.4722138247724985,-0.013795907587598855,0.017043370098190878,1.0,0.35632616401876227,0.0
11,Mumbai,4932,Standard DML,7.494831661657774,6.008821929297677,0.06689679462422293,0.0,3.03265410751086,0.0
11,Mumbai,4932,Block DML,7.723676794932341,6.2376670625722435,0.06915633961866932,0.0,3.2630694823818245,0.0
11,Mumbai,4932,DML + Z Controls (GBM),4.429009657552754,2.942999925192657,0.125500182024886,0.0,1.7837471957089994,0.0
11,Mumbai,4932,Spectral OR-DML (Fixed),6.6111183205395925,5.125108588179495,0.1037793690350216,0.0,0.5560343681142629,0.05
11,Mumbai,4932,Adaptive Spectral OR-DML,6.983661715089384,5.497651982729287,0.11867505837740998,0.0,0.5560343681142629,4.469534883430863e-06
11,Mumbai,4932,Regime FE DML (Hard),4.095097172781291,2.6090874404211934,0.16417440034914116,0.0,0.6764913636675315,0.0
11,Mumbai,4932,Decoupled Soft OR-DML,5.907663224599218,4.421653492239121,0.08713227595865974,0.0,0.8725356409199692,0.05
11,Mumbai,4932,"HMM(Z, T) OR-DML",3.7501592984351597,2.264149566075062,0.13142236049264244,0.0,0.3841171605258535,0.05
12,Mumbai,4932,Oracle DML,1.4852695374246205,-0.0007401949354768345,0.01769354138465611,1.0,0.3537128759001635,0.0
12,Mumbai,4932,Standard DML,7.506603970738727,6.02059423837863,0.06318922877130023,0.0,3.0575929842478438,0.0
12,Mumbai,4932,Block DML,7.734814386228642,6.248804653868545,0.0639029077586716,0.0,3.326733189312366,0.0
12,Mumbai,4932,DML + Z Controls (GBM),4.4657446812992685,2.9797349489391713,0.12208385563966107,0.0,1.8779784719047852,0.0
12,Mumbai,4932,Spectral OR-DML (Fixed),6.694449570354063,5.208439837993966,0.09828574878633517,0.0,0.5868798629907435,0.05
12,Mumbai,4932,Adaptive Spectral OR-DML,7.05528514405344,5.569275411693343,0.1107752757811391,0.0,0.5868798629907435,4.469534883430863e-06
12,Mumbai,4932,Regime FE DML (Hard),4.637433512502472,3.151423780142375,0.15827104982569018,0.0,0.8168271400378228,0.0
12,Mumbai,4932,Decoupled Soft OR-DML,6.066038009527762,4.580028277167665,0.08512609148660197,0.0,0.8980040489580882,0.05
12,Mumbai,4932,"HMM(Z, T) OR-DML",3.856450558258295,2.3704408258981973,0.15571229150240518,0.0,0.358718615237219,0.05
13,Mumbai,4932,Oracle DML,1.4760186120484788,-0.009991120311618529,0.016620752317615416,1.0,0.34775145529530077,0.0
13,Mumbai,4932,Standard DML,7.453783598007359,5.967773865647262,0.06128584506072184,0.0,3.049220418132389,0.0
13,Mumbai,4932,Block DML,7.689541841592318,6.203532109232221,0.06313432843241795,0.0,3.2914604170867463,0.0
13,Mumbai,4932,DML + Z Controls (GBM),4.386034355104613,2.9000246227445157,0.12090575366170703,0.0,1.8445967492178308,0.0
13,Mumbai,4932,Spectral OR-DML (Fixed),6.626155337228477,5.14014560486838,0.09821432453946721,0.0,0.6301487866471184,0.05
13,Mumbai,4932,Adaptive Spectral OR-DML,6.9690123149573004,5.483002582597203,0.10863263466239996,0.0,0.6301487866471184,4.469534883430863e-06
13,Mumbai,4932,Regime FE DML (Hard),4.99862227938168,3.5126125470215825,0.15877063752819184,0.0,0.8473125353088545,0.0
13,Mumbai,4932,Decoupled Soft OR-DML,6.116964566696615,4.630954834336518,0.08644770790762493,0.0,0.9319623647841954,0.05
13,Mumbai,4932,"HMM(Z, T) OR-DML",3.6203987762170975,2.1343890438570003,0.13066604404086604,0.0,0.3672377737619236,0.05
14,Mumbai,4932,Oracle DML,1.5051910268061957,0.019181294446098285,0.016983213759144994,1.0,0.343047430334815,0.0
14,Mumbai,4932,Standard DML,7.476130481656239,5.990120749296142,0.06304175446076861,0.0,3.065801929817722,0.0
14,Mumbai,4932,Block DML,7.7252074488002735,6.239197716440176,0.0649105955793042,0.0,3.282394650938201,0.0
14,Mumbai,4932,DML + Z Controls (GBM),4.59383914047273,3.107829408112633,0.1202531980329175,0.0,1.8130155569310946,0.0
14,Mumbai,4932,Spectral OR-DML (Fixed),6.739513307348088,5.253503574987991,0.09645752565577088,0.0,0.6871011859237757,0.05
14,Mumbai,4932,Adaptive Spectral OR-DML,7.065590448096433,5.579580715736336,0.10528641190276278,0.0,0.6871011859237757,4.469534883430863e-06
14,Mumbai,4932,Regime FE DML (Hard),5.507799422626281,4.021789690266184,0.14401883304555016,0.0,0.8774626269126333,0.0
14,Mumbai,4932,Decoupled Soft OR-DML,6.374457459798759,4.8884477274386615,0.085952502247927,0.0,0.9848049639130817,0.05
14,Mumbai,4932,"HMM(Z, T) OR-DML",3.7439757038801353,2.257965971520038,0.12061789234567413,0.0,0.37366548199623123,0.05
15,Mumbai,4932,Oracle DML,1.5131573857120784,0.027147653351980994,0.017112063335213125,1.0,0.34578672686047324,0.0
15,Mumbai,4932,Standard DML,7.485723697968502,5.999713965608405,0.05986821663048815,0.0,3.0906658890247507,0.0
15,Mumbai,4932,Block DML,7.7159074747620915,6.229897742401994,0.06051415253838999,0.0,3.3478971138773823,0.0
15,Mumbai,4932,DML + Z Controls (GBM),4.501471672092639,3.0154619397325417,0.12134636649714602,0.0,1.849088581490736,0.0
15,Mumbai,4932,Spectral OR-DML (Fixed),6.630507149572043,5.144497417211946,0.0997861958808437,0.0,0.46724003496438266,0.05
15,Mumbai,4932,Adaptive Spectral OR-DML,7.027148202201273,5.541138469841176,0.11837867942543774,0.0,0.46724003496438266,4.469534883430863e-06
15,Mumbai,4932,Regime FE DML (Hard),2.9095159778670343,1.423506245506937,0.15585351062113648,0.0,0.4658411362892829,0.0
15,Mumbai,4932,Decoupled Soft OR-DML,5.786769809910096,4.300760077549999,0.0785413490664956,0.0,0.7968829035987984,0.05
15,Mumbai,4932,"HMM(Z, T) OR-DML",3.746946851684919,2.2609371193248213,0.1452300003674561,0.0,0.3664026094444789,0.05
16,Mumbai,4932,Oracle DML,1.4872156797290899,0.0012059473689924882,0.017055737313529953,1.0,0.34474920474091947,0.0
16,Mumbai,4932,Standard DML,7.4475260880006555,5.961516355640558,0.06397065445625502,0.0,3.0584642789909386,0.0
16,Mumbai,4932,Block DML,7.67461552444014,6.188605792080043,0.06325825229131671,0.0,3.3296417602020467,0.0
16,Mumbai,4932,DML + Z Controls (GBM),4.488815551234954,3.002805818874857,0.1258146021759579,0.0,1.8466920891037593,0.0
16,Mumbai,4932,Spectral OR-DML (Fixed),6.260871904625709,4.774862172265612,0.09484934455068784,0.0,0.5712723514840052,0.05
16,Mumbai,4932,Adaptive Spectral OR-DML,6.5559941847977585,5.069984452437661,0.10113752225100534,0.0,0.5712723514840052,4.469534883430863e-06
16,Mumbai,4932,Regime FE DML (Hard),5.335011370582823,3.8490016382227257,0.15226104212980812,0.0,0.6045156513501277,0.0
16,Mumbai,4932,Decoupled Soft OR-DML,6.210124152243196,4.724114419883099,0.08470659123457051,0.0,0.8000860766133523,0.05
16,Mumbai,4932,"HMM(Z, T) OR-DML",3.8750389804737724,2.3890292481136752,0.1345780271936771,0.0,0.3594818411740991,0.05
17,Mumbai,4932,Oracle DML,1.4851562186777487,-0.00085351368234865,0.017465871035061767,1.0,0.3292553565556032,0.0
17,Mumbai,4932,Standard DML,7.503932025914828,6.017922293554731,0.06441041051404296,0.0,3.0268457869334706,0.0
17,Mumbai,4932,Block DML,7.74661148081357,6.260601748453473,0.06523669910879716,0.0,3.259041180208565,0.0
17,Mumbai,4932,DML + Z Controls (GBM),4.432137750879955,2.9461280185198575,0.1221693897627522,0.0,1.8766515519498996,0.0
17,Mumbai,4932,Spectral OR-DML (Fixed),6.64127177637676,5.155262044016663,0.1025383911261419,0.0,0.5130139594028708,0.05
17,Mumbai,4932,Adaptive Spectral OR-DML,7.027085725785357,5.54107599342526,0.11892406604038824,0.0,0.5130139594028708,4.469534883430863e-06
17,Mumbai,4932,Regime FE DML (Hard),3.935729696648017,2.4497199642879197,0.16219906535210762,0.0,0.6094502678780103,0.0
17,Mumbai,4932,Decoupled Soft OR-DML,5.894628583852937,4.4086188514928395,0.08449627162245264,0.0,0.8304852255036614,0.05
17,Mumbai,4932,"HMM(Z, T) OR-DML",3.586110459555078,2.100100727194981,0.11762613532904047,0.0,0.3327364474942221,0.05
18,Mumbai,4932,Oracle DML,1.503008945948924,0.01699921358882661,0.017575893446366328,1.0,0.36108725489276106,0.0
18,Mumbai,4932,Standard DML,7.419463039749633,5.933453307389536,0.06417734812647286,0.0,3.141410707390486,0.0
18,Mumbai,4932,Block DML,7.652368062820626,6.166358330460529,0.06495218377269754,0.0,3.3888276546587055,0.0
18,Mumbai,4932,DML + Z Controls (GBM),4.52768077646212,3.0416710441020225,0.1289777938123111,0.0,1.8537059211780593,0.0
18,Mumbai,4932,Spectral OR-DML (Fixed),6.634665906193454,5.1486561738333565,0.09677893277187319,0.0,0.6121509938161954,0.05
18,Mumbai,4932,Adaptive Spectral OR-DML,6.97902003342884,5.493010301068743,0.10887538863072861,0.0,0.6121509938161954,4.469534883430863e-06
18,Mumbai,4932,Regime FE DML (Hard),4.651869832213361,3.1658600998532638,0.15198456853468417,0.0,0.8246349864878021,0.0
18,Mumbai,4932,Decoupled Soft OR-DML,6.031629097176769,4.545619364816672,0.08271640289250928,0.0,0.9327868591092079,0.05
18,Mumbai,4932,"HMM(Z, T) OR-DML",3.8065207730360724,2.3205110406759752,0.12068873995109577,0.0,0.3723964987914648,0.05
19,Mumbai,4932,Oracle DML,1.4781570151984782,-0.007852717161619172,0.01736187442915999,1.0,0.3475123151768861,0.0
19,Mumbai,4932,Standard DML,7.498648506987095,6.012638774626998,0.06703957636321659,0.0,3.0297254561196687,0.0
19,Mumbai,4932,Block DML,7.717434015310617,6.2314242829505195,0.06352778539204344,0.0,3.3059766331665354,0.0
19,Mumbai,4932,DML + Z Controls (GBM),4.486220854002214,3.000211121642117,0.12232443505941948,0.0,1.8179698817465624,0.0
19,Mumbai,4932,Spectral OR-DML (Fixed),6.628676350423755,5.142666618063658,0.10419094343030623,0.0,0.4505606126302215,0.05
19,Mumbai,4932,Adaptive Spectral OR-DML,7.046813832300367,5.5608040999402695,0.1253643428539145,0.0,0.4505606126302215,4.469534883430863e-06
19,Mumbai,4932,Regime FE DML (Hard),2.3477803911862796,0.8617706588261822,0.13524075892597803,0.0,0.4107712495573438,0.0
19,Mumbai,4932,Decoupled Soft OR-DML,5.732523917152038,4.246514184791941,0.08100627469780014,0.0,0.7545711753505047,0.05
19,Mumbai,4932,"HMM(Z, T) OR-DML",3.9061470976098374,2.42013736524974,0.1469027400690765,0.0,0.3727005285793409,0.05
20,Mumbai,4932,Oracle DML,1.5002661096520085,0.014256377291911093,0.01693293938452453,1.0,0.3463887586679468,0.0
20,Mumbai,4932,Standard DML,7.51128939718151,6.025279664821412,0.06310339214058472,0.0,3.067252653425955,0.0
20,Mumbai,4932,Block DML,7.723303695636497,6.2372939632764,0.0627378589236988,0.0,3.3403213658348228,0.0
20,Mumbai,4932,DML + Z Controls (GBM),4.397081921214389,2.911072188854292,0.12626769301073515,0.0,1.818865757150066,0.0
20,Mumbai,4932,Spectral OR-DML (Fixed),7.336443987056839,5.850434254696742,0.06528085991865724,0.0,0.9075936976069829,0.05
20,Mumbai,4932,Adaptive Spectral OR-DML,7.577521095507318,6.09151136314722,0.06645369440672011,0.0,0.9075936976069829,4.469534883430863e-06
20,Mumbai,4932,Regime FE DML (Hard),7.471757602222278,5.98574786986218,0.0704826509715454,0.0,1.0657437459107293,0.0
20,Mumbai,4932,Decoupled Soft OR-DML,7.487123494013339,6.001113761653242,0.06552107139624302,0.0,1.080668692702528,0.05
20,Mumbai,4932,"HMM(Z, T) OR-DML",3.9005320691054974,2.4145223367454003,0.14446490867823852,0.0,0.35365801703378663,0.05
21,Mumbai,4932,Oracle DML,1.501956371244848,0.015946638884750675,0.016998307694205878,1.0,0.37284612077650797,0.0
21,Mumbai,4932,Standard DML,7.457642301151355,5.971632568791258,0.06468812028458079,0.0,3.0438601303282775,0.0
21,Mumbai,4932,Block DML,7.6955227300844005,6.209512997724303,0.06433408243893428,0.0,3.279227162143355,0.0
21,Mumbai,4932,DML + Z Controls (GBM),4.416203370937918,2.930193638577821,0.12253493887188996,0.0,1.8521120432979699,0.0
21,Mumbai,4932,Spectral OR-DML (Fixed),6.562202172634738,5.076192440274641,0.10752467643947687,0.0,0.4622991308945058,0.05
21,Mumbai,4932,Adaptive Spectral OR-DML,6.971756755461564,5.4857470231014664,0.12740358207148608,0.0,0.4622991308945058,4.469534883430863e-06
21,Mumbai,4932,Regime FE DML (Hard),2.1200274267009775,0.6340176943408802,0.12194750038925847,0.0,0.4231242330033435,0.0
21,Mumbai,4932,Decoupled Soft OR-DML,5.664975745021312,4.178966012661215,0.08403903678969085,0.0,0.7725371802205871,0.05
21,Mumbai,4932,"HMM(Z, T) OR-DML",3.812593186768977,2.3265834544088797,0.138733505467974,0.0,0.3866048330713436,0.05
22,Mumbai,4932,Oracle DML,1.4614906255972133,-0.024519106762884046,0.0172053769304376,1.0,0.3408003862153014,0.0
22,Mumbai,4932,Standard DML,7.501053358492854,6.015043626132757,0.06427447573347912,0.0,3.0366606320418903,0.0
22,Mumbai,4932,Block DML,7.735308107745952,6.249298375385854,0.0641351744159191,0.0,3.2976246470561885,0.0
22,Mumbai,4932,DML + Z Controls (GBM),4.495713053023861,3.009703320663764,0.12635444165211263,0.0,1.7993199029856888,0.0
22,Mumbai,4932,Spectral OR-DML (Fixed),6.6175116511079235,5.131501918747826,0.1035001349087489,0.0,0.48800684383488496,0.05
22,Mumbai,4932,Adaptive Spectral OR-DML,7.017949918762758,5.531940186402661,0.12220117138698441,0.0,0.48800684383488496,4.469534883430863e-06
22,Mumbai,4932,Regime FE DML (Hard),3.4744770530508284,1.988467320690731,0.1592787119004844,0.0,0.5371047253896363,0.0
22,Mumbai,4932,Decoupled Soft OR-DML,5.804589424387142,4.318579692027045,0.08420878831489227,0.0,0.7940327087335259,0.05
22,Mumbai,4932,"HMM(Z, T) OR-DML",3.7084427194107192,2.222432987050622,0.12205935839582484,0.0,0.34830491928332014,0.05
23,Mumbai,4932,Oracle DML,1.4796989023729918,-0.006310829987105526,0.017529088182843523,1.0,0.3443021461642628,0.0
23,Mumbai,4932,Standard DML,7.438629210431159,5.952619478071062,0.06407418451050485,0.0,3.0989127004308754,0.0
23,Mumbai,4932,Block DML,7.657915395231845,6.1719056628717475,0.06369796509046836,0.0,3.375065457717231,0.0
23,Mumbai,4932,DML + Z Controls (GBM),4.375012670283585,2.889002937923488,0.12242129537288739,0.0,1.8653877495333893,0.0
23,Mumbai,4932,Spectral OR-DML (Fixed),7.438416200965367,5.95240646860527,0.06332876389069111,0.0,0.0007950684906382066,0.05
23,Mumbai,4932,Adaptive Spectral OR-DML,5.912930553720591,4.426920821360494,0.09216170696432867,0.0,0.0007950684906382066,0.4999954338866458
23,Mumbai,4932,Regime FE DML (Hard),7.650821213370778,6.16481148101068,0.06405708596584705,0.0,0.003665391127197066,0.0
23,Mumbai,4932,Decoupled Soft OR-DML,7.652361275896544,6.166351543536447,0.06365982856323701,0.0,0.8406246003647757,0.05
23,Mumbai,4932,"HMM(Z, T) OR-DML",3.797414912127273,2.311405179767176,0.14443665506713485,0.0,0.35994488325096363,0.05
24,Mumbai,4932,Oracle DML,1.4851852959101424,-0.0008244364499550016,0.016795351679261824,1.0,0.386254370713289,0.0
24,Mumbai,4932,Standard DML,7.389690193820682,5.903680461460585,0.06592965219758058,0.0,3.093048986836877,0.0
24,Mumbai,4932,Block DML,7.62879394009904,6.142784207738943,0.06556215759105809,0.0,3.3311725528585328,0.0
24,Mumbai,4932,DML + Z Controls (GBM),4.303672410799191,2.8176626784390937,0.12111315919720915,0.0,1.899744072687265,0.0
24,Mumbai,4932,Spectral OR-DML (Fixed),6.073291972109525,4.5872822397494275,0.09653905695133237,0.0,0.540953056617053,0.05
24,Mumbai,4932,Adaptive Spectral OR-DML,6.358814330318086,4.872804597957989,0.1023504761385134,0.0,0.540953056617053,4.469534883430863e-06
24,Mumbai,4932,Regime FE DML (Hard),5.265926536059735,3.7799168036996376,0.14849490497111273,0.0,0.6007802782310939,0.0
24,Mumbai,4932,Decoupled Soft OR-DML,6.072786125620922,4.586776393260825,0.08549720479360878,0.0,0.7526799926330251,0.05
24,Mumbai,4932,"HMM(Z, T) OR-DML",3.665834553093786,2.179824820733689,0.12518710669182836,0.0,0.39979505536974036,0.05
25,Mumbai,4932,Oracle DML,1.49078017270629,0.0047704403461925615,0.018177943015684376,1.0,0.3506856887201587,0.0
25,Mumbai,4932,Standard DML,7.516209211430325,6.030199479070228,0.06282520549195447,0.0,3.0455787704000543,0.0
25,Mumbai,4932,Block DML,7.752488308248125,6.266478575888028,0.06252130368565523,0.0,3.287261734082758,0.0
25,Mumbai,4932,DML + Z Controls (GBM),4.440887084261372,2.954877351901275,0.12244513887956911,0.0,1.8390070213522716,0.0
25,Mumbai,4932,Spectral OR-DML (Fixed),7.524125084149487,6.03811535178939,0.06258070895993091,0.0,0.0014870168625760183,0.05
25,Mumbai,4932,Adaptive Spectral OR-DML,5.951295954683194,4.465286222323097,0.09331175723005014,0.0,0.0014870168625760183,0.4999954899296844
25,Mumbai,4932,Regime FE DML (Hard),7.755358171663627,6.2693484393035295,0.062264871421145694,0.0,0.0034414372732611215,0.0
25,Mumbai,4932,Decoupled Soft OR-DML,7.746843257886066,6.260833525525969,0.06249465197741105,0.0,0.8178858517741252,0.05
25,Mumbai,4932,"HMM(Z, T) OR-DML",7.750464459751915,6.264454727391818,0.08204452737432301,0.0,0.0007382221301998615,0.05
26,Mumbai,4932,Oracle DML,1.5001548844306025,0.014145152070505151,0.01747403522750536,1.0,0.31901466337227985,0.0
26,Mumbai,4932,Standard DML,7.583261114526629,6.097251382166532,0.0644886713952356,0.0,2.9947613565259292,0.0
26,Mumbai,4932,Block DML,7.826444740439775,6.340435008079678,0.06582705400661579,0.0,3.213381964818038,0.0
26,Mumbai,4932,DML + Z Controls (GBM),4.5675626558197715,3.0815529234596744,0.12451901246225856,0.0,1.7783697988694236,0.0
26,Mumbai,4932,Spectral OR-DML (Fixed),6.488844027931167,5.00283429557107,0.09673779501394104,0.0,0.5785459915160921,0.05
26,Mumbai,4932,Adaptive Spectral OR-DML,6.8035972644649725,5.317587532104875,0.1031578647916097,0.0,0.5785459915160921,4.469534883430863e-06
26,Mumbai,4932,Regime FE DML (Hard),5.372728342821194,3.886718610461097,0.15483757748033283,0.0,0.6323827241457523,0.0
26,Mumbai,4932,Decoupled Soft OR-DML,6.393138512882723,4.907128780522626,0.08459669349725261,0.0,0.8312431421723383,0.05
26,Mumbai,4932,"HMM(Z, T) OR-DML",4.014327159019021,2.5283174266589237,0.14777726728220153,0.0,0.34644722599905275,0.05
27,Mumbai,4932,Oracle DML,1.4418030962361532,-0.044206636123944154,0.017406289645471723,0.0,0.35490353363861843,0.0
27,Mumbai,4932,Standard DML,7.529943625840342,6.0439338934802445,0.06524496998459474,0.0,3.0209436162299066,0.0
27,Mumbai,4932,Block DML,7.762938205707441,6.276928473347344,0.06624252846879987,0.0,3.2633329118601737,0.0
27,Mumbai,4932,DML + Z Controls (GBM),4.500080971195146,3.014071238835049,0.13163009116868904,0.0,1.8025162518085498,0.0
27,Mumbai,4932,Spectral OR-DML (Fixed),6.702310262232229,5.216300529872131,0.09573188047498785,0.0,0.6086709040532883,0.05
27,Mumbai,4932,Adaptive Spectral OR-DML,7.053817594052117,5.56780786169202,0.10729476704032671,0.0,0.6086709040532883,4.469534883430863e-06
27,Mumbai,4932,Regime FE DML (Hard),4.964283586788943,3.4782738544288456,0.16244185759104182,0.0,0.8249485514178199,0.0
27,Mumbai,4932,Decoupled Soft OR-DML,6.16093267852612,4.674922946166022,0.08357867531527252,0.0,0.9198868970203868,0.05
27,Mumbai,4932,"HMM(Z, T) OR-DML",3.689265715840901,2.203255983480804,0.11529876711526299,0.0,0.36741904914197615,0.05
28,Mumbai,4932,Oracle DML,1.4875417745069144,0.0015320421468170142,0.016542190569663648,1.0,0.3365354585660029,0.0
28,Mumbai,4932,Standard DML,7.522955886625044,6.036946154264947,0.0630985746544188,0.0,3.076058755415151,0.0
28,Mumbai,4932,Block DML,7.7580047476276235,6.271995015267526,0.06191522591375953,0.0,3.3220661773728395,0.0
28,Mumbai,4932,DML + Z Controls (GBM),4.461789922985201,2.9757801906251036,0.1242792963117949,0.0,1.8213144829038033,0.0
28,Mumbai,4932,Spectral OR-DML (Fixed),6.290778364778052,4.804768632417955,0.09555044362254596,0.0,0.5360534829843161,0.05
28,Mumbai,4932,Adaptive Spectral OR-DML,6.594609038570482,5.108599306210385,0.10193233341540227,0.0,0.5360534829843161,4.469534883430863e-06
28,Mumbai,4932,Regime FE DML (Hard),5.402207803409144,3.916198071049047,0.15842836668797328,0.0,0.5864131975886065,0.0
28,Mumbai,4932,Decoupled Soft OR-DML,6.2435833110936745,4.757573578733577,0.08387379591510609,0.0,0.7564950524646729,0.05
28,Mumbai,4932,"HMM(Z, T) OR-DML",3.820123124024165,2.3341133916640677,0.1316031435533653,0.0,0.3501661137416733,0.05
29,Mumbai,4932,Oracle DML,1.467916387068967,-0.01809334529113027,0.01681407394321985,1.0,0.35034161342438597,0.0
29,Mumbai,4932,Standard DML,7.457948221476582,5.971938489116485,0.06278656813805004,0.0,3.0741165616794848,0.0
29,Mumbai,4932,Block DML,7.681206656309282,6.195196923949185,0.06243745079984596,0.0,3.330314333692224,0.0
29,Mumbai,4932,DML + Z Controls (GBM),4.349250738294824,2.863241005934727,0.12065831572724742,0.0,1.8509439947801685,0.0
29,Mumbai,4932,Spectral OR-DML (Fixed),6.558817398144929,5.072807665784832,0.09754258785543078,0.0,0.5231531520290168,0.05
29,Mumbai,4932,Adaptive Spectral OR-DML,6.938156567917204,5.452146835557107,0.11370713339716469,0.0,0.5231531520290168,4.469534883430863e-06
29,Mumbai,4932,Regime FE DML (Hard),3.780330394672988,2.2943206623128907,0.1603074668226395,0.0,0.5991075351571102,0.0
29,Mumbai,4932,Decoupled Soft OR-DML,5.813236007379029,4.327226275018932,0.08087642522263945,0.0,0.8393076978165873,0.05
29,Mumbai,4932,"HMM(Z, T) OR-DML",3.781506114691309,2.295496382331212,0.11853077876626664,0.0,0.3759875905280294,0.05
0,Bengaluru,4098,Oracle DML,1.2794605876103726,0.021407878972012462,0.019350345675811995,1.0,0.4751209790951127,0.0
0,Bengaluru,4098,Standard DML,6.9739029260004495,5.715850217362089,0.07878078134408556,0.0,2.7057267424032525,0.0
0,Bengaluru,4098,Block DML,7.082122263166088,5.824069554527728,0.07990783271728227,0.0,2.766861301332389,0.0
0,Bengaluru,4098,DML + Z Controls (GBM),3.4645578773665267,2.2065051687281665,0.15959490247368643,0.0,1.5602547553965438,0.0
0,Bengaluru,4098,Spectral OR-DML (Fixed),5.211546533421487,3.9534938247831266,0.09131885665222665,0.0,0.41110058741890415,0.05
0,Bengaluru,4098,Adaptive Spectral OR-DML,5.5505783303520735,4.292525621713713,0.10346851592597306,0.0,0.41110058741890415,4.469534883430863e-06
0,Bengaluru,4098,Regime FE DML (Hard),4.081527227366963,2.8234745187286028,0.10429666913026021,0.0,0.42875144602191545,0.0
0,Bengaluru,4098,Decoupled Soft OR-DML,4.802807203019135,3.544754494380775,0.0802013980358957,0.0,0.5229737344087789,0.05
0,Bengaluru,4098,"HMM(Z, T) OR-DML",2.686940746212375,1.4288880375740147,0.11982687614136361,0.0,0.4747385633654773,0.05
1,Bengaluru,4098,Oracle DML,1.273702226604217,0.015649517965856896,0.018182592789413542,1.0,0.49130072542421643,0.0
1,Bengaluru,4098,Standard DML,6.9442622711923825,5.686209562554023,0.0781927905129463,0.0,2.7703338469961167,0.0
1,Bengaluru,4098,Block DML,7.027326011735319,5.769273303096959,0.07869825079515157,0.0,2.865258959342343,0.0
1,Bengaluru,4098,DML + Z Controls (GBM),3.5377877483812736,2.2797350397429135,0.16386292122231058,0.0,1.5615895154189976,0.0
1,Bengaluru,4098,Spectral OR-DML (Fixed),5.2976299594503775,4.039577250812018,0.09478927617631966,0.0,0.4499176271668714,0.05
1,Bengaluru,4098,Adaptive Spectral OR-DML,5.659531468957352,4.401478760318993,0.11072299298065752,0.0,0.4499176271668714,4.469534883430863e-06
1,Bengaluru,4098,Regime FE DML (Hard),3.7529674149177046,2.4949147062793444,0.117460165070972,0.0,0.4584847557237777,0.0
1,Bengaluru,4098,Decoupled Soft OR-DML,4.7688036626380965,3.5107509539997364,0.08145060716443545,0.0,0.5880531202037226,0.05
1,Bengaluru,4098,"HMM(Z, T) OR-DML",2.6723611902784263,1.4143084816400662,0.11323622960259411,0.0,0.47971142458925076,0.05
2,Bengaluru,4098,Oracle DML,1.275690392528079,0.017637683889718758,0.018609733373211677,1.0,0.48450290007850033,0.0
2,Bengaluru,4098,Standard DML,6.9882355193285814,5.730182810690222,0.08065894042425029,0.0,2.617482040483648,0.0
2,Bengaluru,4098,Block DML,7.063839583680765,5.805786875042404,0.08092372509275514,0.0,2.723398949698069,0.0
2,Bengaluru,4098,DML + Z Controls (GBM),3.3837722936793027,2.1257195850409425,0.16316106567386565,0.0,1.503073982250548,0.0
2,Bengaluru,4098,Spectral OR-DML (Fixed),5.1526261820398,3.8945734734014397,0.09027262837624316,0.0,0.4374012698264509,0.05
2,Bengaluru,4098,Adaptive Spectral OR-DML,5.510941575453941,4.2528888668155815,0.1043072506809489,0.0,0.4374012698264509,4.469534883430863e-06
2,Bengaluru,4098,Regime FE DML (Hard),3.604944144404378,2.3468914357660178,0.1182621062817019,0.0,0.4494739094607177,0.0
2,Bengaluru,4098,Decoupled Soft OR-DML,4.698553449852172,3.4405007412138118,0.07907448410683719,0.0,0.5647476709858769,0.05
2,Bengaluru,4098,"HMM(Z, T) OR-DML",2.886899048645504,1.628846340007144,0.12461915924189876,0.0,0.48238292179607656,0.05
3,Bengaluru,4098,Oracle DML,1.2447914382395695,-0.013261270398790659,0.018030251300841616,1.0,0.5021224810006104,0.0
3,Bengaluru,4098,Standard DML,6.8548095864964065,5.596756877858047,0.07044443360061477,0.0,2.738203990938529,0.0
3,Bengaluru,4098,Block DML,6.929062167316328,5.671009458677968,0.0707340193900051,0.0,2.8442124108955618,0.0
3,Bengaluru,4098,DML + Z Controls (GBM),3.5355859859013,2.2775332772629397,0.15772585278139128,0.0,1.5398648256308392,0.0
3,Bengaluru,4098,Spectral OR-DML (Fixed),5.166438807704317,3.908386099065957,0.09044746266151357,0.0,0.4661551008428566,0.05
3,Bengaluru,4098,Adaptive Spectral OR-DML,5.502778466079912,4.244725757441552,0.10377758440800212,0.0,0.4661551008428566,4.469534883430863e-06
3,Bengaluru,4098,Regime FE DML (Hard),3.803451351918263,2.5453986432799027,0.11026415754789264,0.0,0.4789961024227478,0.0
3,Bengaluru,4098,Decoupled Soft OR-DML,4.686073298374399,3.428020589736039,0.07858818832635289,0.0,0.5936021095682313,0.05
3,Bengaluru,4098,"HMM(Z, T) OR-DML",2.765890868749623,1.507838160111263,0.11557123511165826,0.0,0.5011974365437339,0.05
4,Bengaluru,4098,Oracle DML,1.3142569210735338,0.056204212435173595,0.017422433206117475,0.0,0.4796413644758823,0.0
4,Bengaluru,4098,Standard DML,6.961961292600157,5.7039085839617965,0.07904251335221164,0.0,2.659975410169253,0.0
4,Bengaluru,4098,Block DML,7.067343882128117,5.809291173489758,0.07845885549274198,0.0,2.727308699395384,0.0
4,Bengaluru,4098,DML + Z Controls (GBM),3.4428628743168663,2.184810165678506,0.15222226146381254,0.0,1.5478446337017773,0.0
4,Bengaluru,4098,Spectral OR-DML (Fixed),5.216981582380713,3.958928873742353,0.09179578186201934,0.0,0.46441594690098675,0.05
4,Bengaluru,4098,Adaptive Spectral OR-DML,5.567178947886871,4.309126239248512,0.10556517557284417,0.0,0.46441594690098675,4.469534883430863e-06
4,Bengaluru,4098,Regime FE DML (Hard),3.880896403503742,2.6228436948653817,0.11214316164667791,0.0,0.4843834897310399,0.0
4,Bengaluru,4098,Decoupled Soft OR-DML,4.758252102171678,3.5001993935333178,0.07984017620471064,0.0,0.588613472797064,0.05
4,Bengaluru,4098,"HMM(Z, T) OR-DML",2.649431824025324,1.3913791153869637,0.11258559312924274,0.0,0.4828512834445442,0.05
5,Bengaluru,4098,Oracle DML,1.2341333873775397,-0.023919321260820414,0.018138455489591258,1.0,0.5030293803795238,0.0
5,Bengaluru,4098,Standard DML,6.920198987251563,5.6621462786132035,0.0791132772062003,0.0,2.665807807741209,0.0
5,Bengaluru,4098,Block DML,7.019533123235101,5.7614804145967415,0.07931263385898309,0.0,2.7655443107456765,0.0
5,Bengaluru,4098,DML + Z Controls (GBM),3.441729314230863,2.183676605592503,0.1643440351587862,0.0,1.5124833048122142,0.0
5,Bengaluru,4098,Spectral OR-DML (Fixed),5.168128248328989,3.9100755396906286,0.09654018183413518,0.0,0.4732252580799765,0.05
5,Bengaluru,4098,Adaptive Spectral OR-DML,5.522949744702395,4.264897036064035,0.11125878848162267,0.0,0.4732252580799765,4.469534883430863e-06
5,Bengaluru,4098,Regime FE DML (Hard),3.6564165604363863,2.398363851798026,0.12226012440424025,0.0,0.4853323920919256,0.0
5,Bengaluru,4098,Decoupled Soft OR-DML,4.668876769796981,3.4108240611586207,0.08321305364293582,0.0,0.6039846679847849,0.05
5,Bengaluru,4098,"HMM(Z, T) OR-DML",2.7747643204899433,1.516711611851583,0.123861087741689,0.0,0.4995140541524319,0.05
6,Bengaluru,4098,Oracle DML,1.265149703039589,0.007096994401228907,0.01803002561854944,1.0,0.49154410973992524,0.0
6,Bengaluru,4098,Standard DML,6.947338304777009,5.6892855961386495,0.0801348810648322,0.0,2.6547751401508655,0.0
6,Bengaluru,4098,Block DML,7.044255393031083,5.786202684392723,0.08017092810269516,0.0,2.7392732140688514,0.0
6,Bengaluru,4098,DML + Z Controls (GBM),3.5004881409241073,2.242435432285747,0.15745639071675552,0.0,1.584621490629414,0.0
6,Bengaluru,4098,Spectral OR-DML (Fixed),5.157274611399469,3.899221902761109,0.09375651077534512,0.0,0.46186365940095947,0.05
6,Bengaluru,4098,Adaptive Spectral OR-DML,5.501218859682391,4.243166151044031,0.10702749411279797,0.0,0.46186365940095947,4.469534883430863e-06
6,Bengaluru,4098,Regime FE DML (Hard),3.784556418136816,2.526503709498456,0.11779624104171137,0.0,0.4832129478614978,0.0
6,Bengaluru,4098,Decoupled Soft OR-DML,4.711815046778705,3.453762338140345,0.08259884704480731,0.0,0.5879278556186696,0.05
6,Bengaluru,4098,"HMM(Z, T) OR-DML",2.8379469810465423,1.5798942724081821,0.12136728822225835,0.0,0.4941616292319834,0.05
7,Bengaluru,4098,Oracle DML,1.2746688455968853,0.01661613695852515,0.020746621364971376,1.0,0.507121471613346,0.0
7,Bengaluru,4098,Standard DML,6.937909445296506,5.679856736658145,0.07652809267342495,0.0,2.696035163869266,0.0
7,Bengaluru,4098,Block DML,7.036498036500874,5.778445327862514,0.07664244834427879,0.0,2.7901655753138375,0.0
7,Bengaluru,4098,DML + Z Controls (GBM),3.4194682642000234,2.161415555561663,0.15913174429244614,0.0,1.5574220143914492,0.0
7,Bengaluru,4098,Spectral OR-DML (Fixed),5.183027221489812,3.924974512851452,0.09668752983665405,0.0,0.4604259407988121,0.05
7,Bengaluru,4098,Adaptive Spectral OR-DML,5.533802468845451,4.275749760207091,0.11057335761357978,0.0,0.4604259407988121,4.469534883430863e-06
7,Bengaluru,4098,Regime FE DML (Hard),3.705899066039681,2.4478463574013207,0.12185812008228447,0.0,0.47309821272656655,0.0
7,Bengaluru,4098,Decoupled Soft OR-DML,4.715973287551962,3.4579205789136016,0.08547544840647577,0.0,0.5963780889851026,0.05
7,Bengaluru,4098,"HMM(Z, T) OR-DML",2.7225086356219554,1.4644559269835953,0.1212770854113437,0.0,0.5003055110429498,0.05
8,Bengaluru,4098,Oracle DML,1.2678606387731568,0.009807930134796639,0.017859168421069386,1.0,0.5044006975761102,0.0
8,Bengaluru,4098,Standard DML,6.890198304840998,5.632145596202637,0.07742419562810306,0.0,2.7273924433386703,0.0
8,Bengaluru,4098,Block DML,6.974375793944907,5.716323085306547,0.07635369804156604,0.0,2.840866254383521,0.0
8,Bengaluru,4098,DML + Z Controls (GBM),3.351903741460088,2.093851032821728,0.16214477415300318,0.0,1.4878690513610542,0.0
8,Bengaluru,4098,Spectral OR-DML (Fixed),5.124406177837878,3.866353469199518,0.09245949157794157,0.0,0.477408433456618,0.05
8,Bengaluru,4098,Adaptive Spectral OR-DML,5.462151450061837,4.204098741423477,0.10569465911738862,0.0,0.477408433456618,4.469534883430863e-06
8,Bengaluru,4098,Regime FE DML (Hard),3.7336357142311165,2.4755830055927563,0.11572646431454454,0.0,0.4913076253052225,0.0
8,Bengaluru,4098,Decoupled Soft OR-DML,4.674276817647867,3.4162241090095065,0.08161813810530573,0.0,0.6051427005613587,0.05
8,Bengaluru,4098,"HMM(Z, T) OR-DML",2.62151008906089,1.3634573804225298,0.09868161916517779,0.0,0.5017872404050138,0.05
9,Bengaluru,4098,Oracle DML,1.2518091968224039,-0.006243511815956282,0.020262346110902683,1.0,0.44983518007090423,0.0
9,Bengaluru,4098,Standard DML,7.037592223718958,5.779539515080598,0.07495887818901215,0.0,2.656652718274656,0.0
9,Bengaluru,4098,Block DML,7.1265109864430825,5.868458277804722,0.07465195340321788,0.0,2.748442767115118,0.0
9,Bengaluru,4098,DML + Z Controls (GBM),3.6706367405539018,2.4125840319155416,0.16697992299149844,0.0,1.5398427122857066,0.0
9,Bengaluru,4098,Spectral OR-DML (Fixed),5.339055728734526,4.081003020096166,0.09261639168024975,0.0,0.45482823584889126,0.05
9,Bengaluru,4098,Adaptive Spectral OR-DML,5.701111246386991,4.44305853774863,0.10852365116426402,0.0,0.45482823584889126,4.469534883430863e-06
9,Bengaluru,4098,Regime FE DML (Hard),3.9238990858395386,2.6658463772011785,0.1103774238064602,0.0,0.47326304488987003,0.0
9,Bengaluru,4098,Decoupled Soft OR-DML,4.833821107786839,3.575768399148479,0.07861344006248623,0.0,0.5793602024097231,0.05
9,Bengaluru,4098,"HMM(Z, T) OR-DML",2.823535613799264,1.5654829051609038,0.11773211541426887,0.0,0.4584196019908907,0.05
10,Bengaluru,4098,Oracle DML,1.238820247347128,-0.01923246129123224,0.018438838908897318,1.0,0.5034995151790087,0.0
10,Bengaluru,4098,Standard DML,6.8852241916634025,5.627171483025043,0.07498619747588506,0.0,2.7054175713741717,0.0
10,Bengaluru,4098,Block DML,6.985594943302814,5.727542234664455,0.07538176844328082,0.0,2.7814308310400415,0.0
10,Bengaluru,4098,DML + Z Controls (GBM),3.4109316567998826,2.1528789481615225,0.15927883949751495,0.0,1.5749752245497652,0.0
10,Bengaluru,4098,Spectral OR-DML (Fixed),5.098487405630493,3.840434696992133,0.08892740082330046,0.0,0.4431684287763679,0.05
10,Bengaluru,4098,Adaptive Spectral OR-DML,5.427506557431451,4.169453848793092,0.10065458169068622,0.0,0.4431684287763679,4.469534883430863e-06
10,Bengaluru,4098,Regime FE DML (Hard),3.883108263702298,2.6250555550639376,0.10753651004347259,0.0,0.4635625807432678,0.0
10,Bengaluru,4098,Decoupled Soft OR-DML,4.68053800628232,3.4224852976439597,0.0796538762414718,0.0,0.5620567504370345,0.05
10,Bengaluru,4098,"HMM(Z, T) OR-DML",2.6180259827966488,1.3599732741582886,0.10725232586026216,0.0,0.502418643896234,0.05
11,Bengaluru,4098,Oracle DML,1.2040523594947754,-0.05400034914358476,0.018703404546022553,0.0,0.468511649181727,0.0
11,Bengaluru,4098,Standard DML,6.974656933560427,5.716604224922067,0.08062013046449468,0.0,2.6584785330495007,0.0
11,Bengaluru,4098,Block DML,7.088662301776272,5.830609593137911,0.08169842730380054,0.0,2.7228565342253295,0.0
11,Bengaluru,4098,DML + Z Controls (GBM),3.4068278718291776,2.1487751631908174,0.16101099768020388,0.0,1.554248046519766,0.0
11,Bengaluru,4098,Spectral OR-DML (Fixed),5.272754955884776,4.014702247246415,0.09689921089202416,0.0,0.45286688000320385,0.05
11,Bengaluru,4098,Adaptive Spectral OR-DML,5.639318204947832,4.381265496309473,0.11297993019875174,0.0,0.45286688000320385,4.469534883430863e-06
11,Bengaluru,4098,Regime FE DML (Hard),3.7479247714849375,2.4898720628465774,0.11638527182817054,0.0,0.4657139350635541,0.0
11,Bengaluru,4098,Decoupled Soft OR-DML,4.751264293459488,3.4932115848211276,0.08299457481898863,0.0,0.5881205515231122,0.05
11,Bengaluru,4098,"HMM(Z, T) OR-DML",2.6011547441799916,1.3431020355416314,0.11456196056370696,0.0,0.46472949869744473,0.05
12,Bengaluru,4098,Oracle DML,1.2553521755795702,-0.0027005330587899223,0.018132040736576618,1.0,0.47781319844811576,0.0
12,Bengaluru,4098,Standard DML,6.984703798001601,5.726651089363241,0.08173148712094715,0.0,2.653023664975137,0.0
12,Bengaluru,4098,Block DML,7.061986771619151,5.80393406298079,0.08124804299849527,0.0,2.7564550218304436,0.0
12,Bengaluru,4098,DML + Z Controls (GBM),3.5166538219158507,2.2586011132774906,0.1670088726630646,0.0,1.5138634120012697,0.0
12,Bengaluru,4098,Spectral OR-DML (Fixed),5.223201692914792,3.9651489842764316,0.09486181836814116,0.0,0.45210985337252857,0.05
12,Bengaluru,4098,Adaptive Spectral OR-DML,5.574653581325142,4.316600872686783,0.10905005532774241,0.0,0.45210985337252857,4.469534883430863e-06
12,Bengaluru,4098,Regime FE DML (Hard),3.831483166282026,2.5734304576436657,0.11550857384934957,0.0,0.46955862402054716,0.0
12,Bengaluru,4098,Decoupled Soft OR-DML,4.759628546808974,3.501575838170614,0.08263090084165108,0.0,0.576108728585259,0.05
12,Bengaluru,4098,"HMM(Z, T) OR-DML",2.834238393676127,1.5761856850377667,0.12991600179692087,0.0,0.48774479550860894,0.05
13,Bengaluru,4098,Oracle DML,1.2509883908526167,-0.007064317785743457,0.0190729898584128,1.0,0.4992191508790987,0.0
13,Bengaluru,4098,Standard DML,6.9035078969564605,5.645455188318101,0.07738421794918814,0.0,2.6599027182665917,0.0
13,Bengaluru,4098,Block DML,6.994594401718767,5.736541693080406,0.07762707125101484,0.0,2.7485863904197894,0.0
13,Bengaluru,4098,DML + Z Controls (GBM),3.305903337282703,2.0478506286443428,0.15955660316707135,0.0,1.5030877034058916,0.0
13,Bengaluru,4098,Spectral OR-DML (Fixed),5.112396942222489,3.8543442335841287,0.09322867629024856,0.0,0.4519462146093092,0.05
13,Bengaluru,4098,Adaptive Spectral OR-DML,5.467720695179591,4.2096679865412305,0.10760311400808012,0.0,0.4519462146093092,4.469534883430863e-06
13,Bengaluru,4098,Regime FE DML (Hard),3.587809018491612,2.3297563098532517,0.12065708452496267,0.0,0.46578903458740634,0.0
13,Bengaluru,4098,Decoupled Soft OR-DML,4.643787584699901,3.3857348760615404,0.0817223188990252,0.0,0.5836150378163607,0.05
13,Bengaluru,4098,"HMM(Z, T) OR-DML",2.739758664740926,1.4817059561025658,0.11545496981947236,0.0,0.48926509566729154,0.05
14,Bengaluru,4098,Oracle DML,1.240808103914163,-0.0172446047241972,0.018490078151224724,1.0,0.5108963857609905,0.0
14,Bengaluru,4098,Standard DML,6.89990656685721,5.64185385821885,0.07361148433080164,0.0,2.678848838548068,0.0
14,Bengaluru,4098,Block DML,6.997983410134721,5.739930701496361,0.07376538364209008,0.0,2.763181966211517,0.0
14,Bengaluru,4098,DML + Z Controls (GBM),3.423667832830911,2.1656151241925508,0.16036880314813504,0.0,1.5459584049853292,0.0
14,Bengaluru,4098,Spectral OR-DML (Fixed),5.080965377765921,3.8229126691275606,0.09247294347806767,0.0,0.4614363384221182,0.05
14,Bengaluru,4098,Adaptive Spectral OR-DML,5.421021389764571,4.162968681126211,0.10530081146416885,0.0,0.4614363384221182,4.469534883430863e-06
14,Bengaluru,4098,Regime FE DML (Hard),3.6669852521589776,2.4089325435206175,0.11601742215207944,0.0,0.4758728486608923,0.0
14,Bengaluru,4098,Decoupled Soft OR-DML,4.636464045240533,3.378411336602173,0.08417520496202131,0.0,0.5905838421952123,0.05
14,Bengaluru,4098,"HMM(Z, T) OR-DML",2.7353609582470546,1.4773082496086944,0.11182664826416731,0.0,0.5021188917871361,0.05
15,Bengaluru,4098,Oracle DML,1.2709452560031091,0.012892547364748985,0.018075258216428098,1.0,0.516652231817106,0.0
15,Bengaluru,4098,Standard DML,6.882665715272069,5.624613006633709,0.08055803929722904,0.0,2.676737858761352,0.0
15,Bengaluru,4098,Block DML,6.984917650182471,5.726864941544111,0.08047191756963236,0.0,2.7710415793025867,0.0
15,Bengaluru,4098,DML + Z Controls (GBM),3.3649432058991047,2.1068904972607445,0.15981346017344192,0.0,1.5256771280968462,0.0
15,Bengaluru,4098,Spectral OR-DML (Fixed),5.112017302591975,3.853964593953615,0.09209881626884776,0.0,0.46706541126803885,0.05
15,Bengaluru,4098,Adaptive Spectral OR-DML,5.450561129406049,4.192508420767689,0.10499763318129846,0.0,0.46706541126803885,4.469534883430863e-06
15,Bengaluru,4098,Regime FE DML (Hard),3.749985700460863,2.491932991822503,0.11666229415190814,0.0,0.48892278849018533,0.0
15,Bengaluru,4098,Decoupled Soft OR-DML,4.661821528723501,3.403768820085141,0.08248536115552338,0.0,0.597161183470296,0.05
15,Bengaluru,4098,"HMM(Z, T) OR-DML",2.7032496666029333,1.4451969579645731,0.1124532490143352,0.0,0.5028154405695487,0.05
16,Bengaluru,4098,Oracle DML,1.2437800504816519,-0.014272658156708307,0.018621461532466164,1.0,0.5102215056266594,0.0
16,Bengaluru,4098,Standard DML,6.879057989297255,5.6210052806588955,0.08022156561272525,0.0,2.7120212223318014,0.0
16,Bengaluru,4098,Block DML,6.972745337814642,5.714692629176282,0.08003836059890612,0.0,2.7994055212072184,0.0
16,Bengaluru,4098,DML + Z Controls (GBM),3.4167456305149053,2.158692921876545,0.16143221126163146,0.0,1.5806043637245244,0.0
16,Bengaluru,4098,Spectral OR-DML (Fixed),5.116526950584219,3.8584742419458586,0.09504144765547323,0.0,0.46535534771146053,0.05
16,Bengaluru,4098,Adaptive Spectral OR-DML,5.463631204055606,4.205578495417246,0.10914656358970211,0.0,0.46535534771146053,4.469534883430863e-06
16,Bengaluru,4098,Regime FE DML (Hard),3.629508639815111,2.371455931176751,0.11966104979964436,0.0,0.472517563145899,0.0
16,Bengaluru,4098,Decoupled Soft OR-DML,4.640372146059539,3.3823194374211787,0.08207753669104455,0.0,0.5977991434361204,0.05
16,Bengaluru,4098,"HMM(Z, T) OR-DML",2.743797549226552,1.485744840588192,0.12147810514811265,0.0,0.5076423618213554,0.05
17,Bengaluru,4098,Oracle DML,1.2536532898610635,-0.00439941877729666,0.018263665716727603,1.0,0.4909163581625099,0.0
17,Bengaluru,4098,Standard DML,6.977697738837865,5.719645030199505,0.07593434908100294,0.0,2.6579417584903937,0.0
17,Bengaluru,4098,Block DML,7.081760368386457,5.823707659748097,0.07693594115401253,0.0,2.7221788591470535,0.0
17,Bengaluru,4098,DML + Z Controls (GBM),3.4547608944187567,2.1967081857803965,0.16003478383118347,0.0,1.5928986628348547,0.0
17,Bengaluru,4098,Spectral OR-DML (Fixed),5.2467995319845855,3.9887468233462253,0.09573806283712959,0.0,0.4654494674075337,0.05
17,Bengaluru,4098,Adaptive Spectral OR-DML,5.619740447490877,4.361687738852517,0.1115044103302003,0.0,0.4654494674075337,4.469534883430863e-06
17,Bengaluru,4098,Regime FE DML (Hard),3.5511960807663687,2.2931433721280086,0.1257138052581804,0.0,0.47878514400606287,0.0
17,Bengaluru,4098,Decoupled Soft OR-DML,4.709308383703758,3.4512556750653975,0.08292480924237133,0.0,0.6073429025064057,0.05
17,Bengaluru,4098,"HMM(Z, T) OR-DML",2.664821584005198,1.4067688753668377,0.11792651778383327,0.0,0.49708033518325434,0.05
18,Bengaluru,4098,Oracle DML,1.2545188219025198,-0.003533886735840319,0.01921078841640039,1.0,0.4769507311093758,0.0
18,Bengaluru,4098,Standard DML,6.987795306040611,5.72974259740225,0.07821251401320885,0.0,2.6405061739744067,0.0
18,Bengaluru,4098,Block DML,7.091714469994665,5.833661761356305,0.07987440864562723,0.0,2.7169763270854954,0.0
18,Bengaluru,4098,DML + Z Controls (GBM),3.5067089979036368,2.2486562892652766,0.16096794637173034,0.0,1.5076005884568289,0.0
18,Bengaluru,4098,Spectral OR-DML (Fixed),5.187952129363446,3.929899420725086,0.09609652436108133,0.0,0.435247761842886,0.05
18,Bengaluru,4098,Adaptive Spectral OR-DML,5.561143996325651,4.303091287687291,0.1111427605846788,0.0,0.435247761842886,4.469534883430863e-06
18,Bengaluru,4098,Regime FE DML (Hard),3.5508196269943473,2.292766918355987,0.12426325071637184,0.0,0.447458573632625,0.0
18,Bengaluru,4098,Decoupled Soft OR-DML,4.7081311673645025,3.4500784587261424,0.08478495354657666,0.0,0.5666982138964232,0.05
18,Bengaluru,4098,"HMM(Z, T) OR-DML",2.687985112795248,1.429932404156888,0.11314375210730715,0.0,0.472336080903813,0.05
19,Bengaluru,4098,Oracle DML,1.2503025548413236,-0.007750153797036585,0.01967043882566866,1.0,0.46722775903786407,0.0
19,Bengaluru,4098,Standard DML,7.005573179272179,5.74752047063382,0.07880247671289198,0.0,2.6075580549303488,0.0
19,Bengaluru,4098,Block DML,7.0991751251725335,5.841122416534173,0.07835790249070401,0.0,2.700404640143689,0.0
19,Bengaluru,4098,DML + Z Controls (GBM),3.5291633283617405,2.2711106197233804,0.17006328690478292,0.0,1.4960239825468529,0.0
19,Bengaluru,4098,Spectral OR-DML (Fixed),5.243229851049664,3.985177142411304,0.0952836543101143,0.0,0.4461376952503674,0.05
19,Bengaluru,4098,Adaptive Spectral OR-DML,5.589460503567347,4.331407794928987,0.1083257458717297,0.0,0.4461376952503674,4.469534883430863e-06
19,Bengaluru,4098,Regime FE DML (Hard),4.007140221315181,2.749087512676821,0.11167972849292174,0.0,0.4645988716863189,0.0
19,Bengaluru,4098,Decoupled Soft OR-DML,4.800472977235745,3.5424202685973847,0.08386530366305665,0.0,0.5622562174824565,0.05
19,Bengaluru,4098,"HMM(Z, T) OR-DML",2.76261413559645,1.50456142695809,0.1109193384053786,0.0,0.47821849266987543,0.05
20,Bengaluru,4098,Oracle DML,1.2544060405141668,-0.003646668124193342,0.01802105541763578,1.0,0.5000042559358224,0.0
20,Bengaluru,4098,Standard DML,6.945054627939839,5.687001919301478,0.07696801148313977,0.0,2.691976658075581,0.0
20,Bengaluru,4098,Block DML,7.046589816379007,5.7885371077406464,0.0769667669885893,0.0,2.7603130284469626,0.0
20,Bengaluru,4098,DML + Z Controls (GBM),3.4614606426280394,2.2034079339896793,0.1599359231746781,0.0,1.5456739378537583,0.0
20,Bengaluru,4098,Spectral OR-DML (Fixed),5.20469888822163,3.94664617958327,0.09422280759843063,0.0,0.45887334935507806,0.05
20,Bengaluru,4098,Adaptive Spectral OR-DML,5.5659339645981,4.307881255959741,0.10928299510077848,0.0,0.45887334935507806,4.469534883430863e-06
20,Bengaluru,4098,Regime FE DML (Hard),3.598900928134353,2.3408482194959928,0.12191752965327603,0.0,0.46830829953216035,0.0
20,Bengaluru,4098,Decoupled Soft OR-DML,4.7004423691146595,3.4423896604762994,0.08200299062455846,0.0,0.5927925953248311,0.05
20,Bengaluru,4098,"HMM(Z, T) OR-DML",2.7630135857045897,1.5049608770662295,0.12050522773556159,0.0,0.49686971576447553,0.05
21,Bengaluru,4098,Oracle DML,1.255384553135115,-0.002668155503245062,0.018795855003252593,1.0,0.4886231684069794,0.0
21,Bengaluru,4098,Standard DML,7.001813129834438,5.743760421196077,0.07651337351526849,0.0,2.623231605594313,0.0
21,Bengaluru,4098,Block DML,7.098805525922307,5.840752817283947,0.07702797998719424,0.0,2.7028638713029918,0.0
21,Bengaluru,4098,DML + Z Controls (GBM),3.4716609483059435,2.2136082396675834,0.16358410688339978,0.0,1.510958979949175,0.0
21,Bengaluru,4098,Spectral OR-DML (Fixed),5.139131330721013,3.881078622082653,0.09289228716545374,0.0,0.44977014931035825,0.05
21,Bengaluru,4098,Adaptive Spectral OR-DML,5.491660673139507,4.233607964501147,0.10557674194485724,0.0,0.44977014931035825,4.469534883430863e-06
21,Bengaluru,4098,Regime FE DML (Hard),3.6296989245368105,2.3716462158984504,0.12269649721277266,0.0,0.4681115582438744,0.0
21,Bengaluru,4098,Decoupled Soft OR-DML,4.720968717152363,3.462916008514003,0.08403328951128489,0.0,0.5813166179828584,0.05
21,Bengaluru,4098,"HMM(Z, T) OR-DML",2.7098712724405383,1.451818563802178,0.11731333329870432,0.0,0.4857676255152713,0.05
22,Bengaluru,4098,Oracle DML,1.228665025053356,-0.02938768358500421,0.018883265225913153,1.0,0.5112760148980949,0.0
22,Bengaluru,4098,Standard DML,6.89649230281632,5.63843959417796,0.08162508401021817,0.0,2.6471234360589535,0.0
22,Bengaluru,4098,Block DML,6.998214841872886,5.740162133234525,0.08296100242761958,0.0,2.718825412484778,0.0
22,Bengaluru,4098,DML + Z Controls (GBM),3.4642831103236733,2.206230401685313,0.15931837873676738,0.0,1.5770195273597887,0.0
22,Bengaluru,4098,Spectral OR-DML (Fixed),5.047034849845984,3.7889821412076237,0.09381655455219204,0.0,0.4624122773904417,0.05
22,Bengaluru,4098,Adaptive Spectral OR-DML,5.382800334332928,4.124747625694567,0.10648007980132167,0.0,0.4624122773904417,4.469534883430863e-06
22,Bengaluru,4098,Regime FE DML (Hard),3.6242930910898523,2.366240382451492,0.11846875357736994,0.0,0.4783191425698308,0.0
22,Bengaluru,4098,Decoupled Soft OR-DML,4.634771044602886,3.3767183359645254,0.08303875910256632,0.0,0.5950172419674037,0.05
22,Bengaluru,4098,"HMM(Z, T) OR-DML",2.6270458904211607,1.3689931817828005,0.11557053311521726,0.0,0.5101217634010609,0.05
23,Bengaluru,4098,Oracle DML,1.26569580867256,0.007643100034199879,0.018537093662972157,1.0,0.5023555068467579,0.0
23,Bengaluru,4098,Standard DML,6.938300054739649,5.6802473461012895,0.0789967193339054,0.0,2.6670106456906173,0.0
23,Bengaluru,4098,Block DML,7.040901306789068,5.782848598150707,0.0812899703171045,0.0,2.732547826277373,0.0
23,Bengaluru,4098,DML + Z Controls (GBM),3.4375291267884998,2.1794764181501396,0.1571890230149821,0.0,1.5297995696084437,0.0
23,Bengaluru,4098,Spectral OR-DML (Fixed),5.184640545633765,3.9265878369954046,0.095175345565338,0.0,0.4410620608651502,0.05
23,Bengaluru,4098,Adaptive Spectral OR-DML,5.541329782256759,4.2832770736183985,0.1098867477540373,0.0,0.4410620608651502,4.469534883430863e-06
23,Bengaluru,4098,Regime FE DML (Hard),3.741126131441983,2.483073422803623,0.11405117378184935,0.0,0.46052663231267793,0.0
23,Bengaluru,4098,Decoupled Soft OR-DML,4.699814745945188,3.441762037306828,0.08220138143870934,0.0,0.5737127019492232,0.05
23,Bengaluru,4098,"HMM(Z, T) OR-DML",2.830466654930885,1.5724139462925248,0.12013099958808923,0.0,0.4850295092408099,0.05
24,Bengaluru,4098,Oracle DML,1.2507800129849003,-0.007272695653459893,0.018174156875063786,1.0,0.49047874984887335,0.0
24,Bengaluru,4098,Standard DML,6.982638887452267,5.724586178813906,0.07586394994437867,0.0,2.6084398663579673,0.0
24,Bengaluru,4098,Block DML,7.054204920833318,5.796152212194958,0.0763123253301536,0.0,2.7136397727642736,0.0
24,Bengaluru,4098,DML + Z Controls (GBM),3.455056674860672,2.197003966222312,0.1554539560409968,0.0,1.5604923416015413,0.0
24,Bengaluru,4098,Spectral OR-DML (Fixed),5.165443030186495,3.9073903215481347,0.09321483514559986,0.0,0.4609230329417147,0.05
24,Bengaluru,4098,Adaptive Spectral OR-DML,5.527675635653087,4.269622927014726,0.10745267434832226,0.0,0.4609230329417147,4.469534883430863e-06
24,Bengaluru,4098,Regime FE DML (Hard),3.5565387134839854,2.2984860048456253,0.12742394657669628,0.0,0.4778841231408056,0.0
24,Bengaluru,4098,Decoupled Soft OR-DML,4.690136522618915,3.432083813980555,0.08224665836737238,0.0,0.5992668139209278,0.05
24,Bengaluru,4098,"HMM(Z, T) OR-DML",2.7435192460020352,1.485466537363675,0.11960402111612407,0.0,0.4953258994480107,0.05
25,Bengaluru,4098,Oracle DML,1.2715330660160058,0.013480357377645635,0.01849563663620942,1.0,0.49076941702006605,0.0
25,Bengaluru,4098,Standard DML,6.956600244349301,5.69854753571094,0.07449406986379549,0.0,2.6685274554004588,0.0
25,Bengaluru,4098,Block DML,7.057464268005819,5.799411559367458,0.07533050824325674,0.0,2.740423435156821,0.0
25,Bengaluru,4098,DML + Z Controls (GBM),3.413466433450672,2.1554137248123117,0.15612234220888102,0.0,1.545981868854713,0.0
25,Bengaluru,4098,Spectral OR-DML (Fixed),5.143637055238358,3.8855843465999977,0.0843680148368724,0.0,0.4371200201682734,0.05
25,Bengaluru,4098,Adaptive Spectral OR-DML,5.449868131886394,4.191815423248034,0.09318484006505323,0.0,0.4371200201682734,4.469534883430863e-06
25,Bengaluru,4098,Regime FE DML (Hard),4.232778611140094,2.9747259025017336,0.0986994274733934,0.0,0.45949007068211706,0.0
25,Bengaluru,4098,Decoupled Soft OR-DML,4.8061599870312985,3.5481072783929384,0.07627442669941568,0.0,0.5373962624935312,0.05
25,Bengaluru,4098,"HMM(Z, T) OR-DML",2.6065358448553537,1.3484831362169936,0.11203438437763281,0.0,0.4903134274112221,0.05
26,Bengaluru,4098,Oracle DML,1.2425142538073297,-0.015538454831030446,0.018336703877487433,1.0,0.5196457580662082,0.0
26,Bengaluru,4098,Standard DML,6.85102622678175,5.59297351814339,0.07253714022929031,0.0,2.727924230170799,0.0
26,Bengaluru,4098,Block DML,6.949437049512888,5.691384340874528,0.07372673415462298,0.0,2.8060807684778526,0.0
26,Bengaluru,4098,DML + Z Controls (GBM),3.3170606542214616,2.0590079455831014,0.1544120918330657,0.0,1.591409007731965,0.0
26,Bengaluru,4098,Spectral OR-DML (Fixed),5.08667873332883,3.8286260246904695,0.09573265750559316,0.0,0.48266788934735816,0.05
26,Bengaluru,4098,Adaptive Spectral OR-DML,5.432040606553002,4.1739878979146425,0.1096398658223373,0.0,0.48266788934735816,4.469534883430863e-06
26,Bengaluru,4098,Regime FE DML (Hard),3.5364682738488007,2.2784155652104405,0.12645683950606945,0.0,0.4972559616900847,0.0
26,Bengaluru,4098,Decoupled Soft OR-DML,4.602222243078045,3.344169534439685,0.08472464672083459,0.0,0.6181260814075802,0.05
26,Bengaluru,4098,"HMM(Z, T) OR-DML",2.6487235123290795,1.3906708036907194,0.11464580574935244,0.0,0.5116605230016339,0.05
27,Bengaluru,4098,Oracle DML,1.2540639841993158,-0.003988724439044411,0.019316426238544245,1.0,0.4633080335152829,0.0
27,Bengaluru,4098,Standard DML,6.986308659337187,5.728255950698827,0.07793277400255122,0.0,2.671866031683177,0.0
27,Bengaluru,4098,Block DML,7.081188601511044,5.823135892872683,0.07722528162076117,0.0,2.76871003897845,0.0
27,Bengaluru,4098,DML + Z Controls (GBM),3.445485425954844,2.187432717316484,0.1630655601185944,0.0,1.505732199932703,0.0
27,Bengaluru,4098,Spectral OR-DML (Fixed),5.2916254698669825,4.033572761228623,0.09771089611688046,0.0,0.4681913820105257,0.05
27,Bengaluru,4098,Adaptive Spectral OR-DML,5.652193464736817,4.394140756098457,0.11329648488126559,0.0,0.4681913820105257,4.469534883430863e-06
27,Bengaluru,4098,Regime FE DML (Hard),3.8358210290208636,2.5777683203825035,0.1184590353229735,0.0,0.48663154158038646,0.0
27,Bengaluru,4098,Decoupled Soft OR-DML,4.7745311347819746,3.5164784261436144,0.08294698594204462,0.0,0.5924892872237122,0.05
27,Bengaluru,4098,"HMM(Z, T) OR-DML",2.6467551047367373,1.388702396098377,0.10953832910139667,0.0,0.4733577325748754,0.05
28,Bengaluru,4098,Oracle DML,1.2715197828627753,0.013467074224415176,0.01905789855920338,1.0,0.5067777272448971,0.0
28,Bengaluru,4098,Standard DML,6.895861814214535,5.637809105576174,0.07720216495269944,0.0,2.723354823553574,0.0
28,Bengaluru,4098,Block DML,6.998112895419318,5.740060186780958,0.07753550435397759,0.0,2.803567301125051,0.0
28,Bengaluru,4098,DML + Z Controls (GBM),3.3514227883216114,2.0933700796832513,0.14951710795257825,0.0,1.6086402962778799,0.0
28,Bengaluru,4098,Spectral OR-DML (Fixed),5.227421483296428,3.969368774658068,0.09618989899073153,0.0,0.4678200017259767,0.05
28,Bengaluru,4098,Adaptive Spectral OR-DML,5.590430480295371,4.332377771657011,0.11215769334665361,0.0,0.4678200017259767,4.469534883430863e-06
28,Bengaluru,4098,Regime FE DML (Hard),3.573264732417323,2.3152120237789626,0.12472848365726302,0.0,0.47805165044405495,0.0
28,Bengaluru,4098,Decoupled Soft OR-DML,4.67741536470248,3.4193626560641195,0.08252683178572136,0.0,0.6125856490493995,0.05
28,Bengaluru,4098,"HMM(Z, T) OR-DML",2.797117551959987,1.539064843321627,0.12014838885672055,0.0,0.5003665701687848,0.05
29,Bengaluru,4098,Oracle DML,1.241937263479379,-0.016115445158981112,0.018769288630815936,1.0,0.49406887751398987,0.0
29,Bengaluru,4098,Standard DML,6.916645830165765,5.658593121527405,0.0794828382033909,0.0,2.655385765595923,0.0
29,Bengaluru,4098,Block DML,7.009122379212433,5.751069670574072,0.07985228449720061,0.0,2.7449002666374955,0.0
29,Bengaluru,4098,DML + Z Controls (GBM),3.356623161337026,2.0985704526986657,0.1536996333458393,0.0,1.5571436395935239,0.0
29,Bengaluru,4098,Spectral OR-DML (Fixed),5.134997245518392,3.8769445368800315,0.09723157878371579,0.0,0.4667748451650888,0.05
29,Bengaluru,4098,Adaptive Spectral OR-DML,5.4874789883965205,4.22942627975816,0.11160758581365268,0.0,0.4667748451650888,4.469534883430863e-06
29,Bengaluru,4098,Regime FE DML (Hard),3.6669136045495487,2.4088608959111886,0.12288468863435724,0.0,0.4846681627171588,0.0
29,Bengaluru,4098,Decoupled Soft OR-DML,4.663220287478964,3.405167578840604,0.08394318704778343,0.0,0.5961248832518943,0.05
29,Bengaluru,4098,"HMM(Z, T) OR-DML",2.6901267400748425,1.4320740314364824,0.11272235002890553,0.0,0.4919842731424903,0.05
0,Kolkata,1210,Oracle DML,1.1616928342218733,0.08648622265162542,0.03501774332773845,0.0,0.3643504844118659,0.0
0,Kolkata,1210,Standard DML,6.855453291894969,5.780246680324721,0.24508817621235074,0.0,2.610934486991192,0.0
0,Kolkata,1210,Block DML,7.067577517751602,5.992370906181353,0.2741677985972249,0.0,2.825575065223358,0.0
0,Kolkata,1210,DML + Z Controls (GBM),3.1435549068953677,2.0683482953251198,0.21132179872060722,0.0,1.8931094132723636,0.0
0,Kolkata,1210,Spectral OR-DML (Fixed),4.920387103751677,3.8451804921814294,0.19884870829737505,0.0,0.4268614513741889,0.05
0,Kolkata,1210,Adaptive Spectral OR-DML,5.3340027239286965,4.258796112358448,0.2375529019909467,0.0,0.4268614513741889,4.469534883430863e-06
0,Kolkata,1210,Regime FE DML (Hard),1.5839082259397528,0.5087016143695049,0.23124472383259279,0.0,0.36039740180009816,0.0
0,Kolkata,1210,Decoupled Soft OR-DML,4.311275220028122,3.2360686084578743,0.1773381493288,0.0,0.6482193029008491,0.05
0,Kolkata,1210,"HMM(Z, T) OR-DML",2.2756990777099313,1.2004924661396834,0.1448868073209021,0.0,0.35383577315206693,0.05
1,Kolkata,1210,Oracle DML,0.9803182594167725,-0.09488835215347535,0.03612900979561888,0.0,0.4063978410034749,0.0
1,Kolkata,1210,Standard DML,6.798456087561451,5.723249475991203,0.22260273025569072,0.0,2.630253793753956,0.0
1,Kolkata,1210,Block DML,6.993673381253227,5.918466769682979,0.24338725196243896,0.0,2.8544580311728445,0.0
1,Kolkata,1210,DML + Z Controls (GBM),2.866108681884696,1.790902070314448,0.19450303170776945,0.0,1.8534597809116902,0.0
1,Kolkata,1210,Spectral OR-DML (Fixed),4.682922884437913,3.607716272867665,0.19747555129011496,0.0,0.4707068516536475,0.05
1,Kolkata,1210,Adaptive Spectral OR-DML,5.054974074391506,3.979767462821258,0.22829425223498137,0.0,0.4707068516536475,4.469534883430863e-06
1,Kolkata,1210,Regime FE DML (Hard),1.4306762955695185,0.3554696839992706,0.2097768427538996,1.0,0.40595552714014405,0.0
1,Kolkata,1210,Decoupled Soft OR-DML,4.171070433027631,3.095863821457383,0.17998236416890953,0.0,0.6775798689695955,0.05
1,Kolkata,1210,"HMM(Z, T) OR-DML",2.048540021083909,0.973333409513661,0.13932035799585987,0.0,0.39014266903891426,0.05
2,Kolkata,1210,Oracle DML,1.067584868515014,-0.007621743055233887,0.035240654841208974,1.0,0.38064478279153663,0.0
2,Kolkata,1210,Standard DML,6.789844415845232,5.714637804274984,0.23490250702266455,0.0,2.7808929700300307,0.0
2,Kolkata,1210,Block DML,7.01717861577958,5.941972004209331,0.26683167994289575,0.0,2.982374475224324,0.0
2,Kolkata,1210,DML + Z Controls (GBM),2.9955921378060264,1.9203855262357785,0.21111805725911514,0.0,1.6602027447790344,0.0
2,Kolkata,1210,Spectral OR-DML (Fixed),4.896157377455418,3.82095076588517,0.2061591086902508,0.0,0.4599824563690739,0.05
2,Kolkata,1210,Adaptive Spectral OR-DML,5.305246588904039,4.2300399773337904,0.2542511279719754,0.0,0.4599824563690739,4.469534883430863e-06
2,Kolkata,1210,Regime FE DML (Hard),1.1689567642305354,0.09375015266028752,0.11776039531661783,1.0,0.3808469529369227,0.0
2,Kolkata,1210,Decoupled Soft OR-DML,4.210797134726585,3.135590523156337,0.165916815682363,0.0,0.6802592720202691,0.05
2,Kolkata,1210,"HMM(Z, T) OR-DML",2.2992437398124883,1.2240371282422404,0.15288135590123952,0.0,0.36521803020967486,0.05
3,Kolkata,1210,Oracle DML,1.1380714732418546,0.06286486167160676,0.03426818995455372,1.0,0.41053924055042634,0.0
3,Kolkata,1210,Standard DML,6.686355871799317,5.61114926022907,0.22543552333162006,0.0,2.7997949322832105,0.0
3,Kolkata,1210,Block DML,6.892011901384028,5.8168052898137805,0.25466532409253406,0.0,3.022300042742209,0.0
3,Kolkata,1210,DML + Z Controls (GBM),3.104005207401062,2.028798595830814,0.1928477540609542,0.0,1.910533633599258,0.0
3,Kolkata,1210,Spectral OR-DML (Fixed),4.697413012435897,3.622206400865649,0.19136781611590173,0.0,0.4942984917114265,0.05
3,Kolkata,1210,Adaptive Spectral OR-DML,5.048872941686329,3.9736663301160813,0.2280917455581632,0.0,0.4942984917114265,4.469534883430863e-06
3,Kolkata,1210,Regime FE DML (Hard),1.1380714732418546,0.06286486167160676,0.03426818995455372,1.0,0.41053924055042634,0.0
3,Kolkata,1210,Decoupled Soft OR-DML,4.1540942410336665,3.0788876294634187,0.16178306870809847,0.0,0.7303619824019757,0.05
3,Kolkata,1210,"HMM(Z, T) OR-DML",2.1633914727545562,1.0881848611843083,0.1290437215910577,0.0,0.4084967693355043,0.05
4,Kolkata,1210,Oracle DML,1.0543243753259466,-0.0208822362443013,0.03139437809568726,1.0,0.3881196322114559,0.0
4,Kolkata,1210,Standard DML,6.767748582508417,5.692541970938169,0.2299269742123065,0.0,2.7055165252787408,0.0
4,Kolkata,1210,Block DML,6.958346170048937,5.883139558478689,0.2577334406779684,0.0,2.95788063263384,0.0
4,Kolkata,1210,DML + Z Controls (GBM),3.085997582479862,2.010790970909614,0.2035256100491364,0.0,1.8788536048070839,0.0
4,Kolkata,1210,Spectral OR-DML (Fixed),4.724467516729363,3.649260905159115,0.16083015564143813,0.0,0.5005992037690946,0.05
4,Kolkata,1210,Adaptive Spectral OR-DML,5.083075348033217,4.007868736462969,0.18996606030606145,0.0,0.5005992037690946,4.469534883430863e-06
4,Kolkata,1210,Regime FE DML (Hard),1.0543243753259466,-0.0208822362443013,0.03139437809568726,1.0,0.3881196322114559,0.0
4,Kolkata,1210,Decoupled Soft OR-DML,4.196559870467063,3.1213532588968147,0.14843036987033903,0.0,0.7166501874544727,0.05
4,Kolkata,1210,"HMM(Z, T) OR-DML",2.1432446162118595,1.0680380046416116,0.1307190236994455,0.0,0.38120552005753683,0.05
5,Kolkata,1210,Oracle DML,1.0791293825876267,0.003922771017378812,0.02900977733910004,1.0,0.3723347190613918,0.0
5,Kolkata,1210,Standard DML,6.730799725483134,5.655593113912886,0.2545944590112255,0.0,2.663882067211043,0.0
5,Kolkata,1210,Block DML,6.962762142493241,5.887555530922993,0.2896007567053358,0.0,2.8563774472069197,0.0
5,Kolkata,1210,DML + Z Controls (GBM),3.0640733915636083,1.9888667799933604,0.19362342692901696,0.0,1.7653572287543096,0.0
5,Kolkata,1210,Spectral OR-DML (Fixed),4.640997656478611,3.5657910449083627,0.19745626432958174,0.0,0.45109246892543614,0.05
5,Kolkata,1210,Adaptive Spectral OR-DML,5.006705052500039,3.9314984409297913,0.226653920868428,0.0,0.45109246892543614,4.469534883430863e-06
5,Kolkata,1210,Regime FE DML (Hard),1.4879292012835035,0.4127225897132556,0.19591479985027976,0.0,0.3704290026201562,0.0
5,Kolkata,1210,Decoupled Soft OR-DML,4.179092860289886,3.1038862487196384,0.17831338888494278,0.0,0.6503041753502287,0.05
5,Kolkata,1210,"HMM(Z, T) OR-DML",2.1929832940631773,1.1177766824929294,0.14802938151349912,0.0,0.3753870574370872,0.05
6,Kolkata,1210,Oracle DML,1.0889812220201063,0.013774610449858393,0.032823393556788594,1.0,0.3829285445780309,0.0
6,Kolkata,1210,Standard DML,6.896454715965237,5.821248104394989,0.23114150621326232,0.0,2.6253012826578828,0.0
6,Kolkata,1210,Block DML,7.144806119350892,6.069599507780644,0.2664740987307779,0.0,2.8191984128295475,0.0
6,Kolkata,1210,DML + Z Controls (GBM),3.2658669590393927,2.190660347469145,0.22090387804913628,0.0,1.8248784279903638,0.0
6,Kolkata,1210,Spectral OR-DML (Fixed),4.867136279347706,3.7919296677774583,0.1864060412477362,0.0,0.45820240149063823,0.05
6,Kolkata,1210,Adaptive Spectral OR-DML,5.255796440517251,4.180589828947003,0.2185487528089295,0.0,0.45820240149063823,4.469534883430863e-06
6,Kolkata,1210,Regime FE DML (Hard),1.4589584440743422,0.3837518325040943,0.2395424989807438,1.0,0.3776117958750723,0.0
6,Kolkata,1210,Decoupled Soft OR-DML,4.328190355657785,3.2529837440875373,0.16734893087708416,0.0,0.6754752121257208,0.05
6,Kolkata,1210,"HMM(Z, T) OR-DML",2.3408999398162518,1.265693328246004,0.18257686323533734,0.0,0.3807770506395136,0.05
7,Kolkata,1210,Oracle DML,1.0490232622711935,-0.026183349299054415,0.03644222012509529,1.0,0.3840161901122573,0.0
7,Kolkata,1210,Standard DML,6.9361851999682465,5.860978588397998,0.23942505410032738,0.0,2.6979435376270353,0.0
7,Kolkata,1210,Block DML,7.114539429418449,6.0393328178482015,0.25974264514159334,0.0,2.934022101625065,0.0
7,Kolkata,1210,DML + Z Controls (GBM),3.3731550645323933,2.2979484529621454,0.2171947495464986,0.0,1.7000271249731698,0.0
7,Kolkata,1210,Spectral OR-DML (Fixed),5.012155943344876,3.936949331774628,0.21196252579629749,0.0,0.449007150309403,0.05
7,Kolkata,1210,Adaptive Spectral OR-DML,5.420803732208478,4.34559712063823,0.2534765352229037,0.0,0.449007150309403,4.469534883430863e-06
7,Kolkata,1210,Regime FE DML (Hard),1.0490232622711935,-0.026183349299054415,0.03644222012509529,1.0,0.3840161901122573,0.0
7,Kolkata,1210,Decoupled Soft OR-DML,4.375101583712583,3.299894972142335,0.17904386406637396,0.0,0.681280568973348,0.05
7,Kolkata,1210,"HMM(Z, T) OR-DML",2.2566723445236234,1.1814657329533755,0.17065552981488294,0.0,0.3827281261525845,0.05
8,Kolkata,1210,Oracle DML,1.0457069404564248,-0.029499671113823123,0.03048145228531126,1.0,0.415860250230333,0.0
8,Kolkata,1210,Standard DML,6.749865447852365,5.674658836282116,0.23574273217981084,0.0,2.648633830047503,0.0
8,Kolkata,1210,Block DML,6.987234173792956,5.912027562222708,0.2742621560655146,0.0,2.76271119395274,0.0
8,Kolkata,1210,DML + Z Controls (GBM),2.9054861626782524,1.8302795511080046,0.19297674496122347,0.0,1.8203846335746983,0.0
8,Kolkata,1210,Spectral OR-DML (Fixed),4.584897724127849,3.509691112557601,0.186337424661145,0.0,0.4744155915259508,0.05
8,Kolkata,1210,Adaptive Spectral OR-DML,4.954443812892448,3.8792372013222,0.21778662719730027,0.0,0.4744155915259508,4.469534883430863e-06
8,Kolkata,1210,Regime FE DML (Hard),1.465535551869779,0.39032894029953114,0.19682169195391783,0.0,0.4103039075841445,0.0
8,Kolkata,1210,Decoupled Soft OR-DML,4.072859115256606,2.9976525036863584,0.16868304354793198,0.0,0.6749176984476186,0.05
8,Kolkata,1210,"HMM(Z, T) OR-DML",2.346870375451091,1.2716637638808432,0.14479698044290917,0.0,0.4073902601603859,0.05
9,Kolkata,1210,Oracle DML,1.031025700581643,-0.04418091098860488,0.03330895321440877,1.0,0.39666534488871796,0.0
9,Kolkata,1210,Standard DML,6.804770723099216,5.729564111528967,0.2326730986518119,0.0,2.6721962861265034,0.0
9,Kolkata,1210,Block DML,6.980223409470693,5.905016797900446,0.25796014465332545,0.0,2.9446946560034934,0.0
9,Kolkata,1210,DML + Z Controls (GBM),3.137392099414554,2.062185487844306,0.21632121227752032,0.0,1.8390117010581897,0.0
9,Kolkata,1210,Spectral OR-DML (Fixed),4.8556442247225045,3.7804376131522566,0.20991577683154405,0.0,0.47342278457516734,0.05
9,Kolkata,1210,Adaptive Spectral OR-DML,5.241207512943762,4.166000901373515,0.2457620460586184,0.0,0.47342278457516734,4.469534883430863e-06
9,Kolkata,1210,Regime FE DML (Hard),1.4617814666160447,0.3865748550457968,0.2081607203189128,1.0,0.394116004977148,0.0
9,Kolkata,1210,Decoupled Soft OR-DML,4.292485022833427,3.217278411263179,0.18006249789356768,0.0,0.6729260785504442,0.05
9,Kolkata,1210,"HMM(Z, T) OR-DML",2.1372902083561875,1.0620835967859397,0.14264982055973194,0.0,0.40868054668065124,0.05
10,Kolkata,1210,Oracle DML,1.0958264652876797,0.020619853717431802,0.03234014477153313,1.0,0.4245548469505874,0.0
10,Kolkata,1210,Standard DML,6.847229984458802,5.772023372888555,0.22844234789769574,0.0,2.6765638656426534,0.0
10,Kolkata,1210,Block DML,7.058404166857562,5.983197555287314,0.2514357425287508,0.0,2.911295660613449,0.0
10,Kolkata,1210,DML + Z Controls (GBM),3.0495947220013844,1.9743881104311365,0.19031712018536656,0.0,1.8880050672829896,0.0
10,Kolkata,1210,Spectral OR-DML (Fixed),4.885659306293142,3.8104526947228945,0.21750123276559036,0.0,0.46706708462011576,0.05
10,Kolkata,1210,Adaptive Spectral OR-DML,5.2647001162374405,4.189493504667192,0.24990130183949216,0.0,0.46706708462011576,4.469534883430863e-06
10,Kolkata,1210,Regime FE DML (Hard),1.5158118509367418,0.4406052393664939,0.21272314762628383,0.0,0.4208342742133556,0.0
10,Kolkata,1210,Decoupled Soft OR-DML,4.319920016504158,3.24471340493391,0.1903310601404346,0.0,0.6854436984989332,0.05
10,Kolkata,1210,"HMM(Z, T) OR-DML",2.358112555315417,1.282905943745169,0.17029284367028225,0.0,0.4082833687781718,0.05
11,Kolkata,1210,Oracle DML,1.153626595308734,0.07841998373848602,0.03019265423737702,0.0,0.4195299714617808,0.0
11,Kolkata,1210,Standard DML,6.618084717448781,5.542878105878533,0.23339095603887455,0.0,2.8118982222774713,0.0
11,Kolkata,1210,Block DML,6.862549977055385,5.787343365485137,0.2696850334741142,0.0,2.9820605193502896,0.0
11,Kolkata,1210,DML + Z Controls (GBM),3.0030021179074846,1.9277955063372367,0.1885345751670139,0.0,1.8883613463731632,0.0
11,Kolkata,1210,Spectral OR-DML (Fixed),4.685606218143642,3.610399606573394,0.19204489292877297,0.0,0.488579310705768,0.05
11,Kolkata,1210,Adaptive Spectral OR-DML,5.044449534299382,3.969242922729134,0.22891421580007457,0.0,0.488579310705768,4.469534883430863e-06
11,Kolkata,1210,Regime FE DML (Hard),1.573426932621727,0.49822032105147906,0.1921045862206683,0.0,0.41858931993705245,0.0
11,Kolkata,1210,Decoupled Soft OR-DML,4.128092710019063,3.052886098448815,0.16216898915748568,0.0,0.7009086585715848,0.05
11,Kolkata,1210,"HMM(Z, T) OR-DML",2.3473060882316266,1.2720994766613787,0.1375666759516399,0.0,0.4053424903411342,0.05
12,Kolkata,1210,Oracle DML,1.0776138635897659,0.002407252019517969,0.03267421292248621,1.0,0.3997513830260414,0.0
12,Kolkata,1210,Standard DML,6.744321279588842,5.669114668018594,0.23266970983503985,0.0,2.694135350628252,0.0
12,Kolkata,1210,Block DML,6.9293989944553145,5.854192382885067,0.25495803225551006,0.0,2.9604181703548016,0.0
12,Kolkata,1210,DML + Z Controls (GBM),3.013729532716937,1.938522921146689,0.19748522443203578,0.0,1.8689976164132933,0.0
12,Kolkata,1210,Spectral OR-DML (Fixed),4.786647759347618,3.71144114777737,0.20731233026347842,0.0,0.47650033053386454,0.05
12,Kolkata,1210,Adaptive Spectral OR-DML,5.156569195495624,4.081362583925376,0.23691107294836872,0.0,0.47650033053386454,4.469534883430863e-06
12,Kolkata,1210,Regime FE DML (Hard),1.6826709766645376,0.6074643650942897,0.24073849493918328,0.0,0.396586614920615,0.0
12,Kolkata,1210,Decoupled Soft OR-DML,4.244496124037772,3.169289512467524,0.18510760512306848,0.0,0.6754311532342747,0.05
12,Kolkata,1210,"HMM(Z, T) OR-DML",2.1626307946161045,1.0874241830458566,0.14471431733503937,0.0,0.39239020809114433,0.05
13,Kolkata,1210,Oracle DML,1.0302568123598042,-0.04494979921044373,0.03449507950733548,1.0,0.40060723269454757,0.0
13,Kolkata,1210,Standard DML,6.7509272809561836,5.675720669385935,0.2525748580846703,0.0,2.6454504420003766,0.0
13,Kolkata,1210,Block DML,6.9808205993994195,5.905613987829172,0.29142188561373056,0.0,2.810520679534772,0.0
13,Kolkata,1210,DML + Z Controls (GBM),2.8797084462715303,1.8045018347012824,0.21169063771344226,0.0,1.886962860159566,0.0
13,Kolkata,1210,Spectral OR-DML (Fixed),4.588078009925468,3.51287139835522,0.20854157399698242,0.0,0.46280651290807084,0.05
13,Kolkata,1210,Adaptive Spectral OR-DML,4.946214312692582,3.8710077011223345,0.23842084972745667,0.0,0.46280651290807084,4.469534883430863e-06
13,Kolkata,1210,Regime FE DML (Hard),1.5424306022119025,0.46722399064165465,0.22462777773104864,0.0,0.3990437866111081,0.0
13,Kolkata,1210,Decoupled Soft OR-DML,4.140521238949423,3.0653146273791747,0.1874804485055845,0.0,0.657042191870746,0.05
13,Kolkata,1210,"HMM(Z, T) OR-DML",1.9852786980490942,0.9100720864788463,0.12949292600218534,0.0,0.4031920566599019,0.05
14,Kolkata,1210,Oracle DML,1.0808409904107656,0.005634378840517762,0.032958299808447535,1.0,0.38270567560807683,0.0
14,Kolkata,1210,Standard DML,6.897244149661598,5.822037538091351,0.2307794711731974,0.0,2.561887451437816,0.0
14,Kolkata,1210,Block DML,7.091600874991468,6.016394263421221,0.24952644814279243,0.0,2.8129989802129445,0.0
14,Kolkata,1210,DML + Z Controls (GBM),3.0856574792212914,2.0104508676510435,0.22483342992904712,0.0,1.7485101061277821,0.0
14,Kolkata,1210,Spectral OR-DML (Fixed),4.700877448486039,3.625670836915791,0.19016347655154298,0.0,0.4743044446956021,0.05
14,Kolkata,1210,Adaptive Spectral OR-DML,5.070888101323191,3.995681489752943,0.21907246836276953,0.0,0.4743044446956021,4.469534883430863e-06
14,Kolkata,1210,Regime FE DML (Hard),1.4773229283220113,0.4021163167517634,0.2267654466852979,1.0,0.37816901872405256,0.0
14,Kolkata,1210,Decoupled Soft OR-DML,4.222762324627011,3.147555713056763,0.17861865092399087,0.0,0.686303492632187,0.05
14,Kolkata,1210,"HMM(Z, T) OR-DML",2.2651578081849455,1.1899511966146976,0.16479592159130432,0.0,0.3560136414932822,0.05
15,Kolkata,1210,Oracle DML,1.1795039192346195,0.10429730766437162,0.03368596097152996,0.0,0.388999284247665,0.0
15,Kolkata,1210,Standard DML,6.881392981174692,5.806186369604443,0.23460747086071784,0.0,2.627856435746789,0.0
15,Kolkata,1210,Block DML,7.15459082357058,6.079384212000333,0.2772523713374855,0.0,2.769290426821114,0.0
15,Kolkata,1210,DML + Z Controls (GBM),3.247111013067657,2.171904401497409,0.20691939853904662,0.0,1.626924073377803,0.0
15,Kolkata,1210,Spectral OR-DML (Fixed),4.885363289284321,3.810156677714073,0.19512656732596148,0.0,0.4426001392445898,0.05
15,Kolkata,1210,Adaptive Spectral OR-DML,5.291774562966303,4.216567951396055,0.23167102426985273,0.0,0.4426001392445898,4.469534883430863e-06
15,Kolkata,1210,Regime FE DML (Hard),1.537826458840196,0.4626198472699481,0.19226906920139641,0.0,0.3876997619793825,0.0
15,Kolkata,1210,Decoupled Soft OR-DML,4.302831077355693,3.227624465785445,0.17318993116964737,0.0,0.6557257027685967,0.05
15,Kolkata,1210,"HMM(Z, T) OR-DML",2.1610828950858387,1.0858762835155908,0.13535817709106152,0.0,0.3782874931966173,0.05
16,Kolkata,1210,Oracle DML,1.098781036166448,0.023574424596200183,0.0349771148560381,1.0,0.38565413861096515,0.0
16,Kolkata,1210,Standard DML,6.857496729758498,5.78229011818825,0.24565400486384548,0.0,2.6918721577903613,0.0
16,Kolkata,1210,Block DML,7.081562554025437,6.006355942455189,0.2780118961862992,0.0,2.888420994257051,0.0
16,Kolkata,1210,DML + Z Controls (GBM),3.2333870027090037,2.158180391138756,0.20883233678393742,0.0,1.6487144567463041,0.0
16,Kolkata,1210,Spectral OR-DML (Fixed),4.910322039836817,3.8351154282665694,0.21099274151467953,0.0,0.4540546228240446,0.05
16,Kolkata,1210,Adaptive Spectral OR-DML,5.300204227616632,4.224997616046384,0.24448511275433177,0.0,0.4540546228240446,4.469534883430863e-06
16,Kolkata,1210,Regime FE DML (Hard),1.569520483108262,0.4943138715380142,0.24126350125252735,0.0,0.3827014748821835,0.0
16,Kolkata,1210,Decoupled Soft OR-DML,4.384663882955949,3.309457271385701,0.18560501747834565,0.0,0.666683686081819,0.05
16,Kolkata,1210,"HMM(Z, T) OR-DML",2.017387950828501,0.9421813392582532,0.13110688774232312,0.0,0.3806825669879518,0.05
17,Kolkata,1210,Oracle DML,1.1113021469382476,0.0360955353679997,0.03402311005385969,1.0,0.3753615072729898,0.0
17,Kolkata,1210,Standard DML,6.88285679809234,5.807650186522093,0.2082829048110792,0.0,2.703853886710051,0.0
17,Kolkata,1210,Block DML,7.046430835723272,5.9712242241530245,0.224020515379597,0.0,2.975611756721161,0.0
17,Kolkata,1210,DML + Z Controls (GBM),3.3422100884090495,2.2670034768388017,0.2248880869282307,0.0,1.6882080218586752,0.0
17,Kolkata,1210,Spectral OR-DML (Fixed),5.025267241555689,3.950060629985441,0.20156857140694942,0.0,0.45736214336062886,0.05
17,Kolkata,1210,Adaptive Spectral OR-DML,5.433766455955812,4.358559844385564,0.23551426048712654,0.0,0.45736214336062886,4.469534883430863e-06
17,Kolkata,1210,Regime FE DML (Hard),1.6913335772597295,0.6161269656894817,0.2609970296769082,0.0,0.3729721128239519,0.0
17,Kolkata,1210,Decoupled Soft OR-DML,4.396880771492266,3.321674159922018,0.18026949740470416,0.0,0.6728045778676204,0.05
17,Kolkata,1210,"HMM(Z, T) OR-DML",2.141617788967126,1.066411177396878,0.13382170785714576,0.0,0.3736371099597918,0.05
18,Kolkata,1210,Oracle DML,1.044410520264141,-0.030796091306106943,0.035270885498671904,1.0,0.3985318783532012,0.0
18,Kolkata,1210,Standard DML,6.6565908302992,5.581384218728951,0.23977305236053,0.0,2.8189743521815767,0.0
18,Kolkata,1210,Block DML,6.867652137432293,5.792445525862044,0.26799804092272156,0.0,3.020520079694332,0.0
18,Kolkata,1210,DML + Z Controls (GBM),2.9604023058814573,1.8851956943112094,0.19979874324595198,0.0,2.0553174896636666,0.0
18,Kolkata,1210,Spectral OR-DML (Fixed),4.783818484184087,3.708611872613839,0.22109070860382418,0.0,0.4502637960285317,0.05
18,Kolkata,1210,Adaptive Spectral OR-DML,5.167280912396744,4.092074300826496,0.26061426179731917,0.0,0.4502637960285317,4.469534883430863e-06
18,Kolkata,1210,Regime FE DML (Hard),1.5540699976098118,0.4788633860395639,0.23692744118592993,0.0,0.3981932027214602,0.0
18,Kolkata,1210,Decoupled Soft OR-DML,4.16505248582591,3.0898458742556625,0.18782757109043738,0.0,0.6720809468667871,0.05
18,Kolkata,1210,"HMM(Z, T) OR-DML",1.8828667911839334,0.8076601796136855,0.10756489980043885,0.0,0.3936293023115511,0.05
19,Kolkata,1210,Oracle DML,1.0705491719142914,-0.004657439655956441,0.03260698724471538,1.0,0.3949111696420272,0.0
19,Kolkata,1210,Standard DML,6.67552758753328,5.600320975963031,0.217173408082567,0.0,2.8733435290193317,0.0
19,Kolkata,1210,Block DML,6.885751508528094,5.810544896957847,0.2512962294477828,0.0,3.028028308448721,0.0
19,Kolkata,1210,DML + Z Controls (GBM),3.153804595758644,2.078597984188396,0.21337955742706996,0.0,1.9737248064912218,0.0
19,Kolkata,1210,Spectral OR-DML (Fixed),4.831010412319701,3.755803800749453,0.19657546074366564,0.0,0.4382321282377138,0.05
19,Kolkata,1210,Adaptive Spectral OR-DML,5.213778208722948,4.1385715971526995,0.2342585083033523,0.0,0.4382321282377138,4.469534883430863e-06
19,Kolkata,1210,Regime FE DML (Hard),1.2880303271383096,0.21282371556806168,0.16024291691163267,1.0,0.3926109254995185,0.0
19,Kolkata,1210,Decoupled Soft OR-DML,4.2004278407742355,3.1252212292039876,0.17164535424855376,0.0,0.6794182538235316,0.05
19,Kolkata,1210,"HMM(Z, T) OR-DML",2.0857471291758096,1.0105405176055617,0.12991020077445178,0.0,0.38760928529013944,0.05
20,Kolkata,1210,Oracle DML,1.1069779538122682,0.03177134224202027,0.036273472797442946,1.0,0.40087803076556594,0.0
20,Kolkata,1210,Standard DML,6.8021287402714306,5.726922128701183,0.22342428700581113,0.0,2.6418734025931685,0.0
20,Kolkata,1210,Block DML,7.041555263429442,5.966348651859194,0.2541384824061898,0.0,2.776618533888016,0.0
20,Kolkata,1210,DML + Z Controls (GBM),3.224532065170113,2.149325453599865,0.21192532856026633,0.0,1.7125944783921236,0.0
20,Kolkata,1210,Spectral OR-DML (Fixed),4.741794846889233,3.666588235318985,0.21559317999575214,0.0,0.4599404879122579,0.05
20,Kolkata,1210,Adaptive Spectral OR-DML,5.116900460778589,4.041693849208341,0.24469318865309853,0.0,0.4599404879122579,4.469534883430863e-06
20,Kolkata,1210,Regime FE DML (Hard),1.5599228513972783,0.4847162398270304,0.21810754308572478,0.0,0.4008844366010169,0.0
20,Kolkata,1210,Decoupled Soft OR-DML,4.231765774060548,3.1565591624903004,0.19685141072434087,0.0,0.6726418263412305,0.05
20,Kolkata,1210,"HMM(Z, T) OR-DML",2.1023281442229176,1.0271215326526697,0.13948974987016563,0.0,0.397462617375433,0.05
21,Kolkata,1210,Oracle DML,1.0291121464760962,-0.046094465094151715,0.03555353701681308,1.0,0.36366567736352406,0.0
21,Kolkata,1210,Standard DML,6.743320176111123,5.6681135645408744,0.22227185157829438,0.0,2.734411755899798,0.0
21,Kolkata,1210,Block DML,6.965909273821416,5.890702662251169,0.25096311656433556,0.0,2.949696290679589,0.0
21,Kolkata,1210,DML + Z Controls (GBM),3.0015733486742295,1.9263667371039817,0.2005288359677546,0.0,1.7660547917030098,0.0
21,Kolkata,1210,Spectral OR-DML (Fixed),4.807875459764773,3.732668848194525,0.19196521810286013,0.0,0.4339663056588418,0.05
21,Kolkata,1210,Adaptive Spectral OR-DML,5.189374617588891,4.114168006018643,0.22398535850598975,0.0,0.4339663056588418,4.469534883430863e-06
21,Kolkata,1210,Regime FE DML (Hard),1.5607445866644152,0.4855379750941673,0.24308838710640582,0.0,0.3577356505157538,0.0
21,Kolkata,1210,Decoupled Soft OR-DML,4.259863842356958,3.18465723078671,0.17351978534117837,0.0,0.6584505314583053,0.05
21,Kolkata,1210,"HMM(Z, T) OR-DML",2.142751816502248,1.0675452049320002,0.14553279241410655,0.0,0.36225314762009836,0.05
22,Kolkata,1210,Oracle DML,1.080426825266839,0.005220213696591092,0.03430849270607136,1.0,0.3556133198505863,0.0
22,Kolkata,1210,Standard DML,6.757626989291949,5.6824203777217015,0.23057806475198553,0.0,2.7828789173587247,0.0
22,Kolkata,1210,Block DML,6.9208137226601885,5.84560711108994,0.2610499716288242,0.0,3.05556243074543,0.0
22,Kolkata,1210,DML + Z Controls (GBM),2.902807466041613,1.827600854471365,0.21605537269923553,0.0,1.8040336822362262,0.0
22,Kolkata,1210,Spectral OR-DML (Fixed),4.755812355232389,3.680605743662141,0.2022586632734736,0.0,0.45829113261883025,0.05
22,Kolkata,1210,Adaptive Spectral OR-DML,5.1262655582452155,4.051058946674967,0.241119378498432,0.0,0.45829113261883025,4.469534883430863e-06
22,Kolkata,1210,Regime FE DML (Hard),1.4869395039911093,0.4117328924208614,0.21502482021005348,1.0,0.35219939814184226,0.0
22,Kolkata,1210,Decoupled Soft OR-DML,4.198063974175175,3.1228573626049267,0.17625970559953952,0.0,0.6925754367888647,0.05
22,Kolkata,1210,"HMM(Z, T) OR-DML",2.0939967101946175,1.0187900986243696,0.1427011961329148,0.0,0.3476325299610548,0.05
23,Kolkata,1210,Oracle DML,1.0425335171962022,-0.03267309437404564,0.03451630376103554,1.0,0.3264910722272801,0.0
23,Kolkata,1210,Standard DML,6.84479707638288,5.769590464812632,0.2379604466029271,0.0,2.5721932165286203,0.0
23,Kolkata,1210,Block DML,7.059201794231856,5.983995182661609,0.2722569321125262,0.0,2.7700953080756396,0.0
23,Kolkata,1210,DML + Z Controls (GBM),3.0992337809571104,2.0240271693868626,0.19741096484727202,0.0,1.7899664548834513,0.0
23,Kolkata,1210,Spectral OR-DML (Fixed),4.833140354055927,3.757933742485679,0.2008320472984562,0.0,0.3948792788514963,0.05
23,Kolkata,1210,Adaptive Spectral OR-DML,5.260892537242704,4.1856859256724555,0.2442196678203659,0.0,0.3948792788514963,4.469534883430863e-06
23,Kolkata,1210,Regime FE DML (Hard),1.533793259943736,0.45858664837348817,0.22155979688680505,0.0,0.3250230231315059,0.0
23,Kolkata,1210,Decoupled Soft OR-DML,4.2592524886460135,3.1840458770757656,0.1784232892163357,0.0,0.6017183343790663,0.05
23,Kolkata,1210,"HMM(Z, T) OR-DML",2.218297832264345,1.1430912206940973,0.16138134985067631,0.0,0.3173040021891651,0.05
24,Kolkata,1210,Oracle DML,1.093582827813741,0.01837621624349306,0.039361740162798996,1.0,0.39338975929237857,0.0
24,Kolkata,1210,Standard DML,6.783923006865862,5.708716395295614,0.22455802146692916,0.0,2.753568324687362,0.0
24,Kolkata,1210,Block DML,6.959510487087074,5.884303875516826,0.24059330118959227,0.0,3.0293712604447927,0.0
24,Kolkata,1210,DML + Z Controls (GBM),3.426918731422844,2.3517121198525963,0.2224577677030295,0.0,1.692949571652034,0.0
24,Kolkata,1210,Spectral OR-DML (Fixed),4.843543838540636,3.7683372269703885,0.19301287165556458,0.0,0.49062630928532847,0.05
24,Kolkata,1210,Adaptive Spectral OR-DML,5.211275232953248,4.136068621383,0.2208221771060465,0.0,0.49062630928532847,4.469534883430863e-06
24,Kolkata,1210,Regime FE DML (Hard),1.4586947437669049,0.383488132196657,0.2000678873419453,1.0,0.3926683231272188,0.0
24,Kolkata,1210,Decoupled Soft OR-DML,4.275866209039609,3.2006595974693615,0.17780315102557034,0.0,0.711244547447679,0.05
24,Kolkata,1210,"HMM(Z, T) OR-DML",1.9728257388153505,0.8976191272451026,0.11921155961766257,0.0,0.3947553987945657,0.05
25,Kolkata,1210,Oracle DML,1.0262150675553736,-0.048991544014874266,0.029588554493023306,1.0,0.3686598396995294,0.0
25,Kolkata,1210,Standard DML,6.658526775306151,5.583320163735904,0.24992707971501874,0.0,2.7131219830404456,0.0
25,Kolkata,1210,Block DML,6.920789729763762,5.845583118193515,0.29656099920602946,0.0,2.841318062548185,0.0
25,Kolkata,1210,DML + Z Controls (GBM),2.8917710409355144,1.8165644293652665,0.20579217124365165,0.0,1.810871869792895,0.0
25,Kolkata,1210,Spectral OR-DML (Fixed),4.6187634345057695,3.5435568229355217,0.210678145593928,0.0,0.43145690849522234,0.05
25,Kolkata,1210,Adaptive Spectral OR-DML,4.993815426349158,3.9186088147789104,0.2485096702748378,0.0,0.43145690849522234,4.469534883430863e-06
25,Kolkata,1210,Regime FE DML (Hard),1.4462274811808105,0.3710208696105626,0.19141733712080228,1.0,0.36790894390416945,0.0
25,Kolkata,1210,Decoupled Soft OR-DML,4.10166687220885,3.026460260638602,0.18328266497236334,0.0,0.6349931442087169,0.05
25,Kolkata,1210,"HMM(Z, T) OR-DML",2.044047113037569,0.9688405014673211,0.14038585343939258,0.0,0.37633798396428847,0.05
26,Kolkata,1210,Oracle DML,1.0800168360691635,0.004810224498915661,0.028543092870804206,1.0,0.4265054943806122,0.0
26,Kolkata,1210,Standard DML,6.798105437935324,5.722898826365077,0.21454300247653005,0.0,2.887597885616915,0.0
26,Kolkata,1210,Block DML,6.970132845111646,5.894926233541398,0.24345678701487783,0.0,3.103007750898216,0.0
26,Kolkata,1210,DML + Z Controls (GBM),3.3105576493039277,2.23535103773368,0.2085178361568616,0.0,1.8340931119718797,0.0
26,Kolkata,1210,Spectral OR-DML (Fixed),4.935045437776036,3.8598388262057886,0.21183962078733393,0.0,0.50028413197868,0.05
26,Kolkata,1210,Adaptive Spectral OR-DML,5.309666246775295,4.234459635205047,0.24719159973186103,0.0,0.50028413197868,4.469534883430863e-06
26,Kolkata,1210,Regime FE DML (Hard),1.3831868553976525,0.30798024382740463,0.1669869970750227,1.0,0.424111881712949,0.0
26,Kolkata,1210,Decoupled Soft OR-DML,4.294002990044745,3.218796378474497,0.17916446880343792,0.0,0.7350260394130839,0.05
26,Kolkata,1210,"HMM(Z, T) OR-DML",2.288149118486375,1.2129425069161273,0.1612889190042948,0.0,0.4330380602430406,0.05
27,Kolkata,1210,Oracle DML,1.0873545771150526,0.012147965544804684,0.030893302485012035,1.0,0.39726042224535724,0.0
27,Kolkata,1210,Standard DML,6.724264275878856,5.649057664308607,0.23301682155276984,0.0,2.7816518272218778,0.0
27,Kolkata,1210,Block DML,6.958079262163761,5.882872650593512,0.2641753657290529,0.0,2.9671394009466474,0.0
27,Kolkata,1210,DML + Z Controls (GBM),3.1866350369931604,2.1114284254229125,0.19884867355980984,0.0,1.9423493294538516,0.0
27,Kolkata,1210,Spectral OR-DML (Fixed),4.751053438349878,3.67584682677963,0.20766038174653106,0.0,0.46963593524066305,0.05
27,Kolkata,1210,Adaptive Spectral OR-DML,5.117370688073176,4.042164076502928,0.24185478443157205,0.0,0.46963593524066305,4.469534883430863e-06
27,Kolkata,1210,Regime FE DML (Hard),1.5003667936930334,0.4251601821227855,0.20782951563105143,0.0,0.39497809324887745,0.0
27,Kolkata,1210,Decoupled Soft OR-DML,4.181420144982833,3.106213533412585,0.18032448588812602,0.0,0.6962698543142138,0.05
27,Kolkata,1210,"HMM(Z, T) OR-DML",2.3383431100309484,1.2631364984607005,0.15169634575052934,0.0,0.4038771424333094,0.05
28,Kolkata,1210,Oracle DML,1.0605060885723954,-0.014700522997852516,0.03470265263738581,1.0,0.390714757129743,0.0
28,Kolkata,1210,Standard DML,6.751806572824707,5.676599961254459,0.23006140097169414,0.0,2.7541219735047178,0.0
28,Kolkata,1210,Block DML,6.9718268383164625,5.896620226746215,0.2661265828509887,0.0,2.960392808229421,0.0
28,Kolkata,1210,DML + Z Controls (GBM),3.2401892528722134,2.1649826413019655,0.19830147463410427,0.0,1.7916526458464703,0.0
28,Kolkata,1210,Spectral OR-DML (Fixed),4.831416939253496,3.7562103276832484,0.19968878529094722,0.0,0.44337549035214996,0.05
28,Kolkata,1210,Adaptive Spectral OR-DML,5.215508204144416,4.140301592574168,0.2388415890910645,0.0,0.44337549035214996,4.469534883430863e-06
28,Kolkata,1210,Regime FE DML (Hard),1.5525905370783817,0.4773839255081338,0.22791655118860174,0.0,0.38924484860976094,0.0
28,Kolkata,1210,Decoupled Soft OR-DML,4.242289449027233,3.167082837456985,0.16838930279589184,0.0,0.6638230328774547,0.05
28,Kolkata,1210,"HMM(Z, T) OR-DML",2.025178140806766,0.9499715292365183,0.1335792950988863,0.0,0.3858551025389923,0.05
29,Kolkata,1210,Oracle DML,1.0358168236115106,-0.039389787958737266,0.035749828363998024,1.0,0.4121135418573519,0.0
29,Kolkata,1210,Standard DML,6.770295270448377,5.695088658878129,0.21313412800898796,0.0,2.7213262060019567,0.0
29,Kolkata,1210,Block DML,7.001412504660084,5.926205893089836,0.24681321614311372,0.0,2.9160645323748757,0.0
29,Kolkata,1210,DML + Z Controls (GBM),3.035730019296646,1.9605234077263982,0.2095047182344802,0.0,1.879219413693029,0.0
29,Kolkata,1210,Spectral OR-DML (Fixed),4.775810982460893,3.700604370890645,0.20030481402750053,0.0,0.4745232118451056,0.05
29,Kolkata,1210,Adaptive Spectral OR-DML,5.15685097335556,4.081644361785312,0.23539343875564286,0.0,0.4745232118451056,4.469534883430863e-06
29,Kolkata,1210,Regime FE DML (Hard),1.5588593491268905,0.4836527375566426,0.24179081782069017,0.0,0.4055642559326889,0.0
29,Kolkata,1210,Decoupled Soft OR-DML,4.196679075774372,3.1214724642041243,0.17689861532399126,0.0,0.6929035144417022,0.05
29,Kolkata,1210,"HMM(Z, T) OR-DML",2.083635531070529,1.0084289195002811,0.1265169581619402,0.0,0.3982030548850454,0.05
