rep_id,delta_z,method,theta,se,true_ate,bias,coverage,lambda_min,kappa,entropy,proxy_error
0,0.2,Oracle DML,1.4226863846450477,0.03304545993492509,1.5277777777777777,-0.10509139313272997,0.0,0.3812441075374279,1.6553229848201452,0.0,0.0
0,0.2,Standard DML,9.93346471305779,0.13407081745244095,1.5277777777777777,8.405686935280013,0.0,4.578297162565132,1.0,,
0,0.2,Block DML,9.955409287626901,0.13560659584221957,1.5277777777777777,8.427631509849125,0.0,4.582679493681028,1.0,,
0,0.2,Unregularized Coupled DML,10.01199107326207,0.15901370161699138,1.5277777777777777,8.484213295484292,0.0,0.791303739012196,2.788710043057828,0.46857655112278396,1.2015596442906216
0,0.2,Spectral OR-DML (Ours),10.001939473796977,0.15881865256340202,1.5277777777777777,8.474161696019198,0.0,0.791303739012196,2.788710043057828,0.46857655112278396,1.2015596442906216
0,0.2,Filtered OR-DML (Ours),9.99828240218265,0.1571190062993565,1.5277777777777777,8.470504624404871,0.0,0.7909916672784014,2.799877414621144,0.4701021933738612,1.192863873708471
1,0.2,Oracle DML,1.505701450799188,0.031324841356031745,1.5277777777777777,-0.022076326978589744,1.0,0.43042547690119437,1.365083434144933,0.0,0.0
1,0.2,Standard DML,9.95565672261974,0.11056108731817801,1.5277777777777777,8.42787894484196,0.0,4.858603112780427,1.0,,
1,0.2,Block DML,10.010919087328025,0.1173014635621476,1.5277777777777777,8.483141309550248,0.0,4.942222346208621,1.0,,
1,0.2,Unregularized Coupled DML,10.089970403491593,0.12954913067309146,1.5277777777777777,8.562192625713816,0.0,0.3326987046882246,10.571403945297638,0.3612780517826143,0.9783030933769068
1,0.2,Spectral OR-DML (Ours),10.075444618973467,0.12890009777836933,1.5277777777777777,8.547666841195689,0.0,0.3326987046882246,10.571403945297638,0.3612780517826143,0.9783030933769068
1,0.2,Filtered OR-DML (Ours),10.076400639505062,0.12898912842042562,1.5277777777777777,8.548622861727285,0.0,0.33272224462358374,10.566751504290417,0.36139621718460446,0.9794256387313116
2,0.2,Oracle DML,1.5145079183912518,0.03262542081101105,1.5277777777777777,-0.013269859386525917,1.0,0.40204850166878164,1.5467822083574232,0.0,0.0
2,0.2,Standard DML,9.944623289042955,0.12022851513156749,1.5277777777777777,8.416845511265176,0.0,4.841580971473821,1.0,,
2,0.2,Block DML,9.993308514328906,0.1234866907087871,1.5277777777777777,8.465530736551127,0.0,4.86555652313564,1.0,,
2,0.2,Unregularized Coupled DML,10.044469523512152,0.12810335974187548,1.5277777777777777,8.516691745734374,0.0,0.5051708591538845,4.877839339070353,0.5583169576241797,1.0738743890102678
2,0.2,Spectral OR-DML (Ours),10.03553063584585,0.12789458564011724,1.5277777777777777,8.507752858068073,0.0,0.5051708591538845,4.877839339070353,0.5583169576241797,1.0738743890102678
2,0.2,Filtered OR-DML (Ours),10.048269979461153,0.12959982673411383,1.5277777777777777,8.520492201683375,0.0,0.49276222186396695,4.981366975359216,0.5596573241284365,1.0864801251353102
3,0.2,Oracle DML,1.4144650736965902,0.03537183951573513,1.5277777777777777,-0.11331270408118743,0.0,0.3949034487872736,1.5208952452689941,0.0,0.0
3,0.2,Standard DML,9.921398278023773,0.12069638815078004,1.5277777777777777,8.393620500245994,0.0,4.844636012437271,1.0,,
3,0.2,Block DML,9.921857385909535,0.12031194666495701,1.5277777777777777,8.394079608131758,0.0,4.94889469885604,1.0,,
3,0.2,Unregularized Coupled DML,9.961427585021204,0.1249705682862406,1.5277777777777777,8.433649807243427,0.0,0.5192050794940066,5.615196192621446,0.42770214113027566,1.196691340363157
3,0.2,Spectral OR-DML (Ours),9.951719583703406,0.12470496162584722,1.5277777777777777,8.42394180592563,0.0,0.5192050794940066,5.615196192621446,0.42770214113027566,1.196691340363157
3,0.2,Filtered OR-DML (Ours),9.967105963173921,0.12596031724401205,1.5277777777777777,8.439328185396143,0.0,0.5232394322767675,5.514650454618944,0.43133145332289435,1.2112555570719492
4,0.2,Oracle DML,1.610759610000224,0.03514894854863427,1.5277777777777777,0.08298183222244626,0.0,0.47461286170357586,1.0947340148888696,0.0,0.0
4,0.2,Standard DML,10.060355293460686,0.10289075617518596,1.5277777777777777,8.53257751568291,0.0,5.0739069558053975,1.0,,
4,0.2,Block DML,10.068526781498715,0.1042900003534077,1.5277777777777777,8.540749003720936,0.0,5.112953538458795,1.0,,
4,0.2,Unregularized Coupled DML,10.233759968951759,0.11507437360094538,1.5277777777777777,8.70598219117398,0.0,0.956926473474396,2.5381596599126794,0.45271477417040557,1.1983575097473955
4,0.2,Spectral OR-DML (Ours),10.22344118593672,0.11454026437861889,1.5277777777777777,8.695663408158943,0.0,0.956926473474396,2.5381596599126794,0.45271477417040557,1.1983575097473955
4,0.2,Filtered OR-DML (Ours),10.205541040775948,0.11330584531900267,1.5277777777777777,8.67776326299817,0.0,0.9560678662156197,2.5529939396372496,0.454898078813744,1.1888253387535208
5,0.2,Oracle DML,1.5673294998540384,0.03443774565240745,1.5277777777777777,0.039551722076260676,1.0,0.4763409814475445,1.0271438258714622,0.0,0.0
5,0.2,Standard DML,9.964529235391371,0.09461257170510776,1.5277777777777777,8.436751457613592,0.0,5.139477601178053,1.0,,
5,0.2,Block DML,10.007106112764948,0.0951625998050733,1.5277777777777777,8.47932833498717,0.0,5.2475211960920785,1.0,,
5,0.2,Unregularized Coupled DML,10.155321838898464,0.10954675561173806,1.5277777777777777,8.627544061120688,0.0,0.7594376050799383,3.865900533842747,0.38658607915818416,1.188890006414647
5,0.2,Spectral OR-DML (Ours),10.143782351908996,0.10900293098782281,1.5277777777777777,8.616004574131217,0.0,0.7594376050799383,3.865900533842747,0.38658607915818416,1.188890006414647
5,0.2,Filtered OR-DML (Ours),10.131211697904359,0.10771857298302057,1.5277777777777777,8.60343392012658,0.0,0.7655317552280836,3.843250788208401,0.38804411172168995,1.1820963709995442
6,0.2,Oracle DML,1.5517876370156176,0.033587586081118496,1.5277777777777777,0.024009859237839937,1.0,0.44666605409565135,1.2088857343197403,0.0,0.0
6,0.2,Standard DML,9.910883905474783,0.10285226145439641,1.5277777777777777,8.383106127697005,0.0,5.101681121743933,1.0,,
6,0.2,Block DML,9.947575380832134,0.1043286580043566,1.5277777777777777,8.419797603054356,0.0,5.2462445707955325,1.0,,
6,0.2,Unregularized Coupled DML,10.083288391957984,0.11321318346532847,1.5277777777777777,8.555510614180207,0.0,0.6773707572882897,4.515390485252876,0.39520844264067884,1.153101082767119
6,0.2,Spectral OR-DML (Ours),10.072633352381937,0.1128200492101697,1.5277777777777777,8.54485557460416,0.0,0.6773707572882897,4.515390485252876,0.39520844264067884,1.153101082767119
6,0.2,Filtered OR-DML (Ours),10.061907364296744,0.11177273365465386,1.5277777777777777,8.534129586518965,0.0,0.6827226227616071,4.485289206597353,0.3966212288204276,1.1459493243096888
7,0.2,Oracle DML,1.56277035081072,0.034211783640809304,1.5277777777777777,0.03499257303294234,1.0,0.4023263271194235,1.382554745636237,0.0,0.0
7,0.2,Standard DML,9.93040807143945,0.12142964469342152,1.5277777777777777,8.402630293661673,0.0,5.021134185399226,1.0,,
7,0.2,Block DML,9.934042527727183,0.12178628644917087,1.5277777777777777,8.406264749949404,0.0,5.050169283817139,1.0,,
7,0.2,Unregularized Coupled DML,10.15166177925159,0.14514955353303105,1.5277777777777777,8.623884001473812,0.0,0.9102187176886235,2.5422013871497815,0.43672339830158763,1.3044429336166823
7,0.2,Spectral OR-DML (Ours),10.141510662485182,0.14461806369258254,1.5277777777777777,8.613732884707403,0.0,0.9102187176886235,2.5422013871497815,0.43672339830158763,1.3044429336166823
7,0.2,Filtered OR-DML (Ours),10.076444958854779,0.1361797412533125,1.5277777777777777,8.548667181077,0.0,0.8782394307190335,2.729125197603723,0.45497376234415016,1.258525109418531
8,0.2,Oracle DML,1.5716563175268885,0.034774372824739774,1.5277777777777777,0.04387853974911082,1.0,0.510137943555062,1.0735566880567198,0.0,0.0
8,0.2,Standard DML,9.95785511868781,0.11723772297415884,1.5277777777777777,8.430077340910032,0.0,4.886501051091274,1.0,,
8,0.2,Block DML,9.978047640163254,0.12030198288483318,1.5277777777777777,8.450269862385476,0.0,4.910252520125538,1.0,,
8,0.2,Unregularized Coupled DML,10.084635392736185,0.13585939487004023,1.5277777777777777,8.556857614958407,0.0,0.6744857869646262,4.143860537660358,0.3853240247042833,1.208535412290641
8,0.2,Spectral OR-DML (Ours),10.072741614459447,0.13521747701392967,1.5277777777777777,8.54496383668167,0.0,0.6744857869646262,4.143860537660358,0.3853240247042833,1.208535412290641
8,0.2,Filtered OR-DML (Ours),10.062695409112926,0.13318360126076015,1.5277777777777777,8.534917631335148,0.0,0.6862484376163794,4.091397866528699,0.38737506355679313,1.194240662937068
9,0.2,Oracle DML,1.5376384625430095,0.031145746677274305,1.5277777777777777,0.00986068476523183,1.0,0.5055161199809018,1.114636125433994,0.0,0.0
9,0.2,Standard DML,9.88617641264851,0.10025690966031861,1.5277777777777777,8.358398634870731,0.0,4.963708760188072,1.0,,
9,0.2,Block DML,9.93407894389241,0.10188992538647863,1.5277777777777777,8.406301166114634,0.0,5.0445877513781925,1.0,,
9,0.2,Unregularized Coupled DML,10.091300271957852,0.1221238574477361,1.5277777777777777,8.563522494180074,0.0,0.4564087183488357,7.189314615605422,0.35525742596646137,1.1578697202170667
9,0.2,Spectral OR-DML (Ours),10.078773502568836,0.12176318822318845,1.5277777777777777,8.550995724791058,0.0,0.4564087183488357,7.189314615605422,0.35525742596646137,1.1578697202170667
9,0.2,Filtered OR-DML (Ours),10.053090541999778,0.11643408450147413,1.5277777777777777,8.525312764222,0.0,0.45682540281161316,7.199927026567869,0.36115699348568353,1.1387926198718568
10,0.2,Oracle DML,1.6726164273044914,0.0358124285082871,1.5277777777777777,0.14483864952671377,0.0,0.5094045561609607,1.0395575575849878,0.0,0.0
10,0.2,Standard DML,9.977732445672205,0.10799868671703931,1.5277777777777777,8.449954667894428,0.0,4.99317922664362,1.0,,
10,0.2,Block DML,10.00411832050214,0.10735058701729616,1.5277777777777777,8.476340542724362,0.0,5.043766606844533,1.0,,
10,0.2,Unregularized Coupled DML,10.29795238569674,0.13878575703510088,1.5277777777777777,8.770174607918964,0.0,0.7425976461069672,3.4592028814713847,0.41528238624611485,1.2668759928905358
10,0.2,Spectral OR-DML (Ours),10.286795420544383,0.13810214308651333,1.5277777777777777,8.759017642766604,0.0,0.7425976461069672,3.4592028814713847,0.41528238624611485,1.2668759928905358
10,0.2,Filtered OR-DML (Ours),10.25640536202908,0.1313297863685889,1.5277777777777777,8.728627584251303,0.0,0.7099295149697643,3.6506686768100147,0.434185422664933,1.2363792518326013
11,0.2,Oracle DML,1.5511582630254197,0.034572491530118016,1.5277777777777777,0.023380485247642024,1.0,0.4840461297433205,1.1168093316749688,0.0,0.0
11,0.2,Standard DML,10.059993052225142,0.10673835393972529,1.5277777777777777,8.532215274447363,0.0,4.8857846540542615,1.0,,
11,0.2,Block DML,10.102552886253642,0.10577929576286409,1.5277777777777777,8.574775108475865,0.0,4.97100443860258,1.0,,
11,0.2,Unregularized Coupled DML,10.225388471487896,0.1243541142985591,1.5277777777777777,8.697610693710118,0.0,0.6481690395588064,4.334558176412105,0.3987931796853654,1.1964493985998297
11,0.2,Spectral OR-DML (Ours),10.21405611606545,0.12386685625163409,1.5277777777777777,8.686278338287671,0.0,0.6481690395588064,4.334558176412105,0.3987931796853654,1.1964493985998297
11,0.2,Filtered OR-DML (Ours),10.20011395756992,0.11901525925267505,1.5277777777777777,8.672336179792143,0.0,0.6545524040342984,4.310434179422863,0.4038696705912734,1.176059665350521
12,0.2,Oracle DML,1.5768166156848686,0.03533410633040358,1.5277777777777777,0.04903883790709096,1.0,0.467581651032637,1.0894875072443568,0.0,0.0
12,0.2,Standard DML,10.011943237828067,0.10276193393940965,1.5277777777777777,8.484165460050288,0.0,5.031680186965319,1.0,,
12,0.2,Block DML,10.004821791747885,0.1020260146525782,1.5277777777777777,8.477044013970108,0.0,5.090164787924304,1.0,,
12,0.2,Unregularized Coupled DML,10.228583571236781,0.11944218073652148,1.5277777777777777,8.700805793459004,0.0,0.47145734733586603,6.821310158950947,0.33886922943468767,1.196970071479777
12,0.2,Spectral OR-DML (Ours),10.215980905486203,0.11860729135601178,1.5277777777777777,8.688203127708427,0.0,0.47145734733586603,6.821310158950947,0.33886922943468767,1.196970071479777
12,0.2,Filtered OR-DML (Ours),10.18474275054173,0.11518626749104872,1.5277777777777777,8.656964972763951,0.0,0.478995210277776,6.764414844105887,0.3436802684084391,1.1773843701021232
13,0.2,Oracle DML,1.3991179815572834,0.03428352271654985,1.5277777777777777,-0.12865979622049428,0.0,0.39852319378758927,1.6282881939368559,0.0,0.0
13,0.2,Standard DML,9.761458981392929,0.12419895516632413,1.5277777777777777,8.233681203615152,0.0,4.984245944542979,1.0,,
13,0.2,Block DML,9.787010601287552,0.12179240054588343,1.5277777777777777,8.259232823509773,0.0,5.0586504427403645,1.0,,
13,0.2,Unregularized Coupled DML,9.801450522340948,0.14052946532825383,1.5277777777777777,8.273672744563171,0.0,0.3939229302442727,9.01612669514725,0.3378347107106052,1.0230943223196127
13,0.2,Spectral OR-DML (Ours),9.788374415742313,0.14034408926827832,1.5277777777777777,8.260596637964536,0.0,0.3939229302442727,9.01612669514725,0.3378347107106052,1.0230943223196127
13,0.2,Filtered OR-DML (Ours),9.794371023901611,0.1377159748695902,1.5277777777777777,8.266593246123833,0.0,0.4023428616106656,8.81048813147154,0.3391747586431588,1.016581721507079
14,0.2,Oracle DML,1.6036709117619732,0.032763682771752345,1.5277777777777777,0.0758931339841955,0.0,0.47686844564096587,1.057688465115357,0.0,0.0
14,0.2,Standard DML,10.018895824376052,0.0961058071424388,1.5277777777777777,8.491118046598274,0.0,5.047065615088398,1.0,,
14,0.2,Block DML,10.093019289015677,0.09509246545953783,1.5277777777777777,8.5652415112379,0.0,5.220559501581871,1.0,,
14,0.2,Unregularized Coupled DML,10.154364396519775,0.09850867777091256,1.5277777777777777,8.626586618741996,0.0,0.49718786147927857,5.660186237304969,0.5290925492745836,1.0886258881441324
14,0.2,Spectral OR-DML (Ours),10.145242469270359,0.0982136322235031,1.5277777777777777,8.617464691492582,0.0,0.49718786147927857,5.660186237304969,0.5290925492745836,1.0886258881441324
14,0.2,Filtered OR-DML (Ours),10.177872679997591,0.09958670979854552,1.5277777777777777,8.650094902219813,0.0,0.4731646949074282,5.887088589947212,0.5338830443483922,1.1149666660485618
15,0.2,Oracle DML,1.6146248204159193,0.033714599588349964,1.5277777777777777,0.08684704263814158,0.0,0.5334368723801443,1.0257756489297998,0.0,0.0
15,0.2,Standard DML,10.061239755086767,0.11595972198570031,1.5277777777777777,8.533461977308988,0.0,4.747749445028444,1.0,,
15,0.2,Block DML,10.164837945741807,0.12064698280893735,1.5277777777777777,8.63706016796403,0.0,4.821230568540083,1.0,,
15,0.2,Unregularized Coupled DML,10.306331567575128,0.13232256735652206,1.5277777777777777,8.77855378979735,0.0,0.569946122382695,4.889154874884442,0.4057993872163341,1.2093918392498848
15,0.2,Spectral OR-DML (Ours),10.294386922744465,0.13160167354990493,1.5277777777777777,8.766609144966687,0.0,0.569946122382695,4.889154874884442,0.4057993872163341,1.2093918392498848
15,0.2,Filtered OR-DML (Ours),10.261307237073845,0.12796363672147582,1.5277777777777777,8.733529459296069,0.0,0.5665592402327888,4.9247558366204345,0.4193624788527262,1.1854724000283985
16,0.2,Oracle DML,1.458990899020515,0.037374363387266886,1.5277777777777777,-0.06878687875726275,1.0,0.3741890534428292,1.5691501304347826,0.0,0.0
16,0.2,Standard DML,9.833603044933371,0.10483866680819041,1.5277777777777777,8.305825267155594,0.0,5.062807673838882,1.0,,
16,0.2,Block DML,9.864599578646056,0.10392093801242716,1.5277777777777777,8.336821800868279,0.0,5.085575361772055,1.0,,
16,0.2,Unregularized Coupled DML,9.930560992329807,0.11462581009139922,1.5277777777777777,8.40278321455203,0.0,0.9404281812032531,2.711167108562699,0.43680578810179943,1.1830491228520619
16,0.2,Spectral OR-DML (Ours),9.920177299159397,0.11432492980742075,1.5277777777777777,8.39239952138162,0.0,0.9404281812032531,2.711167108562699,0.43680578810179943,1.1830491228520619
16,0.2,Filtered OR-DML (Ours),9.910014288389444,0.1124031903364924,1.5277777777777777,8.382236510611666,0.0,0.9406934170427224,2.7236529885454313,0.4413717738570921,1.1670202271307828
17,0.2,Oracle DML,1.5356726755153636,0.03268835016820398,1.5277777777777777,0.007894897737585893,1.0,0.4288345082881949,1.3599195765778922,0.0,0.0
17,0.2,Standard DML,10.13346075727184,0.10925087904157715,1.5277777777777777,8.605682979494063,0.0,4.833149285188738,1.0,,
17,0.2,Block DML,10.146215232516422,0.1102069129358395,1.5277777777777777,8.618437454738643,0.0,4.85272856750713,1.0,,
17,0.2,Unregularized Coupled DML,10.236779294375824,0.1162194345860454,1.5277777777777777,8.709001516598047,0.0,0.8059829144698294,2.9243238553190727,0.49197218266210135,1.1520157476250965
17,0.2,Spectral OR-DML (Ours),10.226872155384097,0.11582979847228364,1.5277777777777777,8.699094377606318,0.0,0.8059829144698294,2.9243238553190727,0.49197218266210135,1.1520157476250965
17,0.2,Filtered OR-DML (Ours),10.230118127525243,0.11603607238776574,1.5277777777777777,8.702340349747466,0.0,0.8050918984376269,2.9247331326438073,0.491994545174505,1.1545879472342813
18,0.2,Oracle DML,1.5047819268280178,0.03568100486253393,1.5277777777777777,-0.022995850949759866,1.0,0.39730477458776137,1.4176402458529764,0.0,0.0
18,0.2,Standard DML,9.972283791178272,0.11493701034883488,1.5277777777777777,8.444506013400495,0.0,5.007900278796722,1.0,,
18,0.2,Block DML,10.007954241614996,0.11419733243660615,1.5277777777777777,8.480176463837218,0.0,5.093102496830743,1.0,,
18,0.2,Unregularized Coupled DML,10.009046555723682,0.11442663956366003,1.5277777777777777,8.481268777945903,0.0,0.448447835112387,5.720431806943139,0.5954310218450815,1.0047217084071218
18,0.2,Spectral OR-DML (Ours),10.000525371707614,0.11423664526957591,1.5277777777777777,8.472747593929835,0.0,0.448447835112387,5.720431806943139,0.5954310218450815,1.0047217084071218
18,0.2,Filtered OR-DML (Ours),10.008555375111463,0.1156489902982804,1.5277777777777777,8.480777597333685,0.0,0.30459743443166687,8.43780858040155,0.6253759652088333,1.029851535203033
19,0.2,Oracle DML,1.5290637089107326,0.033470225451339215,1.5277777777777777,0.0012859311329549428,1.0,0.48150139151694266,1.0245505411361207,0.0,0.0
19,0.2,Standard DML,10.069517129826641,0.09869722876648682,1.5277777777777777,8.541739352048864,0.0,4.842975852955766,1.0,,
19,0.2,Block DML,10.09738466101173,0.09927754481947221,1.5277777777777777,8.569606883233952,0.0,4.896255061701209,1.0,,
19,0.2,Unregularized Coupled DML,10.226479715276938,0.11608297411745146,1.5277777777777777,8.698701937499159,0.0,0.7486315518366179,3.542602314674692,0.4127225471688398,1.186336107576567
19,0.2,Spectral OR-DML (Ours),10.215165388643975,0.11559361420958504,1.5277777777777777,8.687387610866196,0.0,0.7486315518366179,3.542602314674692,0.4127225471688398,1.186336107576567
19,0.2,Filtered OR-DML (Ours),10.209287986059902,0.11475997254915522,1.5277777777777777,8.681510208282123,0.0,0.752426956368873,3.535426894746237,0.4128447395466331,1.1806837461224495
20,0.2,Oracle DML,1.5838009301006544,0.036153949301730354,1.5277777777777777,0.05602315232287669,1.0,0.46402670503468374,1.073009987313967,0.0,0.0
20,0.2,Standard DML,9.98561930568788,0.10160140417453392,1.5277777777777777,8.457841527910102,0.0,5.161459285581339,1.0,,
20,0.2,Block DML,9.985360682072676,0.10199596031509299,1.5277777777777777,8.457582904294899,0.0,5.16640525604215,1.0,,
20,0.2,Unregularized Coupled DML,10.08424997770965,0.10831882228692613,1.5277777777777777,8.556472199931871,0.0,0.44423197493272987,7.921585479367698,0.33305638123015274,1.118826812405161
20,0.2,Spectral OR-DML (Ours),10.072157229056383,0.10784232024652274,1.5277777777777777,8.544379451278605,0.0,0.44423197493272987,7.921585479367698,0.33305638123015274,1.118826812405161
20,0.2,Filtered OR-DML (Ours),10.066476659517496,0.1074337522987341,1.5277777777777777,8.53869888173972,0.0,0.4435600142679737,7.945809587373626,0.3331407688544875,1.115871465534966
21,0.2,Oracle DML,1.5500332927571587,0.03315885212852147,1.5277777777777777,0.022255514979381052,1.0,0.4570682803628299,1.2022231651393076,0.0,0.0
21,0.2,Standard DML,9.98836684037199,0.10523259090506021,1.5277777777777777,8.460589062594213,0.0,4.990989864171629,1.0,,
21,0.2,Block DML,10.005389928424618,0.10691171000929164,1.5277777777777777,8.477612150646841,0.0,5.052805636653881,1.0,,
21,0.2,Unregularized Coupled DML,10.027171337732963,0.10871495860772291,1.5277777777777777,8.499393559955184,0.0,0.8396880199448113,2.9774594679268436,0.49831820943810073,1.1030645506950232
21,0.2,Spectral OR-DML (Ours),10.017484183613401,0.10839029641884101,1.5277777777777777,8.489706405835623,0.0,0.8396880199448113,2.9774594679268436,0.49831820943810073,1.1030645506950232
21,0.2,Filtered OR-DML (Ours),10.040693825558513,0.11033817093402194,1.5277777777777777,8.512916047780735,0.0,0.7933991899980813,3.1240193189686765,0.5075933380161505,1.129638234487245
22,0.2,Oracle DML,1.501712434518026,0.03526762121836958,1.5277777777777777,-0.02606534325975174,1.0,0.5400818487808337,1.0945356060278366,0.0,0.0
22,0.2,Standard DML,9.711495780669555,0.10916289413043989,1.5277777777777777,8.183718002891776,0.0,5.255640024707271,1.0,,
22,0.2,Block DML,9.781347551076824,0.10941634361537911,1.5277777777777777,8.253569773299045,0.0,5.381530578049592,1.0,,
22,0.2,Unregularized Coupled DML,10.01605876248474,0.1312987733402302,1.5277777777777777,8.488280984706961,0.0,0.9670292146165119,2.5300313483752253,0.43719413573489124,1.2784658405888225
22,0.2,Spectral OR-DML (Ours),10.005763222931098,0.1306415827626515,1.5277777777777777,8.477985445153319,0.0,0.9670292146165119,2.5300313483752253,0.43719413573489124,1.2784658405888225
22,0.2,Filtered OR-DML (Ours),9.96373438671054,0.12568843319506426,1.5277777777777777,8.435956608932763,0.0,0.9757121906866077,2.5565767370680224,0.44581697663668685,1.2502049318948192
23,0.2,Oracle DML,1.6486641365553765,0.03617881161136132,1.5277777777777777,0.12088635877759879,0.0,0.4531015138881918,1.1636161459983267,0.0,0.0
23,0.2,Standard DML,10.279537331085361,0.10364995438979074,1.5277777777777777,8.751759553307583,0.0,4.661594255396904,1.0,,
23,0.2,Block DML,10.324856101627171,0.10444312952495785,1.5277777777777777,8.797078323849394,0.0,4.726162343756479,1.0,,
23,0.2,Unregularized Coupled DML,10.337170384198885,0.10454126294831967,1.5277777777777777,8.809392606421106,0.0,0.3480281475403385,7.111598005183405,0.5852727934511532,1.0422969684288452
23,0.2,Spectral OR-DML (Ours),10.328084242038054,0.10428075691828416,1.5277777777777777,8.800306464260277,0.0,0.3480281475403385,7.111598005183405,0.5852727934511532,1.0422969684288452
23,0.2,Filtered OR-DML (Ours),10.343326798142959,0.1050773764283991,1.5277777777777777,8.815549020365182,0.0,0.2668887346874793,9.184858871484401,0.6060558404516214,1.0662445692276854
24,0.2,Oracle DML,1.491125988895134,0.0340998527094551,1.5277777777777777,-0.03665178888264364,1.0,0.4348899488665801,1.2977836565909602,0.0,0.0
24,0.2,Standard DML,9.771197764748582,0.10800969032158524,1.5277777777777777,8.243419986970803,0.0,5.1367961411764,1.0,,
24,0.2,Block DML,9.807631494823305,0.1085717543086815,1.5277777777777777,8.279853717045526,0.0,5.210402779586809,1.0,,
24,0.2,Unregularized Coupled DML,10.113422465323282,0.13621326466731795,1.5277777777777777,8.585644687545503,0.0,0.37892271226363244,8.83599141423956,0.34318402761202077,1.3158132585662288
24,0.2,Spectral OR-DML (Ours),10.100278933637995,0.13467170605561898,1.5277777777777777,8.572501155860216,0.0,0.37892271226363244,8.83599141423956,0.34318402761202077,1.3158132585662288
24,0.2,Filtered OR-DML (Ours),10.016266153664722,0.12433184672523816,1.5277777777777777,8.488488375886945,0.0,0.365858506080929,9.284046349463978,0.3666124107968167,1.2675628210173093
25,0.2,Oracle DML,1.573133562508552,0.036226097775605925,1.5277777777777777,0.045355784730774396,1.0,0.4477716133756459,1.2412435705128542,0.0,0.0
25,0.2,Standard DML,9.98397463761049,0.09681835598952204,1.5277777777777777,8.456196859832712,0.0,5.114063736889128,1.0,,
25,0.2,Block DML,10.04877769483138,0.0957730468669745,1.5277777777777777,8.5209999170536,0.0,5.246947446852981,1.0,,
25,0.2,Unregularized Coupled DML,10.198092705653508,0.10785904869114311,1.5277777777777777,8.67031492787573,0.0,0.9753470743886742,2.543990040677411,0.45865509832465806,1.2117278781173715
25,0.2,Spectral OR-DML (Ours),10.187850502220764,0.10740707969876502,1.5277777777777777,8.660072724442987,0.0,0.9753470743886742,2.543990040677411,0.45865509832465806,1.2117278781173715
25,0.2,Filtered OR-DML (Ours),10.163424500292386,0.10547827941222493,1.5277777777777777,8.635646722514608,0.0,0.9795573245423681,2.5542323877418944,0.46194803228247383,1.197569633858482
26,0.2,Oracle DML,1.5877082227878756,0.030808006253793672,1.5277777777777777,0.05993044501009792,1.0,0.4922541346928854,1.0805630257684549,0.0,0.0
26,0.2,Standard DML,10.003583924687128,0.10059985626857494,1.5277777777777777,8.475806146909349,0.0,4.988262005403114,1.0,,
26,0.2,Block DML,10.023835106434673,0.10314073336880494,1.5277777777777777,8.496057328656896,0.0,5.0005815661485045,1.0,,
26,0.2,Unregularized Coupled DML,10.176092662346226,0.11458507113901266,1.5277777777777777,8.64831488456845,0.0,0.7266775510613876,3.5687697298471877,0.4643543580152804,1.159765878586561
26,0.2,Spectral OR-DML (Ours),10.165826784357625,0.11421066129580688,1.5277777777777777,8.638049006579848,0.0,0.7266775510613876,3.5687697298471877,0.4643543580152804,1.159765878586561
26,0.2,Filtered OR-DML (Ours),10.156586188159219,0.11354371138961152,1.5277777777777777,8.628808410381442,0.0,0.731034972427838,3.5552678849385697,0.4654292057093566,1.1506730005754062
27,0.2,Oracle DML,1.6657744531779881,0.03447474062475434,1.5277777777777777,0.13799667540021043,0.0,0.4703127232804658,1.0323768238172564,0.0,0.0
27,0.2,Standard DML,10.008493075643653,0.1033140297125887,1.5277777777777777,8.480715297865874,0.0,5.057550546239149,1.0,,
27,0.2,Block DML,10.082296864417215,0.10648847671164893,1.5277777777777777,8.554519086639438,0.0,5.229649815124105,1.0,,
27,0.2,Unregularized Coupled DML,10.348456898449214,0.12953606915121132,1.5277777777777777,8.820679120671436,0.0,0.7564357670939443,3.447736184853845,0.4300263455215864,1.2654092358360398
27,0.2,Spectral OR-DML (Ours),10.337230066981833,0.12875786961067667,1.5277777777777777,8.809452289204057,0.0,0.7564357670939443,3.447736184853845,0.4300263455215864,1.2654092358360398
27,0.2,Filtered OR-DML (Ours),10.28264156029052,0.12247466412220628,1.5277777777777777,8.754863782512743,0.0,0.7475133833865306,3.536021320990672,0.44466080914070744,1.2347656281414416
28,0.2,Oracle DML,1.6518025975378667,0.0319976175461607,1.5277777777777777,0.12402481976008906,0.0,0.538603196965488,1.017503377761791,0.0,0.0
28,0.2,Standard DML,9.931269784475582,0.10074283925518597,1.5277777777777777,8.403492006697803,0.0,5.067074720340062,1.0,,
28,0.2,Block DML,9.973325650696655,0.10489241699202252,1.5277777777777777,8.445547872918876,0.0,5.215452164477483,1.0,,
28,0.2,Unregularized Coupled DML,10.114507830901085,0.11265618463343693,1.5277777777777777,8.586730053123308,0.0,0.9428757271541447,2.6783278441710485,0.4562194825945475,1.2034520835861866
28,0.2,Spectral OR-DML (Ours),10.104241650375702,0.11216374170298807,1.5277777777777777,8.576463872597923,0.0,0.9428757271541447,2.6783278441710485,0.4562194825945475,1.2034520835861866
28,0.2,Filtered OR-DML (Ours),10.096259315494224,0.1116514024477011,1.5277777777777777,8.568481537716448,0.0,0.9447570360306281,2.6800424800381677,0.4570549796216512,1.1976567790409889
29,0.2,Oracle DML,1.5555249330759564,0.033867250382438215,1.5277777777777777,0.027747155298178727,1.0,0.40033842779275136,1.4271958489745884,0.0,0.0
29,0.2,Standard DML,10.134013430973805,0.11171659656138436,1.5277777777777777,8.606235653196027,0.0,4.796591750106429,1.0,,
29,0.2,Block DML,10.151288053589683,0.11189555142419742,1.5277777777777777,8.623510275811906,0.0,4.890789398081718,1.0,,
29,0.2,Unregularized Coupled DML,10.25691740552207,0.12863805808319576,1.5277777777777777,8.729139627744292,0.0,0.6317991138890013,4.268967550862104,0.43366922520245177,1.180162021939417
29,0.2,Spectral OR-DML (Ours),10.245588853549284,0.1281551349700588,1.5277777777777777,8.717811075771507,0.0,0.6317991138890013,4.268967550862104,0.43366922520245177,1.180162021939417
29,0.2,Filtered OR-DML (Ours),10.23630190596743,0.12546427772479865,1.5277777777777777,8.708524128189651,0.0,0.6339389237205147,4.268414817641951,0.43893995134813757,1.1640758645314535
30,0.2,Oracle DML,1.5095984387121764,0.03173161329661049,1.5277777777777777,-0.01817933906560132,1.0,0.5063419928161261,1.1077870635216922,0.0,0.0
30,0.2,Standard DML,9.855772705877635,0.1102015050156141,1.5277777777777777,8.327994928099859,0.0,5.134679632161439,1.0,,
30,0.2,Block DML,9.856969372439636,0.10859318370382702,1.5277777777777777,8.329191594661857,0.0,5.22045997072898,1.0,,
30,0.2,Unregularized Coupled DML,9.914409732301166,0.1148475986374273,1.5277777777777777,8.386631954523388,0.0,0.5436858330611805,6.042675077289162,0.3924483369638001,1.094747850331438
30,0.2,Spectral OR-DML (Ours),9.90303001309065,0.11457000265704584,1.5277777777777777,8.375252235312871,0.0,0.5436858330611805,6.042675077289162,0.3924483369638001,1.094747850331438
30,0.2,Filtered OR-DML (Ours),9.897742449688728,0.11371672986037935,1.5277777777777777,8.36996467191095,0.0,0.5510631692037665,5.945446601926213,0.3952148311818451,1.0847144516385385
31,0.2,Oracle DML,1.521019161487809,0.03521081128041581,1.5277777777777777,-0.006758616289968655,1.0,0.4047861797274473,1.307222600117575,0.0,0.0
31,0.2,Standard DML,10.319686049240435,0.11790644268325956,1.5277777777777777,8.791908271462656,0.0,4.52782423293915,1.0,,
31,0.2,Block DML,10.364004727712214,0.12110649458983462,1.5277777777777777,8.836226949934435,0.0,4.627286920531989,1.0,,
31,0.2,Unregularized Coupled DML,10.629709853941524,0.17540507701787095,1.5277777777777777,9.101932076163745,0.0,0.6554051652023289,3.1869482562771916,0.4938888038388395,1.2861977125768347
31,0.2,Spectral OR-DML (Ours),10.619730396730096,0.17484894846145574,1.5277777777777777,9.09195261895232,0.0,0.6554051652023289,3.1869482562771916,0.4938888038388395,1.2861977125768347
31,0.2,Filtered OR-DML (Ours),10.540816818794806,0.15444754343611228,1.5277777777777777,9.013039041017027,0.0,0.5046660808757618,4.2946718723328345,0.5480242648047269,1.221443829840188
32,0.2,Oracle DML,1.6961939145437177,0.03685785201187988,1.5277777777777777,0.16841613676594003,0.0,0.48558629132834796,1.1455574557616455,0.0,0.0
32,0.2,Standard DML,10.055487379262326,0.09864627755917375,1.5277777777777777,8.527709601484549,0.0,4.9908832977264606,1.0,,
32,0.2,Block DML,10.087428772589101,0.09868670382248854,1.5277777777777777,8.559650994811324,0.0,5.086616063054163,1.0,,
32,0.2,Unregularized Coupled DML,10.225446351224495,0.11053167630710785,1.5277777777777777,8.697668573446716,0.0,0.9607180613199935,2.568236826368833,0.42159639496742957,1.2409217489350324
32,0.2,Spectral OR-DML (Ours),10.21489853039743,0.10996973255634016,1.5277777777777777,8.687120752619652,0.0,0.9607180613199935,2.568236826368833,0.42159639496742957,1.2409217489350324
32,0.2,Filtered OR-DML (Ours),10.19208603572907,0.10723108250059525,1.5277777777777777,8.66430825795129,0.0,0.9427232577916692,2.648056338290712,0.42985688605675987,1.2199329469998392
33,0.2,Oracle DML,1.4983032129631728,0.03810316491054618,1.5277777777777777,-0.029474564814604864,1.0,0.39941054773014345,1.3284684315997732,0.0,0.0
33,0.2,Standard DML,10.11590536577414,0.1025933991686347,1.5277777777777777,8.588127587996361,0.0,4.871202648721387,1.0,,
33,0.2,Block DML,10.130988483423586,0.1011508377251489,1.5277777777777777,8.603210705645807,0.0,4.94548474501104,1.0,,
33,0.2,Unregularized Coupled DML,10.302913162836203,0.11822017521235868,1.5277777777777777,8.775135385058427,0.0,0.6294148263544972,4.173646952905877,0.43249241169442076,1.2554929979312441
33,0.2,Spectral OR-DML (Ours),10.292906799477002,0.11772135883452844,1.5277777777777777,8.765129021699224,0.0,0.6294148263544972,4.173646952905877,0.43249241169442076,1.2554929979312441
33,0.2,Filtered OR-DML (Ours),10.264731977493682,0.11368980939417833,1.5277777777777777,8.736954199715903,0.0,0.6329278998781415,4.183121140917783,0.4409443975015599,1.2320437623594789
34,0.2,Oracle DML,1.5870600254158247,0.033829429369883236,1.5277777777777777,0.059282247638047014,1.0,0.46320674521348365,1.1810261845935617,0.0,0.0
34,0.2,Standard DML,9.985892473909493,0.10475468987919268,1.5277777777777777,8.458114696131716,0.0,5.051005391746114,1.0,,
34,0.2,Block DML,10.015692169660822,0.10804586113997879,1.5277777777777777,8.487914391883045,0.0,5.117350277835783,1.0,,
34,0.2,Unregularized Coupled DML,10.140627080199662,0.11688660879514638,1.5277777777777777,8.612849302421886,0.0,0.6592225983747222,4.286814467289614,0.42517152223305515,1.2154016359932571
34,0.2,Spectral OR-DML (Ours),10.130359717078628,0.11642472399717814,1.5277777777777777,8.602581939300851,0.0,0.6592225983747222,4.286814467289614,0.42517152223305515,1.2154016359932571
34,0.2,Filtered OR-DML (Ours),10.121672772150424,0.11570030043308707,1.5277777777777777,8.593894994372647,0.0,0.6661331106076395,4.256077764404593,0.42547912122844783,1.2086458040955141
35,0.2,Oracle DML,1.5992195838449983,0.029751908236048962,1.5277777777777777,0.07144180606722061,0.0,0.5220207884230856,1.0409103226666163,0.0,0.0
35,0.2,Standard DML,9.870540145299161,0.09925421824828351,1.5277777777777777,8.342762367521384,0.0,5.180288839664707,1.0,,
35,0.2,Block DML,9.90712103243509,0.09983767165229848,1.5277777777777777,8.37934325465731,0.0,5.184740165480574,1.0,,
35,0.2,Unregularized Coupled DML,10.123349180487764,0.12118416796516633,1.5277777777777777,8.595571402709986,0.0,0.25354917534373783,14.65512968796988,0.3135471073303938,1.142503773905013
35,0.2,Spectral OR-DML (Ours),10.108582308955961,0.12065640859640986,1.5277777777777777,8.580804531178185,0.0,0.25354917534373783,14.65512968796988,0.3135471073303938,1.142503773905013
35,0.2,Filtered OR-DML (Ours),10.052225924434325,0.11273237312837177,1.5277777777777777,8.524448146656546,0.0,0.24809503983873848,14.965995601116443,0.33303087442817714,1.1183794017926652
36,0.2,Oracle DML,1.629739989694508,0.03529614909728881,1.5277777777777777,0.10196221191673027,0.0,0.49015457403604423,1.0344034872150387,0.0,0.0
36,0.2,Standard DML,10.174086358416485,0.1096936702921847,1.5277777777777777,8.646308580638706,0.0,4.8189272436672566,1.0,,
36,0.2,Block DML,10.220380054268594,0.11100661012669424,1.5277777777777777,8.692602276490817,0.0,4.91305269220298,1.0,,
36,0.2,Unregularized Coupled DML,10.255763493822002,0.11350365183065114,1.5277777777777777,8.727985716044223,0.0,0.38326928224008483,8.4591722520388,0.40781931011813055,1.0869671513672143
36,0.2,Spectral OR-DML (Ours),10.244009378031528,0.11299242208302948,1.5277777777777777,8.71623160025375,0.0,0.38326928224008483,8.4591722520388,0.40781931011813055,1.0869671513672143
36,0.2,Filtered OR-DML (Ours),10.27242402604412,0.11470570074301221,1.5277777777777777,8.744646248266342,0.0,0.3566189192468869,8.98482452457468,0.42027753932503453,1.110837442469183
37,0.2,Oracle DML,1.530608093056852,0.033675272659295624,1.5277777777777777,0.0028303152790742914,1.0,0.4760536852130921,1.2610064117208732,0.0,0.0
37,0.2,Standard DML,9.869502688322232,0.1142989694070608,1.5277777777777777,8.341724910544453,0.0,4.931166479089441,1.0,,
37,0.2,Block DML,9.875012994173803,0.11496388358526297,1.5277777777777777,8.347235216396026,0.0,5.037396740696948,1.0,,
37,0.2,Unregularized Coupled DML,9.909891535082886,0.11865196928834679,1.5277777777777777,8.38211375730511,0.0,0.3227040085689851,11.021931869507721,0.35569415651361697,1.0241260445039864
37,0.2,Spectral OR-DML (Ours),9.897700240841264,0.11858273893982482,1.5277777777777777,8.369922463063485,0.0,0.3227040085689851,11.021931869507721,0.35569415651361697,1.0241260445039864
37,0.2,Filtered OR-DML (Ours),9.892457198340901,0.11810850744215097,1.5277777777777777,8.364679420563125,0.0,0.3297314518465617,10.74883659272869,0.35902930048008636,1.0128013894769436
38,0.2,Oracle DML,1.4408786467115986,0.039908516902861846,1.5277777777777777,-0.08689913106617908,0.0,0.364118441286947,1.5827957847374559,0.0,0.0
38,0.2,Standard DML,9.879226564122742,0.11838324374959389,1.5277777777777777,8.351448786344964,0.0,4.8908358396189415,1.0,,
38,0.2,Block DML,9.93027270845696,0.11708381544018133,1.5277777777777777,8.402494930679183,0.0,4.936483679964882,1.0,,
38,0.2,Unregularized Coupled DML,9.972857330958362,0.13187425781418277,1.5277777777777777,8.445079553180584,0.0,0.3407471017435941,10.107654316819607,0.3601511558383245,1.019917596213661
38,0.2,Spectral OR-DML (Ours),9.959200691530132,0.13167076459780183,1.5277777777777777,8.431422913752353,0.0,0.3407471017435941,10.107654316819607,0.3601511558383245,1.019917596213661
38,0.2,Filtered OR-DML (Ours),9.9550267741459,0.12970874996681628,1.5277777777777777,8.427248996368121,0.0,0.34911936401525406,9.85857528395252,0.36107215377826013,1.0117617687294822
39,0.2,Oracle DML,1.510596785365418,0.0324518906021977,1.5277777777777777,-0.017180992412359597,1.0,0.4502071396190924,1.3216848478524934,0.0,0.0
39,0.2,Standard DML,9.934910493473907,0.1065713939895974,1.5277777777777777,8.407132715696129,0.0,4.953734572838152,1.0,,
39,0.2,Block DML,9.94012714058995,0.10733341746780277,1.5277777777777777,8.412349362812172,0.0,4.987063571598231,1.0,,
39,0.2,Unregularized Coupled DML,10.066008407063762,0.1273113697838727,1.5277777777777777,8.538230629285984,0.0,0.9308432941023334,2.5280275648305417,0.4405547244311475,1.2369420519063408
39,0.2,Spectral OR-DML (Ours),10.055700423258182,0.12688107592933856,1.5277777777777777,8.527922645480405,0.0,0.9308432941023334,2.5280275648305417,0.4405547244311475,1.2369420519063408
39,0.2,Filtered OR-DML (Ours),10.032489419179967,0.12237118050366366,1.5277777777777777,8.504711641402189,0.0,0.9356280051895776,2.5449321050408305,0.4476985241651292,1.2120541209330336
40,0.2,Oracle DML,1.523272293991635,0.03188325075114622,1.5277777777777777,-0.004505483786142683,1.0,0.5020991735581856,1.0511806034177222,0.0,0.0
40,0.2,Standard DML,9.988216224274092,0.12427974640263821,1.5277777777777777,8.460438446496315,0.0,4.899639641527065,1.0,,
40,0.2,Block DML,10.011472420456137,0.12933752168023208,1.5277777777777777,8.483694642678358,0.0,4.917167466650238,1.0,,
40,0.2,Unregularized Coupled DML,10.16682271638966,0.14003879370244565,1.5277777777777777,8.639044938611882,0.0,0.7062086988890813,3.7017825435341587,0.44715234587699465,1.1716993429804563
40,0.2,Spectral OR-DML (Ours),10.15652646224115,0.13960586102611142,1.5277777777777777,8.628748684463371,0.0,0.7062086988890813,3.7017825435341587,0.44715234587699465,1.1716993429804563
40,0.2,Filtered OR-DML (Ours),10.136574156021936,0.1376903823450646,1.5277777777777777,8.608796378244158,0.0,0.6960909444948602,3.77061343788027,0.45191327900496436,1.1574302710068882
41,0.2,Oracle DML,1.6154631273367985,0.038597748686555126,1.5277777777777777,0.08768534955902085,0.0,0.4787284476812556,1.0550875633700318,0.0,0.0
41,0.2,Standard DML,10.236847011530756,0.11727685230149332,1.5277777777777777,8.709069233752977,0.0,4.819585648619859,1.0,,
41,0.2,Block DML,10.250481711641028,0.12088537709686796,1.5277777777777777,8.72270393386325,0.0,4.82629028985961,1.0,,
41,0.2,Unregularized Coupled DML,10.261685428554733,0.12196999771784463,1.5277777777777777,8.733907650776956,0.0,0.6480208803021588,3.717656625381233,0.5485664996524863,1.0415661208073868
41,0.2,Spectral OR-DML (Ours),10.252292351570679,0.12162158602914638,1.5277777777777777,8.724514573792902,0.0,0.6480208803021588,3.717656625381233,0.5485664996524863,1.0415661208073868
41,0.2,Filtered OR-DML (Ours),10.26986359400874,0.12224895220032111,1.5277777777777777,8.742085816230961,0.0,0.4938801172558656,4.8455534004541505,0.5794025484143139,1.0784685474213556
42,0.2,Oracle DML,1.5022837135499976,0.032860342281228395,1.5277777777777777,-0.02549406422778011,1.0,0.43365231274078403,1.3881082450995752,0.0,0.0
42,0.2,Standard DML,9.959922632631741,0.1095940893531147,1.5277777777777777,8.432144854853963,0.0,4.812389021397889,1.0,,
42,0.2,Block DML,9.966864428800386,0.11068935613487177,1.5277777777777777,8.43908665102261,0.0,4.816528173035853,1.0,,
42,0.2,Unregularized Coupled DML,10.039185322702604,0.12450486586146313,1.5277777777777777,8.511407544924825,0.0,0.497611403664747,5.957266673805623,0.4081008900963267,1.0951165406390098
42,0.2,Spectral OR-DML (Ours),10.027705042463374,0.12426192985089951,1.5277777777777777,8.499927264685596,0.0,0.497611403664747,5.957266673805623,0.4081008900963267,1.0951165406390098
42,0.2,Filtered OR-DML (Ours),10.018243606402507,0.12175137443184154,1.5277777777777777,8.490465828624728,0.0,0.5016797379654498,5.921729066285992,0.4099975993991805,1.083497662843071
43,0.2,Oracle DML,1.4631496992086388,0.035942329222937656,1.5277777777777777,-0.06462807856913888,1.0,0.39345458887838214,1.5648624486220217,0.0,0.0
43,0.2,Standard DML,9.979555455272077,0.11707040240961077,1.5277777777777777,8.451777677494299,0.0,4.888516106546142,1.0,,
43,0.2,Block DML,9.969785403835889,0.12057029120730803,1.5277777777777777,8.44200762605811,0.0,4.859706542032463,1.0,,
43,0.2,Unregularized Coupled DML,10.1428980758063,0.13939028696327493,1.5277777777777777,8.615120298028522,0.0,0.7446499039977573,3.130145519070289,0.4713023685685319,1.2246946559119154
43,0.2,Spectral OR-DML (Ours),10.132833546030103,0.13896265211945313,1.5277777777777777,8.605055768252324,0.0,0.7446499039977573,3.130145519070289,0.4713023685685319,1.2246946559119154
43,0.2,Filtered OR-DML (Ours),10.10845245768661,0.13578504055048432,1.5277777777777777,8.580674679908832,0.0,0.7316399300491659,3.209993831079555,0.4812213224138776,1.2018654015175112
44,0.2,Oracle DML,1.513110477329384,0.030757904177699667,1.5277777777777777,-0.014667300448393705,1.0,0.40507388221097185,1.4716049540228198,0.0,0.0
44,0.2,Standard DML,10.024683230048044,0.11665985724000186,1.5277777777777777,8.496905452270266,0.0,4.878909770090095,1.0,,
44,0.2,Block DML,10.034461512027269,0.1141828312441637,1.5277777777777777,8.506683734249492,0.0,5.004738491529943,1.0,,
44,0.2,Unregularized Coupled DML,10.123082586392496,0.14178388286493288,1.5277777777777777,8.595304808614717,0.0,0.41298559078667074,7.902310544480731,0.3597978859311874,1.1362979277155432
44,0.2,Spectral OR-DML (Ours),10.110037478065,0.14165462170780402,1.5277777777777777,8.58225970028722,0.0,0.41298559078667074,7.902310544480731,0.3597978859311874,1.1362979277155432
44,0.2,Filtered OR-DML (Ours),10.107207150243596,0.13630355365187735,1.5277777777777777,8.579429372465817,0.0,0.419721505555771,7.815463553633925,0.36401384404770987,1.1206649543419034
45,0.2,Oracle DML,1.5636134703027005,0.0334387627947938,1.5277777777777777,0.0358356925249228,1.0,0.4857429615700645,1.156936370430688,0.0,0.0
45,0.2,Standard DML,9.916245326512783,0.10384776601886295,1.5277777777777777,8.388467548735004,0.0,5.019635845150399,1.0,,
45,0.2,Block DML,9.984290965016218,0.10453606704104143,1.5277777777777777,8.45651318723844,0.0,5.117195350592219,1.0,,
45,0.2,Unregularized Coupled DML,10.044426386666126,0.10862918754109466,1.5277777777777777,8.51664860888835,0.0,0.494013832927527,6.48911907127198,0.4089541096571699,1.1391107888617686
45,0.2,Spectral OR-DML (Ours),10.03335273611807,0.10810465093275223,1.5277777777777777,8.505574958340294,0.0,0.494013832927527,6.48911907127198,0.4089541096571699,1.1391107888617686
45,0.2,Filtered OR-DML (Ours),10.040836015912252,0.10821655424016612,1.5277777777777777,8.513058238134473,0.0,0.4951527072877283,6.421245286098166,0.4113097336742151,1.14754344264665
46,0.2,Oracle DML,1.4851571941347943,0.034281566944816176,1.5277777777777777,-0.04262058364298338,1.0,0.3927558438435113,1.5069484528009356,0.0,0.0
46,0.2,Standard DML,10.046771822927749,0.12104214672247232,1.5277777777777777,8.51899404514997,0.0,4.698582701116924,1.0,,
46,0.2,Block DML,10.124792117804603,0.1201239060406274,1.5277777777777777,8.597014340026824,0.0,4.855671011735004,1.0,,
46,0.2,Unregularized Coupled DML,10.273833389594403,0.13368504753983512,1.5277777777777777,8.746055611816626,0.0,0.6664266179688719,4.235339622245907,0.34272271970678714,1.2955014137171221
46,0.2,Spectral OR-DML (Ours),10.262360315396172,0.1330596914992556,1.5277777777777777,8.734582537618394,0.0,0.6664266179688719,4.235339622245907,0.34272271970678714,1.2955014137171221
46,0.2,Filtered OR-DML (Ours),10.249611096321523,0.1306113291769936,1.5277777777777777,8.721833318543744,0.0,0.64823366136309,4.393445903854137,0.35319264693843355,1.2748517213897859
47,0.2,Oracle DML,1.5910219840031892,0.03082568176564139,1.5277777777777777,0.06324420622541149,0.0,0.5097786435793693,1.0470328083324587,0.0,0.0
47,0.2,Standard DML,10.05367500095869,0.10020238658813577,1.5277777777777777,8.525897223180912,0.0,4.911594399517335,1.0,,
47,0.2,Block DML,10.091363091257978,0.10117324418196083,1.5277777777777777,8.5635853134802,0.0,4.994336690051338,1.0,,
47,0.2,Unregularized Coupled DML,10.313799302452853,0.11516289621721812,1.5277777777777777,8.786021524675075,0.0,0.783173232240591,3.074684010246105,0.4563559454789479,1.2359872981023026
47,0.2,Spectral OR-DML (Ours),10.303509027195261,0.11456629711078214,1.5277777777777777,8.775731249417483,0.0,0.783173232240591,3.074684010246105,0.4563559454789479,1.2359872981023026
47,0.2,Filtered OR-DML (Ours),10.265428025562073,0.11110587567884282,1.5277777777777777,8.737650247784295,0.0,0.7721179824647911,3.1654715844054104,0.46382330696978347,1.2111687601272731
48,0.2,Oracle DML,1.6881857578160748,0.040639584206613746,1.5277777777777777,0.16040798003829715,0.0,0.525005249797706,1.0124312736326497,0.0,0.0
48,0.2,Standard DML,9.94323744665038,0.09620285860400397,1.5277777777777777,8.415459668872604,0.0,5.088736144237064,1.0,,
48,0.2,Block DML,9.947978401105233,0.09554681009154822,1.5277777777777777,8.420200623327457,0.0,5.163697171981799,1.0,,
48,0.2,Unregularized Coupled DML,10.171048110468465,0.11274175094172986,1.5277777777777777,8.643270332690687,0.0,0.5447643788001186,4.938115703798884,0.4934703243182245,1.2112906096489886
48,0.2,Spectral OR-DML (Ours),10.16073959351077,0.11195220333658874,1.5277777777777777,8.632961815732994,0.0,0.5447643788001186,4.938115703798884,0.4934703243182245,1.2112906096489886
48,0.2,Filtered OR-DML (Ours),10.098570340453717,0.10577109020361748,1.5277777777777777,8.57079256267594,0.0,0.5391162472005764,5.062876685636699,0.5049863732974917,1.1716880516866517
49,0.2,Oracle DML,1.4919356349949526,0.03340591911560919,1.5277777777777777,-0.03584214278282505,1.0,0.520457328731054,1.0266641379325936,0.0,0.0
49,0.2,Standard DML,9.888749370760166,0.10913249766792461,1.5277777777777777,8.360971592982388,0.0,5.0554068604032745,1.0,,
49,0.2,Block DML,9.923292391800235,0.10880559502491985,1.5277777777777777,8.395514614022456,0.0,5.142387878589627,1.0,,
49,0.2,Unregularized Coupled DML,10.09191805735599,0.12513650797208928,1.5277777777777777,8.564140279578211,0.0,0.9895611077928925,2.491354377489196,0.4110626521839512,1.2331942521172856
49,0.2,Spectral OR-DML (Ours),10.081338476047549,0.12452032460698959,1.5277777777777777,8.55356069826977,0.0,0.9895611077928925,2.491354377489196,0.4110626521839512,1.2331942521172856
49,0.2,Filtered OR-DML (Ours),10.06252777743669,0.12229845723391394,1.5277777777777777,8.534749999658914,0.0,0.9722953703631778,2.568693639444884,0.41693874371237183,1.2182703708222031
50,0.2,Oracle DML,1.5602110180243527,0.03527722209550895,1.5277777777777777,0.03243324024657501,1.0,0.38076663452867743,1.3294351725061495,0.0,0.0
50,0.2,Standard DML,10.155955311006283,0.0912454412858948,1.5277777777777777,8.628177533228506,0.0,4.958659991093607,1.0,,
50,0.2,Block DML,10.17774376201959,0.09088310983290973,1.5277777777777777,8.649965984241813,0.0,5.040893818138657,1.0,,
50,0.2,Unregularized Coupled DML,10.379405537149399,0.10521369972528964,1.5277777777777777,8.85162775937162,0.0,0.920146369112598,2.706328397869229,0.4290022841653079,1.2196881749824584
50,0.2,Spectral OR-DML (Ours),10.368516703097914,0.10457998761749204,1.5277777777777777,8.840738925320135,0.0,0.920146369112598,2.706328397869229,0.4290022841653079,1.2196881749824584
50,0.2,Filtered OR-DML (Ours),10.347547033868752,0.10241076770191188,1.5277777777777777,8.819769256090975,0.0,0.9177504881818523,2.7327469584747406,0.43500428037343947,1.202482646298671
51,0.2,Oracle DML,1.5477087478252243,0.03401842165445097,1.5277777777777777,0.019930970047446595,1.0,0.4775711946142486,1.196327108254254,0.0,0.0
51,0.2,Standard DML,10.056297404487056,0.10744308024295415,1.5277777777777777,8.52851962670928,0.0,4.955830896114954,1.0,,
51,0.2,Block DML,10.136219209541057,0.10995080700037556,1.5277777777777777,8.608441431763278,0.0,5.0114217699007755,1.0,,
51,0.2,Unregularized Coupled DML,10.417325780698446,0.13548750339461438,1.5277777777777777,8.88954800292067,0.0,0.8744999080872751,2.5545053201780186,0.4479012759704856,1.2869171875916339
51,0.2,Spectral OR-DML (Ours),10.406870690363,0.13477499895226547,1.5277777777777777,8.879092912585222,0.0,0.8744999080872751,2.5545053201780186,0.4479012759704856,1.2869171875916339
51,0.2,Filtered OR-DML (Ours),10.341410098949918,0.126284758128609,1.5277777777777777,8.81363232117214,0.0,0.8520480520188769,2.6988374775060495,0.46197743187962526,1.2482793157217558
52,0.2,Oracle DML,1.5038639094336559,0.027783165699677977,1.5277777777777777,-0.02391386834412179,1.0,0.4732841919784797,1.1421594467008704,0.0,0.0
52,0.2,Standard DML,9.837541336165229,0.0943653176653794,1.5277777777777777,8.309763558387452,0.0,5.255014334154848,1.0,,
52,0.2,Block DML,9.893926654630004,0.09312356650923134,1.5277777777777777,8.366148876852225,0.0,5.330640921892865,1.0,,
52,0.2,Unregularized Coupled DML,9.904762377764165,0.09467426319456503,1.5277777777777777,8.376984599986386,0.0,0.4587436262273521,5.9165943759434105,0.5883439852550972,1.0043706345559384
52,0.2,Spectral OR-DML (Ours),9.89638183270085,0.09443740223158038,1.5277777777777777,8.368604054923072,0.0,0.4587436262273521,5.9165943759434105,0.5883439852550972,1.0043706345559384
52,0.2,Filtered OR-DML (Ours),9.88934492703403,0.09377380655166029,1.5277777777777777,8.361567149256253,0.0,0.3234944130587845,8.404795612779044,0.6179154541152598,1.0175283598354636
53,0.2,Oracle DML,1.4824720250500132,0.03617047879439053,1.5277777777777777,-0.04530575272776449,1.0,0.450934503008435,1.32491794765872,0.0,0.0
53,0.2,Standard DML,9.932835964450325,0.10729313328177466,1.5277777777777777,8.405058186672548,0.0,5.011262864579376,1.0,,
53,0.2,Block DML,10.005372942262786,0.10807341458103677,1.5277777777777777,8.47759516448501,0.0,5.148249269902864,1.0,,
53,0.2,Unregularized Coupled DML,10.054969401280221,0.11983394755236713,1.5277777777777777,8.527191623502443,0.0,0.7267130933992392,3.575767253259074,0.4908487018517883,1.1729785103793906
53,0.2,Spectral OR-DML (Ours),10.044988142431325,0.11953967235303732,1.5277777777777777,8.517210364653547,0.0,0.7267130933992392,3.575767253259074,0.4908487018517883,1.1729785103793906
53,0.2,Filtered OR-DML (Ours),10.034781473061397,0.11703356038367162,1.5277777777777777,8.507003695283618,0.0,0.72291731172867,3.6166835971298505,0.49513292639506273,1.1556501012899107
54,0.2,Oracle DML,1.4683426785170974,0.037273101848691266,1.5277777777777777,-0.059435099260680246,1.0,0.473365309721446,1.0474705790024628,0.0,0.0
54,0.2,Standard DML,10.018359896486364,0.1082818041984547,1.5277777777777777,8.490582118708588,0.0,4.921086881054577,1.0,,
54,0.2,Block DML,10.008312676763811,0.10671664169943681,1.5277777777777777,8.480534898986033,0.0,4.973202773175361,1.0,,
54,0.2,Unregularized Coupled DML,10.0896962818818,0.1137737411630601,1.5277777777777777,8.561918504104021,0.0,0.5933766254944013,4.413619652520881,0.49518244257619454,1.1438984705090502
54,0.2,Spectral OR-DML (Ours),10.079729851579877,0.11340380243877542,1.5277777777777777,8.551952073802099,0.0,0.5933766254944013,4.413619652520881,0.49518244257619454,1.1438984705090502
54,0.2,Filtered OR-DML (Ours),10.072348206885863,0.11214791343200298,1.5277777777777777,8.544570429108084,0.0,0.5831439087596093,4.515657956414241,0.4995451125828033,1.1291577680554223
55,0.2,Oracle DML,1.459638931789455,0.03340601193495525,1.5277777777777777,-0.06813884598832276,0.0,0.44177359298092134,1.2651654696232935,0.0,0.0
55,0.2,Standard DML,10.033264417422314,0.11078843955622485,1.5277777777777777,8.505486639644538,0.0,4.813789410880099,1.0,,
55,0.2,Block DML,10.08439105409603,0.11613141725581003,1.5277777777777777,8.556613276318252,0.0,4.813347692908554,1.0,,
55,0.2,Unregularized Coupled DML,10.365833274390232,0.14261120806690072,1.5277777777777777,8.838055496612455,0.0,0.6261108270282092,3.681447424572714,0.48833951822596,1.270293327301359
55,0.2,Spectral OR-DML (Ours),10.356199742743637,0.14208633759605319,1.5277777777777777,8.828421964965859,0.0,0.6261108270282092,3.681447424572714,0.48833951822596,1.270293327301359
55,0.2,Filtered OR-DML (Ours),10.249277277121053,0.13180323339101313,1.5277777777777777,8.721499499343274,0.0,0.5402747412238409,4.440307109094019,0.519251398977417,1.2174347427015009
56,0.2,Oracle DML,1.4373327544654952,0.0326803772714059,1.5277777777777777,-0.09044502331228244,0.0,0.424557331166586,1.432927126695549,0.0,0.0
56,0.2,Standard DML,9.864822589877653,0.11324879006404906,1.5277777777777777,8.337044812099876,0.0,4.872448629520401,1.0,,
56,0.2,Block DML,9.898062104545161,0.11536667413994342,1.5277777777777777,8.370284326767383,0.0,4.878357968519262,1.0,,
56,0.2,Unregularized Coupled DML,9.955333431098722,0.118160212167949,1.5277777777777777,8.427555653320944,0.0,0.5363711399497897,5.44662666779888,0.43319960050443723,1.030581590998203
56,0.2,Spectral OR-DML (Ours),9.944916951260453,0.11790072462435565,1.5277777777777777,8.417139173482674,0.0,0.5363711399497897,5.44662666779888,0.43319960050443723,1.030581590998203
56,0.2,Filtered OR-DML (Ours),9.957474906241005,0.12034302911440443,1.5277777777777777,8.429697128463228,0.0,0.5043125426177828,5.742350953010629,0.4423893696531947,1.053719812222488
57,0.2,Oracle DML,1.5840850374219861,0.03316832460161656,1.5277777777777777,0.05630725964420846,1.0,0.4951680032131071,1.2050652529399375,0.0,0.0
57,0.2,Standard DML,10.08636790364927,0.11055709639480764,1.5277777777777777,8.558590125871493,0.0,4.786089871963477,1.0,,
57,0.2,Block DML,10.070450400722422,0.10830513911701418,1.5277777777777777,8.542672622944643,0.0,4.917267194832257,1.0,,
57,0.2,Unregularized Coupled DML,10.202636145182094,0.12147047895165111,1.5277777777777777,8.674858367404315,0.0,0.8893803001011767,2.6461367872529986,0.45979175157558777,1.2009343785960214
57,0.2,Spectral OR-DML (Ours),10.192477947730264,0.12096005111640487,1.5277777777777777,8.664700169952486,0.0,0.8893803001011767,2.6461367872529986,0.45979175157558777,1.2009343785960214
57,0.2,Filtered OR-DML (Ours),10.173856706193073,0.1188486790603752,1.5277777777777777,8.646078928415296,0.0,0.8653821290539639,2.7377321553529903,0.46818612329014475,1.18714285668879
58,0.2,Oracle DML,1.469989701804176,0.03453741259255395,1.5277777777777777,-0.05778807597360158,1.0,0.4558195333306202,1.19864753522949,0.0,0.0
58,0.2,Standard DML,10.029166809721259,0.10179903330419024,1.5277777777777777,8.501389031943482,0.0,4.794413717697565,1.0,,
58,0.2,Block DML,10.065705842726484,0.10510359893123597,1.5277777777777777,8.537928064948705,0.0,4.830164714577638,1.0,,
58,0.2,Unregularized Coupled DML,10.217991593972114,0.12372856996274562,1.5277777777777777,8.690213816194337,0.0,0.6739614204286758,3.589863643077723,0.47425265577107223,1.2041085102745726
58,0.2,Spectral OR-DML (Ours),10.207615705023438,0.12336384991590875,1.5277777777777777,8.67983792724566,0.0,0.6739614204286758,3.589863643077723,0.47425265577107223,1.2041085102745726
58,0.2,Filtered OR-DML (Ours),10.183511787531266,0.11898594014395919,1.5277777777777777,8.655734009753488,0.0,0.6785128413666067,3.59162137552546,0.4806192683616602,1.1827025637197073
59,0.2,Oracle DML,1.6063508286596313,0.03143993763095768,1.5277777777777777,0.07857305088185362,0.0,0.4744023874011913,1.0019981878257975,0.0,0.0
59,0.2,Standard DML,9.985260772447699,0.09593307233235635,1.5277777777777777,8.45748299466992,0.0,5.171203638959323,1.0,,
59,0.2,Block DML,10.00334731468017,0.0990250611314769,1.5277777777777777,8.475569536902391,0.0,5.15268077220015,1.0,,
59,0.2,Unregularized Coupled DML,10.169168501157785,0.1103223337600509,1.5277777777777777,8.641390723380006,0.0,0.9419293573010913,2.571548019892971,0.4458353465037009,1.2411106917581596
59,0.2,Spectral OR-DML (Ours),10.158985121190163,0.10974833833347655,1.5277777777777777,8.631207343412385,0.0,0.9419293573010913,2.571548019892971,0.4458353465037009,1.2411106917581596
59,0.2,Filtered OR-DML (Ours),10.122860164297478,0.10672960120249371,1.5277777777777777,8.5950823865197,0.0,0.9363649434265806,2.620045398044705,0.45268381946966474,1.219879597478037
60,0.2,Oracle DML,1.5099408137632198,0.03681904478281749,1.5277777777777777,-0.01783696401455792,1.0,0.47686351860063647,1.0348594209183628,0.0,0.0
60,0.2,Standard DML,9.984678280741786,0.08877173205381886,1.5277777777777777,8.456900502964007,0.0,5.096720469380896,1.0,,
60,0.2,Block DML,10.006983749009764,0.09122620998484958,1.5277777777777777,8.479205971231988,0.0,5.212943451901497,1.0,,
60,0.2,Unregularized Coupled DML,10.253081015899815,0.11101460099145105,1.5277777777777777,8.725303238122038,0.0,0.8240145278722552,2.913837219815323,0.4586074184094785,1.266269716792043
60,0.2,Spectral OR-DML (Ours),10.243162056892864,0.11036455291168895,1.5277777777777777,8.715384279115085,0.0,0.8240145278722552,2.913837219815323,0.4586074184094785,1.266269716792043
60,0.2,Filtered OR-DML (Ours),10.187593338076345,0.1056037380663154,1.5277777777777777,8.659815560298568,0.0,0.8390484417556123,2.9250247547163606,0.46473702858183724,1.2393381701886113
61,0.2,Oracle DML,1.6918351640898324,0.03548810310077864,1.5277777777777777,0.1640573863120547,0.0,0.4845616246076814,1.074378776244397,0.0,0.0
61,0.2,Standard DML,9.934802244325727,0.10365949497320018,1.5277777777777777,8.407024466547949,0.0,5.147797010074999,1.0,,
61,0.2,Block DML,9.947523191083803,0.10266661130901975,1.5277777777777777,8.419745413306025,0.0,5.174435174134464,1.0,,
61,0.2,Unregularized Coupled DML,10.065364413196153,0.11180618324886012,1.5277777777777777,8.537586635418375,0.0,0.8557242080371203,3.042818946635142,0.44595035385634463,1.1994059111836821
61,0.2,Spectral OR-DML (Ours),10.055233435628779,0.11130898192991799,1.5277777777777777,8.527455657851,0.0,0.8557242080371203,3.042818946635142,0.44595035385634463,1.1994059111836821
61,0.2,Filtered OR-DML (Ours),10.038515448316742,0.10954887429801614,1.5277777777777777,8.510737670538965,0.0,0.8481184925542846,3.0953848649419,0.4492127976915039,1.187635957895427
62,0.2,Oracle DML,1.5042649825887007,0.034741799935815915,1.5277777777777777,-0.023512795189077007,1.0,0.42114389751969517,1.3898435132797329,0.0,0.0
62,0.2,Standard DML,9.9455134893582,0.11107919190159164,1.5277777777777777,8.417735711580423,0.0,4.946439164521801,1.0,,
62,0.2,Block DML,9.970312238736925,0.11223196986086097,1.5277777777777777,8.442534460959148,0.0,4.997165775294004,1.0,,
62,0.2,Unregularized Coupled DML,10.159959563501346,0.1286369729945345,1.5277777777777777,8.632181785723567,0.0,0.8930220721017023,2.6228995662336168,0.4647782783974382,1.22647968764042
62,0.2,Spectral OR-DML (Ours),10.149883415280204,0.12817214785805284,1.5277777777777777,8.622105637502425,0.0,0.8930220721017023,2.6228995662336168,0.4647782783974382,1.22647968764042
62,0.2,Filtered OR-DML (Ours),10.12788363723077,0.12539575776456247,1.5277777777777777,8.600105859452992,0.0,0.8794668582896612,2.6915309644965166,0.47021909842235393,1.20885130664883
63,0.2,Oracle DML,1.543781735032697,0.03423355862012347,1.5277777777777777,0.01600395725491932,1.0,0.4153595548377875,1.214390948476388,0.0,0.0
63,0.2,Standard DML,10.069567074606892,0.11037966747057402,1.5277777777777777,8.541789296829116,0.0,4.924361603605596,1.0,,
63,0.2,Block DML,10.11520893174082,0.11079668976470987,1.5277777777777777,8.587431153963042,0.0,5.093302075065943,1.0,,
63,0.2,Unregularized Coupled DML,10.22014742541796,0.11710665498374359,1.5277777777777777,8.69236964764018,0.0,0.8175778939502312,3.008378374768073,0.4991441157309667,1.1672710506179722
63,0.2,Spectral OR-DML (Ours),10.210321251709507,0.11667325231896898,1.5277777777777777,8.68254347393173,0.0,0.8175778939502312,3.008378374768073,0.4991441157309667,1.1672710506179722
63,0.2,Filtered OR-DML (Ours),10.223748338738996,0.11746499270955575,1.5277777777777777,8.695970560961218,0.0,0.8139503725597775,3.009001551838216,0.498689636925395,1.1761696019856183
64,0.2,Oracle DML,1.4860596939921016,0.035887185033714304,1.5277777777777777,-0.0417180837856761,1.0,0.41579126542315614,1.4061009567257265,0.0,0.0
64,0.2,Standard DML,9.857604541829511,0.11349074878994053,1.5277777777777777,8.329826764051735,0.0,4.960258676374864,1.0,,
64,0.2,Block DML,9.865046224957583,0.11374326572774877,1.5277777777777777,8.337268447179806,0.0,5.001936513494652,1.0,,
64,0.2,Unregularized Coupled DML,9.89764569349406,0.12944310803196177,1.5277777777777777,8.36986791571628,0.0,0.3415201580733598,10.112151491591552,0.3676576853511342,1.0461662941303274
64,0.2,Spectral OR-DML (Ours),9.88507341647397,0.12935055143184998,1.5277777777777777,8.357295638696193,0.0,0.3415201580733598,10.112151491591552,0.3676576853511342,1.0461662941303274
64,0.2,Filtered OR-DML (Ours),9.893630382707414,0.12641886079483333,1.5277777777777777,8.365852604929636,0.0,0.33791799478580575,10.231812095347188,0.3705696135746099,1.0365773372863472
65,0.2,Oracle DML,1.5708702867851774,0.036780997381723836,1.5277777777777777,0.04309250900739969,1.0,0.49598638587660615,1.0911816271513866,0.0,0.0
65,0.2,Standard DML,10.028781685698315,0.1056265088697668,1.5277777777777777,8.501003907920538,0.0,4.91285293529233,1.0,,
65,0.2,Block DML,10.054489402505363,0.10638834312220082,1.5277777777777777,8.526711624727586,0.0,4.9387829343455065,1.0,,
65,0.2,Unregularized Coupled DML,10.165508775526135,0.1124750965275012,1.5277777777777777,8.637730997748356,0.0,0.7241187179196558,3.4720474978887643,0.48090165205952073,1.192381605837814
65,0.2,Spectral OR-DML (Ours),10.15547569113616,0.11199639310378054,1.5277777777777777,8.627697913358382,0.0,0.7241187179196558,3.4720474978887643,0.48090165205952073,1.192381605837814
65,0.2,Filtered OR-DML (Ours),10.145338292488368,0.11118155308914064,1.5277777777777777,8.61756051471059,0.0,0.7263376591213543,3.4671183659186324,0.4822643934747712,1.1836947074539417
66,0.2,Oracle DML,1.48377737414211,0.03588003773273921,1.5277777777777777,-0.044000403635667595,1.0,0.43192942897121034,1.2692444015291238,0.0,0.0
66,0.2,Standard DML,10.079280311311354,0.10425540526371865,1.5277777777777777,8.551502533533576,0.0,4.835676889975271,1.0,,
66,0.2,Block DML,10.121688899866903,0.10403573836988837,1.5277777777777777,8.593911122089125,0.0,4.984299219826569,1.0,,
66,0.2,Unregularized Coupled DML,10.125353409248167,0.10496465428765843,1.5277777777777777,8.597575631470388,0.0,0.5328670999255993,4.691529143849224,0.5626098916352756,1.0342367068023095
66,0.2,Spectral OR-DML (Ours),10.116424946903422,0.10477915237012553,1.5277777777777777,8.588647169125643,0.0,0.5328670999255993,4.691529143849224,0.5626098916352756,1.0342367068023095
66,0.2,Filtered OR-DML (Ours),10.12840278625919,0.10694798903330097,1.5277777777777777,8.600625008481412,0.0,0.4028057613029471,6.1836031389893025,0.5940376602731736,1.068218983482866
67,0.2,Oracle DML,1.5390833103686257,0.030341439994445916,1.5277777777777777,0.011305532590847989,1.0,0.4466265423851822,1.2544815559055837,0.0,0.0
67,0.2,Standard DML,10.02425638550452,0.11744077792558978,1.5277777777777777,8.496478607726743,0.0,4.868288296636812,1.0,,
67,0.2,Block DML,10.046254832691137,0.11601280728081922,1.5277777777777777,8.518477054913358,0.0,4.977125617267672,1.0,,
67,0.2,Unregularized Coupled DML,10.17053183496242,0.1239763694516963,1.5277777777777777,8.642754057184643,0.0,0.4049612590560982,8.255454178952164,0.3315321013696385,1.217572969814917
67,0.2,Spectral OR-DML (Ours),10.1589973598752,0.12339109698350284,1.5277777777777777,8.631219582097422,0.0,0.4049612590560982,8.255454178952164,0.3315321013696385,1.217572969814917
67,0.2,Filtered OR-DML (Ours),10.147251417848626,0.12255098628854638,1.5277777777777777,8.619473640070847,0.0,0.41172232851143054,8.122321246874465,0.3327960718979476,1.2089293681423918
68,0.2,Oracle DML,1.4119444457356953,0.040092326886629955,1.5277777777777777,-0.11583333204208235,0.0,0.380189659699901,1.5763980246114426,0.0,0.0
68,0.2,Standard DML,9.865445477345116,0.12199035500014144,1.5277777777777777,8.337667699567337,0.0,4.859166832619165,1.0,,
68,0.2,Block DML,9.952810352793977,0.1204947245712701,1.5277777777777777,8.4250325750162,0.0,5.099127474600002,1.0,,
68,0.2,Unregularized Coupled DML,9.942832845117342,0.13916234804050828,1.5277777777777777,8.415055067339566,0.0,0.027308999132638297,176.2741882886493,0.09735901638224631,0.8105534291925627
68,0.2,Spectral OR-DML (Ours),9.926983919024753,0.13968712585975382,1.5277777777777777,8.399206141246975,0.0,0.027308999132638297,176.2741882886493,0.09735901638224631,0.8105534291925627
68,0.2,Filtered OR-DML (Ours),9.937524352575478,0.1326468791177869,1.5277777777777777,8.409746574797701,0.0,0.03189831448271777,150.4764445849504,0.10017842703475115,0.8078983300292826
69,0.2,Oracle DML,1.5604135723213446,0.031284637828648924,1.5277777777777777,0.03263579454356691,1.0,0.48143772579880373,1.1353972587718926,0.0,0.0
69,0.2,Standard DML,10.11159400795323,0.1216875064641782,1.5277777777777777,8.58381623017545,0.0,4.7089964717084305,1.0,,
69,0.2,Block DML,10.14851608224081,0.12193754107947942,1.5277777777777777,8.620738304463032,0.0,4.761681581233726,1.0,,
69,0.2,Unregularized Coupled DML,10.36493966215349,0.14666399168532956,1.5277777777777777,8.837161884375714,0.0,0.778598281312141,3.1293940924900356,0.4048528165234136,1.2379632855591807
69,0.2,Spectral OR-DML (Ours),10.35351196024324,0.14605234477367865,1.5277777777777777,8.825734182465464,0.0,0.778598281312141,3.1293940924900356,0.4048528165234136,1.2379632855591807
69,0.2,Filtered OR-DML (Ours),10.325186103261897,0.14038782648748677,1.5277777777777777,8.79740832548412,0.0,0.7751733415658139,3.175132254687482,0.41318796881611897,1.2144664051282026
70,0.2,Oracle DML,1.543548689357062,0.03789494471507936,1.5277777777777777,0.01577091157928434,1.0,0.38363096225786625,1.6308166118442209,0.0,0.0
70,0.2,Standard DML,10.071419230405187,0.1329153129489555,1.5277777777777777,8.543641452627408,0.0,4.671162344080135,1.0,,
70,0.2,Block DML,10.160637684230846,0.13564465927480762,1.5277777777777777,8.632859906453067,0.0,4.789611364222776,1.0,,
70,0.2,Unregularized Coupled DML,10.205153847709951,0.16534783621139612,1.5277777777777777,8.677376069932173,0.0,0.5531970875563371,5.235089624875299,0.37546333496633244,1.1411006603676053
70,0.2,Spectral OR-DML (Ours),10.192712732466637,0.16514151038086713,1.5277777777777777,8.66493495468886,0.0,0.5531970875563371,5.235089624875299,0.37546333496633244,1.1411006603676053
70,0.2,Filtered OR-DML (Ours),10.192763118255826,0.15974250796088812,1.5277777777777777,8.664985340478047,0.0,0.5719333609499649,5.04430223751362,0.3833350046632075,1.1258226401290081
71,0.2,Oracle DML,1.5017920569756904,0.03554231977324165,1.5277777777777777,-0.025985720802087275,1.0,0.42308017723376873,1.1811552580138707,0.0,0.0
71,0.2,Standard DML,10.12344094505489,0.10642910836780672,1.5277777777777777,8.595663167277113,0.0,4.866772611259615,1.0,,
71,0.2,Block DML,10.200101751613092,0.1098528815833195,1.5277777777777777,8.672323973835315,0.0,4.966874709559065,1.0,,
71,0.2,Unregularized Coupled DML,10.269926995803193,0.11480859644918504,1.5277777777777777,8.742149218025414,0.0,0.6229548784227127,4.649097397805929,0.4087023914010461,1.1638553426375555
71,0.2,Spectral OR-DML (Ours),10.259409651665404,0.11444182605218989,1.5277777777777777,8.731631873887626,0.0,0.6229548784227127,4.649097397805929,0.4087023914010461,1.1638553426375555
71,0.2,Filtered OR-DML (Ours),10.268059924135642,0.11502564259772693,1.5277777777777777,8.740282146357863,0.0,0.624124553272984,4.621081222498239,0.4088489424917901,1.170245585259368
72,0.2,Oracle DML,1.5552522471576138,0.03430370811754479,1.5277777777777777,0.02747446937983611,1.0,0.4736368632156772,1.1368726927924717,0.0,0.0
72,0.2,Standard DML,10.12055640105358,0.09655406356086266,1.5277777777777777,8.592778623275802,0.0,4.800841007668699,1.0,,
72,0.2,Block DML,10.199773787988253,0.10412995062465466,1.5277777777777777,8.671996010210474,0.0,4.923100343758401,1.0,,
72,0.2,Unregularized Coupled DML,10.25860012829234,0.10586303275186741,1.5277777777777777,8.730822350514561,0.0,0.33005658181603453,10.176274824745581,0.37742901962672576,1.0771380233058423
72,0.2,Spectral OR-DML (Ours),10.2463666704942,0.10541773782969964,1.5277777777777777,8.718588892716422,0.0,0.33005658181603453,10.176274824745581,0.37742901962672576,1.0771380233058423
72,0.2,Filtered OR-DML (Ours),10.249177980987444,0.10552404127710868,1.5277777777777777,8.721400203209665,0.0,0.33019215338410324,10.146304482247333,0.3781705885868637,1.0822163452413327
73,0.2,Oracle DML,1.5237775159517637,0.038257861858809535,1.5277777777777777,-0.004000261826013984,1.0,0.46703155492196496,1.1101798902800168,0.0,0.0
73,0.2,Standard DML,9.948694582341986,0.10643181316357961,1.5277777777777777,8.420916804564207,0.0,5.012784768601141,1.0,,
73,0.2,Block DML,9.982567057699395,0.10959143085332534,1.5277777777777777,8.454789279921616,0.0,5.095136731150685,1.0,,
73,0.2,Unregularized Coupled DML,10.012155708846816,0.11190159971438798,1.5277777777777777,8.484377931069037,0.0,0.3546996238249789,9.93618656349128,0.3749652491019196,1.0226459581105287
73,0.2,Spectral OR-DML (Ours),10.000877482954797,0.1116102500820182,1.5277777777777777,8.47309970517702,0.0,0.3546996238249789,9.93618656349128,0.3749652491019196,1.0226459581105287
73,0.2,Filtered OR-DML (Ours),10.007692408813337,0.11231921820437499,1.5277777777777777,8.479914631035559,0.0,0.3445313656451816,10.213201059108734,0.37744553962359073,1.0300419788166717
74,0.2,Oracle DML,1.478100626313481,0.03621884000100293,1.5277777777777777,-0.04967715146429663,1.0,0.4226648097785346,1.3450257383105788,0.0,0.0
74,0.2,Standard DML,9.967385815798112,0.10541796841236067,1.5277777777777777,8.439608038020335,0.0,4.867922469590235,1.0,,
74,0.2,Block DML,10.024795658586598,0.10745214514370989,1.5277777777777777,8.49701788080882,0.0,4.905283055319913,1.0,,
74,0.2,Unregularized Coupled DML,10.107124222023296,0.11187873219122164,1.5277777777777777,8.57934644424552,0.0,0.3469601438602584,10.86311991712523,0.2180994897411603,1.213258809196002
74,0.2,Spectral OR-DML (Ours),10.094646118020162,0.11150804386749809,1.5277777777777777,8.566868340242383,0.0,0.3469601438602584,10.86311991712523,0.2180994897411603,1.213258809196002
74,0.2,Filtered OR-DML (Ours),10.089975139217593,0.11128741578929237,1.5277777777777777,8.562197361439814,0.0,0.3478098804442195,10.84184394565989,0.21872402538764912,1.2104906791952594
75,0.2,Oracle DML,1.4665420540357097,0.030885677220212095,1.5277777777777777,-0.06123572374206798,0.0,0.4520783787987563,1.2592984019790658,0.0,0.0
75,0.2,Standard DML,9.978752498583784,0.11803686407981148,1.5277777777777777,8.450974720806006,0.0,4.835990967383605,1.0,,
75,0.2,Block DML,9.989405293632357,0.11969210717569655,1.5277777777777777,8.46162751585458,0.0,4.88338810035442,1.0,,
75,0.2,Unregularized Coupled DML,10.083679402453804,0.1281964207830378,1.5277777777777777,8.555901624676025,0.0,0.8920562300478736,2.648895029695925,0.45051443540131214,1.2007081715051136
75,0.2,Spectral OR-DML (Ours),10.07367588433916,0.12781964709440277,1.5277777777777777,8.545898106561381,0.0,0.8920562300478736,2.648895029695925,0.45051443540131214,1.2007081715051136
75,0.2,Filtered OR-DML (Ours),10.066063713881716,0.1269767429933445,1.5277777777777777,8.53828593610394,0.0,0.8943358130450164,2.653742920030481,0.4514287761854776,1.1927027991317536
76,0.2,Oracle DML,1.545007724213093,0.031854863963115036,1.5277777777777777,0.01722994643531539,1.0,0.3949020461534232,1.6051255795053747,0.0,0.0
76,0.2,Standard DML,9.814842478974445,0.11807775422380365,1.5277777777777777,8.287064701196666,0.0,5.0284521849438475,1.0,,
76,0.2,Block DML,9.88219093886767,0.11798913210969482,1.5277777777777777,8.35441316108989,0.0,5.173117944218805,1.0,,
76,0.2,Unregularized Coupled DML,10.016973962262952,0.1406304110029888,1.5277777777777777,8.489196184485174,0.0,0.9313365180541102,2.894585802712296,0.4001807623136133,1.1852444865276925
76,0.2,Spectral OR-DML (Ours),10.006192634033173,0.14028307196254486,1.5277777777777777,8.478414856255394,0.0,0.9313365180541102,2.894585802712296,0.4001807623136133,1.1852444865276925
76,0.2,Filtered OR-DML (Ours),9.985641465024319,0.13742379532667842,1.5277777777777777,8.45786368724654,0.0,0.9398138972260518,2.8831500442594002,0.402144583881233,1.1724696184391674
77,0.2,Oracle DML,1.4596981246541345,0.03467865648025975,1.5277777777777777,-0.06807965312364317,0.0,0.3705887934177726,1.6423656620502807,0.0,0.0
77,0.2,Standard DML,9.868467161011942,0.1125633169522945,1.5277777777777777,8.340689383234164,0.0,4.9340944137143214,1.0,,
77,0.2,Block DML,9.906600087713404,0.11074053420464003,1.5277777777777777,8.378822309935625,0.0,5.139693547707341,1.0,,
77,0.2,Unregularized Coupled DML,10.045332597564506,0.12657838086411838,1.5277777777777777,8.517554819786728,0.0,0.6983213389358659,3.980584586366161,0.4419160893640952,1.177037444626296
77,0.2,Spectral OR-DML (Ours),10.033773920606516,0.12613988892512742,1.5277777777777777,8.505996142828739,0.0,0.6983213389358659,3.980584586366161,0.4419160893640952,1.177037444626296
77,0.2,Filtered OR-DML (Ours),10.026986504225771,0.1237555144282893,1.5277777777777777,8.499208726447993,0.0,0.7067641592855175,3.9344981143196516,0.44583879207341925,1.1626120281052108
78,0.2,Oracle DML,1.518794809459802,0.03437991186428405,1.5277777777777777,-0.008982968317975626,1.0,0.4790678682965953,1.1361971635292505,0.0,0.0
78,0.2,Standard DML,9.906860304825932,0.1099352852029713,1.5277777777777777,8.379082527048155,0.0,5.072858594906586,1.0,,
78,0.2,Block DML,9.9029263447482,0.11030293099786663,1.5277777777777777,8.375148566970424,0.0,5.06592765824308,1.0,,
78,0.2,Unregularized Coupled DML,9.925024428053096,0.11066195722607333,1.5277777777777777,8.397246650275317,0.0,0.5058329379155785,5.278205326144184,0.547209658094361,1.045252827399067
78,0.2,Spectral OR-DML (Ours),9.916195325627141,0.11035618511022086,1.5277777777777777,8.388417547849365,0.0,0.5058329379155785,5.278205326144184,0.547209658094361,1.045252827399067
78,0.2,Filtered OR-DML (Ours),9.931953656862964,0.11209188344706596,1.5277777777777777,8.404175879085187,0.0,0.43939454416943113,6.038858511923762,0.5601240781089996,1.0680062766283203
79,0.2,Oracle DML,1.4676073101033564,0.03532916985618888,1.5277777777777777,-0.060170467674421246,1.0,0.37351092147987747,1.5353241351867744,0.0,0.0
79,0.2,Standard DML,10.029674673136508,0.11408007294198133,1.5277777777777777,8.50189689535873,0.0,4.643252803230283,1.0,,
79,0.2,Block DML,10.051061219481774,0.11415589664617837,1.5277777777777777,8.523283441703995,0.0,4.712139838079103,1.0,,
79,0.2,Unregularized Coupled DML,10.19303608078798,0.13942916978750705,1.5277777777777777,8.665258303010202,0.0,0.8943944603052933,2.45927652060539,0.4479546283729612,1.2353011187915173
79,0.2,Spectral OR-DML (Ours),10.182710313616324,0.13907432393405691,1.5277777777777777,8.654932535838547,0.0,0.8943944603052933,2.45927652060539,0.4479546283729612,1.2353011187915173
79,0.2,Filtered OR-DML (Ours),10.17076109573172,0.13551385433550456,1.5277777777777777,8.642983317953941,0.0,0.8962317313877943,2.473313761958937,0.45151121524130416,1.2197438115883656
80,0.2,Oracle DML,1.437582979209557,0.03527538899837844,1.5277777777777777,-0.09019479856822077,0.0,0.40615489697417356,1.520167257273663,0.0,0.0
80,0.2,Standard DML,9.888884013431786,0.12459561580455358,1.5277777777777777,8.36110623565401,0.0,4.70333160552206,1.0,,
80,0.2,Block DML,9.912998306206676,0.12352701433907867,1.5277777777777777,8.3852205284289,0.0,4.8164993484215,1.0,,
80,0.2,Unregularized Coupled DML,10.086891422626023,0.13502563510186086,1.5277777777777777,8.559113644848246,0.0,0.3229770182414736,10.21172630967258,0.3081758863530065,1.2873364027088747
80,0.2,Spectral OR-DML (Ours),10.074459170901422,0.13414498201520905,1.5277777777777777,8.546681393123645,0.0,0.3229770182414736,10.21172630967258,0.3081758863530065,1.2873364027088747
80,0.2,Filtered OR-DML (Ours),10.048994067609724,0.13107515390108673,1.5277777777777777,8.521216289831948,0.0,0.31974639891806367,10.267777415513642,0.3178356691670173,1.2716454849798677
81,0.2,Oracle DML,1.475960496641182,0.038818957534895566,1.5277777777777777,-0.05181728113659578,1.0,0.40376138661564137,1.4994162419660373,0.0,0.0
81,0.2,Standard DML,9.889378491996835,0.11803447275935443,1.5277777777777777,8.361600714219058,0.0,4.918547570533809,1.0,,
81,0.2,Block DML,9.905591417926523,0.11835876054836224,1.5277777777777777,8.377813640148744,0.0,4.950576280538374,1.0,,
81,0.2,Unregularized Coupled DML,9.905722093295505,0.11859271082960189,1.5277777777777777,8.377944315517727,0.0,0.48025945046883084,5.180186045542601,0.5790081480650606,1.0150810252850786
81,0.2,Spectral OR-DML (Ours),9.8971442150132,0.11841122992587497,1.5277777777777777,8.36936643723542,0.0,0.48025945046883084,5.180186045542601,0.5790081480650606,1.0150810252850786
81,0.2,Filtered OR-DML (Ours),9.903856365710968,0.11956919461097525,1.5277777777777777,8.37607858793319,0.0,0.3605862181818529,6.884758749140905,0.6053860871621114,1.0430191149114154
82,0.2,Oracle DML,1.3789983357650777,0.03142429459127365,1.5277777777777777,-0.1487794420127,0.0,0.36407801616297375,1.7590619599789725,0.0,0.0
82,0.2,Standard DML,9.886614676509105,0.1271746334631539,1.5277777777777777,8.358836898731326,0.0,4.657113272307138,1.0,,
82,0.2,Block DML,9.989690855228888,0.12270734726244878,1.5277777777777777,8.461913077451111,0.0,4.834440697177597,1.0,,
82,0.2,Unregularized Coupled DML,10.000263682686034,0.1272508968960009,1.5277777777777777,8.472485904908257,0.0,0.4583079071909762,5.816770985295426,0.5234586918639939,1.0086172911850724
82,0.2,Spectral OR-DML (Ours),9.99055124581508,0.12723657796661525,1.5277777777777777,8.462773468037302,0.0,0.4583079071909762,5.816770985295426,0.5234586918639939,1.0086172911850724
82,0.2,Filtered OR-DML (Ours),9.989536328320627,0.1321005236596018,1.5277777777777777,8.46175855054285,0.0,0.4257813369977816,6.249868484495331,0.5294141058587953,1.0322909885887845
83,0.2,Oracle DML,1.4960132470999925,0.046790169162807906,1.5277777777777777,-0.031764530677785174,1.0,0.4100632431244263,1.4448550853344913,0.0,0.0
83,0.2,Standard DML,9.993704515604941,0.10522606444976933,1.5277777777777777,8.465926737827164,0.0,4.967105358094694,1.0,,
83,0.2,Block DML,10.041548288074857,0.10705468243364936,1.5277777777777777,8.513770510297078,0.0,5.017998703281155,1.0,,
83,0.2,Unregularized Coupled DML,10.132613585679987,0.11816595577992202,1.5277777777777777,8.604835807902209,0.0,0.8184717240732768,3.110302145565712,0.4487686781427049,1.1820715794363714
83,0.2,Spectral OR-DML (Ours),10.122126172076896,0.11777021171286527,1.5277777777777777,8.594348394299118,0.0,0.8184717240732768,3.110302145565712,0.4487686781427049,1.1820715794363714
83,0.2,Filtered OR-DML (Ours),10.117888254119396,0.11745199514473746,1.5277777777777777,8.590110476341618,0.0,0.8213637198314679,3.1032016393959427,0.44863898257009416,1.1795516290789556
84,0.2,Oracle DML,1.4751975995152293,0.03966451008630685,1.5277777777777777,-0.05258017826254835,1.0,0.44484975486836503,1.1999576760511446,0.0,0.0
84,0.2,Standard DML,9.990214560827402,0.12617232703400771,1.5277777777777777,8.462436783049625,0.0,4.909073178111629,1.0,,
84,0.2,Block DML,10.042400076601817,0.1257432899372471,1.5277777777777777,8.51462229882404,0.0,5.0080223824648815,1.0,,
84,0.2,Unregularized Coupled DML,10.27596326637136,0.14442131175922837,1.5277777777777777,8.748185488593581,0.0,0.8983772866551639,2.560784878761264,0.455366470310792,1.262917523332293
84,0.2,Spectral OR-DML (Ours),10.265716959730202,0.14389379442407435,1.5277777777777777,8.737939181952424,0.0,0.8983772866551639,2.560784878761264,0.455366470310792,1.262917523332293
84,0.2,Filtered OR-DML (Ours),10.23445171655809,0.1403365593709172,1.5277777777777777,8.706673938780312,0.0,0.8786168847084336,2.6606169100590256,0.46550763315308824,1.2383985936255302
85,0.2,Oracle DML,1.5869295394816083,0.035143312856664125,1.5277777777777777,0.05915176170383063,1.0,0.44985054577283023,1.1937176712631674,0.0,0.0
85,0.2,Standard DML,10.100931591615483,0.11036999935722612,1.5277777777777777,8.573153813837706,0.0,4.908405257668309,1.0,,
85,0.2,Block DML,10.150099534091886,0.10952917739818437,1.5277777777777777,8.622321756314108,0.0,5.045669824776835,1.0,,
85,0.2,Unregularized Coupled DML,10.155555698353247,0.10956911425986933,1.5277777777777777,8.627777920575468,0.0,0.3653030801099973,6.956428309210808,0.6079250660810891,1.001130377780614
85,0.2,Spectral OR-DML (Ours),10.147158205726491,0.10936177704704972,1.5277777777777777,8.619380427948713,0.0,0.3653030801099973,6.956428309210808,0.6079250660810891,1.001130377780614
85,0.2,Filtered OR-DML (Ours),10.149185245655564,0.10975761058079193,1.5277777777777777,8.621407467877788,0.0,0.263062049342166,9.650053603582986,0.6341058332932354,1.0207292842471822
86,0.2,Oracle DML,1.4499628113478402,0.03655939039333542,1.5277777777777777,-0.07781496642993746,0.0,0.3867361124063596,1.565487668546896,0.0,0.0
86,0.2,Standard DML,9.992638507072616,0.12241502647659372,1.5277777777777777,8.464860729294838,0.0,4.791972149172367,1.0,,
86,0.2,Block DML,9.99989230604054,0.12423547832952288,1.5277777777777777,8.472114528262761,0.0,4.819391837922216,1.0,,
86,0.2,Unregularized Coupled DML,10.198000974006172,0.14360024888258943,1.5277777777777777,8.670223196228395,0.0,0.4028782575634292,7.686779670334945,0.30901118359526747,1.3293822679373746
86,0.2,Spectral OR-DML (Ours),10.186496389802299,0.14292894243351792,1.5277777777777777,8.658718612024522,0.0,0.4028782575634292,7.686779670334945,0.30901118359526747,1.3293822679373746
86,0.2,Filtered OR-DML (Ours),10.135848579672649,0.1379570609958521,1.5277777777777777,8.608070801894872,0.0,0.39486693587309746,7.960486867330388,0.32474599038426977,1.2988415834909763
87,0.2,Oracle DML,1.6556362726753149,0.03520624880168802,1.5277777777777777,0.1278584948975372,0.0,0.4359381124101355,1.1669809050840367,0.0,0.0
87,0.2,Standard DML,10.05190781866427,0.10834658539133858,1.5277777777777777,8.524130040886494,0.0,5.065623977082998,1.0,,
87,0.2,Block DML,10.089117041569923,0.10885994012758939,1.5277777777777777,8.561339263792146,0.0,5.092832845681539,1.0,,
87,0.2,Unregularized Coupled DML,10.243916092842532,0.12019423595912677,1.5277777777777777,8.716138315064754,0.0,0.8478325857045919,2.983998863184139,0.4485090647197247,1.2219221570566445
87,0.2,Spectral OR-DML (Ours),10.233468853674118,0.1196329367731699,1.5277777777777777,8.70569107589634,0.0,0.8478325857045919,2.983998863184139,0.4485090647197247,1.2219221570566445
87,0.2,Filtered OR-DML (Ours),10.214913863231454,0.1175522778104179,1.5277777777777777,8.687136085453677,0.0,0.8298508454800007,3.074195312662731,0.4557670365538269,1.2041071123192566
88,0.2,Oracle DML,1.5324567486138896,0.03449676284240194,1.5277777777777777,0.0046789708361119065,1.0,0.4028273940663591,1.4352964098897805,0.0,0.0
88,0.2,Standard DML,9.869270676879937,0.11042607653691608,1.5277777777777777,8.34149289910216,0.0,5.075430325124422,1.0,,
88,0.2,Block DML,9.927027870182556,0.11023752153200707,1.5277777777777777,8.399250092404777,0.0,5.158543790631299,1.0,,
88,0.2,Unregularized Coupled DML,9.98167805627132,0.11469996978011122,1.5277777777777777,8.453900278493542,0.0,0.6821270088782578,4.213814110836519,0.43703813648446366,1.189259893097939
88,0.2,Spectral OR-DML (Ours),9.971539770252441,0.11435294287028128,1.5277777777777777,8.443761992474663,0.0,0.6821270088782578,4.213814110836519,0.43703813648446366,1.189259893097939
88,0.2,Filtered OR-DML (Ours),9.971240618143337,0.11432276155462208,1.5277777777777777,8.443462840365559,0.0,0.6822503944131155,4.213939046119579,0.4370271038469943,1.1889457396196552
89,0.2,Oracle DML,1.5028085908534685,0.03246277369810717,1.5277777777777777,-0.02496918692430916,1.0,0.4543299388489271,1.1668344623384201,0.0,0.0
89,0.2,Standard DML,9.97715092199661,0.10371836703619511,1.5277777777777777,8.449373144218832,0.0,4.954611491283993,1.0,,
89,0.2,Block DML,10.038854999757463,0.10395270012235491,1.5277777777777777,8.511077221979686,0.0,5.162787956596585,1.0,,
89,0.2,Unregularized Coupled DML,10.10483642262395,0.1198030024395998,1.5277777777777777,8.577058644846172,0.0,0.6860101397547269,4.577508796868698,0.36214484791758894,1.1361197504609972
89,0.2,Spectral OR-DML (Ours),10.092737693190116,0.11944678571136565,1.5277777777777777,8.564959915412338,0.0,0.6860101397547269,4.577508796868698,0.36214484791758894,1.1361197504609972
89,0.2,Filtered OR-DML (Ours),10.087200414825414,0.11766851134162286,1.5277777777777777,8.559422637047636,0.0,0.6939700141250299,4.5258923122299874,0.3651416109190554,1.1263466998422826
90,0.2,Oracle DML,1.4338928177720098,0.03294397294053232,1.5277777777777777,-0.09388496000576785,0.0,0.4211691837932501,1.422914196450802,0.0,0.0
90,0.2,Standard DML,9.855745749768058,0.10972416367135329,1.5277777777777777,8.32796797199028,0.0,4.979524535250304,1.0,,
90,0.2,Block DML,9.860906976946172,0.1115131555181437,1.5277777777777777,8.333129199168393,0.0,5.003223986444267,1.0,,
90,0.2,Unregularized Coupled DML,10.015246300292494,0.12791884963930578,1.5277777777777777,8.487468522514718,0.0,0.914582477229525,2.5691881429829446,0.45921150954957324,1.209291048087865
90,0.2,Spectral OR-DML (Ours),10.005252134912762,0.12752800564545133,1.5277777777777777,8.477474357134984,0.0,0.914582477229525,2.5691881429829446,0.45921150954957324,1.209291048087865
90,0.2,Filtered OR-DML (Ours),9.99808968156531,0.1264917104652728,1.5277777777777777,8.470311903787533,0.0,0.917616940763912,2.5690122860597406,0.4600990564740285,1.2031215314303993
91,0.2,Oracle DML,1.5165023700645408,0.03525921618789326,1.5277777777777777,-0.011275407713236874,1.0,0.46635244706063644,1.1805648137639855,0.0,0.0
91,0.2,Standard DML,9.986111193895308,0.11215878927894865,1.5277777777777777,8.45833341611753,0.0,4.944140376616673,1.0,,
91,0.2,Block DML,10.008615919695504,0.11349941565348597,1.5277777777777777,8.480838141917726,0.0,5.030203964786508,1.0,,
91,0.2,Unregularized Coupled DML,10.00616305890751,0.1135163999637615,1.5277777777777777,8.478385281129732,0.0,0.5556045800894074,4.539997598073066,0.5735524938137551,1.0037349378585179
91,0.2,Spectral OR-DML (Ours),9.997332344732602,0.1132923073004949,1.5277777777777777,8.469554566954823,0.0,0.5556045800894074,4.539997598073066,0.5735524938137551,1.0037349378585179
91,0.2,Filtered OR-DML (Ours),10.00532822604328,0.11330961195711338,1.5277777777777777,8.477550448265504,0.0,0.33875615273184934,7.438888994309629,0.6224814709984541,1.0259991884012991
92,0.2,Oracle DML,1.6371443101717345,0.0332680069356429,1.5277777777777777,0.10936653239395677,0.0,0.4647239743829612,1.1479767958135938,0.0,0.0
92,0.2,Standard DML,10.00341782780791,0.11359059892652824,1.5277777777777777,8.475640050030133,0.0,5.013799441107993,1.0,,
92,0.2,Block DML,10.061357315442901,0.11505612330237287,1.5277777777777777,8.533579537665123,0.0,5.1036334777126005,1.0,,
92,0.2,Unregularized Coupled DML,10.152351603219099,0.12238596248381312,1.5277777777777777,8.62457382544132,0.0,0.8729524734458955,3.036776094337516,0.42259155289894923,1.1880277359836855
92,0.2,Spectral OR-DML (Ours),10.141818878338338,0.12185276553009443,1.5277777777777777,8.61404110056056,0.0,0.8729524734458955,3.036776094337516,0.42259155289894923,1.1880277359836855
92,0.2,Filtered OR-DML (Ours),10.14358436131954,0.12205606570967704,1.5277777777777777,8.615806583541762,0.0,0.8721349175698352,3.0367809307351985,0.42243905311552993,1.1896707407915368
93,0.2,Oracle DML,1.5725512132443495,0.03048196876820948,1.5277777777777777,0.044773435466571865,1.0,0.5019913235478686,1.1956256835514945,0.0,0.0
93,0.2,Standard DML,9.967195512213623,0.11429997446954265,1.5277777777777777,8.439417734435846,0.0,4.872532600605003,1.0,,
93,0.2,Block DML,9.973152141313264,0.11433035139595266,1.5277777777777777,8.445374363535485,0.0,4.904851556399849,1.0,,
93,0.2,Unregularized Coupled DML,10.026521612348724,0.11996749234463436,1.5277777777777777,8.498743834570945,0.0,0.25492658523347395,14.617079956470848,0.266315565335842,1.1642581548351532
93,0.2,Spectral OR-DML (Ours),10.013862344928063,0.11924014050548318,1.5277777777777777,8.486084567150286,0.0,0.25492658523347395,14.617079956470848,0.266315565335842,1.1642581548351532
93,0.2,Filtered OR-DML (Ours),10.013195052377304,0.11902422732091997,1.5277777777777777,8.485417274599527,0.0,0.2556476057195336,14.56892053451629,0.26685534997850807,1.1620530979230086
94,0.2,Oracle DML,1.494171334986333,0.03518833620231193,1.5277777777777777,-0.033606442791444646,1.0,0.45905754828979317,1.136079881815847,0.0,0.0
94,0.2,Standard DML,10.069606668023866,0.10682906043207552,1.5277777777777777,8.541828890246087,0.0,4.952299511353026,1.0,,
94,0.2,Block DML,10.066231557252884,0.10818097257418091,1.5277777777777777,8.538453779475105,0.0,4.973703431725649,1.0,,
94,0.2,Unregularized Coupled DML,10.342756692461261,0.1347273811759924,1.5277777777777777,8.814978914683483,0.0,0.9450517573291237,2.3829227179034502,0.42895064848221853,1.2764393190352588
94,0.2,Spectral OR-DML (Ours),10.332184951480073,0.13409204252698753,1.5277777777777777,8.804407173702295,0.0,0.9450517573291237,2.3829227179034502,0.42895064848221853,1.2764393190352588
94,0.2,Filtered OR-DML (Ours),10.275417777212166,0.12787050994433524,1.5277777777777777,8.747639999434387,0.0,0.9142809793808513,2.5239920556209006,0.44526695838302316,1.243469237583645
95,0.2,Oracle DML,1.4129523672618785,0.03733045384157334,1.5277777777777777,-0.11482541051589923,0.0,0.3857028693485468,1.5095677254929567,0.0,0.0
95,0.2,Standard DML,9.964776710657814,0.11518721773489486,1.5277777777777777,8.436998932880037,0.0,4.726055635472893,1.0,,
95,0.2,Block DML,9.979628924135685,0.11477417558686807,1.5277777777777777,8.451851146357907,0.0,4.799640677599482,1.0,,
95,0.2,Unregularized Coupled DML,10.113468732342838,0.13515746517307795,1.5277777777777777,8.58569095456506,0.0,0.9633681100765366,2.396138928704768,0.4108656728983746,1.2042045376885921
95,0.2,Spectral OR-DML (Ours),10.102772961094358,0.1348355982786368,1.5277777777777777,8.574995183316581,0.0,0.9633681100765366,2.396138928704768,0.4108656728983746,1.2042045376885921
95,0.2,Filtered OR-DML (Ours),10.081330288581597,0.13126736169092085,1.5277777777777777,8.553552510803819,0.0,0.9592922687992926,2.424164569057973,0.4175196572245711,1.189673345317564
96,0.2,Oracle DML,1.7092550080699027,0.034146375687452636,1.5277777777777777,0.18147723029212504,0.0,0.5021358017613313,1.1724580787921683,0.0,0.0
96,0.2,Standard DML,9.906808169476706,0.11027738422407202,1.5277777777777777,8.37903039169893,0.0,5.068836841089843,1.0,,
96,0.2,Block DML,9.953955786264732,0.1121007868223286,1.5277777777777777,8.426178008486954,0.0,5.140660055068894,1.0,,
96,0.2,Unregularized Coupled DML,10.077157759740029,0.1253569009539547,1.5277777777777777,8.54937998196225,0.0,0.9304490824546674,2.6033444877882914,0.4492042006499501,1.2581558698200122
96,0.2,Spectral OR-DML (Ours),10.066991494370921,0.12477460550702077,1.5277777777777777,8.539213716593142,0.0,0.9304490824546674,2.6033444877882914,0.4492042006499501,1.2581558698200122
96,0.2,Filtered OR-DML (Ours),10.04562046002561,0.12115932926103223,1.5277777777777777,8.517842682247831,0.0,0.9054485779828857,2.7159335343237725,0.46476424967889785,1.2274398359841496
97,0.2,Oracle DML,1.552623802029998,0.03359082693758772,1.5277777777777777,0.024846024252220378,1.0,0.5002199166566602,1.0996978284243724,0.0,0.0
97,0.2,Standard DML,9.983403369384638,0.10090983698864557,1.5277777777777777,8.45562559160686,0.0,5.038458703219235,1.0,,
97,0.2,Block DML,10.016777829898068,0.09964630921370544,1.5277777777777777,8.48900005212029,0.0,5.11691095210321,1.0,,
97,0.2,Unregularized Coupled DML,10.018825690045627,0.09909880763726699,1.5277777777777777,8.491047912267849,0.0,0.47340325695561875,5.435620860556273,0.5853556218244601,1.0020811148900528
97,0.2,Spectral OR-DML (Ours),10.010176302621932,0.09882205221339939,1.5277777777777777,8.482398524844154,0.0,0.47340325695561875,5.435620860556273,0.5853556218244601,1.0020811148900528
97,0.2,Filtered OR-DML (Ours),10.019188988616559,0.09861847368731591,1.5277777777777777,8.49141121083878,0.0,0.31348163401837936,8.210117793788113,0.6269847590437522,1.0173706487569572
98,0.2,Oracle DML,1.483744518011327,0.029282475986989045,1.5277777777777777,-0.04403325976645078,1.0,0.38483074527531036,1.5524224749084687,0.0,0.0
98,0.2,Standard DML,10.027502162145208,0.12253907741462505,1.5277777777777777,8.499724384367429,0.0,4.834775995622193,1.0,,
98,0.2,Block DML,10.060478721810899,0.11909156754374989,1.5277777777777777,8.53270094403312,0.0,4.972266579309786,1.0,,
98,0.2,Unregularized Coupled DML,10.175443550644262,0.13883705091859935,1.5277777777777777,8.647665772866485,0.0,0.8065721679523886,2.944076621779871,0.4941273210006544,1.215625145369668
98,0.2,Spectral OR-DML (Ours),10.165432626920865,0.138425618505734,1.5277777777777777,8.637654849143086,0.0,0.8065721679523886,2.944076621779871,0.4941273210006544,1.215625145369668
98,0.2,Filtered OR-DML (Ours),10.149005125108943,0.13549539240162625,1.5277777777777777,8.621227347331164,0.0,0.8103526542386811,2.950375880844416,0.49706584418287453,1.2013448966728557
99,0.2,Oracle DML,1.507145834208516,0.034506168306026035,1.5277777777777777,-0.02063194356926168,1.0,0.4831647732508608,1.0991252479255589,0.0,0.0
99,0.2,Standard DML,9.935423831135234,0.10574544927733212,1.5277777777777777,8.407646053357457,0.0,5.072379408291825,1.0,,
99,0.2,Block DML,9.994872046285018,0.10735149825366608,1.5277777777777777,8.467094268507239,0.0,5.182685352131382,1.0,,
99,0.2,Unregularized Coupled DML,10.019727650924946,0.1093381200121305,1.5277777777777777,8.491949873147167,0.0,0.6701328130975193,3.908625752421808,0.5328175692931248,1.0803002370294497
99,0.2,Spectral OR-DML (Ours),10.010338275440189,0.10905660309427334,1.5277777777777777,8.482560497662412,0.0,0.6701328130975193,3.908625752421808,0.5328175692931248,1.0803002370294497
99,0.2,Filtered OR-DML (Ours),10.024950083277972,0.11004636320301511,1.5277777777777777,8.497172305500193,0.0,0.6415484406758861,4.057816353781625,0.5366939923690132,1.1049216177809507
0,0.5,Oracle DML,1.5108704589919024,0.03320512850152383,1.5277777777777777,-0.01690731878587526,1.0,0.43453889420957503,1.4557653595397042,0.0,0.0
0,0.5,Standard DML,9.811205107017793,0.10754254799768222,1.5277777777777777,8.283427329240016,0.0,5.168948370994045,1.0,,
0,0.5,Block DML,9.790294589668028,0.10695805953181342,1.5277777777777777,8.26251681189025,0.0,5.370745799966316,1.0,,
0,0.5,Unregularized Coupled DML,10.39697388226,0.2998451667920846,1.5277777777777777,8.86919610448222,0.0,0.9353786947407908,1.5651124548818276,0.24803327661770372,1.653256528129409
0,0.5,Spectral OR-DML (Ours),10.384561647636804,0.2982731249267833,1.5277777777777777,8.856783869859026,0.0,0.9353786947407908,1.5651124548818276,0.24803327661770372,1.653256528129409
0,0.5,Filtered OR-DML (Ours),10.452920408128325,0.25618177042883195,1.5277777777777777,8.925142630350546,0.0,0.9466062204220378,1.7846019545517018,0.2958218828462601,1.5794049070224885
1,0.5,Oracle DML,1.4992877938275524,0.035234348573910224,1.5277777777777777,-0.028489983950225284,1.0,0.42173758435546244,1.4462401481109126,0.0,0.0
1,0.5,Standard DML,9.890239521432079,0.11329637638166631,1.5277777777777777,8.3624617436543,0.0,4.9425395913851835,1.0,,
1,0.5,Block DML,9.92540191638013,0.11209756772827832,1.5277777777777777,8.397624138602353,0.0,5.068474035660059,1.0,,
1,0.5,Unregularized Coupled DML,10.115003005395078,0.30487645637884014,1.5277777777777777,8.5872252276173,0.0,0.8238632357275818,1.536128517684692,0.2234680123070944,1.7001359848179896
1,0.5,Spectral OR-DML (Ours),10.103023426234733,0.303451856979701,1.5277777777777777,8.575245648456956,0.0,0.8238632357275818,1.536128517684692,0.2234680123070944,1.7001359848179896
1,0.5,Filtered OR-DML (Ours),10.341250263198507,0.26299221331459144,1.5277777777777777,8.813472485420728,0.0,0.8542355017293978,1.7560928201928174,0.2776904291249427,1.6205960411055786
2,0.5,Oracle DML,1.4948214417662322,0.03122331140878016,1.5277777777777777,-0.03295633601154546,1.0,0.4324341536765974,1.1777230339326257,0.0,0.0
2,0.5,Standard DML,10.149923792855532,0.10041015885953754,1.5277777777777777,8.622146015077753,0.0,4.825327083335998,1.0,,
2,0.5,Block DML,10.181074752919592,0.10061489659094548,1.5277777777777777,8.653296975141814,0.0,4.8425898002332906,1.0,,
2,0.5,Unregularized Coupled DML,10.817832585750192,0.34759466284584895,1.5277777777777777,9.290054807972414,0.0,0.6946000142569894,1.8166115106223293,0.2193031857130171,1.7155242255852192
2,0.5,Spectral OR-DML (Ours),10.804232684900768,0.3455636494831706,1.5277777777777777,9.27645490712299,0.0,0.6946000142569894,1.8166115106223293,0.2193031857130171,1.7155242255852192
2,0.5,Filtered OR-DML (Ours),11.00163676464287,0.277561939040481,1.5277777777777777,9.473858986865093,0.0,0.7969888639204633,1.8323275942580408,0.2754901030305692,1.6208312566899246
3,0.5,Oracle DML,1.4862178440702618,0.034315064714400996,1.5277777777777777,-0.04155993370751587,1.0,0.42578057625360183,1.3698026795220835,0.0,0.0
3,0.5,Standard DML,9.99672369539379,0.10925124236746891,1.5277777777777777,8.468945917616011,0.0,4.8166312466891235,1.0,,
3,0.5,Block DML,10.009647022171633,0.10883695131532034,1.5277777777777777,8.481869244393856,0.0,4.83289465666193,1.0,,
3,0.5,Unregularized Coupled DML,9.91372249464479,0.2642646751993107,1.5277777777777777,8.385944716867012,0.0,0.7912953522591833,1.987197622259524,0.24087962143255556,1.6433147911202584
3,0.5,Spectral OR-DML (Ours),9.901413962763542,0.26315078743484194,1.5277777777777777,8.373636184985763,0.0,0.7912953522591833,1.987197622259524,0.24087962143255556,1.6433147911202584
3,0.5,Filtered OR-DML (Ours),10.123296491260422,0.23393287016071176,1.5277777777777777,8.595518713482644,0.0,0.8428415483315328,2.0018890971358414,0.2727169987697646,1.5871752336857707
4,0.5,Oracle DML,1.4877337894223814,0.033553255705210124,1.5277777777777777,-0.04004398835539624,1.0,0.4311404619947558,1.273225041501513,0.0,0.0
4,0.5,Standard DML,10.167234295115456,0.12381280164947962,1.5277777777777777,8.639456517337678,0.0,4.606212910845854,1.0,,
4,0.5,Block DML,10.208845057780445,0.1268741378524729,1.5277777777777777,8.681067280002669,0.0,4.636919982038642,1.0,,
4,0.5,Unregularized Coupled DML,10.227860936511956,0.12988954763844096,1.5277777777777777,8.700083158734177,0.0,0.2141674537492158,10.88775269621478,0.6413334705059085,1.0264009274263002
4,0.5,Spectral OR-DML (Ours),10.219511487809253,0.12947551216730763,1.5277777777777777,8.691733710031475,0.0,0.2141674537492158,10.88775269621478,0.6413334705059085,1.0264009274263002
4,0.5,Filtered OR-DML (Ours),10.217965566396574,0.12744780092539998,1.5277777777777777,8.690187788618797,0.0,0.13947372178898398,16.630441456060915,0.6582907985350833,1.0540750984400657
5,0.5,Oracle DML,1.4891704186955357,0.034708048920410225,1.5277777777777777,-0.038607359082242,1.0,0.43042883211356864,1.419715739155839,0.0,0.0
5,0.5,Standard DML,9.898747944673094,0.11973712033585925,1.5277777777777777,8.370970166895315,0.0,4.855784383147418,1.0,,
5,0.5,Block DML,9.921670380427564,0.1181231953268409,1.5277777777777777,8.393892602649785,0.0,4.928544038204856,1.0,,
5,0.5,Unregularized Coupled DML,9.958167836361271,0.29722214091475163,1.5277777777777777,8.430390058583495,0.0,0.8077081570716517,1.8438654652292554,0.25542912552365676,1.6486475866497083
5,0.5,Spectral OR-DML (Ours),9.946248888177365,0.29609886074393693,1.5277777777777777,8.418471110399587,0.0,0.8077081570716517,1.8438654652292554,0.25542912552365676,1.6486475866497083
5,0.5,Filtered OR-DML (Ours),10.117711571082863,0.24918389312536515,1.5277777777777777,8.589933793305086,0.0,0.8861289390884198,1.8543697158064094,0.2871493262362737,1.582016353496572
6,0.5,Oracle DML,1.6587239251393182,0.03479103383074958,1.5277777777777777,0.13094614736154053,0.0,0.42610947997366283,1.1886189129334643,0.0,0.0
6,0.5,Standard DML,10.097609700556562,0.10485223859331293,1.5277777777777777,8.569831922778786,0.0,4.964795581959286,1.0,,
6,0.5,Block DML,10.181124913464576,0.10912672275788683,1.5277777777777777,8.653347135686797,0.0,5.024092532053317,1.0,,
6,0.5,Unregularized Coupled DML,10.458396647964321,0.2486541989098036,1.5277777777777777,8.930618870186542,0.0,0.9030597530481934,1.6497163507725756,0.2173039868211157,1.660137755349528
6,0.5,Spectral OR-DML (Ours),10.445466482701258,0.24704272293083887,1.5277777777777777,8.917688704923481,0.0,0.9030597530481934,1.6497163507725756,0.2173039868211157,1.660137755349528
6,0.5,Filtered OR-DML (Ours),10.578714148299667,0.2309126956802172,1.5277777777777777,9.050936370521889,0.0,0.943914946228813,1.7188257056739735,0.25270169291007866,1.6059928314221958
7,0.5,Oracle DML,1.615826742479885,0.03790186956168763,1.5277777777777777,0.08804896470210721,0.0,0.4719019644876589,1.0149470155192828,0.0,0.0
7,0.5,Standard DML,10.27018796655386,0.09949622685375321,1.5277777777777777,8.74241018877608,0.0,4.838711962310854,1.0,,
7,0.5,Block DML,10.30561252129699,0.10046232733418257,1.5277777777777777,8.777834743519211,0.0,4.87916385805673,1.0,,
7,0.5,Unregularized Coupled DML,10.819524559589041,0.3016802536841712,1.5277777777777777,9.291746781811263,0.0,0.7652852254131857,1.6636860426463795,0.22396200764149407,1.6918006549828006
7,0.5,Spectral OR-DML (Ours),10.806402488782835,0.2999287845434432,1.5277777777777777,9.278624711005058,0.0,0.7652852254131857,1.6636860426463795,0.22396200764149407,1.6918006549828006
7,0.5,Filtered OR-DML (Ours),10.893881833652667,0.25445333329172976,1.5277777777777777,9.366104055874889,0.0,0.8408042366264141,1.7576619128629858,0.2686954680225793,1.6178861147897456
8,0.5,Oracle DML,1.7008909311144145,0.0326694564805329,1.5277777777777777,0.1731131533366368,0.0,0.48536720957524937,1.1051005101912568,0.0,0.0
8,0.5,Standard DML,9.810433774694284,0.09902975981739738,1.5277777777777777,8.282655996916507,0.0,5.194469956584638,1.0,,
8,0.5,Block DML,9.839983208324895,0.10096139240855924,1.5277777777777777,8.312205430547117,0.0,5.298044588932871,1.0,,
8,0.5,Unregularized Coupled DML,10.31662194091259,0.252970064857799,1.5277777777777777,8.788844163134812,0.0,0.8927401566257608,1.7543943958444437,0.24699335343355547,1.6581751129861038
8,0.5,Spectral OR-DML (Ours),10.304074267656398,0.2513999234599119,1.5277777777777777,8.776296489878622,0.0,0.8927401566257608,1.7543943958444437,0.24699335343355547,1.6581751129861038
8,0.5,Filtered OR-DML (Ours),10.480223322808204,0.22788026884175122,1.5277777777777777,8.952445545030425,0.0,0.9172260277926422,1.895913295100442,0.3039971050231972,1.5826631644678253
9,0.5,Oracle DML,1.5021998297442223,0.033986745388652775,1.5277777777777777,-0.025577948033555398,1.0,0.4183989475980102,1.367353082980538,0.0,0.0
9,0.5,Standard DML,9.91678892603429,0.10344725762975332,1.5277777777777777,8.389011148256511,0.0,4.953580307281369,1.0,,
9,0.5,Block DML,9.944951237566586,0.10416998740378383,1.5277777777777777,8.41717345978881,0.0,4.9798552643599985,1.0,,
9,0.5,Unregularized Coupled DML,10.27127919988752,0.34771973820170626,1.5277777777777777,8.743501422109741,0.0,0.815485362122163,1.4892074246605698,0.22649282972898363,1.7075053573847845
9,0.5,Spectral OR-DML (Ours),10.258848571544107,0.3462894056626238,1.5277777777777777,8.731070793766328,0.0,0.815485362122163,1.4892074246605698,0.22649282972898363,1.7075053573847845
9,0.5,Filtered OR-DML (Ours),10.559512987358922,0.27464618958348785,1.5277777777777777,9.031735209581143,0.0,0.8775422396692822,1.684037146347594,0.28650126527886793,1.6101447357532337
10,0.5,Oracle DML,1.5606377117893013,0.03522097462401983,1.5277777777777777,0.03285993401152365,1.0,0.4445273992369748,1.2927877798105343,0.0,0.0
10,0.5,Standard DML,9.91244911865453,0.11114669158692983,1.5277777777777777,8.384671340876753,0.0,5.048139885442817,1.0,,
10,0.5,Block DML,9.92034558192809,0.11242945910845449,1.5277777777777777,8.392567804150314,0.0,5.107071503960999,1.0,,
10,0.5,Unregularized Coupled DML,10.366637470215725,0.31974441748735427,1.5277777777777777,8.838859692437946,0.0,0.8673668536801885,1.52722462818964,0.23547379147318698,1.69132995578929
10,0.5,Spectral OR-DML (Ours),10.354216638636945,0.3181173315839097,1.5277777777777777,8.826438860859167,0.0,0.8673668536801885,1.52722462818964,0.23547379147318698,1.69132995578929
10,0.5,Filtered OR-DML (Ours),10.542344111410033,0.27598557325898937,1.5277777777777777,9.014566333632256,0.0,0.9213528497628407,1.6869484739324283,0.2859313562717727,1.6068014942400024
11,0.5,Oracle DML,1.5277533661866105,0.02996907745806902,1.5277777777777777,-2.441159116717273e-05,1.0,0.4956962389118785,1.1794977081085412,0.0,0.0
11,0.5,Standard DML,9.850778938706473,0.10967384060939529,1.5277777777777777,8.323001160928694,0.0,5.117711438890634,1.0,,
11,0.5,Block DML,9.856825618155685,0.10805521078651195,1.5277777777777777,8.329047840377907,0.0,5.203967871903566,1.0,,
11,0.5,Unregularized Coupled DML,10.331465500081508,0.27466309412699574,1.5277777777777777,8.803687722303732,0.0,0.9237606939720024,1.6073112138748566,0.2493330573155166,1.652070235063818
11,0.5,Spectral OR-DML (Ours),10.319279311620939,0.2731897467105592,1.5277777777777777,8.79150153384316,0.0,0.9237606939720024,1.6073112138748566,0.2493330573155166,1.652070235063818
11,0.5,Filtered OR-DML (Ours),10.28019301875386,0.22237625649773315,1.5277777777777777,8.752415240976081,0.0,0.9774460351754415,1.7608369766132987,0.28567284151762196,1.5766555719362476
12,0.5,Oracle DML,1.5445469897330995,0.03121088198624867,1.5277777777777777,0.016769211955321772,1.0,0.4611834841983971,1.2807056040294473,0.0,0.0
12,0.5,Standard DML,9.81040052666113,0.10418701462408994,1.5277777777777777,8.282622748883352,0.0,5.195990157463434,1.0,,
12,0.5,Block DML,9.864646124257328,0.10518063831536664,1.5277777777777777,8.336868346479552,0.0,5.319168604777416,1.0,,
12,0.5,Unregularized Coupled DML,10.424489921198857,0.2719729606524725,1.5277777777777777,8.89671214342108,0.0,0.9519040363231854,1.5802522701545139,0.24138664742672555,1.6464257450332236
12,0.5,Spectral OR-DML (Ours),10.41181672470169,0.27032210181640465,1.5277777777777777,8.884038946923912,0.0,0.9519040363231854,1.5802522701545139,0.24138664742672555,1.6464257450332236
12,0.5,Filtered OR-DML (Ours),10.516141878417793,0.23552204799738677,1.5277777777777777,8.988364100640016,0.0,0.9911939877920535,1.6942939573963296,0.279927866602795,1.578714237446961
13,0.5,Oracle DML,1.506678117826395,0.03199912181178136,1.5277777777777777,-0.021099659951382632,1.0,0.4577714705306341,1.2272475625612644,0.0,0.0
13,0.5,Standard DML,9.936756501017163,0.1190291025088371,1.5277777777777777,8.408978723239386,0.0,4.9829428792907375,1.0,,
13,0.5,Block DML,9.955391009290159,0.12039594936993232,1.5277777777777777,8.427613231512382,0.0,5.004753644891086,1.0,,
13,0.5,Unregularized Coupled DML,10.348335991423177,0.2659557209789738,1.5277777777777777,8.820558213645398,0.0,0.9334386085291904,1.7161463980640088,0.26721489519627845,1.5981698002927567
13,0.5,Spectral OR-DML (Ours),10.33614251289534,0.26481769989531384,1.5277777777777777,8.80836473511756,0.0,0.9334386085291904,1.7161463980640088,0.26721489519627845,1.5981698002927567
13,0.5,Filtered OR-DML (Ours),10.341461895990982,0.2220653261914624,1.5277777777777777,8.813684118213203,0.0,0.992769711396089,1.7873259940723278,0.29706158425106255,1.5330621877063442
14,0.5,Oracle DML,1.6235898625513319,0.03107772906202127,1.5277777777777777,0.09581208477355418,0.0,0.49885314380702406,1.1220188016914434,0.0,0.0
14,0.5,Standard DML,9.93934673419973,0.1080490220973073,1.5277777777777777,8.411568956421952,0.0,5.0890624838868215,1.0,,
14,0.5,Block DML,10.006568587931838,0.10837717433142538,1.5277777777777777,8.47879081015406,0.0,5.250519660294301,1.0,,
14,0.5,Unregularized Coupled DML,10.090652745414946,0.11322497035323807,1.5277777777777777,8.562874967637168,0.0,0.33578239064891274,7.594456969958194,0.6176099044332574,1.1533361419234212
14,0.5,Spectral OR-DML (Ours),10.082447912373723,0.11290104627230965,1.5277777777777777,8.554670134595945,0.0,0.33578239064891274,7.594456969958194,0.6176099044332574,1.1533361419234212
14,0.5,Filtered OR-DML (Ours),10.164566658484805,0.11812916973923929,1.5277777777777777,8.636788880707027,0.0,0.30473818456586144,8.129073093551336,0.6149371493270739,1.2079370580582405
15,0.5,Oracle DML,1.4782625085796126,0.03323522739536296,1.5277777777777777,-0.04951526919816507,1.0,0.4029017334138438,1.4613099748949523,0.0,0.0
15,0.5,Standard DML,9.869327446151594,0.12140751902429651,1.5277777777777777,8.341549668373816,0.0,4.995082604958651,1.0,,
15,0.5,Block DML,9.908147437733415,0.12178395310153291,1.5277777777777777,8.380369659955637,0.0,5.041812279888137,1.0,,
15,0.5,Unregularized Coupled DML,10.224281243818176,0.3531892891370351,1.5277777777777777,8.696503466040397,0.0,0.7803024044800243,1.6121776554146565,0.2321572019960196,1.7079508417310656
15,0.5,Spectral OR-DML (Ours),10.212183111295522,0.35178773008856556,1.5277777777777777,8.684405333517745,0.0,0.7803024044800243,1.6121776554146565,0.2321572019960196,1.7079508417310656
15,0.5,Filtered OR-DML (Ours),10.389657889574611,0.28434582179810625,1.5277777777777777,8.861880111796832,0.0,0.8641329438151906,1.7573905413167583,0.2821421545551262,1.6209246876929826
16,0.5,Oracle DML,1.5576795226838178,0.029886160832883438,1.5277777777777777,0.02990174490604014,1.0,0.4471251316043086,1.2324095645567021,0.0,0.0
16,0.5,Standard DML,10.154845944211743,0.10508209422928855,1.5277777777777777,8.627068166433965,0.0,4.763240708921292,1.0,,
16,0.5,Block DML,10.182614042578399,0.10498742540881634,1.5277777777777777,8.654836264800622,0.0,4.811169248901592,1.0,,
16,0.5,Unregularized Coupled DML,10.609212816282316,0.2625898284374856,1.5277777777777777,9.081435038504537,0.0,0.8462461603346811,1.6857757882401316,0.2743023667875839,1.6295450550154653
16,0.5,Spectral OR-DML (Ours),10.597083852528597,0.2612046237827103,1.5277777777777777,9.06930607475082,0.0,0.8462461603346811,1.6857757882401316,0.2743023667875839,1.6295450550154653
16,0.5,Filtered OR-DML (Ours),10.631536297194163,0.21566495113269352,1.5277777777777777,9.103758519416385,0.0,0.8671724069099522,1.9055391153768766,0.3223868400055836,1.547410935786675
17,0.5,Oracle DML,1.345247081874082,0.032252779624763285,1.5277777777777777,-0.18253069590369564,0.0,0.3479864543386392,1.8285814100001487,0.0,0.0
17,0.5,Standard DML,9.919580584001581,0.12913216362691052,1.5277777777777777,8.391802806223804,0.0,4.670280684030775,1.0,,
17,0.5,Block DML,10.029836424810199,0.1320840507159768,1.5277777777777777,8.50205864703242,0.0,4.79809890332001,1.0,,
17,0.5,Unregularized Coupled DML,10.04031063578322,0.31781194268375795,1.5277777777777777,8.512532858005443,0.0,0.9034474943913446,1.586683062380698,0.24576438835916595,1.6386321710328509
17,0.5,Spectral OR-DML (Ours),10.028418263968671,0.3169291656601324,1.5277777777777777,8.500640486190893,0.0,0.9034474943913446,1.586683062380698,0.24576438835916595,1.6386321710328509
17,0.5,Filtered OR-DML (Ours),10.19653210167612,0.28099826621285834,1.5277777777777777,8.66875432389834,0.0,0.9276799347102164,1.698570477482636,0.2868810879026023,1.5795468799069332
18,0.5,Oracle DML,1.548063794867055,0.02747269500087744,1.5277777777777777,0.020286017089277353,1.0,0.4603599571888977,1.2035951801327793,0.0,0.0
18,0.5,Standard DML,9.760031459296298,0.10340327636492029,1.5277777777777777,8.232253681518522,0.0,5.195810276724692,1.0,,
18,0.5,Block DML,9.806195416920536,0.10480007623460513,1.5277777777777777,8.27841763914276,0.0,5.276938693102766,1.0,,
18,0.5,Unregularized Coupled DML,10.339265504117275,0.2659474324527407,1.5277777777777777,8.811487726339497,0.0,0.9468234463197103,1.5824146143588518,0.2500189589627943,1.6470316131228386
18,0.5,Spectral OR-DML (Ours),10.327129592672964,0.2645283422375564,1.5277777777777777,8.799351814895186,0.0,0.9468234463197103,1.5824146143588518,0.2500189589627943,1.6470316131228386
18,0.5,Filtered OR-DML (Ours),10.39356659926533,0.23050922152444292,1.5277777777777777,8.865788821487552,0.0,1.0010891906983381,1.689520455683134,0.2856419346634577,1.5796854024432185
19,0.5,Oracle DML,1.4755650890862282,0.033383916368473286,1.5277777777777777,-0.05221268869154949,1.0,0.47724696521879745,1.066036446470066,0.0,0.0
19,0.5,Standard DML,10.118710346781537,0.1072563860079354,1.5277777777777777,8.590932569003758,0.0,4.829007237586403,1.0,,
19,0.5,Block DML,10.15524486022985,0.10789309977042177,1.5277777777777777,8.627467082452071,0.0,4.920050046026472,1.0,,
19,0.5,Unregularized Coupled DML,10.289548903782755,0.2843898006247758,1.5277777777777777,8.761771126004977,0.0,0.8763928618638105,1.490160421638476,0.2181720077836754,1.6895227781903388
19,0.5,Spectral OR-DML (Ours),10.277099931750737,0.2830090875977992,1.5277777777777777,8.749322153972958,0.0,0.8763928618638105,1.490160421638476,0.2181720077836754,1.6895227781903388
19,0.5,Filtered OR-DML (Ours),10.520467023328614,0.2371322445347701,1.5277777777777777,8.992689245550835,0.0,0.9517135844086938,1.6268905243466405,0.26787104792154515,1.5996996668122028
20,0.5,Oracle DML,1.5140274020607858,0.0387715121700322,1.5277777777777777,-0.013750375716991892,1.0,0.45308559540344523,1.1802295570483181,0.0,0.0
20,0.5,Standard DML,9.961518047930532,0.11024884532580033,1.5277777777777777,8.433740270152754,0.0,4.965729366157252,1.0,,
20,0.5,Block DML,10.025831658440108,0.11100739906508622,1.5277777777777777,8.49805388066233,0.0,5.140869026936801,1.0,,
20,0.5,Unregularized Coupled DML,10.58287914881441,0.2845403076953617,1.5277777777777777,9.055101371036631,0.0,0.7496230921525069,2.061462622302697,0.24611048810480407,1.667029128619339
20,0.5,Spectral OR-DML (Ours),10.570212481942797,0.2827986633916297,1.5277777777777777,9.042434704165018,0.0,0.7496230921525069,2.061462622302697,0.24611048810480407,1.667029128619339
20,0.5,Filtered OR-DML (Ours),10.582962870957193,0.23950892822499859,1.5277777777777777,9.055185093179414,0.0,0.7993799087492918,2.228195499916164,0.28880127933165456,1.5898033783428345
21,0.5,Oracle DML,1.590474297634362,0.0319554915101118,1.5277777777777777,0.06269651985658431,0.0,0.5244385427424303,1.0534524956336062,0.0,0.0
21,0.5,Standard DML,9.915283306329988,0.09723009393283277,1.5277777777777777,8.38750552855221,0.0,5.139924277946205,1.0,,
21,0.5,Block DML,9.935521189646972,0.09870651028854442,1.5277777777777777,8.407743411869195,0.0,5.240429645398186,1.0,,
21,0.5,Unregularized Coupled DML,10.512893994880486,0.33179626456590433,1.5277777777777777,8.985116217102707,0.0,0.7740494218270778,1.6302996944763453,0.24340288413932792,1.7135157823241707
21,0.5,Spectral OR-DML (Ours),10.500562020795737,0.3299984309683414,1.5277777777777777,8.972784243017959,0.0,0.7740494218270778,1.6302996944763453,0.24340288413932792,1.7135157823241707
21,0.5,Filtered OR-DML (Ours),10.660703450755875,0.27339227285127027,1.5277777777777777,9.132925672978097,0.0,0.8604163935270635,1.7190835166977134,0.28627371227650883,1.6348221112890713
22,0.5,Oracle DML,1.595785831584618,0.035472424490004636,1.5277777777777777,0.06800805380684039,1.0,0.4369465410163121,1.278584748786249,0.0,0.0
22,0.5,Standard DML,10.007605625353682,0.10783680112757209,1.5277777777777777,8.479827847575905,0.0,4.896863054832075,1.0,,
22,0.5,Block DML,10.035087839590261,0.10685136779444199,1.5277777777777777,8.507310061812483,0.0,4.972588540467147,1.0,,
22,0.5,Unregularized Coupled DML,10.547657275168985,0.26948921500435125,1.5277777777777777,9.019879497391209,0.0,0.8363862028268703,1.7369068676159987,0.2832029223694799,1.6323491457449864
22,0.5,Spectral OR-DML (Ours),10.535602971750302,0.26800618197400417,1.5277777777777777,9.007825193972526,0.0,0.8363862028268703,1.7369068676159987,0.2832029223694799,1.6323491457449864
22,0.5,Filtered OR-DML (Ours),10.590010744480399,0.22908262334996915,1.5277777777777777,9.06223296670262,0.0,0.8924172448257,1.844404332851421,0.3196464576235616,1.556501912831507
23,0.5,Oracle DML,1.4923541181905302,0.032820855897992135,1.5277777777777777,-0.03542365958724747,1.0,0.4115445532213267,1.4807924340584684,0.0,0.0
23,0.5,Standard DML,9.858588906784245,0.11475760623883735,1.5277777777777777,8.330811129006467,0.0,5.051549398085499,1.0,,
23,0.5,Block DML,9.893055346767914,0.11512357826540574,1.5277777777777777,8.365277568990138,0.0,5.115314619611144,1.0,,
23,0.5,Unregularized Coupled DML,10.286930268959377,0.30049878808135794,1.5277777777777777,8.759152491181599,0.0,0.9344081953148154,1.4871196202385022,0.22227397257860398,1.6775596861235527
23,0.5,Spectral OR-DML (Ours),10.274490682761593,0.2990342511312285,1.5277777777777777,8.746712904983816,0.0,0.9344081953148154,1.4871196202385022,0.22227397257860398,1.6775596861235527
23,0.5,Filtered OR-DML (Ours),10.397770835783323,0.25228388419392284,1.5277777777777777,8.869993058005544,0.0,0.9939658041143586,1.6144333111354732,0.2696602869377534,1.5991393696217153
24,0.5,Oracle DML,1.585714738499844,0.03289914304182742,1.5277777777777777,0.05793696072206633,1.0,0.4667032414741239,1.168561538721858,0.0,0.0
24,0.5,Standard DML,10.084165750010152,0.10875893434284782,1.5277777777777777,8.556387972232375,0.0,4.804542212026027,1.0,,
24,0.5,Block DML,10.14999905669358,0.10947269459414179,1.5277777777777777,8.622221278915802,0.0,4.881299949502501,1.0,,
24,0.5,Unregularized Coupled DML,10.500406610105781,0.31453471222678914,1.5277777777777777,8.972628832328002,0.0,0.8454108243474717,1.432573315607667,0.20953021732728255,1.7105538749557092
24,0.5,Spectral OR-DML (Ours),10.487430416506616,0.3129126029949782,1.5277777777777777,8.959652638728837,0.0,0.8454108243474717,1.432573315607667,0.20953021732728255,1.7105538749557092
24,0.5,Filtered OR-DML (Ours),10.79453343928321,0.2780892419856026,1.5277777777777777,9.266755661505432,0.0,0.8463320507929303,1.6449201452107742,0.2630243395194684,1.638479790296992
25,0.5,Oracle DML,1.4779662171427752,0.03457037055031045,1.5277777777777777,-0.04981156063500247,1.0,0.49375636627234704,1.1148498617460254,0.0,0.0
25,0.5,Standard DML,9.955787907543932,0.1034666084737018,1.5277777777777777,8.428010129766154,0.0,5.070967723690713,1.0,,
25,0.5,Block DML,10.019329939526905,0.10465158236178417,1.5277777777777777,8.491552161749127,0.0,5.225935473301037,1.0,,
25,0.5,Unregularized Coupled DML,10.449357223415515,0.27792854984336673,1.5277777777777777,8.921579445637736,0.0,0.8671634153663398,1.6339596919054333,0.24005307236014667,1.6782393243761526
25,0.5,Spectral OR-DML (Ours),10.436860370399213,0.27632291392331865,1.5277777777777777,8.909082592621434,0.0,0.8671634153663398,1.6339596919054333,0.24005307236014667,1.6782393243761526
25,0.5,Filtered OR-DML (Ours),10.519849301135446,0.23410421280722507,1.5277777777777777,8.99207152335767,0.0,0.9070595548095125,1.845059487946309,0.29062391846232977,1.5908391541871758
26,0.5,Oracle DML,1.4449333851366177,0.03765500123104319,1.5277777777777777,-0.08284439264115995,0.0,0.4199957309474446,1.3401744921963583,0.0,0.0
26,0.5,Standard DML,10.065113487414166,0.1212951010141093,1.5277777777777777,8.537335709636388,0.0,4.802270116179096,1.0,,
26,0.5,Block DML,10.080466400543965,0.12281686635000727,1.5277777777777777,8.552688622766187,0.0,4.852104267726996,1.0,,
26,0.5,Unregularized Coupled DML,10.514644624492618,0.25991788133570154,1.5277777777777777,8.98686684671484,0.0,0.8008547690444391,1.9542778624840722,0.23592830307262944,1.6457331257247498
26,0.5,Spectral OR-DML (Ours),10.501721299627892,0.2584926182623586,1.5277777777777777,8.973943521850114,0.0,0.8008547690444391,1.9542778624840722,0.23592830307262944,1.6457331257247498
26,0.5,Filtered OR-DML (Ours),10.602723073680387,0.23476197083218364,1.5277777777777777,9.074945295902609,0.0,0.8104458850302136,2.1120836793641393,0.27104683052008144,1.5879512803683205
27,0.5,Oracle DML,1.4825703193688904,0.02986275133394087,1.5277777777777777,-0.04520745840888729,1.0,0.44494625510176644,1.2175008310850943,0.0,0.0
27,0.5,Standard DML,9.99208231848725,0.1160794701677071,1.5277777777777777,8.464304540709474,0.0,4.949406854110233,1.0,,
27,0.5,Block DML,10.047077937456274,0.11706152734763725,1.5277777777777777,8.519300159678497,0.0,5.065621944096381,1.0,,
27,0.5,Unregularized Coupled DML,10.003504414409488,0.30691249743399374,1.5277777777777777,8.475726636631709,0.0,0.8485675560237965,1.3778154532942617,0.18434338686485446,1.7473559609381208
27,0.5,Spectral OR-DML (Ours),9.99089833796597,0.3053876822749734,1.5277777777777777,8.463120560188191,0.0,0.8485675560237965,1.3778154532942617,0.18434338686485446,1.7473559609381208
27,0.5,Filtered OR-DML (Ours),10.507338574143462,0.2861879217865873,1.5277777777777777,8.979560796365686,0.0,0.8608909393344332,1.6006084946745553,0.25216970487862095,1.6660149051963757
28,0.5,Oracle DML,1.314817711901443,0.036598130679721806,1.5277777777777777,-0.21296006587633465,0.0,0.3509465872836936,1.8535134764853256,0.0,0.0
28,0.5,Standard DML,9.777939074191789,0.12520316798464673,1.5277777777777777,8.25016129641401,0.0,4.736464628448132,1.0,,
28,0.5,Block DML,9.806006113133629,0.12392132665547229,1.5277777777777777,8.278228335355852,0.0,4.798870332163556,1.0,,
28,0.5,Unregularized Coupled DML,10.055555277334575,0.3185686120635147,1.5277777777777777,8.527777499556798,0.0,0.7078597285509263,2.03448137868075,0.22773445811169363,1.7032472365890572
28,0.5,Spectral OR-DML (Ours),10.043336483729291,0.3169073109824872,1.5277777777777777,8.515558705951513,0.0,0.7078597285509263,2.03448137868075,0.22773445811169363,1.7032472365890572
28,0.5,Filtered OR-DML (Ours),10.15760766132188,0.262282864998425,1.5277777777777777,8.629829883544101,0.0,0.7699841698067669,2.186742845470006,0.2754085276704029,1.6198556030484477
29,0.5,Oracle DML,1.679656474033146,0.03769754203637257,1.5277777777777777,0.15187869625536843,0.0,0.44236478370981547,1.20568131566096,0.0,0.0
29,0.5,Standard DML,9.956340538424657,0.09949900850281458,1.5277777777777777,8.42856276064688,0.0,5.081297595109971,1.0,,
29,0.5,Block DML,9.983661282731822,0.0988368795650172,1.5277777777777777,8.455883504954045,0.0,5.225030307740555,1.0,,
29,0.5,Unregularized Coupled DML,10.509428850323822,0.2793246688732264,1.5277777777777777,8.981651072546043,0.0,0.9036224202529419,1.4914599113540572,0.22418178966742933,1.6877072654459568
29,0.5,Spectral OR-DML (Ours),10.49664641878425,0.27763921974967265,1.5277777777777777,8.968868641006473,0.0,0.9036224202529419,1.4914599113540572,0.22418178966742933,1.6877072654459568
29,0.5,Filtered OR-DML (Ours),10.663616870183752,0.24993061769309466,1.5277777777777777,9.135839092405973,0.0,0.9379778638426779,1.6373111173439316,0.2764850497491099,1.6139951967513315
30,0.5,Oracle DML,1.4337271543569274,0.0345930893014856,1.5277777777777777,-0.09405062342085024,0.0,0.44764760108709195,1.284640197164499,0.0,0.0
30,0.5,Standard DML,10.002222673772172,0.10891256481568926,1.5277777777777777,8.474444895994395,0.0,4.726720612940761,1.0,,
30,0.5,Block DML,10.046644136469869,0.11008875050755208,1.5277777777777777,8.51886635869209,0.0,4.792353903086085,1.0,,
30,0.5,Unregularized Coupled DML,10.164018034022412,0.31912330624825785,1.5277777777777777,8.636240256244633,0.0,0.8255068541611998,1.513494537287109,0.22774098423698352,1.6972813288551154
30,0.5,Spectral OR-DML (Ours),10.1519815351228,0.3178667211365845,1.5277777777777777,8.624203757345022,0.0,0.8255068541611998,1.513494537287109,0.22774098423698352,1.6972813288551154
30,0.5,Filtered OR-DML (Ours),10.433541514159387,0.25817354760944017,1.5277777777777777,8.905763736381608,0.0,0.8666907435374203,1.7173668765550676,0.2839832741739492,1.6037499156616164
31,0.5,Oracle DML,1.4824335010156675,0.03488360553510951,1.5277777777777777,-0.04534427676211017,1.0,0.3753930690837679,1.578389454300251,0.0,0.0
31,0.5,Standard DML,9.975081247656647,0.10234021884900295,1.5277777777777777,8.447303469878868,0.0,4.9142628451804455,1.0,,
31,0.5,Block DML,10.012918599789877,0.1041716750175234,1.5277777777777777,8.485140822012099,0.0,4.993978243480081,1.0,,
31,0.5,Unregularized Coupled DML,10.642465081069517,0.26787400412799556,1.5277777777777777,9.114687303291738,0.0,0.6696084945657912,2.519527285092204,0.24399253475991856,1.6454812090655886
31,0.5,Spectral OR-DML (Ours),10.62929059512908,0.26605438573865103,1.5277777777777777,9.101512817351303,0.0,0.6696084945657912,2.519527285092204,0.24399253475991856,1.6454812090655886
31,0.5,Filtered OR-DML (Ours),10.600310916301314,0.22867772320967555,1.5277777777777777,9.072533138523536,0.0,0.7362234832789719,2.5013198167028454,0.2734166710117764,1.582558847728617
32,0.5,Oracle DML,1.5357368951676704,0.0317013454765073,1.5277777777777777,0.007959117389892745,1.0,0.447139160303257,1.245918971161271,0.0,0.0
32,0.5,Standard DML,10.001007149348409,0.10821594892029342,1.5277777777777777,8.473229371570632,0.0,4.920134334224795,1.0,,
32,0.5,Block DML,10.047458710394162,0.10605077597179724,1.5277777777777777,8.519680932616385,0.0,5.06079681557331,1.0,,
32,0.5,Unregularized Coupled DML,10.487329380268031,0.31280081603293536,1.5277777777777777,8.959551602490254,0.0,0.8962271389950474,1.4937516430506927,0.23090027938641805,1.6839364566623276
32,0.5,Spectral OR-DML (Ours),10.474527908969222,0.3111883750846001,1.5277777777777777,8.946750131191443,0.0,0.8962271389950474,1.4937516430506927,0.23090027938641805,1.6839364566623276
32,0.5,Filtered OR-DML (Ours),10.474511256507,0.24268026260819597,1.5277777777777777,8.946733478729222,0.0,0.9776593523575475,1.6302946376165879,0.273289747026404,1.6000150641714628
33,0.5,Oracle DML,1.530655172273538,0.03260363850320754,1.5277777777777777,0.0028773944957602993,1.0,0.4202167538753568,1.2713327203025646,0.0,0.0
33,0.5,Standard DML,10.0870150431186,0.12256416666543488,1.5277777777777777,8.559237265340823,0.0,4.918548134712212,1.0,,
33,0.5,Block DML,10.108906850712842,0.12261827228107855,1.5277777777777777,8.581129072935063,0.0,4.969311801226197,1.0,,
33,0.5,Unregularized Coupled DML,10.61416296699823,0.289887968116601,1.5277777777777777,9.08638518922045,0.0,0.8863001354397344,1.5738579957268866,0.2488046740465136,1.6574924886979603
33,0.5,Spectral OR-DML (Ours),10.601716309478668,0.2884004831733326,1.5277777777777777,9.07393853170089,0.0,0.8863001354397344,1.5738579957268866,0.2488046740465136,1.6574924886979603
33,0.5,Filtered OR-DML (Ours),10.711623126325343,0.24708370249138906,1.5277777777777777,9.183845348547564,0.0,0.9342024451225562,1.733319972475777,0.29983067030297234,1.5721092009327198
34,0.5,Oracle DML,1.5101508146211877,0.03333758084613667,1.5277777777777777,-0.01762696315658996,1.0,0.4692666013987425,1.2107532283514821,0.0,0.0
34,0.5,Standard DML,10.00862588207409,0.10857884035844516,1.5277777777777777,8.480848104296314,0.0,4.915759166861129,1.0,,
34,0.5,Block DML,10.103720176988817,0.11256629415921365,1.5277777777777777,8.57594239921104,0.0,5.070396400844959,1.0,,
34,0.5,Unregularized Coupled DML,10.654545284126929,0.2720768989330389,1.5277777777777777,9.12676750634915,0.0,0.8166619739387627,1.8808038411344636,0.27215514356422205,1.6325871237370728
34,0.5,Spectral OR-DML (Ours),10.642096117283172,0.27042793710486746,1.5277777777777777,9.114318339505395,0.0,0.8166619739387627,1.8808038411344636,0.27215514356422205,1.6325871237370728
34,0.5,Filtered OR-DML (Ours),10.645601239423565,0.22849295189488641,1.5277777777777777,9.117823461645788,0.0,0.8548088738717285,2.0361650809991994,0.3168293355950124,1.5541425177167587
35,0.5,Oracle DML,1.5030162802509865,0.03173267847746841,1.5277777777777777,-0.024761497526791132,1.0,0.4141742759504393,1.5251802920973192,0.0,0.0
35,0.5,Standard DML,9.761987083397544,0.10642762235288154,1.5277777777777777,8.234209305619768,0.0,5.157429649762609,1.0,,
35,0.5,Block DML,9.826639979706924,0.10907260592779633,1.5277777777777777,8.298862201929147,0.0,5.274860479323161,1.0,,
35,0.5,Unregularized Coupled DML,9.950908167946881,0.3084931392253709,1.5277777777777777,8.423130390169103,0.0,0.8520359323231373,1.6335575931639423,0.1930035812381049,1.7210572717114607
35,0.5,Spectral OR-DML (Ours),9.938545931432323,0.3070721499257885,1.5277777777777777,8.410768153654544,0.0,0.8520359323231373,1.6335575931639423,0.1930035812381049,1.7210572717114607
35,0.5,Filtered OR-DML (Ours),10.148594366224167,0.26788473834782417,1.5277777777777777,8.620816588446388,0.0,0.9206582090633071,1.7423967122258748,0.23364557809885242,1.6518600300436772
36,0.5,Oracle DML,1.577609918542488,0.03340750235981241,1.5277777777777777,0.04983214076471043,1.0,0.44568959636816186,1.2390901532000396,0.0,0.0
36,0.5,Standard DML,10.020780896331262,0.1252049422727738,1.5277777777777777,8.493003118553485,0.0,5.025837823010304,1.0,,
36,0.5,Block DML,10.04348495571177,0.12397228206126305,1.5277777777777777,8.515707177933994,0.0,5.07078146891433,1.0,,
36,0.5,Unregularized Coupled DML,10.449476257308461,0.3398114151716986,1.5277777777777777,8.921698479530683,0.0,0.8264163799291444,1.4761126754666212,0.2152844136817638,1.7053563333558668
36,0.5,Spectral OR-DML (Ours),10.436817336960805,0.3381751405632527,1.5277777777777777,8.909039559183029,0.0,0.8264163799291444,1.4761126754666212,0.2152844136817638,1.7053563333558668
36,0.5,Filtered OR-DML (Ours),10.686003843726661,0.2941101906271995,1.5277777777777777,9.158226065948885,0.0,0.889105428984163,1.5978985829886592,0.26345178990111,1.632694977190541
37,0.5,Oracle DML,1.406242903713805,0.03368475423062601,1.5277777777777777,-0.12153487406397279,0.0,0.42197789679658837,1.4027076096285038,0.0,0.0
37,0.5,Standard DML,9.78479962748304,0.11838190195330331,1.5277777777777777,8.25702184970526,0.0,5.041987456927919,1.0,,
37,0.5,Block DML,9.838285749513146,0.11790895476267103,1.5277777777777777,8.310507971735369,0.0,5.107338604496226,1.0,,
37,0.5,Unregularized Coupled DML,9.882246225258386,0.1250269889873918,1.5277777777777777,8.35446844748061,0.0,0.4648278988573135,5.389467624614819,0.5876544249765197,1.1203338416792412
37,0.5,Spectral OR-DML (Ours),9.873834471560091,0.1248524580271192,1.5277777777777777,8.346056693782312,0.0,0.4648278988573135,5.389467624614819,0.5876544249765197,1.1203338416792412
37,0.5,Filtered OR-DML (Ours),9.923134770210263,0.135537924553352,1.5277777777777777,8.395356992432486,0.0,0.38934310169710823,6.2734405405415705,0.5962734405737886,1.1783997482280397
38,0.5,Oracle DML,1.4982416608635618,0.0371680776428713,1.5277777777777777,-0.02953611691421587,1.0,0.48046185932529395,1.11305632900495,0.0,0.0
38,0.5,Standard DML,10.00726077774234,0.10023717289911506,1.5277777777777777,8.479482999964564,0.0,4.97957829627478,1.0,,
38,0.5,Block DML,10.066247786386112,0.10155422913482105,1.5277777777777777,8.538470008608336,0.0,5.047170149873264,1.0,,
38,0.5,Unregularized Coupled DML,10.102736924275703,0.10428768600538066,1.5277777777777777,8.574959146497925,0.0,0.19375182397113277,13.687711754647147,0.6158682758786824,1.0637380256540074
38,0.5,Spectral OR-DML (Ours),10.094495683207487,0.10416894178921622,1.5277777777777777,8.566717905429709,0.0,0.19375182397113277,13.687711754647147,0.6158682758786824,1.0637380256540074
38,0.5,Filtered OR-DML (Ours),10.139521771732978,0.1091916942420558,1.5277777777777777,8.611743993955201,0.0,0.16438118639993926,15.913724873771848,0.6203618627686851,1.1090227237283008
39,0.5,Oracle DML,1.5556040306905337,0.03479404585748363,1.5277777777777777,0.027826252912755978,1.0,0.450357272460368,1.1401797993563165,0.0,0.0
39,0.5,Standard DML,10.019272379581263,0.10525351217020844,1.5277777777777777,8.491494601803485,0.0,4.950904150999445,1.0,,
39,0.5,Block DML,10.04340426915043,0.10531653568026662,1.5277777777777777,8.515626491372654,0.0,4.997733035626871,1.0,,
39,0.5,Unregularized Coupled DML,10.696406313435133,0.32521320317610347,1.5277777777777777,9.168628535657355,0.0,0.7849129607272698,1.66699292221367,0.21678215736988501,1.7055901785051175
39,0.5,Spectral OR-DML (Ours),10.683099941868218,0.3233656523510501,1.5277777777777777,9.155322164090439,0.0,0.7849129607272698,1.66699292221367,0.21678215736988501,1.7055901785051175
39,0.5,Filtered OR-DML (Ours),10.803265443161173,0.27161593738325407,1.5277777777777777,9.275487665383395,0.0,0.8159941965205513,1.920359509622749,0.2848238159353083,1.6151923198749956
40,0.5,Oracle DML,1.4855807037401476,0.03518645333688988,1.5277777777777777,-0.04219707403763007,1.0,0.41045628360104897,1.3994939382332994,0.0,0.0
40,0.5,Standard DML,10.079234762989136,0.1156335469927303,1.5277777777777777,8.55145698521136,0.0,4.813428926959147,1.0,,
40,0.5,Block DML,10.114982398517995,0.1142934007241103,1.5277777777777777,8.587204620740216,0.0,4.929809858174649,1.0,,
40,0.5,Unregularized Coupled DML,10.562971127433082,0.3277696881832483,1.5277777777777777,9.035193349655305,0.0,0.7526614882721244,1.6803940069474153,0.2369927983010974,1.6983951156012835
40,0.5,Spectral OR-DML (Ours),10.550581068986494,0.3261568325493883,1.5277777777777777,9.022803291208717,0.0,0.7526614882721244,1.6803940069474153,0.2369927983010974,1.6983951156012835
40,0.5,Filtered OR-DML (Ours),10.615091275341172,0.26913763259973644,1.5277777777777777,9.087313497563393,0.0,0.8365828672004738,1.804322048398765,0.2824930560406943,1.6165731517911341
41,0.5,Oracle DML,1.3955042899330619,0.0348755874500847,1.5277777777777777,-0.13227348784471582,0.0,0.4311477861470085,1.3990968982434726,0.0,0.0
41,0.5,Standard DML,9.854285285233555,0.11416375848667183,1.5277777777777777,8.326507507455776,0.0,4.884918200000614,1.0,,
41,0.5,Block DML,9.894616162448578,0.11216215885116197,1.5277777777777777,8.3668383846708,0.0,5.0107803020392145,1.0,,
41,0.5,Unregularized Coupled DML,10.065416300251577,0.27339350026566206,1.5277777777777777,8.537638522473799,0.0,0.8871084780659216,1.652204428902391,0.22567044416186322,1.6721044605677606
41,0.5,Spectral OR-DML (Ours),10.05340812412101,0.2721524499166664,1.5277777777777777,8.525630346343231,0.0,0.8871084780659216,1.652204428902391,0.22567044416186322,1.6721044605677606
41,0.5,Filtered OR-DML (Ours),10.207748804521703,0.23902607195186576,1.5277777777777777,8.679971026743925,0.0,0.9033746672478495,1.8522115246458406,0.2736098354400736,1.5984889797073407
42,0.5,Oracle DML,1.5731685674366167,0.0348263701556467,1.5277777777777777,0.045390789658839026,1.0,0.45723841578182506,1.0984355009482476,0.0,0.0
42,0.5,Standard DML,10.004655640642737,0.08907468799281897,1.5277777777777777,8.47687786286496,0.0,5.057295890543276,1.0,,
42,0.5,Block DML,10.048203529900453,0.091372097549389,1.5277777777777777,8.520425752122676,0.0,5.155248626545168,1.0,,
42,0.5,Unregularized Coupled DML,10.58722289714276,0.28375859017470456,1.5277777777777777,9.059445119364984,0.0,0.895867593783202,1.471957692578495,0.2231150663643777,1.6862270757250513
42,0.5,Spectral OR-DML (Ours),10.574425797105686,0.2821487038960414,1.5277777777777777,9.046648019327908,0.0,0.895867593783202,1.471957692578495,0.2231150663643777,1.6862270757250513
42,0.5,Filtered OR-DML (Ours),10.790964836512876,0.24867499740001628,1.5277777777777777,9.263187058735099,0.0,0.8895459108333084,1.7083880099306452,0.2818296262821607,1.6095394146540272
43,0.5,Oracle DML,1.6016787089709228,0.03554469569048458,1.5277777777777777,0.07390093119314511,0.0,0.4963500833079,1.0959839466912438,0.0,0.0
43,0.5,Standard DML,9.905085947579984,0.10760691183251221,1.5277777777777777,8.377308169802205,0.0,5.212238910041089,1.0,,
43,0.5,Block DML,9.96848409894406,0.10856809390607006,1.5277777777777777,8.440706321166282,0.0,5.324851614177399,1.0,,
43,0.5,Unregularized Coupled DML,10.40210625233086,0.2935131841923029,1.5277777777777777,8.874328474553081,0.0,0.8309354658584663,1.8204007546264307,0.2518498359218286,1.6610281902346573
43,0.5,Spectral OR-DML (Ours),10.389657206052654,0.2920233419378487,1.5277777777777777,8.861879428274875,0.0,0.8309354658584663,1.8204007546264307,0.2518498359218286,1.6610281902346573
43,0.5,Filtered OR-DML (Ours),10.50828086594999,0.24565803813429798,1.5277777777777777,8.980503088172213,0.0,0.8775238610187933,1.9681740964810785,0.2975237201765885,1.5841960696322246
44,0.5,Oracle DML,1.5126637275299468,0.0373703088157251,1.5277777777777777,-0.015114050247830857,1.0,0.4591194856863437,1.2212440837801641,0.0,0.0
44,0.5,Standard DML,10.032545337480627,0.10873198708032117,1.5277777777777777,8.504767559702849,0.0,4.951134232792757,1.0,,
44,0.5,Block DML,10.071341802977582,0.10989737158136305,1.5277777777777777,8.543564025199803,0.0,5.002662842101305,1.0,,
44,0.5,Unregularized Coupled DML,10.155684400012227,0.3157867026236985,1.5277777777777777,8.627906622234448,0.0,0.7166955877424568,1.9738488657656261,0.2116308905464577,1.6998496548727906
44,0.5,Spectral OR-DML (Ours),10.142902181495483,0.31438895219102503,1.5277777777777777,8.615124403717704,0.0,0.7166955877424568,1.9738488657656261,0.2116308905464577,1.6998496548727906
44,0.5,Filtered OR-DML (Ours),10.374992799839077,0.2645435501333839,1.5277777777777777,8.847215022061299,0.0,0.7784023437883626,2.028912066311733,0.2562873060644789,1.6316826066958463
45,0.5,Oracle DML,1.5859158990183777,0.03428863336386998,1.5277777777777777,0.05813812124060003,1.0,0.43362301580921725,1.2347418516019684,0.0,0.0
45,0.5,Standard DML,9.980883867986293,0.09567554196917173,1.5277777777777777,8.453106090208514,0.0,5.020585183718159,1.0,,
45,0.5,Block DML,10.032204880640927,0.09592400159840798,1.5277777777777777,8.50442710286315,0.0,5.1501428433074095,1.0,,
45,0.5,Unregularized Coupled DML,10.043559892137125,0.09662403319944951,1.5277777777777777,8.515782114359347,0.0,0.3701802884671465,6.943951477810986,0.6163971635983369,1.0262446296096293
45,0.5,Spectral OR-DML (Ours),10.035267871918721,0.09641445170435287,1.5277777777777777,8.507490094140945,0.0,0.3701802884671465,6.943951477810986,0.6163971635983369,1.0262446296096293
45,0.5,Filtered OR-DML (Ours),10.049669640204847,0.09669319135019781,1.5277777777777777,8.521891862427069,0.0,0.2414036598680308,10.590581477512048,0.6428957843385511,1.0634941471323422
46,0.5,Oracle DML,1.3990829744994957,0.03161983131530723,1.5277777777777777,-0.12869480327828198,0.0,0.42120460983391145,1.661408482395345,0.0,0.0
46,0.5,Standard DML,9.73304753413728,0.12618273561351115,1.5277777777777777,8.205269756359503,0.0,4.919025143599788,1.0,,
46,0.5,Block DML,9.728280750836095,0.12595084763819497,1.5277777777777777,8.200502973058317,0.0,5.132568760893042,1.0,,
46,0.5,Unregularized Coupled DML,9.674045326938323,0.31099922131902835,1.5277777777777777,8.146267549160545,0.0,0.8329800974144456,1.761933808334188,0.21077203573321027,1.7144034065559381
46,0.5,Spectral OR-DML (Ours),9.662078203598117,0.30961087827188005,1.5277777777777777,8.134300425820339,0.0,0.8329800974144456,1.761933808334188,0.21077203573321027,1.7144034065559381
46,0.5,Filtered OR-DML (Ours),9.941351779058515,0.27868922416117364,1.5277777777777777,8.413574001280736,0.0,0.8515294143244163,1.9448608343003233,0.2573217371406724,1.6499953962653604
47,0.5,Oracle DML,1.4984182137517361,0.02929326563723106,1.5277777777777777,-0.029359564026041562,1.0,0.44055110410193254,1.2285358109569644,0.0,0.0
47,0.5,Standard DML,10.00771894800736,0.10820793101047109,1.5277777777777777,8.479941170229583,0.0,5.001267171438038,1.0,,
47,0.5,Block DML,10.069527657681252,0.10661356887099512,1.5277777777777777,8.541749879903474,0.0,5.115349299319235,1.0,,
47,0.5,Unregularized Coupled DML,10.151411942296901,0.2675247169313512,1.5277777777777777,8.623634164519125,0.0,0.8736519734159708,1.5541136190770746,0.18450328691802823,1.717241865595881
47,0.5,Spectral OR-DML (Ours),10.138696960054412,0.2660934957232137,1.5277777777777777,8.610919182276636,0.0,0.8736519734159708,1.5541136190770746,0.18450328691802823,1.717241865595881
47,0.5,Filtered OR-DML (Ours),10.449981738241492,0.24431328048359022,1.5277777777777777,8.922203960463715,0.0,0.9169496869928202,1.6830561275026117,0.2270579189288686,1.6507200261298238
48,0.5,Oracle DML,1.5221068406952014,0.035672288449927994,1.5277777777777777,-0.005670937082576266,1.0,0.4349485955035534,1.3412972186848173,0.0,0.0
48,0.5,Standard DML,9.942940689249308,0.11562565971451985,1.5277777777777777,8.41516291147153,0.0,4.907263472077973,1.0,,
48,0.5,Block DML,9.967156094655468,0.11567133624878552,1.5277777777777777,8.43937831687769,0.0,4.963433171267016,1.0,,
48,0.5,Unregularized Coupled DML,9.732884817060224,0.28008406400123664,1.5277777777777777,8.205107039282446,0.0,0.8735797886589306,1.5005762716829325,0.19819269184292487,1.7138837068115764
48,0.5,Spectral OR-DML (Ours),9.721169537063762,0.278939398324193,1.5277777777777777,8.193391759285984,0.0,0.8735797886589306,1.5005762716829325,0.19819269184292487,1.7138837068115764
48,0.5,Filtered OR-DML (Ours),10.121027626951687,0.25407007362546224,1.5277777777777777,8.593249849173908,0.0,0.9073443563599245,1.646471108548677,0.24581812667501543,1.6394214160286003
49,0.5,Oracle DML,1.5306294417820319,0.03290663895815918,1.5277777777777777,0.002851664004254184,1.0,0.43895252126656886,1.317799209936792,0.0,0.0
49,0.5,Standard DML,9.899498053850726,0.11164960869163017,1.5277777777777777,8.37172027607295,0.0,4.943700370831078,1.0,,
49,0.5,Block DML,9.927245904734502,0.11144882158597688,1.5277777777777777,8.399468126956723,0.0,5.014139698401232,1.0,,
49,0.5,Unregularized Coupled DML,10.301781324900908,0.2648224243761506,1.5277777777777777,8.77400354712313,0.0,0.9138387330082804,1.6528527088509348,0.2283203374758122,1.64927555706537
49,0.5,Spectral OR-DML (Ours),10.289217221017797,0.2633728428618027,1.5277777777777777,8.761439443240018,0.0,0.9138387330082804,1.6528527088509348,0.2283203374758122,1.64927555706537
49,0.5,Filtered OR-DML (Ours),10.411261945018905,0.22889883080539108,1.5277777777777777,8.883484167241129,0.0,0.8884225230512435,1.9035503815939183,0.28977755347471884,1.5712838355825618
50,0.5,Oracle DML,1.420165491006823,0.03037048024575151,1.5277777777777777,-0.10761228677095458,0.0,0.4001373160120041,1.573733016076894,0.0,0.0
50,0.5,Standard DML,9.625624240453147,0.1059495644019386,1.5277777777777777,8.09784646267537,0.0,5.132985643046948,1.0,,
50,0.5,Block DML,9.655525105679564,0.10581874315600602,1.5277777777777777,8.127747327901787,0.0,5.198216940809052,1.0,,
50,0.5,Unregularized Coupled DML,9.824277348961706,0.27268400364648165,1.5277777777777777,8.29649957118393,0.0,0.880452625804989,1.7193933298113997,0.26733053954501257,1.6480445139384132
50,0.5,Spectral OR-DML (Ours),9.81309367388544,0.2717008483301327,1.5277777777777777,8.285315896107662,0.0,0.880452625804989,1.7193933298113997,0.26733053954501257,1.6480445139384132
50,0.5,Filtered OR-DML (Ours),9.894769258784526,0.22604572275838677,1.5277777777777777,8.36699148100675,0.0,0.9583174132748541,1.8075041929098026,0.30636683997926784,1.5703674004830013
51,0.5,Oracle DML,1.5887863529792978,0.036190953483502104,1.5277777777777777,0.06100857520152014,1.0,0.41137729556409974,1.3253143925673527,0.0,0.0
51,0.5,Standard DML,10.02845656181013,0.10977640642524399,1.5277777777777777,8.500678784032353,0.0,5.06093918031006,1.0,,
51,0.5,Block DML,10.058426417517566,0.1087350297855243,1.5277777777777777,8.530648639739788,0.0,5.107050198994313,1.0,,
51,0.5,Unregularized Coupled DML,10.919337010730573,0.34297948760533464,1.5277777777777777,9.391559232952794,0.0,0.7358036731556346,1.9520296141352385,0.2512488985998023,1.6688633092984047
51,0.5,Spectral OR-DML (Ours),10.905884320939531,0.34093384387169956,1.5277777777777777,9.378106543161753,0.0,0.7358036731556346,1.9520296141352385,0.2512488985998023,1.6688633092984047
51,0.5,Filtered OR-DML (Ours),10.898120876335673,0.27801416410157054,1.5277777777777777,9.370343098557896,0.0,0.8067377531709591,2.088135518015353,0.3032593664835008,1.5783115040629927
52,0.5,Oracle DML,1.4009733604676091,0.03498614645515134,1.5277777777777777,-0.12680441731016856,0.0,0.3739307935804959,1.7380151846644727,0.0,0.0
52,0.5,Standard DML,9.924064445470677,0.1253578031928731,1.5277777777777777,8.396286667692898,0.0,4.7897528308243045,1.0,,
52,0.5,Block DML,9.975929447605834,0.12585005720286874,1.5277777777777777,8.448151669828057,0.0,4.913988967205944,1.0,,
52,0.5,Unregularized Coupled DML,10.469714290390543,0.3368093678831808,1.5277777777777777,8.941936512612767,0.0,0.8034515060529713,1.7851018994907797,0.2578029815075054,1.659953426196978
52,0.5,Spectral OR-DML (Ours),10.457460084553118,0.335397362256801,1.5277777777777777,8.92968230677534,0.0,0.8034515060529713,1.7851018994907797,0.2578029815075054,1.659953426196978
52,0.5,Filtered OR-DML (Ours),10.543538623704055,0.27634520649932603,1.5277777777777777,9.015760845926277,0.0,0.8410644230848103,1.9784342832730706,0.3165656293699697,1.5716345286403213
53,0.5,Oracle DML,1.4094823226382276,0.03144055882913136,1.5277777777777777,-0.11829545513955009,0.0,0.45007317905126326,1.3592405841625246,0.0,0.0
53,0.5,Standard DML,9.940010322857926,0.11935132949560082,1.5277777777777777,8.412232545080148,0.0,4.727320752023431,1.0,,
53,0.5,Block DML,10.027892082071261,0.1161145561256754,1.5277777777777777,8.500114304293483,0.0,4.940814977232893,1.0,,
53,0.5,Unregularized Coupled DML,9.984686003997389,0.33528954395739125,1.5277777777777777,8.45690822621961,0.0,0.8571361139861924,1.4792553790094491,0.22116869446077098,1.6962344998462562
53,0.5,Spectral OR-DML (Ours),9.972746793695556,0.3340889286174195,1.5277777777777777,8.444969015917778,0.0,0.8571361139861924,1.4792553790094491,0.22116869446077098,1.6962344998462562
53,0.5,Filtered OR-DML (Ours),10.253491149286099,0.2807846071413646,1.5277777777777777,8.72571337150832,0.0,0.8592664561935245,1.752607920015229,0.28998341048062815,1.614258941794157
54,0.5,Oracle DML,1.4904463261713916,0.038283721846769134,1.5277777777777777,-0.03733145160638607,1.0,0.5058110920908135,1.1329066407276693,0.0,0.0
54,0.5,Standard DML,9.788742284330619,0.10751062811914397,1.5277777777777777,8.260964506552842,0.0,5.141308266475915,1.0,,
54,0.5,Block DML,9.821784405403335,0.10774834648927203,1.5277777777777777,8.294006627625556,0.0,5.210768131106884,1.0,,
54,0.5,Unregularized Coupled DML,10.09286174465177,0.2740222997280791,1.5277777777777777,8.565083966873992,0.0,0.8313910696336833,1.679070248113991,0.2359879638562613,1.6876944701900645
54,0.5,Spectral OR-DML (Ours),10.08109012016315,0.27256341995305416,1.5277777777777777,8.553312342385372,0.0,0.8313910696336833,1.679070248113991,0.2359879638562613,1.6876944701900645
54,0.5,Filtered OR-DML (Ours),10.218374605126922,0.22658904545693626,1.5277777777777777,8.690596827349143,0.0,0.8923117853395326,1.860359273739128,0.28365895610838426,1.5997232737426936
55,0.5,Oracle DML,1.5382982631981557,0.0312511151910554,1.5277777777777777,0.010520485420377979,1.0,0.4853643688507289,1.2754268922551752,0.0,0.0
55,0.5,Standard DML,9.80835063894944,0.12586628724846594,1.5277777777777777,8.280572861171663,0.0,5.086371340264065,1.0,,
55,0.5,Block DML,9.825375698599174,0.12578497503730732,1.5277777777777777,8.297597920821396,0.0,5.120526304991619,1.0,,
55,0.5,Unregularized Coupled DML,10.005176077522066,0.283133757430562,1.5277777777777777,8.477398299744287,0.0,0.852365595392478,1.7068103211455228,0.23569711464389437,1.6862102792143279
55,0.5,Spectral OR-DML (Ours),9.993288375438457,0.2816353368481605,1.5277777777777777,8.465510597660678,0.0,0.852365595392478,1.7068103211455228,0.23569711464389437,1.6862102792143279
55,0.5,Filtered OR-DML (Ours),10.18621306982725,0.24572844645647385,1.5277777777777777,8.658435292049472,0.0,0.9227789095179398,1.7603138831625582,0.27862265264953523,1.6127975490827478
56,0.5,Oracle DML,1.5270845161089321,0.0341499358174352,1.5277777777777777,-0.0006932616688455351,1.0,0.441106941752532,1.1729913569405837,0.0,0.0
56,0.5,Standard DML,10.11975336048188,0.12012663269585945,1.5277777777777777,8.591975582704102,0.0,4.756839867877316,1.0,,
56,0.5,Block DML,10.151588989576132,0.11813724134232825,1.5277777777777777,8.623811211798355,0.0,4.846496640429706,1.0,,
56,0.5,Unregularized Coupled DML,10.420319010443894,0.3281305481922053,1.5277777777777777,8.892541232666115,0.0,0.8574421115053178,1.3405325208155825,0.19552131924116464,1.7300942817106533
56,0.5,Spectral OR-DML (Ours),10.407219217888201,0.3264993613820012,1.5277777777777777,8.879441440110423,0.0,0.8574421115053178,1.3405325208155825,0.19552131924116464,1.7300942817106533
56,0.5,Filtered OR-DML (Ours),10.772887928406695,0.29626067395291306,1.5277777777777777,9.245110150628918,0.0,0.8799931644766343,1.5303071710959286,0.2517640177686975,1.6531665511499796
57,0.5,Oracle DML,1.5943749549197554,0.03356265896655732,1.5277777777777777,0.06659717714197777,0.0,0.4642615984233939,1.1097800273247256,0.0,0.0
57,0.5,Standard DML,10.050173040058906,0.09622126625112248,1.5277777777777777,8.52239526228113,0.0,5.025655814969638,1.0,,
57,0.5,Block DML,10.05742296018319,0.0973667972818886,1.5277777777777777,8.529645182405414,0.0,5.1102153110947395,1.0,,
57,0.5,Unregularized Coupled DML,10.482430059085562,0.2925787650324341,1.5277777777777777,8.954652281307784,0.0,0.87219136589726,1.4799512136312452,0.22417342707600038,1.703831262295556
57,0.5,Spectral OR-DML (Ours),10.469769411034633,0.2909746012217922,1.5277777777777777,8.941991633256855,0.0,0.87219136589726,1.4799512136312452,0.22417342707600038,1.703831262295556
57,0.5,Filtered OR-DML (Ours),10.686607051779927,0.2595346490953219,1.5277777777777777,9.158829274002148,0.0,0.9028761660404767,1.65635541291727,0.2776546214012937,1.6275693476880024
58,0.5,Oracle DML,1.5881096703756747,0.033692714126998834,1.5277777777777777,0.06033189259789706,1.0,0.4473773819910819,1.3146444444542087,0.0,0.0
58,0.5,Standard DML,10.03879818350663,0.11316428237162346,1.5277777777777777,8.511020405728853,0.0,4.901268241179661,1.0,,
58,0.5,Block DML,10.063112994238669,0.11577898365590494,1.5277777777777777,8.53533521646089,0.0,5.005309473093335,1.0,,
58,0.5,Unregularized Coupled DML,10.064129759632959,0.11648860751187823,1.5277777777777777,8.53635198185518,0.0,0.029605078234853033,84.51944637734415,0.6865680709173959,1.0188402811579798
58,0.5,Spectral OR-DML (Ours),10.056857612751319,0.11633365563636754,1.5277777777777777,8.52907983497354,0.0,0.029605078234853033,84.51944637734415,0.6865680709173959,1.0188402811579798
58,0.5,Filtered OR-DML (Ours),10.049099394208683,0.17502908558548394,1.5277777777777777,8.521321616430907,0.0,0.022554777236911794,110.79024120801934,0.6877051863925052,1.035117673765035
59,0.5,Oracle DML,1.5527066392081128,0.03540787536132855,1.5277777777777777,0.024928861430335125,1.0,0.4656862480900277,1.0996337436023258,0.0,0.0
59,0.5,Standard DML,9.985334634129119,0.10963279491579743,1.5277777777777777,8.457556856351342,0.0,4.977638705268731,1.0,,
59,0.5,Block DML,10.026635087678107,0.11165945990430023,1.5277777777777777,8.49885730990033,0.0,5.017399472153166,1.0,,
59,0.5,Unregularized Coupled DML,9.801876339799701,0.3264140840290227,1.5277777777777777,8.274098562021923,0.0,0.7295128592703936,1.9531625970481268,0.1993689151225298,1.7215277248104932
59,0.5,Spectral OR-DML (Ours),9.789328516221733,0.32522737528261003,1.5277777777777777,8.261550738443955,0.0,0.7295128592703936,1.9531625970481268,0.1993689151225298,1.7215277248104932
59,0.5,Filtered OR-DML (Ours),10.340972927755036,0.2849416389210095,1.5277777777777777,8.813195149977258,0.0,0.8083570318297093,1.9521471791428826,0.25708540544815056,1.6394309200150121
60,0.5,Oracle DML,1.5947379743069705,0.03471594718981846,1.5277777777777777,0.06696019652919283,1.0,0.5299052356693708,1.018192047194867,0.0,0.0
60,0.5,Standard DML,9.851592431702864,0.10346324573605854,1.5277777777777777,8.323814653925087,0.0,5.213077526954255,1.0,,
60,0.5,Block DML,9.888856839857699,0.10722695595754957,1.5277777777777777,8.36107906207992,0.0,5.2357724068329965,1.0,,
60,0.5,Unregularized Coupled DML,10.26659784929925,0.25766009440064275,1.5277777777777777,8.738820071521474,0.0,0.8264586836225501,1.8984891817107656,0.24027017953675747,1.6670099763055717
60,0.5,Spectral OR-DML (Ours),10.254251085704446,0.2560570977317213,1.5277777777777777,8.726473307926668,0.0,0.8264586836225501,1.8984891817107656,0.24027017953675747,1.6670099763055717
60,0.5,Filtered OR-DML (Ours),10.430751987809925,0.22959926673498746,1.5277777777777777,8.902974210032149,0.0,0.8385538228536273,2.0864486393984416,0.2984919349484215,1.591980777720931
61,0.5,Oracle DML,1.5360199105562002,0.03430963664629594,1.5277777777777777,0.008242132778422562,1.0,0.4201630019163773,1.4182213545081637,0.0,0.0
61,0.5,Standard DML,9.882646486850765,0.10223251846523189,1.5277777777777777,8.354868709072989,0.0,5.056803410590979,1.0,,
61,0.5,Block DML,9.877905089696585,0.10177503734904338,1.5277777777777777,8.350127311918808,0.0,5.114327158699988,1.0,,
61,0.5,Unregularized Coupled DML,10.306450136110278,0.32067149862411815,1.5277777777777777,8.7786723583325,0.0,0.8458453302379967,1.5200144994628848,0.2239526144579339,1.699594306184018
61,0.5,Spectral OR-DML (Ours),10.294102121734626,0.31907242215732795,1.5277777777777777,8.76632434395685,0.0,0.8458453302379967,1.5200144994628848,0.2239526144579339,1.699594306184018
61,0.5,Filtered OR-DML (Ours),10.455922791685134,0.2668419663672405,1.5277777777777777,8.928145013907358,0.0,0.9042410864287256,1.6506721885465592,0.27140988548110034,1.625072419235404
62,0.5,Oracle DML,1.5693069069432233,0.032300649207618035,1.5277777777777777,0.0415291291654456,1.0,0.5291892979331179,1.0426746240673592,0.0,0.0
62,0.5,Standard DML,9.93997268277423,0.09715156182117109,1.5277777777777777,8.41219490499645,0.0,4.966692742210604,1.0,,
62,0.5,Block DML,10.06708460584227,0.09796386333806693,1.5277777777777777,8.539306828064493,0.0,5.1348264994859605,1.0,,
62,0.5,Unregularized Coupled DML,10.02078453680734,0.26915786288727406,1.5277777777777777,8.493006759029562,0.0,0.7619568242855869,1.9176995267987371,0.23581533737614074,1.691952111188749
62,0.5,Spectral OR-DML (Ours),10.00889685736395,0.26781925584458444,1.5277777777777777,8.481119079586172,0.0,0.7619568242855869,1.9176995267987371,0.23581533737614074,1.691952111188749
62,0.5,Filtered OR-DML (Ours),10.34955285424541,0.2294945800738063,1.5277777777777777,8.821775076467631,0.0,0.8361771768663846,1.9597071167820783,0.2915391043640386,1.6093965807258284
63,0.5,Oracle DML,1.4456058834907073,0.03554217270028091,1.5277777777777777,-0.08217189428707039,0.0,0.4430375117298584,1.17505894521733,0.0,0.0
63,0.5,Standard DML,10.088255153687022,0.10207810902699593,1.5277777777777777,8.560477375909244,0.0,4.793762136095027,1.0,,
63,0.5,Block DML,10.136140977159926,0.10340527127782771,1.5277777777777777,8.608363199382147,0.0,4.800869461955263,1.0,,
63,0.5,Unregularized Coupled DML,10.243884939687582,0.10947727330216053,1.5277777777777777,8.716107161909804,0.0,0.2785454694478566,9.86419724736957,0.5284839172688492,1.0946287847029297
63,0.5,Spectral OR-DML (Ours),10.233701070378029,0.10914859691786528,1.5277777777777777,8.70592329260025,0.0,0.2785454694478566,9.86419724736957,0.5284839172688492,1.0946287847029297
63,0.5,Filtered OR-DML (Ours),10.28293877175281,0.1174583494843701,1.5277777777777777,8.755160993975032,0.0,0.2374614050539386,11.330253151639042,0.5353036095960365,1.1468722557597262
64,0.5,Oracle DML,1.4756050491881023,0.03020870672876039,1.5277777777777777,-0.052172728589675366,1.0,0.534694292498102,1.1791045248456373,0.0,0.0
64,0.5,Standard DML,9.771446623698482,0.09814053116271687,1.5277777777777777,8.243668845920705,0.0,5.042887209481276,1.0,,
64,0.5,Block DML,9.810642442287572,0.10051176843831852,1.5277777777777777,8.282864664509795,0.0,5.137143610428891,1.0,,
64,0.5,Unregularized Coupled DML,9.843396707937856,0.10202343554858673,1.5277777777777777,8.315618930160078,0.0,0.28154674360080834,9.897882571781457,0.5755027797066036,1.112181365012863
64,0.5,Spectral OR-DML (Ours),9.83506588657782,0.10177556599681181,1.5277777777777777,8.30728810880004,0.0,0.28154674360080834,9.897882571781457,0.5755027797066036,1.112181365012863
64,0.5,Filtered OR-DML (Ours),9.890495795804037,0.10557185347077269,1.5277777777777777,8.36271801802626,0.0,0.22792764775343244,11.919977915920292,0.5851560680370832,1.1659752367933587
65,0.5,Oracle DML,1.5477973785611625,0.03037107861087373,1.5277777777777777,0.020019600783384828,1.0,0.44879975343838935,1.261422751629936,0.0,0.0
65,0.5,Standard DML,10.09297293066067,0.12723569828928175,1.5277777777777777,8.565195152882893,0.0,4.837618027896522,1.0,,
65,0.5,Block DML,10.134376879080708,0.12856517643996226,1.5277777777777777,8.60659910130293,0.0,4.8421043185979045,1.0,,
65,0.5,Unregularized Coupled DML,10.433842388300635,0.2826022624492835,1.5277777777777777,8.906064610522858,0.0,0.7584038490874349,2.030334589855231,0.21593235329713859,1.6660398044102096
65,0.5,Spectral OR-DML (Ours),10.420494970600535,0.28095078529940426,1.5277777777777777,8.892717192822758,0.0,0.7584038490874349,2.030334589855231,0.21593235329713859,1.6660398044102096
65,0.5,Filtered OR-DML (Ours),10.591547847991116,0.2554135550150824,1.5277777777777777,9.063770070213337,0.0,0.8318176996470938,1.9973653889445704,0.2615030648307777,1.5963450758734723
66,0.5,Oracle DML,1.4569901104453709,0.0326250997721381,1.5277777777777777,-0.07078766733240682,0.0,0.34777502879447403,1.8200659949869216,0.0,0.0
66,0.5,Standard DML,9.911733113291621,0.1351041634906008,1.5277777777777777,8.383955335513843,0.0,4.622718645157653,1.0,,
66,0.5,Block DML,9.954296236664009,0.13693699251975353,1.5277777777777777,8.426518458886232,0.0,4.674941456512081,1.0,,
66,0.5,Unregularized Coupled DML,10.35616116010089,0.3799639452613664,1.5277777777777777,8.82838338232311,0.0,0.7382338472678581,1.7290651297220165,0.22448676700074452,1.693757582830655
66,0.5,Spectral OR-DML (Ours),10.343561656245168,0.37839623062438854,1.5277777777777777,8.81578387846739,0.0,0.7382338472678581,1.7290651297220165,0.22448676700074452,1.693757582830655
66,0.5,Filtered OR-DML (Ours),10.407209338273004,0.2979917865094385,1.5277777777777777,8.879431560495227,0.0,0.7772545314193416,1.9261080272805018,0.27767326639220413,1.6113770919081374
67,0.5,Oracle DML,1.5701481958631884,0.03605188725570337,1.5277777777777777,0.042370418085410755,1.0,0.4486919618508192,1.1900698162302739,0.0,0.0
67,0.5,Standard DML,10.070240345906143,0.10687381105906606,1.5277777777777777,8.542462568128364,0.0,4.873795392519112,1.0,,
67,0.5,Block DML,10.109506496748347,0.10506424301428773,1.5277777777777777,8.58172871897057,0.0,5.067312327548009,1.0,,
67,0.5,Unregularized Coupled DML,10.59914972968924,0.29102791295778757,1.5277777777777777,9.071371951911463,0.0,0.6871300256480558,2.2421729015464744,0.22931354752296257,1.6783977255903157
67,0.5,Spectral OR-DML (Ours),10.58571247159895,0.28913189848487314,1.5277777777777777,9.05793469382117,0.0,0.6871300256480558,2.2421729015464744,0.22931354752296257,1.6783977255903157
67,0.5,Filtered OR-DML (Ours),10.684222694316633,0.24244100584147002,1.5277777777777777,9.156444916538856,0.0,0.7975206459705825,2.135862080648313,0.2708651106481307,1.6040613955674605
68,0.5,Oracle DML,1.6213942798376693,0.0319089342085359,1.5277777777777777,0.09361650205989158,0.0,0.5421045296578856,1.0604962671496752,0.0,0.0
68,0.5,Standard DML,9.807841338098212,0.09907736114456532,1.5277777777777777,8.280063560320436,0.0,5.188942429934372,1.0,,
68,0.5,Block DML,9.815770110099274,0.09964627771275363,1.5277777777777777,8.287992332321497,0.0,5.1345316629700095,1.0,,
68,0.5,Unregularized Coupled DML,10.203383804540302,0.25016632760257573,1.5277777777777777,8.675606026762523,0.0,0.9509054327442246,1.6158718673925865,0.25068591274947416,1.6418530832556333
68,0.5,Spectral OR-DML (Ours),10.191095450121553,0.24873515090889142,1.5277777777777777,8.663317672343776,0.0,0.9509054327442246,1.6158718673925865,0.25068591274947416,1.6418530832556333
68,0.5,Filtered OR-DML (Ours),10.319960656118974,0.2206566838815172,1.5277777777777777,8.792182878341197,0.0,0.9540099539970315,1.7781259238173015,0.2966415143215875,1.5741433262717897
69,0.5,Oracle DML,1.6307618477409291,0.032341951586860235,1.5277777777777777,0.10298406996315146,0.0,0.47010477184478255,1.1486520673450213,0.0,0.0
69,0.5,Standard DML,10.060476430025968,0.10910842328452273,1.5277777777777777,8.53269865224819,0.0,4.944607746090084,1.0,,
69,0.5,Block DML,10.175959233236009,0.10937319109143998,1.5277777777777777,8.648181455458232,0.0,5.1128095491196515,1.0,,
69,0.5,Unregularized Coupled DML,10.194571576123774,0.11341088414937624,1.5277777777777777,8.666793798345996,0.0,0.3239931530644639,7.934900045039346,0.621661636570474,1.0136462556193575
69,0.5,Spectral OR-DML (Ours),10.186014195081155,0.11296676408659971,1.5277777777777777,8.658236417303378,0.0,0.3239931530644639,7.934900045039346,0.621661636570474,1.0136462556193575
69,0.5,Filtered OR-DML (Ours),10.190039879065127,0.11480264893545838,1.5277777777777777,8.66226210128735,0.0,0.1932261468736266,13.278768650303643,0.6489624373533442,1.0326760948529057
70,0.5,Oracle DML,1.4652251668409404,0.03715186233613066,1.5277777777777777,-0.06255261093683728,1.0,0.40838963240617243,1.4733437558138118,0.0,0.0
70,0.5,Standard DML,9.92141436935722,0.12251724725463245,1.5277777777777777,8.393636591579444,0.0,4.9391815779552,1.0,,
70,0.5,Block DML,9.966933472444632,0.12206873703388048,1.5277777777777777,8.439155694666855,0.0,5.026359698363967,1.0,,
70,0.5,Unregularized Coupled DML,10.418083269505201,0.28891776886912635,1.5277777777777777,8.890305491727425,0.0,0.7237923704714443,2.1967804982356074,0.24836770580529333,1.659722827623328
70,0.5,Spectral OR-DML (Ours),10.405569213194921,0.2872736110498843,1.5277777777777777,8.877791435417144,0.0,0.7237923704714443,2.1967804982356074,0.24836770580529333,1.659722827623328
70,0.5,Filtered OR-DML (Ours),10.43812482614846,0.24885984015099202,1.5277777777777777,8.910347048370681,0.0,0.7593859127823033,2.3808617328351045,0.2864142122530738,1.5900407481850993
71,0.5,Oracle DML,1.5039942863371178,0.03721963707650518,1.5277777777777777,-0.023783491440659832,1.0,0.4725825431983878,1.0113589921786281,0.0,0.0
71,0.5,Standard DML,10.088920727057978,0.10536479506416968,1.5277777777777777,8.5611429492802,0.0,4.789306622319612,1.0,,
71,0.5,Block DML,10.101289965144879,0.10410439495824717,1.5277777777777777,8.5735121873671,0.0,4.841004411240156,1.0,,
71,0.5,Unregularized Coupled DML,10.577843885298531,0.30173726128555983,1.5277777777777777,9.050066107520752,0.0,0.8079550919579717,1.495474930838495,0.2266816884480384,1.7034725411612448
71,0.5,Spectral OR-DML (Ours),10.565079953442448,0.3000700674419539,1.5277777777777777,9.03730217566467,0.0,0.8079550919579717,1.495474930838495,0.2266816884480384,1.7034725411612448
71,0.5,Filtered OR-DML (Ours),10.819133818269961,0.25385789341315257,1.5277777777777777,9.291356040492182,0.0,0.8483411231957145,1.7090381990300767,0.28445815617078407,1.609094319351753
72,0.5,Oracle DML,1.6257880284119741,0.03187134107043763,1.5277777777777777,0.09801025063419644,0.0,0.47854322436204483,1.0123066235220843,0.0,0.0
72,0.5,Standard DML,10.229348113063935,0.10623802071861474,1.5277777777777777,8.701570335286156,0.0,4.821980055289809,1.0,,
72,0.5,Block DML,10.256067632908955,0.10526039566631808,1.5277777777777777,8.728289855131177,0.0,4.896293511001041,1.0,,
72,0.5,Unregularized Coupled DML,10.682535826685438,0.30785542955544526,1.5277777777777777,9.15475804890766,0.0,0.7949611225610472,1.5749492759294046,0.2346353018634548,1.699943531071786
72,0.5,Spectral OR-DML (Ours),10.669729940960224,0.3061355836061849,1.5277777777777777,9.141952163182445,0.0,0.7949611225610472,1.5749492759294046,0.2346353018634548,1.699943531071786
72,0.5,Filtered OR-DML (Ours),10.944355749281272,0.2573303835477352,1.5277777777777777,9.416577971503493,0.0,0.8409979841997046,1.7918306626756617,0.29868832950634444,1.5952323275028746
73,0.5,Oracle DML,1.5488864510021254,0.029564825878886196,1.5277777777777777,0.02110867322434773,1.0,0.4947816640621727,1.1745759605206554,0.0,0.0
73,0.5,Standard DML,9.777406411824762,0.10741114913338591,1.5277777777777777,8.249628634046985,0.0,5.125771925776421,1.0,,
73,0.5,Block DML,9.815388954220335,0.10701223372240636,1.5277777777777777,8.287611176442557,0.0,5.238711442658209,1.0,,
73,0.5,Unregularized Coupled DML,10.380029095353269,0.2639443757639739,1.5277777777777777,8.85225131757549,0.0,0.8842900895121013,1.7647765639453856,0.2595339323390519,1.6389314429480548
73,0.5,Spectral OR-DML (Ours),10.367737882067267,0.2624109668136233,1.5277777777777777,8.839960104289489,0.0,0.8842900895121013,1.7647765639453856,0.2595339323390519,1.6389314429480548
73,0.5,Filtered OR-DML (Ours),10.471868393683541,0.23682494191298947,1.5277777777777777,8.944090615905765,0.0,0.8878696695491555,1.9439514226879275,0.30777027181626504,1.5729730000942577
74,0.5,Oracle DML,1.4570496087603928,0.03789726925017557,1.5277777777777777,-0.07072816901738488,1.0,0.43084751480210554,1.273144119989838,0.0,0.0
74,0.5,Standard DML,10.017400288196747,0.10766670375603227,1.5277777777777777,8.489622510418968,0.0,4.837711819037415,1.0,,
74,0.5,Block DML,10.021986053501461,0.10595244100410815,1.5277777777777777,8.494208275723683,0.0,4.891991029433796,1.0,,
74,0.5,Unregularized Coupled DML,10.712677558772496,0.30983047103075617,1.5277777777777777,9.18489978099472,0.0,0.8248704384890624,1.6327756750045697,0.2624731100398784,1.6496608307713314
74,0.5,Spectral OR-DML (Ours),10.700307136379159,0.30838744032702836,1.5277777777777777,9.17252935860138,0.0,0.8248704384890624,1.6327756750045697,0.2624731100398784,1.6496608307713314
74,0.5,Filtered OR-DML (Ours),10.711529185366054,0.25655236678709353,1.5277777777777777,9.183751407588275,0.0,0.8727994030499325,1.7549386144648493,0.3013170022271523,1.5803829544162724
75,0.5,Oracle DML,1.498375964908682,0.033795651848921644,1.5277777777777777,-0.0294018128690956,1.0,0.4319273550650335,1.4374377094171593,0.0,0.0
75,0.5,Standard DML,9.790053919354028,0.11213805994110185,1.5277777777777777,8.262276141576251,0.0,5.017788807976873,1.0,,
75,0.5,Block DML,9.833980517226916,0.11134353094998996,1.5277777777777777,8.306202739449137,0.0,5.052682520805276,1.0,,
75,0.5,Unregularized Coupled DML,10.108277573848099,0.2873931384466281,1.5277777777777777,8.58049979607032,0.0,0.8737524893860464,1.5572357496756564,0.2156103018234676,1.6950027639602048
75,0.5,Spectral OR-DML (Ours),10.096112418422784,0.2858725534428567,1.5277777777777777,8.568334640645006,0.0,0.8737524893860464,1.5572357496756564,0.2156103018234676,1.6950027639602048
75,0.5,Filtered OR-DML (Ours),10.350305355690619,0.2507164712899316,1.5277777777777777,8.82252757791284,0.0,0.8821005804940427,1.7775937490679545,0.2631072527768192,1.614984901391928
76,0.5,Oracle DML,1.50684030360636,0.03517770894399936,1.5277777777777777,-0.02093747417141767,1.0,0.4361136115155629,1.199547380152609,0.0,0.0
76,0.5,Standard DML,9.973665681682615,0.09938238542271073,1.5277777777777777,8.445887903904836,0.0,5.03349214223516,1.0,,
76,0.5,Block DML,9.98631961504793,0.09957737030588942,1.5277777777777777,8.458541837270154,0.0,5.190530190764764,1.0,,
76,0.5,Unregularized Coupled DML,10.424576758861026,0.32156719808847817,1.5277777777777777,8.896798981083247,0.0,0.843596056520809,1.5321572261998642,0.2303180642914313,1.7059544516880276
76,0.5,Spectral OR-DML (Ours),10.412247463287702,0.32002533376237224,1.5277777777777777,8.884469685509924,0.0,0.843596056520809,1.5321572261998642,0.2303180642914313,1.7059544516880276
76,0.5,Filtered OR-DML (Ours),10.615363209152303,0.26494681923462854,1.5277777777777777,9.087585431374524,0.0,0.9188402868121773,1.6561775090497857,0.278846169553966,1.6241352280530688
77,0.5,Oracle DML,1.469677604601265,0.03512287757653629,1.5277777777777777,-0.058100173176512726,1.0,0.45002980742123544,1.3660355926007486,0.0,0.0
77,0.5,Standard DML,9.662509832705156,0.11300621532166649,1.5277777777777777,8.13473205492738,0.0,5.2426663420999144,1.0,,
77,0.5,Block DML,9.694061552162344,0.1114156298759507,1.5277777777777777,8.166283774384567,0.0,5.3258761053618615,1.0,,
77,0.5,Unregularized Coupled DML,10.078910465380215,0.3015067662631024,1.5277777777777777,8.551132687602436,0.0,0.8588247839920038,1.64658201004217,0.24726583260076865,1.6842539315637741
77,0.5,Spectral OR-DML (Ours),10.067315051077607,0.30014446459232097,1.5277777777777777,8.539537273299828,0.0,0.8588247839920038,1.64658201004217,0.24726583260076865,1.6842539315637741
77,0.5,Filtered OR-DML (Ours),10.119436416578782,0.2572793817974566,1.5277777777777777,8.591658638801004,0.0,0.9013351747012972,1.8349050846565471,0.29536115162386717,1.6081564815162552
78,0.5,Oracle DML,1.4380133079280173,0.03339462688293082,1.5277777777777777,-0.08976446984976039,0.0,0.4298622739160343,1.47083401935397,0.0,0.0
78,0.5,Standard DML,9.934130982021596,0.13510807843131914,1.5277777777777777,8.406353204243818,0.0,4.718954071388243,1.0,,
78,0.5,Block DML,9.956167911407443,0.1362981372971096,1.5277777777777777,8.428390133629666,0.0,4.712928980843175,1.0,,
78,0.5,Unregularized Coupled DML,9.938874495428763,0.33227462580515166,1.5277777777777777,8.411096717650985,0.0,0.8290090839115147,1.4855131104827186,0.21803086202472752,1.7119769073156053
78,0.5,Spectral OR-DML (Ours),9.926907323306283,0.3309315969552523,1.5277777777777777,8.399129545528506,0.0,0.8290090839115147,1.4855131104827186,0.21803086202472752,1.7119769073156053
78,0.5,Filtered OR-DML (Ours),10.209989311120214,0.2954683751931213,1.5277777777777777,8.682211533342436,0.0,0.8394698683162294,1.6631383168987763,0.2635914234765155,1.6445001082690727
79,0.5,Oracle DML,1.4430770323171873,0.03381359337575835,1.5277777777777777,-0.08470074546059037,0.0,0.4023793196529993,1.5204981405356695,0.0,0.0
79,0.5,Standard DML,9.86228397347354,0.11450190280955,1.5277777777777777,8.334506195695763,0.0,4.991216155008122,1.0,,
79,0.5,Block DML,9.921361256121244,0.11372681368398109,1.5277777777777777,8.393583478343466,0.0,5.065617053405317,1.0,,
79,0.5,Unregularized Coupled DML,10.375893602668654,0.36007058094626004,1.5277777777777777,8.848115824890876,0.0,0.7686428107570158,1.6092705222675467,0.2471982479531625,1.6997486385587017
79,0.5,Spectral OR-DML (Ours),10.363959066317982,0.35857878456258335,1.5277777777777777,8.836181288540203,0.0,0.7686428107570158,1.6092705222675467,0.2471982479531625,1.6997486385587017
79,0.5,Filtered OR-DML (Ours),10.438606608099413,0.27989053426352095,1.5277777777777777,8.910828830321634,0.0,0.8331312637550157,1.7937086027236508,0.28885926053620453,1.6212140828526878
80,0.5,Oracle DML,1.4673852374552303,0.03563371809168671,1.5277777777777777,-0.06039254032254737,1.0,0.42114289616018186,1.4407437976730977,0.0,0.0
80,0.5,Standard DML,9.840484464144156,0.12512641050974857,1.5277777777777777,8.31270668636638,0.0,5.075433865789149,1.0,,
80,0.5,Block DML,9.891210017793378,0.12488131196329152,1.5277777777777777,8.363432240015602,0.0,5.12183394216588,1.0,,
80,0.5,Unregularized Coupled DML,10.409905973161527,0.29458454830238584,1.5277777777777777,8.88212819538375,0.0,0.9009062181141877,1.6250388335370909,0.2719022380046161,1.6344514173368676
80,0.5,Spectral OR-DML (Ours),10.397841704981708,0.29321179389052326,1.5277777777777777,8.87006392720393,0.0,0.9009062181141877,1.6250388335370909,0.2719022380046161,1.6344514173368676
80,0.5,Filtered OR-DML (Ours),10.45741655050011,0.254951864838489,1.5277777777777777,8.929638772722331,0.0,0.917800676872399,1.7937431910308674,0.31339175718409656,1.5672424020923832
81,0.5,Oracle DML,1.55775175161325,0.03492953666288614,1.5277777777777777,0.02997397383547229,1.0,0.48458697067158113,1.0464504966156671,0.0,0.0
81,0.5,Standard DML,10.057402922752916,0.0999051148309213,1.5277777777777777,8.529625144975139,0.0,4.977004234891104,1.0,,
81,0.5,Block DML,10.12937280346318,0.10022744623607427,1.5277777777777777,8.601595025685402,0.0,5.100869472464001,1.0,,
81,0.5,Unregularized Coupled DML,10.342159504599374,0.1158201989164972,1.5277777777777777,8.814381726821598,0.0,0.4860871417843189,5.117152083611973,0.548039905004286,1.2110170636216928
81,0.5,Spectral OR-DML (Ours),10.332786909180738,0.11520282943778823,1.5277777777777777,8.805009131402961,0.0,0.4860871417843189,5.117152083611973,0.548039905004286,1.2110170636216928
81,0.5,Filtered OR-DML (Ours),10.451828067835184,0.12654265445361507,1.5277777777777777,8.924050290057405,0.0,0.4563362065251399,5.249425010015258,0.545786270535158,1.2609756098892826
82,0.5,Oracle DML,1.5815847863365438,0.03627472948185968,1.5277777777777777,0.05380700855876608,1.0,0.4874707554941601,1.0516081552167564,0.0,0.0
82,0.5,Standard DML,10.112728896350337,0.11117725105896906,1.5277777777777777,8.584951118572558,0.0,4.834230875963602,1.0,,
82,0.5,Block DML,10.203456963513103,0.11403954752499837,1.5277777777777777,8.675679185735326,0.0,4.998114110796667,1.0,,
82,0.5,Unregularized Coupled DML,10.645170807282343,0.30777292256553557,1.5277777777777777,9.117393029504566,0.0,0.7919876679248624,1.694721061099298,0.24217669298615016,1.6760035641175621
82,0.5,Spectral OR-DML (Ours),10.632352902064675,0.30612853574368565,1.5277777777777777,9.104575124286896,0.0,0.7919876679248624,1.694721061099298,0.24217669298615016,1.6760035641175621
82,0.5,Filtered OR-DML (Ours),10.850384859357039,0.27154917454502675,1.5277777777777777,9.32260708157926,0.0,0.823933694051503,1.8481251624303228,0.2914074342657072,1.6034739168155834
83,0.5,Oracle DML,1.5681309449286602,0.03603919241105914,1.5277777777777777,0.04035316715088255,1.0,0.4623839053296402,1.0890203924421298,0.0,0.0
83,0.5,Standard DML,10.077314144278837,0.11191294258552192,1.5277777777777777,8.549536366501059,0.0,4.9666198645163195,1.0,,
83,0.5,Block DML,10.12917625324366,0.11377506967408156,1.5277777777777777,8.601398475465881,0.0,5.095836063213924,1.0,,
83,0.5,Unregularized Coupled DML,10.8527987086051,0.2967284469779456,1.5277777777777777,9.325020930827321,0.0,0.7631117861762059,1.9319587214979383,0.24986226201341954,1.6566377357369086
83,0.5,Spectral OR-DML (Ours),10.84000861512019,0.29493457314481925,1.5277777777777777,9.312230837342412,0.0,0.7631117861762059,1.9319587214979383,0.24986226201341954,1.6566377357369086
83,0.5,Filtered OR-DML (Ours),10.820027935796052,0.2498794792503013,1.5277777777777777,9.292250158018273,0.0,0.8329458970730417,1.9959616450043514,0.2838274494213645,1.5868964011818856
84,0.5,Oracle DML,1.5237863656328183,0.031753598035896606,1.5277777777777777,-0.00399141214495935,1.0,0.4510931628258943,1.2124176083243683,0.0,0.0
84,0.5,Standard DML,9.910128306428145,0.11385395241773039,1.5277777777777777,8.382350528650367,0.0,4.992951839177284,1.0,,
84,0.5,Block DML,9.960301050547328,0.11362716753060274,1.5277777777777777,8.43252327276955,0.0,5.1073717043214035,1.0,,
84,0.5,Unregularized Coupled DML,10.639126123575299,0.2680509182293145,1.5277777777777777,9.11134834579752,0.0,0.8623969286730023,1.8587528563793596,0.252130110708961,1.623828984067275
84,0.5,Spectral OR-DML (Ours),10.6263714337066,0.26649936753128656,1.5277777777777777,9.098593655928823,0.0,0.8623969286730023,1.8587528563793596,0.252130110708961,1.623828984067275
84,0.5,Filtered OR-DML (Ours),10.619316072544384,0.22582980605025402,1.5277777777777777,9.091538294766607,0.0,0.9356579460648092,1.9193333561617603,0.2921942513081917,1.5471868785888605
85,0.5,Oracle DML,1.5484498238191071,0.03120989807969163,1.5277777777777777,0.02067204604132944,1.0,0.5239539413312568,1.040219453589139,0.0,0.0
85,0.5,Standard DML,9.942439138345295,0.11052095466219994,1.5277777777777777,8.414661360567518,0.0,5.12057297985119,1.0,,
85,0.5,Block DML,9.929641841583974,0.11307544406909906,1.5277777777777777,8.401864063806197,0.0,5.177962915682847,1.0,,
85,0.5,Unregularized Coupled DML,10.666348619683049,0.29653602589628597,1.5277777777777777,9.13857084190527,0.0,0.8818912927558527,1.6440766678352432,0.27235237582849287,1.643938896660169
85,0.5,Spectral OR-DML (Ours),10.653884696979448,0.2949153840369591,1.5277777777777777,9.126106919201671,0.0,0.8818912927558527,1.6440766678352432,0.27235237582849287,1.643938896660169
85,0.5,Filtered OR-DML (Ours),10.693764297756026,0.25288593329629006,1.5277777777777777,9.165986519978247,0.0,0.945389520147271,1.7514603174817098,0.3160490432430677,1.5664364745267385
86,0.5,Oracle DML,1.5437024947651299,0.03414495543748683,1.5277777777777777,0.015924716987352205,1.0,0.4025042496877994,1.5098735570340474,0.0,0.0
86,0.5,Standard DML,9.976032095204479,0.11877229129453576,1.5277777777777777,8.448254317426702,0.0,4.88519273645437,1.0,,
86,0.5,Block DML,9.984029821828932,0.1186592354170772,1.5277777777777777,8.456252044051155,0.0,4.950650806313026,1.0,,
86,0.5,Unregularized Coupled DML,10.426782952336431,0.32711320654343923,1.5277777777777777,8.899005174558653,0.0,0.8049454166640782,1.6800925271507878,0.24204805180650812,1.6796466188069792
86,0.5,Spectral OR-DML (Ours),10.414384323921048,0.3255529965087199,1.5277777777777777,8.88660654614327,0.0,0.8049454166640782,1.6800925271507878,0.24204805180650812,1.6796466188069792
86,0.5,Filtered OR-DML (Ours),10.612790986580404,0.2893622942318466,1.5277777777777777,9.085013208802625,0.0,0.8356768581000465,1.8223730126444968,0.29269301886597626,1.6054946812442257
87,0.5,Oracle DML,1.7401806553195924,0.034399423738846316,1.5277777777777777,0.21240287754181475,0.0,0.4964371516279154,1.0383676517872762,0.0,0.0
87,0.5,Standard DML,10.102220252687186,0.0992863357120076,1.5277777777777777,8.574442474909407,0.0,4.932860723751712,1.0,,
87,0.5,Block DML,10.200251708034783,0.10328445868305347,1.5277777777777777,8.672473930257006,0.0,5.0766967460911605,1.0,,
87,0.5,Unregularized Coupled DML,10.676268276568592,0.2765640768931695,1.5277777777777777,9.148490498790814,0.0,0.822844078929489,1.6495185675580377,0.2492537342175406,1.6711078863470452
87,0.5,Spectral OR-DML (Ours),10.663851377395503,0.2749551935849551,1.5277777777777777,9.136073599617724,0.0,0.822844078929489,1.6495185675580377,0.2492537342175406,1.6711078863470452
87,0.5,Filtered OR-DML (Ours),10.729500065148923,0.22681609244707918,1.5277777777777777,9.201722287371144,0.0,0.9101492261459703,1.7512864011794496,0.2937474721840537,1.5839925336954928
88,0.5,Oracle DML,1.4951859579721927,0.03589124630685872,1.5277777777777777,-0.03259181980558501,1.0,0.4415909675760819,1.2631727897273963,0.0,0.0
88,0.5,Standard DML,9.904051633856502,0.11042529034602042,1.5277777777777777,8.376273856078726,0.0,5.018332820537036,1.0,,
88,0.5,Block DML,9.930929183461103,0.1103277841088819,1.5277777777777777,8.403151405683325,0.0,5.094884604745346,1.0,,
88,0.5,Unregularized Coupled DML,9.753037643096237,0.2258560828299146,1.5277777777777777,8.22525986531846,0.0,0.3727769608196673,8.1247749672318,0.3210055904293471,1.323781194620935
88,0.5,Spectral OR-DML (Ours),9.739143961679195,0.22545432222699252,1.5277777777777777,8.211366183901418,0.0,0.3727769608196673,8.1247749672318,0.3210055904293471,1.323781194620935
88,0.5,Filtered OR-DML (Ours),9.772009215602308,0.21718206240741422,1.5277777777777777,8.244231437824531,0.0,0.3762518120301078,8.121961744290104,0.32285470185296283,1.3124289098272997
89,0.5,Oracle DML,1.52832772923339,0.03657676935005945,1.5277777777777777,0.0005499514556124296,1.0,0.47170634421313007,1.1561754109021243,0.0,0.0
89,0.5,Standard DML,9.968607576606155,0.10533843374337158,1.5277777777777777,8.440829798828378,0.0,4.921870004858738,1.0,,
89,0.5,Block DML,10.001241581704985,0.1045672491110363,1.5277777777777777,8.473463803927206,0.0,5.106717357798575,1.0,,
89,0.5,Unregularized Coupled DML,10.568092317792475,0.28854259023118706,1.5277777777777777,9.040314540014698,0.0,0.8256429529537195,1.6684393634841528,0.258026013183733,1.6616866082130064
89,0.5,Spectral OR-DML (Ours),10.55594969656251,0.28701628195259676,1.5277777777777777,9.028171918784732,0.0,0.8256429529537195,1.6684393634841528,0.258026013183733,1.6616866082130064
89,0.5,Filtered OR-DML (Ours),10.558193903642318,0.23189896246655115,1.5277777777777777,9.03041612586454,0.0,0.8792273297295334,1.831664335798269,0.29265391865280194,1.5875512562092209
90,0.5,Oracle DML,1.5281633119027476,0.03594375825965533,1.5277777777777777,0.0003855341249698885,1.0,0.45245831627324234,1.2077837051775304,0.0,0.0
90,0.5,Standard DML,10.15956245201504,0.10585444841827206,1.5277777777777777,8.631784674237263,0.0,4.826471777581712,1.0,,
90,0.5,Block DML,10.195232140885617,0.10623076910925755,1.5277777777777777,8.66745436310784,0.0,4.936947267881961,1.0,,
90,0.5,Unregularized Coupled DML,10.773482046959176,0.2957909235724412,1.5277777777777777,9.245704269181399,0.0,0.854986879544145,1.6231692903599841,0.27169137281397737,1.6402443150167432
90,0.5,Spectral OR-DML (Ours),10.760988739572696,0.2942901227029756,1.5277777777777777,9.233210961794917,0.0,0.854986879544145,1.6231692903599841,0.27169137281397737,1.6402443150167432
90,0.5,Filtered OR-DML (Ours),10.758831973719142,0.23611998816015006,1.5277777777777777,9.231054195941365,0.0,0.9060370366159587,1.7868494993147692,0.3164041770259801,1.5587234824676712
91,0.5,Oracle DML,1.4652125019083138,0.032578538763793435,1.5277777777777777,-0.06256527586946392,1.0,0.42313234323875465,1.4024974081008401,0.0,0.0
91,0.5,Standard DML,10.006441362652335,0.11779491001214881,1.5277777777777777,8.478663584874557,0.0,4.812160165623071,1.0,,
91,0.5,Block DML,10.012041929101896,0.11898048731921317,1.5277777777777777,8.484264151324119,0.0,4.8516430479224555,1.0,,
91,0.5,Unregularized Coupled DML,10.676137610822945,0.3293004267758971,1.5277777777777777,9.148359833045166,0.0,0.6691703467530438,2.1438026749628754,0.24038929998293487,1.69023828350642
91,0.5,Spectral OR-DML (Ours),10.663179554436864,0.3274546888685598,1.5277777777777777,9.135401776659087,0.0,0.6691703467530438,2.1438026749628754,0.24038929998293487,1.69023828350642
91,0.5,Filtered OR-DML (Ours),10.755141169289914,0.28001427894243713,1.5277777777777777,9.227363391512135,0.0,0.6988650995037311,2.362846562730904,0.2892923862867467,1.6100100501553714
92,0.5,Oracle DML,1.414399439272598,0.03486276118523976,1.5277777777777777,-0.11337833850517964,0.0,0.38476934658327916,1.5795924060504518,0.0,0.0
92,0.5,Standard DML,9.752142660190293,0.12719941925260142,1.5277777777777777,8.224364882412516,0.0,5.008835433117716,1.0,,
92,0.5,Block DML,9.765459511915157,0.12636672747271463,1.5277777777777777,8.237681734137379,0.0,5.039369239623866,1.0,,
92,0.5,Unregularized Coupled DML,10.217886275048695,0.354447896064113,1.5277777777777777,8.690108497270916,0.0,0.7747507174353457,1.5725810772333417,0.2368816684750816,1.7154631271332548
92,0.5,Spectral OR-DML (Ours),10.206008392296361,0.35295302937684353,1.5277777777777777,8.678230614518583,0.0,0.7747507174353457,1.5725810772333417,0.2368816684750816,1.7154631271332548
92,0.5,Filtered OR-DML (Ours),10.425139572222104,0.28663792111846836,1.5277777777777777,8.897361794444326,0.0,0.8585993714596175,1.7285094657327627,0.2852025830614605,1.6236559266783706
93,0.5,Oracle DML,1.4903963990345872,0.03637700922048566,1.5277777777777777,-0.037381378743190474,1.0,0.4230627762132046,1.281402013147529,0.0,0.0
93,0.5,Standard DML,10.084821450822256,0.1093365904397761,1.5277777777777777,8.557043673044479,0.0,4.783751779597578,1.0,,
93,0.5,Block DML,10.113962043792593,0.10839470663283557,1.5277777777777777,8.586184266014815,0.0,4.86742898647457,1.0,,
93,0.5,Unregularized Coupled DML,10.421009835332324,0.2945661406704079,1.5277777777777777,8.893232057554545,0.0,0.8247312284848799,1.5515817939158119,0.2304676349362716,1.6859457857526876
93,0.5,Spectral OR-DML (Ours),10.408758612559078,0.2931803380950705,1.5277777777777777,8.880980834781301,0.0,0.8247312284848799,1.5515817939158119,0.2304676349362716,1.6859457857526876
93,0.5,Filtered OR-DML (Ours),10.545390552200528,0.2489891644491586,1.5277777777777777,9.017612774422751,0.0,0.8747490739956653,1.696413771393416,0.27561681672026955,1.6111648673258014
94,0.5,Oracle DML,1.5888691530470336,0.03197578044008106,1.5277777777777777,0.0610913752692559,1.0,0.4540795976476274,1.3130902785962488,0.0,0.0
94,0.5,Standard DML,9.997714708372454,0.11251870204217626,1.5277777777777777,8.469936930594677,0.0,4.924779375951456,1.0,,
94,0.5,Block DML,10.054551154714153,0.11073141640629296,1.5277777777777777,8.526773376936376,0.0,5.112433226502032,1.0,,
94,0.5,Unregularized Coupled DML,10.446541937277276,0.3161723268428754,1.5277777777777777,8.9187641594995,0.0,0.7701430116419445,1.7668712422796922,0.2213568805110161,1.6994256038767408
94,0.5,Spectral OR-DML (Ours),10.433590742981538,0.3144379414860411,1.5277777777777777,8.905812965203761,0.0,0.7701430116419445,1.7668712422796922,0.2213568805110161,1.6994256038767408
94,0.5,Filtered OR-DML (Ours),10.671202759989999,0.26795219200081666,1.5277777777777777,9.14342498221222,0.0,0.8656932933201075,1.7984863241701898,0.2749020636934014,1.613116175588288
95,0.5,Oracle DML,1.5436761920821631,0.04013545989301289,1.5277777777777777,0.015898414304385433,1.0,0.41336401750666957,1.3721988892880341,0.0,0.0
95,0.5,Standard DML,9.978165960144239,0.12718698315917054,1.5277777777777777,8.45038818236646,0.0,4.968962937224348,1.0,,
95,0.5,Block DML,10.055080199358574,0.13036589775229254,1.5277777777777777,8.527302421580796,0.0,5.011960759001979,1.0,,
95,0.5,Unregularized Coupled DML,10.646665906521935,0.33062284123347324,1.5277777777777777,9.118888128744157,0.0,0.8439550233649418,1.5286211286708298,0.23465916740843426,1.6759804144392099
95,0.5,Spectral OR-DML (Ours),10.634037278104657,0.3290174463531211,1.5277777777777777,9.106259500326878,0.0,0.8439550233649418,1.5286211286708298,0.23465916740843426,1.6759804144392099
95,0.5,Filtered OR-DML (Ours),10.721793902664608,0.27949554613806593,1.5277777777777777,9.19401612488683,0.0,0.9014684517014205,1.6941171948722642,0.28048312912606177,1.5916123524322379
96,0.5,Oracle DML,1.5485532956688617,0.0315460302688195,1.5277777777777777,0.020775517891084005,1.0,0.45877583563440566,1.1629308743844229,0.0,0.0
96,0.5,Standard DML,10.02311567400739,0.11016665925030608,1.5277777777777777,8.49533789622961,0.0,4.82125337560495,1.0,,
96,0.5,Block DML,10.0148178639044,0.10929989359780595,1.5277777777777777,8.487040086126623,0.0,4.843308861132835,1.0,,
96,0.5,Unregularized Coupled DML,10.567460185856982,0.30942616584463656,1.5277777777777777,9.039682408079205,0.0,0.7266028795073662,1.8137005011955027,0.24233383805033218,1.6978651341170823
96,0.5,Spectral OR-DML (Ours),10.555063979477307,0.3077798449896219,1.5277777777777777,9.027286201699528,0.0,0.7266028795073662,1.8137005011955027,0.24233383805033218,1.6978651341170823
96,0.5,Filtered OR-DML (Ours),10.624639058117054,0.24941323894428646,1.5277777777777777,9.096861280339276,0.0,0.7523908056077507,2.118824775534933,0.30747825720694966,1.599830386087269
97,0.5,Oracle DML,1.5869108447408238,0.02995098904786254,1.5277777777777777,0.0591330669630461,0.0,0.46163400839642815,1.1121157173952831,0.0,0.0
97,0.5,Standard DML,9.957163352299167,0.10050273130377012,1.5277777777777777,8.42938557452139,0.0,5.11407795684494,1.0,,
97,0.5,Block DML,9.980983980800278,0.10178268557291799,1.5277777777777777,8.4532062030225,0.0,5.164731316417044,1.0,,
97,0.5,Unregularized Coupled DML,10.480612984715428,0.16521490043689077,1.5277777777777777,8.95283520693765,0.0,0.5870652470491171,3.802125662788987,0.4468345388201163,1.3830995362726377
97,0.5,Spectral OR-DML (Ours),10.4701306247075,0.16434808770652984,1.5277777777777777,8.942352846929722,0.0,0.5870652470491171,3.802125662788987,0.4468345388201163,1.3830995362726377
97,0.5,Filtered OR-DML (Ours),10.464470865660385,0.1629644468977209,1.5277777777777777,8.936693087882606,0.0,0.5889578055234349,3.8020602025410044,0.4478279356926808,1.3798698512012595
98,0.5,Oracle DML,1.5061654953048695,0.033486511499031216,1.5277777777777777,-0.02161228247290814,1.0,0.4925674292361606,1.2349162090000563,0.0,0.0
98,0.5,Standard DML,9.911910913033832,0.10147004876835797,1.5277777777777777,8.384133135256054,0.0,4.95439414626338,1.0,,
98,0.5,Block DML,9.921464441398156,0.10134840765827814,1.5277777777777777,8.393686663620379,0.0,4.960264156459984,1.0,,
98,0.5,Unregularized Coupled DML,10.241350012040787,0.283885686369346,1.5277777777777777,8.713572234263008,0.0,0.8271876769033409,1.7633761557182601,0.26232504141644536,1.6401600590626702
98,0.5,Spectral OR-DML (Ours),10.229431736836709,0.2825923131135982,1.5277777777777777,8.70165395905893,0.0,0.8271876769033409,1.7633761557182601,0.26232504141644536,1.6401600590626702
98,0.5,Filtered OR-DML (Ours),10.305153379825889,0.2365359851239736,1.5277777777777777,8.77737560204811,0.0,0.8795520065459146,1.856044251815893,0.29961078973068195,1.573337025461115
99,0.5,Oracle DML,1.5818847299947514,0.03071348545048038,1.5277777777777777,0.0541069522169737,1.0,0.4908524193747208,1.0993845554828137,0.0,0.0
99,0.5,Standard DML,9.877498957087605,0.10042686541863691,1.5277777777777777,8.349721179309828,0.0,5.183483611675481,1.0,,
99,0.5,Block DML,9.896734226052113,0.09938738294438901,1.5277777777777777,8.368956448274336,0.0,5.240265656750515,1.0,,
99,0.5,Unregularized Coupled DML,10.401467388635915,0.28755296764595023,1.5277777777777777,8.873689610858136,0.0,0.8579388502096884,1.647441356179251,0.24355077278195608,1.67315682642432
99,0.5,Spectral OR-DML (Ours),10.389122613267997,0.28589841511008196,1.5277777777777777,8.861344835490218,0.0,0.8579388502096884,1.647441356179251,0.24355077278195608,1.67315682642432
99,0.5,Filtered OR-DML (Ours),10.553353609649573,0.25091340802615436,1.5277777777777777,9.025575831871794,0.0,0.8855826978374275,1.836719180604322,0.2891571532970889,1.5972651924546983
0,1.0,Oracle DML,1.4988182409540984,0.02856233830469919,1.5277777777777777,-0.028959536823679244,1.0,0.46300071037125556,1.1739106284248835,0.0,0.0
0,1.0,Standard DML,10.087763347196617,0.11272811043410842,1.5277777777777777,8.559985569418838,0.0,4.81105090956689,1.0,,
0,1.0,Block DML,10.118061167713055,0.11451630494693626,1.5277777777777777,8.590283389935276,0.0,4.908566392715352,1.0,,
0,1.0,Unregularized Coupled DML,5.452152811557966,0.3645005953013115,1.5277777777777777,3.924375033780188,0.0,0.5769460875800093,1.0659281722015692,0.04963879464227587,1.9400681733249174
0,1.0,Spectral OR-DML (Ours),5.444435727013051,0.36382988052515364,1.5277777777777777,3.9166579492352733,0.0,0.5769460875800093,1.0659281722015692,0.04963879464227587,1.9400681733249174
0,1.0,Filtered OR-DML (Ours),6.406657339590197,0.36393872899670465,1.5277777777777777,4.878879561812419,0.0,0.619492994696182,1.0920382476869042,0.0630381572457562,1.9152526391981988
1,1.0,Oracle DML,1.4565087197801845,0.03824636460818079,1.5277777777777777,-0.0712690579975932,1.0,0.4375745234551927,1.2998086287621013,0.0,0.0
1,1.0,Standard DML,9.99954857892413,0.1127868536895958,1.5277777777777777,8.471770801146352,0.0,4.852318659495185,1.0,,
1,1.0,Block DML,10.043397238313025,0.11348940136132432,1.5277777777777777,8.515619460535248,0.0,4.895514537512773,1.0,,
1,1.0,Unregularized Coupled DML,4.546263404963682,0.3302989265203507,1.5277777777777777,3.018485627185904,0.0,0.5084237984427059,1.257874660120282,0.03848703101878772,1.9575034056631746
1,1.0,Spectral OR-DML (Ours),4.539766611483075,0.32985280020806906,1.5277777777777777,3.0119888337052974,0.0,0.5084237984427059,1.257874660120282,0.03848703101878772,1.9575034056631746
1,1.0,Filtered OR-DML (Ours),5.918181893279718,0.31951708586394795,1.5277777777777777,4.390404115501941,0.0,0.5742836310341651,1.2021846761673538,0.060022202981870026,1.9307861596352385
2,1.0,Oracle DML,1.481404935641548,0.03130914599509812,1.5277777777777777,-0.04637284213622972,1.0,0.47023730207427794,1.314590842949194,0.0,0.0
2,1.0,Standard DML,9.760542495200472,0.11675791134904087,1.5277777777777777,8.232764717422693,0.0,5.078988222951589,1.0,,
2,1.0,Block DML,9.77288371139849,0.11561215616107742,1.5277777777777777,8.245105933620714,0.0,5.228863802448955,1.0,,
2,1.0,Unregularized Coupled DML,5.410596496964926,0.3429002109612975,1.5277777777777777,3.8828187191871484,0.0,0.6241121318768869,1.1752662150217044,0.04983636636342546,1.9356333296252877
2,1.0,Spectral OR-DML (Ours),5.402883114659544,0.3423209549843004,1.5277777777777777,3.8751053368817665,0.0,0.6241121318768869,1.1752662150217044,0.04983636636342546,1.9356333296252877
2,1.0,Filtered OR-DML (Ours),6.435170270950081,0.33849289201664023,1.5277777777777777,4.907392493172304,0.0,0.713770676851442,1.114790532607434,0.06723174886606552,1.9076949786141393
3,1.0,Oracle DML,1.5686611617800652,0.03057955292150891,1.5277777777777777,0.040883384002287526,1.0,0.47134587966354957,1.1741008015289216,0.0,0.0
3,1.0,Standard DML,9.914044275295279,0.10176150659714382,1.5277777777777777,8.3862664975175,0.0,5.098860789442131,1.0,,
3,1.0,Block DML,9.986948139111663,0.10496831092406889,1.5277777777777777,8.459170361333886,0.0,5.154966638471476,1.0,,
3,1.0,Unregularized Coupled DML,5.796122993635222,0.3367313055627236,1.5277777777777777,4.268345215857444,0.0,0.6161551959243902,1.137629267145544,0.049007999190678254,1.9360875769480186
3,1.0,Spectral OR-DML (Ours),5.78803970660679,0.33623746136441746,1.5277777777777777,4.260261928829013,0.0,0.6161551959243902,1.137629267145544,0.049007999190678254,1.9360875769480186
3,1.0,Filtered OR-DML (Ours),6.497140268550351,0.3311336953905254,1.5277777777777777,4.969362490772573,0.0,0.6569472590588186,1.1139917971893512,0.06204020213251856,1.9184578569215387
4,1.0,Oracle DML,1.4729093532537492,0.034461211966935135,1.5277777777777777,-0.054868424524028514,1.0,0.48682891775081755,1.340304804334327,0.0,0.0
4,1.0,Standard DML,9.671535599750705,0.12006522912875613,1.5277777777777777,8.143757821972926,0.0,5.002452203348152,1.0,,
4,1.0,Block DML,9.746748130747008,0.11978185799794143,1.5277777777777777,8.21897035296923,0.0,5.145908786255179,1.0,,
4,1.0,Unregularized Coupled DML,4.657118569376808,0.31532186125548134,1.5277777777777777,3.12934079159903,0.0,0.6091875207435471,1.1580523510962348,0.04661271318365456,1.9502087272469635
4,1.0,Spectral OR-DML (Ours),4.65054815217187,0.31484727824010494,1.5277777777777777,3.1227703743940927,0.0,0.6091875207435471,1.1580523510962348,0.04661271318365456,1.9502087272469635
4,1.0,Filtered OR-DML (Ours),5.576612806206976,0.3179261018739375,1.5277777777777777,4.048835028429198,0.0,0.632575300116363,1.1879871261018595,0.06447513484157129,1.9314699013338212
5,1.0,Oracle DML,1.5245601362321768,0.03507886397666894,1.5277777777777777,-0.003217641545600891,1.0,0.3715845205712359,1.5398335881885243,0.0,0.0
5,1.0,Standard DML,9.92550646762853,0.10558811853984724,1.5277777777777777,8.397728689850751,0.0,5.0723906596061346,1.0,,
5,1.0,Block DML,9.946643451086429,0.10558568724733516,1.5277777777777777,8.418865673308652,0.0,5.062100394662704,1.0,,
5,1.0,Unregularized Coupled DML,5.902746381825025,0.3576858429350209,1.5277777777777777,4.374968604047248,0.0,0.44675565591919936,1.6103496129944463,0.047765271142298206,1.9393487779502743
5,1.0,Spectral OR-DML (Ours),5.893925291747784,0.3571099436864124,1.5277777777777777,4.366147513970006,0.0,0.44675565591919936,1.6103496129944463,0.047765271142298206,1.9393487779502743
5,1.0,Filtered OR-DML (Ours),7.323972998289233,0.3614223284981695,1.5277777777777777,5.796195220511455,0.0,0.5043800957421912,1.5562278850751279,0.07160441608767856,1.9091780314657762
6,1.0,Oracle DML,1.6014101093211917,0.03261508218411065,1.5277777777777777,0.07363233154341398,0.0,0.5008550424514954,1.2052487671523195,0.0,0.0
6,1.0,Standard DML,9.90374493225058,0.1207554493396209,1.5277777777777777,8.375967154472804,0.0,4.950499227522247,1.0,,
6,1.0,Block DML,9.981635488554222,0.12042781523996963,1.5277777777777777,8.453857710776443,0.0,5.130172587871952,1.0,,
6,1.0,Unregularized Coupled DML,5.562392967749085,0.3553500936944966,1.5277777777777777,4.034615189971308,0.0,0.6114266982124239,1.2032622920328297,0.04893450814310623,1.9333080796959916
6,1.0,Spectral OR-DML (Ours),5.554471632452113,0.3548650211483706,1.5277777777777777,4.026693854674336,0.0,0.6114266982124239,1.2032622920328297,0.04893450814310623,1.9333080796959916
6,1.0,Filtered OR-DML (Ours),6.395491992305798,0.32762628248106407,1.5277777777777777,4.8677142145280206,0.0,0.6675971621746379,1.156338451915016,0.06573226590058165,1.9132399931941748
7,1.0,Oracle DML,1.617275394181971,0.03410934773520827,1.5277777777777777,0.0894976164041934,0.0,0.5408101553620048,1.047465992794262,0.0,0.0
7,1.0,Standard DML,9.798290366643121,0.10555510933047992,1.5277777777777777,8.270512588865344,0.0,5.236714362904952,1.0,,
7,1.0,Block DML,9.853163021600155,0.1051990859309416,1.5277777777777777,8.325385243822378,0.0,5.382654392979695,1.0,,
7,1.0,Unregularized Coupled DML,5.36019072134909,0.3790738396349096,1.5277777777777777,3.8324129435713123,0.0,0.6533880946071265,1.2583217486489955,0.03988360508855437,1.9408017010998393
7,1.0,Spectral OR-DML (Ours),5.352757079557946,0.3787647759398305,1.5277777777777777,3.8249793017801688,0.0,0.6533880946071265,1.2583217486489955,0.03988360508855437,1.9408017010998393
7,1.0,Filtered OR-DML (Ours),6.3848848443146355,0.3415040630549052,1.5277777777777777,4.857107066536858,0.0,0.7224902143799133,1.1269179126575413,0.05984332543665574,1.9174161948170922
8,1.0,Oracle DML,1.650755196755587,0.03716473243832304,1.5277777777777777,0.12297741897780923,0.0,0.5105648620234943,1.0029637557437718,0.0,0.0
8,1.0,Standard DML,10.020914427793056,0.10416362585128915,1.5277777777777777,8.493136650015277,0.0,4.971738111079258,1.0,,
8,1.0,Block DML,10.06035313950839,0.10440459473560404,1.5277777777777777,8.532575361730611,0.0,4.989551202813159,1.0,,
8,1.0,Unregularized Coupled DML,5.7308210835131845,0.3396351453377225,1.5277777777777777,4.203043305735407,0.0,0.5660065431235585,1.1390222881504195,0.05241868937239358,1.942020233349916
8,1.0,Spectral OR-DML (Ours),5.722958884565154,0.3391038521180706,1.5277777777777777,4.195181106787376,0.0,0.5660065431235585,1.1390222881504195,0.05241868937239358,1.942020233349916
8,1.0,Filtered OR-DML (Ours),6.843861104168173,0.3242065839617111,1.5277777777777777,5.3160833263903955,0.0,0.6120360347517482,1.1951113239463935,0.07048305879722362,1.9153189734227085
9,1.0,Oracle DML,1.447306286580088,0.03378639463939234,1.5277777777777777,-0.08047149119768959,0.0,0.46938377511177615,1.4567640551374137,0.0,0.0
9,1.0,Standard DML,9.684265995245932,0.11563019485358508,1.5277777777777777,8.156488217468155,0.0,4.98473271123878,1.0,,
9,1.0,Block DML,9.711991957523145,0.11766384069425602,1.5277777777777777,8.184214179745368,0.0,4.9926494564717645,1.0,,
9,1.0,Unregularized Coupled DML,4.990411872334727,0.3301444255905175,1.5277777777777777,3.4626340945569494,0.0,0.6204710474418512,1.263399525803831,0.046267617873606254,1.9403720319902162
9,1.0,Spectral OR-DML (Ours),4.983334431414836,0.3296522483182618,1.5277777777777777,3.455556653637058,0.0,0.6204710474418512,1.263399525803831,0.046267617873606254,1.9403720319902162
9,1.0,Filtered OR-DML (Ours),6.24983503752318,0.32175420237141367,1.5277777777777777,4.7220572597454025,0.0,0.6703264349333967,1.3310918288622555,0.06594746751224163,1.9084807363241214
10,1.0,Oracle DML,1.5150371548340023,0.03169004652473413,1.5277777777777777,-0.012740622943775426,1.0,0.4427269101099083,1.1768741945145804,0.0,0.0
10,1.0,Standard DML,10.107342849394826,0.11517740711788574,1.5277777777777777,8.579565071617047,0.0,4.869537836989881,1.0,,
10,1.0,Block DML,10.128873951144733,0.115265566184272,1.5277777777777777,8.601096173366955,0.0,4.885848391604765,1.0,,
10,1.0,Unregularized Coupled DML,6.421492860933119,0.3592724716421217,1.5277777777777777,4.8937150831553415,0.0,0.6018478874668112,1.1298395887377486,0.05899860779510393,1.9231754520785853
10,1.0,Spectral OR-DML (Ours),6.412610003999285,0.3586645165849379,1.5277777777777777,4.884832226221508,0.0,0.6018478874668112,1.1298395887377486,0.05899860779510393,1.9231754520785853
10,1.0,Filtered OR-DML (Ours),7.320940416499137,0.3116495965617219,1.5277777777777777,5.793162638721359,0.0,0.6354790884516155,1.1452677036217715,0.07859833894296005,1.8999851999341508
11,1.0,Oracle DML,1.3730619441064695,0.03569828223693954,1.5277777777777777,-0.15471583367130815,0.0,0.37341856229423626,1.7182094411207025,0.0,0.0
11,1.0,Standard DML,9.887756452632509,0.13097821007962618,1.5277777777777777,8.35997867485473,0.0,4.635277924894851,1.0,,
11,1.0,Block DML,9.963235325675557,0.13150686785155505,1.5277777777777777,8.43545754789778,0.0,4.728552704133884,1.0,,
11,1.0,Unregularized Coupled DML,5.795784936249174,0.3768311844767525,1.5277777777777777,4.268007158471396,0.0,0.6088899725668406,1.1814769925914825,0.05713039177563971,1.9197603389234128
11,1.0,Spectral OR-DML (Ours),5.787667094922785,0.3762766654757667,1.5277777777777777,4.259889317145007,0.0,0.6088899725668406,1.1814769925914825,0.05713039177563971,1.9197603389234128
11,1.0,Filtered OR-DML (Ours),6.9115277151355325,0.38109220659490906,1.5277777777777777,5.383749937357755,0.0,0.6303693358441671,1.2396500072470125,0.07975186091038336,1.8927789200730398
12,1.0,Oracle DML,1.5055629030306887,0.03459423091373276,1.5277777777777777,-0.022214874747088942,1.0,0.3789715809390168,1.545464071758099,0.0,0.0
12,1.0,Standard DML,10.126223547066536,0.13488744985517137,1.5277777777777777,8.598445769288759,0.0,4.665939372939,1.0,,
12,1.0,Block DML,10.139454238900294,0.136358749434688,1.5277777777777777,8.611676461122517,0.0,4.676803999550745,1.0,,
12,1.0,Unregularized Coupled DML,10.001816842476734,0.16609252639140912,1.5277777777777777,8.474039064698957,0.0,0.0014875088416133448,3124.2600473939524,0.006509031415481042,0.8261791268359922
12,1.0,Spectral OR-DML (Ours),10.047913552193354,0.14049908539471478,1.5277777777777777,8.520135774415575,0.0,0.0014875088416133448,3124.2600473939524,0.006509031415481042,0.8261791268359922
12,1.0,Filtered OR-DML (Ours),10.048105874246282,0.14047789029747812,1.5277777777777777,8.520328096468504,0.0,0.0014797605678328592,3140.6512233648,0.006509791970165456,0.8261531456336402
13,1.0,Oracle DML,1.4729928715912912,0.03884555145936397,1.5277777777777777,-0.05478490618648646,1.0,0.445168850612918,1.3348515303231223,0.0,0.0
13,1.0,Standard DML,9.885696698471902,0.11760325166843852,1.5277777777777777,8.357918920694125,0.0,4.982839221591871,1.0,,
13,1.0,Block DML,9.918553989019262,0.11666200345766947,1.5277777777777777,8.390776211241484,0.0,5.039167890232197,1.0,,
13,1.0,Unregularized Coupled DML,5.230961436006952,0.3568968847361876,1.5277777777777777,3.7031836582291744,0.0,0.5394727436993637,1.2476456562449822,0.050275857878741885,1.9458056451809134
13,1.0,Spectral OR-DML (Ours),5.223578010476956,0.35623708422458683,1.5277777777777777,3.6958002326991783,0.0,0.5394727436993637,1.2476456562449822,0.050275857878741885,1.9458056451809134
13,1.0,Filtered OR-DML (Ours),6.578229072188967,0.3491587947263689,1.5277777777777777,5.0504512944111895,0.0,0.6359972948633791,1.1595988917713658,0.07255897808697126,1.9121233172815915
14,1.0,Oracle DML,1.593439729396955,0.03453578844337428,1.5277777777777777,0.06566195161917743,1.0,0.46797599016840685,1.1249437656726888,0.0,0.0
14,1.0,Standard DML,10.057431563696614,0.10400720509359256,1.5277777777777777,8.529653785918835,0.0,4.951876444289247,1.0,,
14,1.0,Block DML,10.039500358106384,0.10485845029382235,1.5277777777777777,8.511722580328605,0.0,4.99566490409179,1.0,,
14,1.0,Unregularized Coupled DML,6.109807833245605,0.32719006506999615,1.5277777777777777,4.582030055467827,0.0,0.5990375974656776,1.1390012820146656,0.051113305296076286,1.9305889976471602
14,1.0,Spectral OR-DML (Ours),6.101192466138743,0.3266389222816061,1.5277777777777777,4.573414688360965,0.0,0.5990375974656776,1.1390012820146656,0.051113305296076286,1.9305889976471602
14,1.0,Filtered OR-DML (Ours),7.193510016695419,0.32697767943240774,1.5277777777777777,5.665732238917641,0.0,0.6129136129461852,1.2009385282132652,0.07010488371236576,1.904306803265019
15,1.0,Oracle DML,1.4846941456782285,0.03618826334028933,1.5277777777777777,-0.04308363209954913,1.0,0.4225935644685104,1.4000963125176635,0.0,0.0
15,1.0,Standard DML,9.851132782350511,0.1159947582168966,1.5277777777777777,8.323355004572733,0.0,4.9279739006763705,1.0,,
15,1.0,Block DML,9.85921836150555,0.11802716463191334,1.5277777777777777,8.331440583727773,0.0,5.073479528734371,1.0,,
15,1.0,Unregularized Coupled DML,9.856224665349956,0.12908517500711442,1.5277777777777777,8.328446887572177,0.0,0.01938898315911053,135.41733637426037,0.6706050102652231,1.0551548264305532
15,1.0,Spectral OR-DML (Ours),9.849837605537616,0.12332043586545319,1.5277777777777777,8.322059827759837,0.0,0.01938898315911053,135.41733637426037,0.6706050102652231,1.0551548264305532
15,1.0,Filtered OR-DML (Ours),9.825794711030223,0.4948353770688341,1.5277777777777777,8.298016933252445,0.0,0.015073708708998268,173.69490507272687,0.6710256397756289,1.0705741584793558
16,1.0,Oracle DML,1.6374851424037562,0.031446008431971616,1.5277777777777777,0.10970736462597852,0.0,0.49856955438884076,1.0220366864827013,0.0,0.0
16,1.0,Standard DML,10.05998311682042,0.11453903393815247,1.5277777777777777,8.532205339042644,0.0,4.879530074093503,1.0,,
16,1.0,Block DML,10.102995572555997,0.1150598650520811,1.5277777777777777,8.575217794778219,0.0,4.996805934249587,1.0,,
16,1.0,Unregularized Coupled DML,10.10453296613451,0.4447662364075036,1.5277777777777777,8.576755188356731,0.0,0.0010304723388565584,2433.16247869567,0.6910728808010282,1.0009896087244412
16,1.0,Spectral OR-DML (Ours),10.09644100432767,0.1496768038514334,1.5277777777777777,8.56866322654989,0.0,0.0010304723388565584,2433.16247869567,0.6910728808010282,1.0009896087244412
16,1.0,Filtered OR-DML (Ours),10.096588941889754,0.1591029279520529,1.5277777777777777,8.568811164111978,0.0,0.0010121197786689962,2477.2705663251472,0.6910732651162125,1.001849411659111
17,1.0,Oracle DML,1.454904267289689,0.031904599158279215,1.5277777777777777,-0.07287351048808866,0.0,0.48656473612328105,1.089307217858361,0.0,0.0
17,1.0,Standard DML,9.915327692519845,0.10249754567990174,1.5277777777777777,8.387549914742067,0.0,4.99601041258343,1.0,,
17,1.0,Block DML,9.998526960699683,0.10139692511607025,1.5277777777777777,8.470749182921907,0.0,5.167219975001361,1.0,,
17,1.0,Unregularized Coupled DML,5.165709530708309,0.38121782859862086,1.5277777777777777,3.6379317529305313,0.0,0.609602133714917,1.0862691584725677,0.03943207538085468,1.9446439912130669
17,1.0,Spectral OR-DML (Ours),5.1583874005947745,0.3807609835846003,1.5277777777777777,3.630609622816997,0.0,0.609602133714917,1.0862691584725677,0.03943207538085468,1.9446439912130669
17,1.0,Filtered OR-DML (Ours),6.475484094232458,0.34945155790445764,1.5277777777777777,4.94770631645468,0.0,0.6471741917888425,1.0772409764432078,0.062397390831180365,1.9139738118800336
18,1.0,Oracle DML,1.6715176786011128,0.030025552786476735,1.5277777777777777,0.1437399008233351,0.0,0.4736141462324068,1.1121875366504268,0.0,0.0
18,1.0,Standard DML,9.99525868842776,0.10169102130657298,1.5277777777777777,8.467480910649982,0.0,5.104963821539795,1.0,,
18,1.0,Block DML,10.00356406519575,0.10335109341440803,1.5277777777777777,8.475786287417971,0.0,5.151583395906373,1.0,,
18,1.0,Unregularized Coupled DML,5.452909128104038,0.33158574440815475,1.5277777777777777,3.92513135032626,0.0,0.5455911348303549,1.0966203509745813,0.04902903778194761,1.949071427601777
18,1.0,Spectral OR-DML (Ours),5.445186543985763,0.33098982083756373,1.5277777777777777,3.917408766207985,0.0,0.5455911348303549,1.0966203509745813,0.04902903778194761,1.949071427601777
18,1.0,Filtered OR-DML (Ours),6.95566795035122,0.3531266428001194,1.5277777777777777,5.427890172573442,0.0,0.6004981477016931,1.166992675924475,0.06801232569945867,1.9158474969505084
19,1.0,Oracle DML,1.4744014896712636,0.034508478175436404,1.5277777777777777,-0.05337628810651407,1.0,0.3469665138533206,1.8223851890588658,0.0,0.0
19,1.0,Standard DML,10.008755090898983,0.12406748294039666,1.5277777777777777,8.480977313121205,0.0,4.730133205938136,1.0,,
19,1.0,Block DML,10.00366566653751,0.12653002304285146,1.5277777777777777,8.475887888759733,0.0,4.742775895567604,1.0,,
19,1.0,Unregularized Coupled DML,5.348515022282272,0.35894123277651374,1.5277777777777777,3.8207372445044943,0.0,0.38553698195290276,2.067105721641717,0.04503751636134781,1.945647564069575
19,1.0,Spectral OR-DML (Ours),5.340445756284161,0.3584562810217588,1.5277777777777777,3.8126679785063837,0.0,0.38553698195290276,2.067105721641717,0.04503751636134781,1.945647564069575
19,1.0,Filtered OR-DML (Ours),6.585166916680847,0.35190566726080014,1.5277777777777777,5.057389138903069,0.0,0.43834720285073747,1.8181380305258887,0.06771423861183053,1.9227154335168348
20,1.0,Oracle DML,1.5282949167283941,0.03450947975961975,1.5277777777777777,0.000517138950616447,1.0,0.5015020618792694,1.0008634448082523,0.0,0.0
20,1.0,Standard DML,9.91136995282552,0.09840303123747791,1.5277777777777777,8.383592175047742,0.0,5.1895010401080715,1.0,,
20,1.0,Block DML,9.92651399698275,0.09769026077887177,1.5277777777777777,8.398736219204974,0.0,5.2723783990294715,1.0,,
20,1.0,Unregularized Coupled DML,5.6955712827536304,0.3324786870464152,1.5277777777777777,4.167793504975853,0.0,0.5670785829900479,1.1749576413106804,0.04851889456915785,1.9423497809994765
20,1.0,Spectral OR-DML (Ours),5.687574764088143,0.3319510475059116,1.5277777777777777,4.159796986310365,0.0,0.5670785829900479,1.1749576413106804,0.04851889456915785,1.9423497809994765
20,1.0,Filtered OR-DML (Ours),7.03308846732441,0.313747491906275,1.5277777777777777,5.505310689546632,0.0,0.6308483107896754,1.1668487198536794,0.07217156860823701,1.9119222718993854
21,1.0,Oracle DML,1.4807859170521824,0.030252702517992964,1.5277777777777777,-0.04699186072559525,1.0,0.45316445375300646,1.4504259286055503,0.0,0.0
21,1.0,Standard DML,9.677155647880143,0.12006083677161476,1.5277777777777777,8.149377870102366,0.0,4.980570950863505,1.0,,
21,1.0,Block DML,9.692420053185195,0.11838024440896906,1.5277777777777777,8.164642275407417,0.0,5.169223500918982,1.0,,
21,1.0,Unregularized Coupled DML,5.270114389578557,0.31978623715851145,1.5277777777777777,3.7423366118007797,0.0,0.5990679901277776,1.300341844106705,0.047159098847895334,1.939014842314274
21,1.0,Spectral OR-DML (Ours),5.262703245676375,0.31933354426446003,1.5277777777777777,3.7349254678985977,0.0,0.5990679901277776,1.300341844106705,0.047159098847895334,1.939014842314274
21,1.0,Filtered OR-DML (Ours),6.199316695074093,0.311309774385743,1.5277777777777777,4.671538917296315,0.0,0.6365125414556478,1.31228876386742,0.06535783032872639,1.9165331774108965
22,1.0,Oracle DML,1.5288833801291446,0.029374128868838206,1.5277777777777777,0.0011056023513669189,1.0,0.4252319088008949,1.2954477553334587,0.0,0.0
22,1.0,Standard DML,9.949215055992633,0.10944085380026936,1.5277777777777777,8.421437278214857,0.0,5.068105842185727,1.0,,
22,1.0,Block DML,10.010867933186486,0.11311667086516672,1.5277777777777777,8.483090155408707,0.0,5.113498137047936,1.0,,
22,1.0,Unregularized Coupled DML,5.4744660562736875,0.33739794403315515,1.5277777777777777,3.94668827849591,0.0,0.5073346865599837,1.3796814804566633,0.04514082788734265,1.9486656079750033
22,1.0,Spectral OR-DML (Ours),5.466630751404314,0.33684735969260815,1.5277777777777777,3.9388529736265365,0.0,0.5073346865599837,1.3796814804566633,0.04514082788734265,1.9486656079750033
22,1.0,Filtered OR-DML (Ours),6.8173377814401785,0.3392733007190186,1.5277777777777777,5.289560003662401,0.0,0.5866718355463413,1.3562535716264141,0.0644459339856647,1.917206844436901
23,1.0,Oracle DML,1.3854337344729284,0.03282899019487461,1.5277777777777777,-0.1423440433048493,0.0,0.4143321659134535,1.472244368467578,0.0,0.0
23,1.0,Standard DML,9.792855617700173,0.12225322834101768,1.5277777777777777,8.265077839922395,0.0,4.9363896779895695,1.0,,
23,1.0,Block DML,9.811018345040784,0.12212790604170154,1.5277777777777777,8.283240567263007,0.0,5.057715701368877,1.0,,
23,1.0,Unregularized Coupled DML,4.8672855321673385,0.37415895736164057,1.5277777777777777,3.339507754389561,0.0,0.5213244531203393,1.3997223469783233,0.03932233536704043,1.9511518397606347
23,1.0,Spectral OR-DML (Ours),4.860331330793789,0.3737351975545626,1.5277777777777777,3.3325535530160115,0.0,0.5213244531203393,1.3997223469783233,0.03932233536704043,1.9511518397606347
23,1.0,Filtered OR-DML (Ours),5.904599110028263,0.3423602482286946,1.5277777777777777,4.376821332250485,0.0,0.602698379154951,1.2990410025969417,0.05300681080967702,1.927499889087018
24,1.0,Oracle DML,1.4859777272298715,0.03502870162885305,1.5277777777777777,-0.04180005054790614,1.0,0.44089654647925747,1.214732641966391,0.0,0.0
24,1.0,Standard DML,10.090464994854,0.1007680399470182,1.5277777777777777,8.562687217076224,0.0,4.873475906643827,1.0,,
24,1.0,Block DML,10.098345364092143,0.10142066331464962,1.5277777777777777,8.570567586314365,0.0,4.905015440501212,1.0,,
24,1.0,Unregularized Coupled DML,5.4677578928023,0.3380548959466393,1.5277777777777777,3.9399801150245226,0.0,0.573014648149221,1.047755328644238,0.05164095425185334,1.9415517082149663
24,1.0,Spectral OR-DML (Ours),5.459970602829325,0.3374781278990606,1.5277777777777777,3.9321928250515477,0.0,0.573014648149221,1.047755328644238,0.05164095425185334,1.9415517082149663
24,1.0,Filtered OR-DML (Ours),6.969734699039298,0.3419168492735915,1.5277777777777777,5.441956921261521,0.0,0.6195333472159091,1.102015398620547,0.07595002717924364,1.9088900652634417
25,1.0,Oracle DML,1.5502242624000773,0.03190557515061558,1.5277777777777777,0.02244648462229959,1.0,0.4484333772658986,1.2451661866180705,0.0,0.0
25,1.0,Standard DML,10.110766764283978,0.10471569649857716,1.5277777777777777,8.582988986506201,0.0,4.8927293837148,1.0,,
25,1.0,Block DML,10.140026625263397,0.10544996641165534,1.5277777777777777,8.61224884748562,0.0,4.927004481787514,1.0,,
25,1.0,Unregularized Coupled DML,5.400631435148691,0.34705070359037604,1.5277777777777777,3.8728536573709134,0.0,0.4873257223341135,1.4635941662068577,0.04825648135723739,1.9450300401257377
25,1.0,Spectral OR-DML (Ours),5.3928822061903965,0.3466111490013341,1.5277777777777777,3.865104428412619,0.0,0.4873257223341135,1.4635941662068577,0.04825648135723739,1.9450300401257377
25,1.0,Filtered OR-DML (Ours),6.744806402322366,0.3212433367150489,1.5277777777777777,5.2170286245445885,0.0,0.5235369194519154,1.4690646340990416,0.0716213435273683,1.9185249773129855
26,1.0,Oracle DML,1.5138266778660183,0.03237233492516735,1.5277777777777777,-0.013951099911759357,1.0,0.43384657729417864,1.224743314798599,0.0,0.0
26,1.0,Standard DML,9.979328390922996,0.099200142617098,1.5277777777777777,8.45155061314522,0.0,5.07255196048271,1.0,,
26,1.0,Block DML,10.0113143294084,0.09798129099263998,1.5277777777777777,8.483536551630621,0.0,5.1801144601535025,1.0,,
26,1.0,Unregularized Coupled DML,5.407221550812219,0.3344507926708082,1.5277777777777777,3.879443773034441,0.0,0.5082010969975018,1.339121435762839,0.04111657775521492,1.9457364165736526
26,1.0,Spectral OR-DML (Ours),5.399518764277608,0.33397932406306374,1.5277777777777777,3.8717409864998302,0.0,0.5082010969975018,1.339121435762839,0.04111657775521492,1.9457364165736526
26,1.0,Filtered OR-DML (Ours),6.647574591484111,0.3144881353718026,1.5277777777777777,5.119796813706333,0.0,0.5593984007591072,1.2477387538354705,0.06198355489850329,1.9233339882451326
27,1.0,Oracle DML,1.4518789805868768,0.03498089475969396,1.5277777777777777,-0.07589879719090087,0.0,0.4759564679674847,1.1657460202948773,0.0,0.0
27,1.0,Standard DML,9.894771718314681,0.11671518328236796,1.5277777777777777,8.366993940536904,0.0,5.128182866334387,1.0,,
27,1.0,Block DML,9.932979887109166,0.11978865285971538,1.5277777777777777,8.405202109331388,0.0,5.152707613515938,1.0,,
27,1.0,Unregularized Coupled DML,5.056326163422598,0.355598063053685,1.5277777777777777,3.5285483856448208,0.0,0.5579389694756264,1.1752454697393495,0.042236614168289034,1.9464176446657415
27,1.0,Spectral OR-DML (Ours),5.049053543907062,0.3550310437178732,1.5277777777777777,3.5212757661292846,0.0,0.5579389694756264,1.1752454697393495,0.042236614168289034,1.9464176446657415
27,1.0,Filtered OR-DML (Ours),6.373301059207371,0.33934521066636375,1.5277777777777777,4.845523281429593,0.0,0.6206199252135391,1.1206788595444752,0.0626410324265608,1.918973553668374
28,1.0,Oracle DML,1.5575161621170168,0.028747396866015792,1.5277777777777777,0.029738384339239143,1.0,0.457605548810247,1.1724887416793253,0.0,0.0
28,1.0,Standard DML,10.021690875047042,0.09742795711325851,1.5277777777777777,8.493913097269264,0.0,4.988792667363032,1.0,,
28,1.0,Block DML,10.066372157244055,0.0992987743046155,1.5277777777777777,8.538594379466279,0.0,5.0665544685355695,1.0,,
28,1.0,Unregularized Coupled DML,5.800919750261851,0.3876745167292919,1.5277777777777777,4.273141972484074,0.0,0.5512553281643618,1.2256515789281461,0.04969607677361834,1.938767972395358
28,1.0,Spectral OR-DML (Ours),5.79275069664655,0.3872765013485044,1.5277777777777777,4.264972918868772,0.0,0.5512553281643618,1.2256515789281461,0.04969607677361834,1.938767972395358
28,1.0,Filtered OR-DML (Ours),6.753373634493196,0.33893914862267904,1.5277777777777777,5.225595856715418,0.0,0.6081611508035075,1.1574148545381486,0.06730425436346564,1.9158330980236626
29,1.0,Oracle DML,1.4905370989788238,0.03442371132281445,1.5277777777777777,-0.037240678798953875,1.0,0.43075887367471144,1.2896688317063587,0.0,0.0
29,1.0,Standard DML,9.974088805336637,0.10369078528596025,1.5277777777777777,8.44631102755886,0.0,4.90132739231923,1.0,,
29,1.0,Block DML,10.02417643773696,0.1039494532509223,1.5277777777777777,8.496398659959183,0.0,5.018477289593187,1.0,,
29,1.0,Unregularized Coupled DML,5.406945664557938,0.350498345643209,1.5277777777777777,3.8791678867801602,0.0,0.5310263136044446,1.2690216200045246,0.04401817183104112,1.9446726597323694
29,1.0,Spectral OR-DML (Ours),5.399140309457522,0.34995489628822,1.5277777777777777,3.871362531679744,0.0,0.5310263136044446,1.2690216200045246,0.04401817183104112,1.9446726597323694
29,1.0,Filtered OR-DML (Ours),6.686172685492554,0.33564173092950983,1.5277777777777777,5.158394907714777,0.0,0.558332646415722,1.3201850282998115,0.0637868139145379,1.917475404378704
30,1.0,Oracle DML,1.4954976747065882,0.03420478475863127,1.5277777777777777,-0.03228010307118945,1.0,0.4371396337563789,1.3263584094226204,0.0,0.0
30,1.0,Standard DML,9.963666213682538,0.10958305199247137,1.5277777777777777,8.435888435904761,0.0,4.920577877351909,1.0,,
30,1.0,Block DML,9.952188919210537,0.10764980936103023,1.5277777777777777,8.42441114143276,0.0,4.978923453642418,1.0,,
30,1.0,Unregularized Coupled DML,6.192159250493765,0.3720739336541568,1.5277777777777777,4.664381472715987,0.0,0.6264853680684771,1.1103501995269234,0.056341420610252095,1.921798671630874
30,1.0,Spectral OR-DML (Ours),6.183538269680663,0.3713729963980258,1.5277777777777777,4.655760491902885,0.0,0.6264853680684771,1.1103501995269234,0.056341420610252095,1.921798671630874
30,1.0,Filtered OR-DML (Ours),6.9936138278902185,0.3416196433459126,1.5277777777777777,5.465836050112441,0.0,0.6907134353950268,1.128437189254033,0.06873925743655919,1.897689288226582
31,1.0,Oracle DML,1.431232017177063,0.032628721982359055,1.5277777777777777,-0.09654576060071474,0.0,0.45800773235596653,1.2208589105102943,0.0,0.0
31,1.0,Standard DML,9.99128251008036,0.11611014049952208,1.5277777777777777,8.463504732302582,0.0,4.981365000395482,1.0,,
31,1.0,Block DML,10.037933081990378,0.11836769036385582,1.5277777777777777,8.5101553042126,0.0,5.073582566172759,1.0,,
31,1.0,Unregularized Coupled DML,6.041407962097709,0.3551336491356598,1.5277777777777777,4.513630184319931,0.0,0.57343094021151,1.201726990400757,0.05670619691383235,1.9297193092225204
31,1.0,Spectral OR-DML (Ours),6.032782429561699,0.35449088817396734,1.5277777777777777,4.5050046517839215,0.0,0.57343094021151,1.201726990400757,0.05670619691383235,1.9297193092225204
31,1.0,Filtered OR-DML (Ours),7.3463957474341495,0.3422248952733479,1.5277777777777777,5.818617969656372,0.0,0.6450456584695853,1.2123959680223755,0.07575024961293034,1.8917064253692157
32,1.0,Oracle DML,1.5509917343417159,0.03428082127604719,1.5277777777777777,0.02321395656393821,1.0,0.4324913497126125,1.2055417807808004,0.0,0.0
32,1.0,Standard DML,10.03489542787243,0.10583933652594676,1.5277777777777777,8.507117650094653,0.0,4.989875543380712,1.0,,
32,1.0,Block DML,10.091599450455114,0.107841183324257,1.5277777777777777,8.563821672677335,0.0,5.088946729205154,1.0,,
32,1.0,Unregularized Coupled DML,6.01682447694056,0.38573579228051647,1.5277777777777777,4.489046699162782,0.0,0.5735968217937452,1.2223385378781342,0.04603146392566626,1.9347468746110696
32,1.0,Spectral OR-DML (Ours),6.0083511693613705,0.3852895356016048,1.5277777777777777,4.480573391583593,0.0,0.5735968217937452,1.2223385378781342,0.04603146392566626,1.9347468746110696
32,1.0,Filtered OR-DML (Ours),7.073168477553828,0.3539004869096803,1.5277777777777777,5.545390699776051,0.0,0.5977238373465678,1.270098972350123,0.06629929172300482,1.9109069181016647
33,1.0,Oracle DML,1.6084581791079589,0.03408925039052621,1.5277777777777777,0.08068040133018117,0.0,0.49219077475760903,1.0520080250259174,0.0,0.0
33,1.0,Standard DML,9.970240539749675,0.11336505935728229,1.5277777777777777,8.442462761971896,0.0,5.212040089057683,1.0,,
33,1.0,Block DML,9.977470513926901,0.11512686708439099,1.5277777777777777,8.449692736149125,0.0,5.200589951489939,1.0,,
33,1.0,Unregularized Coupled DML,5.353565561860873,0.32199731403627696,1.5277777777777777,3.8257877840830954,0.0,0.5785101738587771,1.1497667505633546,0.043738651810864226,1.949176419887369
33,1.0,Spectral OR-DML (Ours),5.346007243624646,0.3214959589068232,1.5277777777777777,3.8182294658468683,0.0,0.5785101738587771,1.1497667505633546,0.043738651810864226,1.949176419887369
33,1.0,Filtered OR-DML (Ours),6.522301220304815,0.32583245321892296,1.5277777777777777,4.994523442527037,0.0,0.6405914774256654,1.1623825542553865,0.06148548589098705,1.9236035823379256
34,1.0,Oracle DML,1.487790031202021,0.03646249648897554,1.5277777777777777,-0.039987746575756766,1.0,0.4818192501813483,1.1861171105648731,0.0,0.0
34,1.0,Standard DML,9.907249614904861,0.10566046487063267,1.5277777777777777,8.379471837127085,0.0,4.869783424557272,1.0,,
34,1.0,Block DML,9.951825499832994,0.10601629947247693,1.5277777777777777,8.424047722055217,0.0,4.974551034191073,1.0,,
34,1.0,Unregularized Coupled DML,5.6854382765157565,0.34398888082778045,1.5277777777777777,4.157660498737979,0.0,0.616068337150391,1.111600944104554,0.058428458100637404,1.930642801439354
34,1.0,Spectral OR-DML (Ours),5.677651953857418,0.34332029925758006,1.5277777777777777,4.14987417607964,0.0,0.616068337150391,1.111600944104554,0.058428458100637404,1.930642801439354
34,1.0,Filtered OR-DML (Ours),7.035615598681412,0.34138793214703417,1.5277777777777777,5.507837820903634,0.0,0.6765102074928422,1.1453313091238546,0.08169166051897453,1.8979589609910765
35,1.0,Oracle DML,1.4843468017769426,0.035864233627076914,1.5277777777777777,-0.04343097600083512,1.0,0.4560711268317291,1.1221926926502297,0.0,0.0
35,1.0,Standard DML,10.051838341717778,0.12089762737388657,1.5277777777777777,8.524060563940001,0.0,4.92257897967956,1.0,,
35,1.0,Block DML,10.081967198858258,0.12185415497059196,1.5277777777777777,8.55418942108048,0.0,4.9560669627073715,1.0,,
35,1.0,Unregularized Coupled DML,5.996414049916304,0.3443027719558821,1.5277777777777777,4.468636272138526,0.0,0.5147566330624481,1.4679739060259724,0.04669512240396994,1.9342756151788913
35,1.0,Spectral OR-DML (Ours),5.987800564633886,0.34380653438100406,1.5277777777777777,4.460022786856109,0.0,0.5147566330624481,1.4679739060259724,0.04669512240396994,1.9342756151788913
35,1.0,Filtered OR-DML (Ours),6.837988855878175,0.3182063935703915,1.5277777777777777,5.310211078100397,0.0,0.55809204698638,1.3842275738626961,0.06531490915391384,1.915587245487834
36,1.0,Oracle DML,1.613680810546025,0.03399965061122731,1.5277777777777777,0.08590303276824729,0.0,0.4946098912052319,1.0498046563903274,0.0,0.0
36,1.0,Standard DML,9.93868210350418,0.09896161320359649,1.5277777777777777,8.410904325726403,0.0,5.063145465023248,1.0,,
36,1.0,Block DML,9.965135944599156,0.10024639656720549,1.5277777777777777,8.43735816682138,0.0,5.058017174539763,1.0,,
36,1.0,Unregularized Coupled DML,6.275639485204965,0.34806143993337213,1.5277777777777777,4.747861707427187,0.0,0.5804182716373062,1.285081130041683,0.0532040673587316,1.9280617213538245
36,1.0,Spectral OR-DML (Ours),6.2667877602593025,0.34757303066193873,1.5277777777777777,4.739009982481525,0.0,0.5804182716373062,1.285081130041683,0.0532040673587316,1.9280617213538245
36,1.0,Filtered OR-DML (Ours),7.002545577813555,0.3127304442622369,1.5277777777777777,5.474767800035777,0.0,0.658928333847366,1.1741294198947223,0.06473948973715514,1.9060383310489413
37,1.0,Oracle DML,1.4323636167118314,0.03616504085598561,1.5277777777777777,-0.09541416106594625,0.0,0.40766212012908054,1.4009056078936726,0.0,0.0
37,1.0,Standard DML,9.83917874830122,0.12543013363753178,1.5277777777777777,8.311400970523444,0.0,4.881039378769112,1.0,,
37,1.0,Block DML,9.870226222046004,0.12528782375494135,1.5277777777777777,8.342448444268225,0.0,4.974510626177678,1.0,,
37,1.0,Unregularized Coupled DML,4.854372863678632,0.3518489409069683,1.5277777777777777,3.3265950859008546,0.0,0.5979933459058292,1.0426027941603058,0.04109133290380217,1.9456998197201203
37,1.0,Spectral OR-DML (Ours),4.847511062217514,0.3513478465765432,1.5277777777777777,3.319733284439736,0.0,0.5979933459058292,1.0426027941603058,0.04109133290380217,1.9456998197201203
37,1.0,Filtered OR-DML (Ours),6.256335125994902,0.3476389215490839,1.5277777777777777,4.728557348217124,0.0,0.5908566423321446,1.170759288437867,0.06327633528074483,1.9215897940548354
38,1.0,Oracle DML,1.484826011793213,0.03069751686372545,1.5277777777777777,-0.04295176598456463,1.0,0.4054663309753795,1.4441690790590613,0.0,0.0
38,1.0,Standard DML,10.029363575064576,0.11764469646042795,1.5277777777777777,8.501585797286797,0.0,4.710192623816103,1.0,,
38,1.0,Block DML,10.078230881689551,0.11809072288031688,1.5277777777777777,8.550453103911774,0.0,4.823842987802689,1.0,,
38,1.0,Unregularized Coupled DML,5.751711213097338,0.3672247882613674,1.5277777777777777,4.223933435319561,0.0,0.6278583085954332,1.1151851639089336,0.047402711693634816,1.9236807224656332
38,1.0,Spectral OR-DML (Ours),5.7438649740973595,0.3667247854083117,1.5277777777777777,4.216087196319582,0.0,0.6278583085954332,1.1151851639089336,0.047402711693634816,1.9236807224656332
38,1.0,Filtered OR-DML (Ours),6.723209993676088,0.386609763159977,1.5277777777777777,5.19543221589831,0.0,0.6973339203257899,1.109628931307297,0.06086341562895702,1.8992225528967848
39,1.0,Oracle DML,1.5274160867964355,0.03854540595347772,1.5277777777777777,-0.0003616909813421998,1.0,0.44439472528250584,1.2170269903513595,0.0,0.0
39,1.0,Standard DML,9.997930523445838,0.107778264554857,1.5277777777777777,8.47015274566806,0.0,4.997850151861474,1.0,,
39,1.0,Block DML,10.004133840065462,0.10741527047813598,1.5277777777777777,8.476356062287685,0.0,5.070560957118569,1.0,,
39,1.0,Unregularized Coupled DML,6.379332429853811,0.36315469871130307,1.5277777777777777,4.851554652076033,0.0,0.6291192859781525,1.2045841327078923,0.05265303938265359,1.9220998110680747
39,1.0,Spectral OR-DML (Ours),6.370472263585452,0.3626890852149301,1.5277777777777777,4.842694485807674,0.0,0.6291192859781525,1.2045841327078923,0.05265303938265359,1.9220998110680747
39,1.0,Filtered OR-DML (Ours),7.264878318671907,0.3200232044083459,1.5277777777777777,5.737100540894129,0.0,0.6509443318929492,1.233674663441783,0.07437095479551613,1.8992060327644875
40,1.0,Oracle DML,1.4756821424580004,0.03331228257188581,1.5277777777777777,-0.052095635319777234,1.0,0.4493099741590823,1.3044975247989428,0.0,0.0
40,1.0,Standard DML,9.781989908580183,0.11010367071328861,1.5277777777777777,8.254212130802404,0.0,5.0328730614783685,1.0,,
40,1.0,Block DML,9.926791114589767,0.11200927964686819,1.5277777777777777,8.39901333681199,0.0,5.25287127488157,1.0,,
40,1.0,Unregularized Coupled DML,5.888650435915192,0.36575084684514736,1.5277777777777777,4.360872658137414,0.0,0.5568166119219329,1.3604126264918235,0.050451120175781836,1.93121919529706
40,1.0,Spectral OR-DML (Ours),5.880259597527912,0.36511416993553425,1.5277777777777777,4.3524818197501345,0.0,0.5568166119219329,1.3604126264918235,0.050451120175781836,1.93121919529706
40,1.0,Filtered OR-DML (Ours),7.016207470761655,0.3281665392237266,1.5277777777777777,5.488429692983877,0.0,0.6543996547713504,1.2530536177178442,0.07118196514069462,1.8994280324591712
41,1.0,Oracle DML,1.5418471493949122,0.03459256871240548,1.5277777777777777,0.014069371617134507,1.0,0.42341312958863747,1.3184991704725904,0.0,0.0
41,1.0,Standard DML,10.000210550590337,0.11595241831044338,1.5277777777777777,8.47243277281256,0.0,4.909406507812882,1.0,,
41,1.0,Block DML,9.996433964552983,0.1165503040363105,1.5277777777777777,8.468656186775206,0.0,4.952935272812012,1.0,,
41,1.0,Unregularized Coupled DML,5.6739353279352525,0.370536571948697,1.5277777777777777,4.146157550157475,0.0,0.5008668743353036,1.4571772640113363,0.03973759992094083,1.9394754417413014
41,1.0,Spectral OR-DML (Ours),5.665878921681484,0.3700423846017639,1.5277777777777777,4.1381011439037065,0.0,0.5008668743353036,1.4571772640113363,0.03973759992094083,1.9394754417413014
41,1.0,Filtered OR-DML (Ours),6.573630573368902,0.3485243411423703,1.5277777777777777,5.0458527955911245,0.0,0.5708815706618283,1.4332001615475138,0.05050932056931429,1.9165035712876632
42,1.0,Oracle DML,1.7059227761512321,0.03629585630763319,1.5277777777777777,0.17814499837345443,0.0,0.45529092744136496,1.0974980623665842,0.0,0.0
42,1.0,Standard DML,10.088379455802874,0.09736425042542343,1.5277777777777777,8.560601678025098,0.0,4.9108012234706715,1.0,,
42,1.0,Block DML,10.115803528786548,0.09808643581541898,1.5277777777777777,8.588025751008772,0.0,4.975164923814,1.0,,
42,1.0,Unregularized Coupled DML,5.80494271985288,0.31984747739099056,1.5277777777777777,4.277164942075102,0.0,0.5668988739597229,1.0565433387891465,0.04763315440784094,1.9437522567938836
42,1.0,Spectral OR-DML (Ours),5.796780578740388,0.3193103615898593,1.5277777777777777,4.26900280096261,0.0,0.5668988739597229,1.0565433387891465,0.04763315440784094,1.9437522567938836
42,1.0,Filtered OR-DML (Ours),7.053466907998973,0.31883605152369987,1.5277777777777777,5.5256891302211955,0.0,0.6031004016890341,1.1033239069202694,0.06784701078784706,1.9172942585046795
43,1.0,Oracle DML,1.5021866281567706,0.03343019881416083,1.5277777777777777,-0.02559114962100706,1.0,0.4189503881821401,1.3656321238120925,0.0,0.0
43,1.0,Standard DML,9.946914345701645,0.11655427750563803,1.5277777777777777,8.419136567923868,0.0,4.964869365060324,1.0,,
43,1.0,Block DML,9.960139116846477,0.11784675826761275,1.5277777777777777,8.432361339068699,0.0,5.058694997470619,1.0,,
43,1.0,Unregularized Coupled DML,6.297728254742651,0.37487745247096244,1.5277777777777777,4.7699504769648735,0.0,0.5445224805385174,1.4676301165990517,0.05290594527250371,1.9234391396838972
43,1.0,Spectral OR-DML (Ours),6.288726637942748,0.3744326722994521,1.5277777777777777,4.76094886016497,0.0,0.5445224805385174,1.4676301165990517,0.05290594527250371,1.9234391396838972
43,1.0,Filtered OR-DML (Ours),7.287308386807652,0.3251526112682545,1.5277777777777777,5.759530609029874,0.0,0.6191948810864674,1.3583786876700883,0.07469663910477702,1.8967720883053214
44,1.0,Oracle DML,1.3533196645210506,0.03443677812678306,1.5277777777777777,-0.1744581132567271,0.0,0.435212126149842,1.3281556782146722,0.0,0.0
44,1.0,Standard DML,9.75867967960801,0.11768244368405015,1.5277777777777777,8.230901901830233,0.0,5.069031334337863,1.0,,
44,1.0,Block DML,9.803391108283696,0.11764581153131948,1.5277777777777777,8.27561333050592,0.0,5.11310443522562,1.0,,
44,1.0,Unregularized Coupled DML,4.909252173118324,0.34859672125851754,1.5277777777777777,3.381474395340546,0.0,0.5259629384271354,1.34790055528262,0.039725274424575366,1.9523272185803642
44,1.0,Spectral OR-DML (Ours),4.902110899222334,0.3481280771359623,1.5277777777777777,3.3743331214445567,0.0,0.5259629384271354,1.34790055528262,0.039725274424575366,1.9523272185803642
44,1.0,Filtered OR-DML (Ours),6.325876724049687,0.3385748881269723,1.5277777777777777,4.798098946271909,0.0,0.5534116584872683,1.3677795577177567,0.06410263576362354,1.9259219897117836
45,1.0,Oracle DML,1.4764433259154892,0.034817175680054456,1.5277777777777777,-0.051334451862288466,1.0,0.42998923388709065,1.4933187514859674,0.0,0.0
45,1.0,Standard DML,9.700696646309574,0.11372796636221244,1.5277777777777777,8.172918868531795,0.0,5.129745276293242,1.0,,
45,1.0,Block DML,9.70675581401535,0.11298255367853113,1.5277777777777777,8.178978036237574,0.0,5.230927016353858,1.0,,
45,1.0,Unregularized Coupled DML,5.019438150048098,0.35171862496089945,1.5277777777777777,3.49166037227032,0.0,0.5695304527810967,1.3644603679467742,0.03728322088672771,1.945430885582335
45,1.0,Spectral OR-DML (Ours),5.012167214502407,0.35126891316885744,1.5277777777777777,3.484389436724629,0.0,0.5695304527810967,1.3644603679467742,0.03728322088672771,1.945430885582335
45,1.0,Filtered OR-DML (Ours),6.117207476507485,0.34983572332743806,1.5277777777777777,4.589429698729707,0.0,0.5998906557359307,1.4350147207610162,0.05639426163007955,1.921014236883353
46,1.0,Oracle DML,1.387532283923907,0.03454992586981673,1.5277777777777777,-0.14024549385387064,0.0,0.3937899295233658,1.5113194602062443,0.0,0.0
46,1.0,Standard DML,9.999332169429419,0.1306333961499643,1.5277777777777777,8.47155439165164,0.0,4.787426050178068,1.0,,
46,1.0,Block DML,10.034725991774899,0.13511005645669094,1.5277777777777777,8.50694821399712,0.0,4.875763032650416,1.0,,
46,1.0,Unregularized Coupled DML,5.087564691174139,0.3562284702013437,1.5277777777777777,3.559786913396361,0.0,0.4421562395636579,1.5977326771593872,0.04433819314555119,1.9496502822576356
46,1.0,Spectral OR-DML (Ours),5.079880821799392,0.3556180723613658,1.5277777777777777,3.5521030440216146,0.0,0.4421562395636579,1.5977326771593872,0.04433819314555119,1.9496502822576356
46,1.0,Filtered OR-DML (Ours),6.5456518885474395,0.3589086441089544,1.5277777777777777,5.017874110769662,0.0,0.502521214739586,1.4715855529412014,0.06694307176549436,1.9204873092348391
47,1.0,Oracle DML,1.565055057386938,0.036125339327663424,1.5277777777777777,0.037277279609160274,1.0,0.469026405964705,1.0626766381513901,0.0,0.0
47,1.0,Standard DML,10.091676931670934,0.09876263067359504,1.5277777777777777,8.563899153893157,0.0,4.957479584445346,1.0,,
47,1.0,Block DML,10.12136148680936,0.09703561457158282,1.5277777777777777,8.59358370903158,0.0,5.164392034264568,1.0,,
47,1.0,Unregularized Coupled DML,5.282917380079507,0.32328119060864785,1.5277777777777777,3.755139602301729,0.0,0.5199979092004541,1.0915888647420264,0.04930099842790806,1.9511086091493923
47,1.0,Spectral OR-DML (Ours),5.275635662123348,0.3226782576787437,1.5277777777777777,3.74785788434557,0.0,0.5199979092004541,1.0915888647420264,0.04930099842790806,1.9511086091493923
47,1.0,Filtered OR-DML (Ours),7.067833965725824,0.33442169328982113,1.5277777777777777,5.540056187948046,0.0,0.5768360969153318,1.1848702603555794,0.07226922017696441,1.912465389495135
48,1.0,Oracle DML,1.635851525797036,0.034684876329682895,1.5277777777777777,0.1080737480192584,0.0,0.490551532939196,1.0465505320299264,0.0,0.0
48,1.0,Standard DML,10.096568033854219,0.10654647105630995,1.5277777777777777,8.56879025607644,0.0,4.959230766545438,1.0,,
48,1.0,Block DML,10.128838361572027,0.10674877996447664,1.5277777777777777,8.60106058379425,0.0,5.105772580448637,1.0,,
48,1.0,Unregularized Coupled DML,5.6435617118518255,0.3203593730513919,1.5277777777777777,4.115783934074048,0.0,0.5821920035252273,1.0932469096471151,0.04962925435370308,1.9407956788579221
48,1.0,Spectral OR-DML (Ours),5.63567813243195,0.31982541242159535,1.5277777777777777,4.107900354654173,0.0,0.5821920035252273,1.0932469096471151,0.04962925435370308,1.9407956788579221
48,1.0,Filtered OR-DML (Ours),6.699496089289668,0.30090432052017435,1.5277777777777777,5.17171831151189,0.0,0.6132042302347257,1.0932096746979993,0.0679921081590861,1.921603720797197
49,1.0,Oracle DML,1.5364776618521472,0.032165124762285745,1.5277777777777777,0.008699884074369502,1.0,0.4584377821181293,1.2133427592855,0.0,0.0
49,1.0,Standard DML,9.929844100603503,0.11301403587958157,1.5277777777777777,8.402066322825725,0.0,5.073697766070518,1.0,,
49,1.0,Block DML,9.951693342387385,0.11513732397972949,1.5277777777777777,8.423915564609608,0.0,5.134910544064921,1.0,,
49,1.0,Unregularized Coupled DML,4.7733095946298905,0.35955283274459227,1.5277777777777777,3.245531816852113,0.0,0.5083805679354254,1.3241486645235276,0.03694923078529269,1.9555912756026579
49,1.0,Spectral OR-DML (Ours),4.766351742130132,0.3590969576854595,1.5277777777777777,3.238573964352354,0.0,0.5083805679354254,1.3241486645235276,0.03694923078529269,1.9555912756026579
49,1.0,Filtered OR-DML (Ours),6.030104105385581,0.3217102686444602,1.5277777777777777,4.502326327607803,0.0,0.5399892042770901,1.375867373454319,0.05356999493385199,1.9309828444206338
50,1.0,Oracle DML,1.6670070419888492,0.0345444989708264,1.5277777777777777,0.1392292642110715,0.0,0.4850779312618344,1.106527472658473,0.0,0.0
50,1.0,Standard DML,9.956287691894154,0.0975817941469763,1.5277777777777777,8.428509914116376,0.0,4.921827363627845,1.0,,
50,1.0,Block DML,10.018130962542408,0.09959593879013617,1.5277777777777777,8.49035318476463,0.0,5.053531422013161,1.0,,
50,1.0,Unregularized Coupled DML,6.491331004965748,0.30405774704823374,1.5277777777777777,4.963553227187971,0.0,0.6081289033332037,1.1501353338004932,0.06283027675809516,1.9239983282916524
50,1.0,Spectral OR-DML (Ours),6.4824038230399985,0.3033682031285316,1.5277777777777777,4.954626045262221,0.0,0.6081289033332037,1.1501353338004932,0.06283027675809516,1.9239983282916524
50,1.0,Filtered OR-DML (Ours),7.45174220975817,0.2898811989172654,1.5277777777777777,5.923964431980393,0.0,0.7003966919358845,1.1490844764210408,0.07829254769095129,1.8924912344429463
51,1.0,Oracle DML,1.5710556544614631,0.03470665204999243,1.5277777777777777,0.043277876683685435,1.0,0.42890859679807364,1.3440902276832487,0.0,0.0
51,1.0,Standard DML,10.008031346394446,0.11036725624250401,1.5277777777777777,8.480253568616668,0.0,4.999817895468024,1.0,,
51,1.0,Block DML,10.020786230837167,0.11269537882866013,1.5277777777777777,8.493008453059389,0.0,5.06830595548484,1.0,,
51,1.0,Unregularized Coupled DML,5.783172371817804,0.32400287001943157,1.5277777777777777,4.255394594040026,0.0,0.5192464418829781,1.420577922463907,0.04821983498523695,1.938265194530987
51,1.0,Spectral OR-DML (Ours),5.774958237370072,0.323510106696268,1.5277777777777777,4.247180459592294,0.0,0.5192464418829781,1.420577922463907,0.04821983498523695,1.938265194530987
51,1.0,Filtered OR-DML (Ours),6.917814017434383,0.3433594424057553,1.5277777777777777,5.390036239656605,0.0,0.5566815180241664,1.4804777088564476,0.06901519860164088,1.9141212630262268
52,1.0,Oracle DML,1.6393353660912302,0.03574807828376106,1.5277777777777777,0.11155758831345253,0.0,0.5185146114553205,1.0234347257018976,0.0,0.0
52,1.0,Standard DML,10.039190138557696,0.1014147408409172,1.5277777777777777,8.511412360779918,0.0,5.049257553464514,1.0,,
52,1.0,Block DML,10.09943014633408,0.10366734396539491,1.5277777777777777,8.571652368556304,0.0,5.120547858628389,1.0,,
52,1.0,Unregularized Coupled DML,10.103238897903768,0.10410760119163116,1.5277777777777777,8.57546112012599,0.0,0.013539000456115335,194.76894355306942,0.6743453944907691,1.0242368889226707
52,1.0,Spectral OR-DML (Ours),10.095632059267885,0.10359436719432857,1.5277777777777777,8.567854281490106,0.0,0.013539000456115335,194.76894355306942,0.6743453944907691,1.0242368889226707
52,1.0,Filtered OR-DML (Ours),10.106070498327432,0.13891373279705035,1.5277777777777777,8.578292720549655,0.0,0.011132560712423745,236.2849589753667,0.6744001858744686,1.0414736123253907
53,1.0,Oracle DML,1.4894194319774423,0.03529794797171803,1.5277777777777777,-0.03835834580033537,1.0,0.49448868984761984,1.1915293433819505,0.0,0.0
53,1.0,Standard DML,9.714251899029184,0.1085907821056059,1.5277777777777777,8.186474121251408,0.0,5.20254587042706,1.0,,
53,1.0,Block DML,9.79908154820733,0.1093144789791593,1.5277777777777777,8.271303770429551,0.0,5.354582639245933,1.0,,
53,1.0,Unregularized Coupled DML,4.611055788402976,0.36100717675047533,1.5277777777777777,3.0832780106251985,0.0,0.5514718447018134,1.2819384336183695,0.03565547123471556,1.9553503495690472
53,1.0,Spectral OR-DML (Ours),4.604448967166306,0.36057734778684536,1.5277777777777777,3.076671189388528,0.0,0.5514718447018134,1.2819384336183695,0.03565547123471556,1.9553503495690472
53,1.0,Filtered OR-DML (Ours),5.739460609140172,0.3411459622588077,1.5277777777777777,4.211682831362395,0.0,0.6033214764810919,1.2313389805594395,0.052880722583374146,1.9328358464279123
54,1.0,Oracle DML,1.5250381285492463,0.03426593883359867,1.5277777777777777,-0.0027396492285314267,1.0,0.47161696583205537,1.1522572061073684,0.0,0.0
54,1.0,Standard DML,9.97103810461287,0.1174086443932248,1.5277777777777777,8.443260326835091,0.0,4.956688740555383,1.0,,
54,1.0,Block DML,9.995968031599404,0.1176681775517209,1.5277777777777777,8.468190253821625,0.0,4.997064929113761,1.0,,
54,1.0,Unregularized Coupled DML,6.008266642125195,0.33240099614451457,1.5277777777777777,4.480488864347417,0.0,0.6218071339475514,1.0890121747323516,0.05148219294578815,1.9269861388008296
54,1.0,Spectral OR-DML (Ours),5.999892306387272,0.3318786958221175,1.5277777777777777,4.472114528609494,0.0,0.6218071339475514,1.0890121747323516,0.05148219294578815,1.9269861388008296
54,1.0,Filtered OR-DML (Ours),7.144260350678236,0.30473270690686827,1.5277777777777777,5.616482572900458,0.0,0.6788723594900057,1.1155648856576517,0.06827397634310235,1.8968208546461964
55,1.0,Oracle DML,1.6206776793348576,0.03559003937354921,1.5277777777777777,0.09289990155707994,0.0,0.5141512778488293,1.0266918307072577,0.0,0.0
55,1.0,Standard DML,9.984489341075214,0.11165353235103742,1.5277777777777777,8.456711563297436,0.0,5.089659796530671,1.0,,
55,1.0,Block DML,9.998068467658156,0.11242485696012884,1.5277777777777777,8.470290689880379,0.0,5.067139967367679,1.0,,
55,1.0,Unregularized Coupled DML,5.39837290868964,0.34551533578628596,1.5277777777777777,3.8705951309118625,0.0,0.5650302165157289,1.3928866112043874,0.04495334135940842,1.9359345854343504
55,1.0,Spectral OR-DML (Ours),5.391085080363624,0.345003390195503,1.5277777777777777,3.863307302585846,0.0,0.5650302165157289,1.3928866112043874,0.04495334135940842,1.9359345854343504
55,1.0,Filtered OR-DML (Ours),6.35734348402837,0.3231545867670184,1.5277777777777777,4.829565706250592,0.0,0.6139611778111791,1.3902078605010941,0.06190610737381185,1.9123747605071924
56,1.0,Oracle DML,1.7036886407815128,0.03224955564258482,1.5277777777777777,0.17591086300373515,0.0,0.4972197608511547,1.0224131371864664,0.0,0.0
56,1.0,Standard DML,9.980428781218647,0.11724903870721859,1.5277777777777777,8.45265100344087,0.0,4.866445631710991,1.0,,
56,1.0,Block DML,9.99510310952575,0.11571654853308075,1.5277777777777777,8.467325331747972,0.0,4.877365479184573,1.0,,
56,1.0,Unregularized Coupled DML,5.679198064484965,0.39863603366863753,1.5277777777777777,4.151420286707188,0.0,0.5982115621742741,1.0571650784932884,0.04503959411013139,1.941127667323445
56,1.0,Spectral OR-DML (Ours),5.67115009037914,0.3980761190928078,1.5277777777777777,4.143372312601362,0.0,0.5982115621742741,1.0571650784932884,0.04503959411013139,1.941127667323445
56,1.0,Filtered OR-DML (Ours),7.043196845645475,0.33882499611830885,1.5277777777777777,5.515419067867698,0.0,0.6334280957215985,1.1204365169441757,0.06686876612320101,1.9097066400661509
57,1.0,Oracle DML,1.512875938663685,0.032053248424433085,1.5277777777777777,-0.014901839114092708,1.0,0.41198647868665894,1.526660702734511,0.0,0.0
57,1.0,Standard DML,9.751748590802578,0.11557184105117273,1.5277777777777777,8.223970813024799,0.0,5.111560564419383,1.0,,
57,1.0,Block DML,9.769652675813253,0.11458976780346372,1.5277777777777777,8.241874898035476,0.0,5.187196559531353,1.0,,
57,1.0,Unregularized Coupled DML,5.29362275143289,0.3435816770994923,1.5277777777777777,3.7658449736551125,0.0,0.5029997144016538,1.4197989592521938,0.0493692823287282,1.9486194213620762
57,1.0,Spectral OR-DML (Ours),5.285905776070801,0.34294308179090605,1.5277777777777777,3.7581279982930234,0.0,0.5029997144016538,1.4197989592521938,0.0493692823287282,1.9486194213620762
57,1.0,Filtered OR-DML (Ours),6.3596859397960745,0.33767145057959685,1.5277777777777777,4.831908162018297,0.0,0.5542539984632391,1.4089350411490067,0.06691411730442001,1.9252529838508126
58,1.0,Oracle DML,1.5046240091664607,0.03347248271032578,1.5277777777777777,-0.023153768611317016,1.0,0.39008330296298965,1.4348406481666114,0.0,0.0
58,1.0,Standard DML,10.14261316173771,0.11905662712687774,1.5277777777777777,8.614835383959932,0.0,4.762990137635514,1.0,,
58,1.0,Block DML,10.144939690462612,0.11893488439893558,1.5277777777777777,8.617161912684836,0.0,4.821954041720142,1.0,,
58,1.0,Unregularized Coupled DML,5.821418083967556,0.3777338309547411,1.5277777777777777,4.293640306189778,0.0,0.45626813687726037,1.605709843045147,0.045988828412809026,1.9384108412521748
58,1.0,Spectral OR-DML (Ours),5.812957302745799,0.37720517894720956,1.5277777777777777,4.285179524968021,0.0,0.45626813687726037,1.605709843045147,0.045988828412809026,1.9384108412521748
58,1.0,Filtered OR-DML (Ours),6.865987193378993,0.35429467821528593,1.5277777777777777,5.338209415601216,0.0,0.5022226470384915,1.5750583352266811,0.06117261174635388,1.914166891081486
59,1.0,Oracle DML,1.514602389312354,0.03941710086126025,1.5277777777777777,-0.013175388465423765,1.0,0.3941977052019631,1.4504515806720668,0.0,0.0
59,1.0,Standard DML,10.059018125173267,0.12633024718118274,1.5277777777777777,8.531240347395489,0.0,4.818380093256136,1.0,,
59,1.0,Block DML,10.11038361031812,0.13046188674473444,1.5277777777777777,8.582605832540342,0.0,4.830235577780211,1.0,,
59,1.0,Unregularized Coupled DML,5.341834679390009,0.34339391128576335,1.5277777777777777,3.814056901612231,0.0,0.5005297796867975,1.2630385523454084,0.048533462364609516,1.9481714904774228
59,1.0,Spectral OR-DML (Ours),5.334336368674807,0.34282083058125074,1.5277777777777777,3.806558590897029,0.0,0.5005297796867975,1.2630385523454084,0.048533462364609516,1.9481714904774228
59,1.0,Filtered OR-DML (Ours),6.742854348044732,0.35618397499792365,1.5277777777777777,5.215076570266954,0.0,0.5480637517723044,1.3144837619243954,0.06848988033530229,1.9181643348426345
60,1.0,Oracle DML,1.5261080733095174,0.03074117608367661,1.5277777777777777,-0.0016697044682603135,1.0,0.47261194567545467,1.243422769489803,0.0,0.0
60,1.0,Standard DML,9.986480864444717,0.11565243330308482,1.5277777777777777,8.45870308666694,0.0,4.901657897536673,1.0,,
60,1.0,Block DML,10.00906504190745,0.1174307650216285,1.5277777777777777,8.481287264129673,0.0,4.91351526303186,1.0,,
60,1.0,Unregularized Coupled DML,5.47541784479264,0.3519409840419614,1.5277777777777777,3.947640067014862,0.0,0.588256522350267,1.219618935596956,0.04885542788688592,1.9408737803506286
60,1.0,Spectral OR-DML (Ours),5.46767741123627,0.3514405768049859,1.5277777777777777,3.9398996334584924,0.0,0.588256522350267,1.219618935596956,0.04885542788688592,1.9408737803506286
60,1.0,Filtered OR-DML (Ours),6.799903595772029,0.3380289133745291,1.5277777777777777,5.272125817994251,0.0,0.6800247499964298,1.152439691039204,0.07315744964373896,1.905117575435966
61,1.0,Oracle DML,1.6363036728072349,0.03704269741190693,1.5277777777777777,0.1085258950294572,0.0,0.4555775014725665,1.0664064640971325,0.0,0.0
61,1.0,Standard DML,10.258537714665415,0.10185694768397958,1.5277777777777777,8.730759936887637,0.0,4.75943036364235,1.0,,
61,1.0,Block DML,10.288658761067936,0.10150777604125275,1.5277777777777777,8.760880983290157,0.0,4.805977497865583,1.0,,
61,1.0,Unregularized Coupled DML,5.775162749728757,0.35167546213802403,1.5277777777777777,4.2473849719509795,0.0,0.5427039018705491,1.0817478288297782,0.04918022720064275,1.942018725885861
61,1.0,Spectral OR-DML (Ours),5.767003973494045,0.35109037599233806,1.5277777777777777,4.239226195716268,0.0,0.5427039018705491,1.0817478288297782,0.04918022720064275,1.942018725885861
61,1.0,Filtered OR-DML (Ours),6.888993425067342,0.329480213373167,1.5277777777777777,5.361215647289565,0.0,0.5666934214340743,1.1130131721644072,0.06875111625561814,1.9203628619164934
62,1.0,Oracle DML,1.586190875862238,0.03445645244776589,1.5277777777777777,0.05841309808446038,1.0,0.531084628679741,1.0640968775246604,0.0,0.0
62,1.0,Standard DML,9.845165112999984,0.10887246194023248,1.5277777777777777,8.317387335222207,0.0,5.113593689223233,1.0,,
62,1.0,Block DML,9.875061965155568,0.10833780466959972,1.5277777777777777,8.347284187377792,0.0,5.305146284945982,1.0,,
62,1.0,Unregularized Coupled DML,5.505441782213564,0.3631683057802491,1.5277777777777777,3.9776640044357867,0.0,0.6641303163430772,1.0341621354085646,0.04655235056411543,1.9362158947265868
62,1.0,Spectral OR-DML (Ours),5.49763850884846,0.3626869432445857,1.5277777777777777,3.969860731070682,0.0,0.6641303163430772,1.0341621354085646,0.04655235056411543,1.9362158947265868
62,1.0,Filtered OR-DML (Ours),6.580083859966038,0.32225406422958136,1.5277777777777777,5.05230608218826,0.0,0.7134698232667208,1.0555027493221676,0.06651269300835905,1.9114920579966073
63,1.0,Oracle DML,1.562689774373726,0.033872852608267924,1.5277777777777777,0.03491199659594835,1.0,0.4941074475477234,1.0183986303757686,0.0,0.0
63,1.0,Standard DML,10.111030221014225,0.10720258011593582,1.5277777777777777,8.583252443236447,0.0,4.873754337582569,1.0,,
63,1.0,Block DML,10.170218207209107,0.10972917095537645,1.5277777777777777,8.642440429431328,0.0,4.953783917068287,1.0,,
63,1.0,Unregularized Coupled DML,5.339276836610211,0.38128042890230074,1.5277777777777777,3.8114990588324336,0.0,0.5632628006364918,1.1009742941893368,0.043992140243463734,1.9478946065987057
63,1.0,Spectral OR-DML (Ours),5.331775001399359,0.380824425122844,1.5277777777777777,3.8039972236215815,0.0,0.5632628006364918,1.1009742941893368,0.043992140243463734,1.9478946065987057
63,1.0,Filtered OR-DML (Ours),6.726525215451478,0.3405192207470949,1.5277777777777777,5.1987474376737,0.0,0.6025129720326189,1.1399387391388185,0.06657250011949044,1.919203239178258
64,1.0,Oracle DML,1.4304807588610875,0.03036657293275141,1.5277777777777777,-0.09729701891669018,0.0,0.4115330006708298,1.2998473376762074,0.0,0.0
64,1.0,Standard DML,10.024677004634558,0.11097968742821712,1.5277777777777777,8.49689922685678,0.0,4.8938090778324375,1.0,,
64,1.0,Block DML,10.07469092940801,0.11126398462583338,1.5277777777777777,8.546913151630232,0.0,4.999239442915246,1.0,,
64,1.0,Unregularized Coupled DML,5.522316485268037,0.32728001280313357,1.5277777777777777,3.9945387074902596,0.0,0.512463553348771,1.3647931650830571,0.0413102312761851,1.9430490135034453
64,1.0,Spectral OR-DML (Ours),5.514624197891848,0.32688615290346357,1.5277777777777777,3.9868464201140705,0.0,0.512463553348771,1.3647931650830571,0.0413102312761851,1.9430490135034453
64,1.0,Filtered OR-DML (Ours),6.66353404792247,0.31768058216098244,1.5277777777777777,5.135756270144692,0.0,0.5623352810198589,1.3634736386632742,0.05952764586334735,1.9176964489297417
65,1.0,Oracle DML,1.5047905886233492,0.032369270941613654,1.5277777777777777,-0.022987189154428433,1.0,0.4057980751778068,1.3982493391513897,0.0,0.0
65,1.0,Standard DML,9.877549220207118,0.10516909850860225,1.5277777777777777,8.34977144242934,0.0,5.063664509503475,1.0,,
65,1.0,Block DML,9.87647798763749,0.10148671639629468,1.5277777777777777,8.348700209859711,0.0,5.153446755637753,1.0,,
65,1.0,Unregularized Coupled DML,5.64428950187674,0.4127705333251309,1.5277777777777777,4.116511724098962,0.0,0.5226665739588842,1.2833351937059496,0.047622058733973,1.9408446918868487
65,1.0,Spectral OR-DML (Ours),5.636093480564608,0.4120460492107585,1.5277777777777777,4.108315702786831,0.0,0.5226665739588842,1.2833351937059496,0.047622058733973,1.9408446918868487
65,1.0,Filtered OR-DML (Ours),6.85176205657878,0.38014940772779143,1.5277777777777777,5.323984278801002,0.0,0.5971170988422372,1.2489416619609073,0.06575864293274979,1.9120756331374007
66,1.0,Oracle DML,1.5082195497519648,0.03404911143977273,1.5277777777777777,-0.019558228025812863,1.0,0.45086833980808233,1.3042524527751227,0.0,0.0
66,1.0,Standard DML,9.853098552103237,0.10964297025105896,1.5277777777777777,8.325320774325458,0.0,4.961828108682438,1.0,,
66,1.0,Block DML,9.908087386393042,0.10883450098866873,1.5277777777777777,8.380309608615264,0.0,5.177165460696601,1.0,,
66,1.0,Unregularized Coupled DML,5.393962268759772,0.33654676152465396,1.5277777777777777,3.8661844909819942,0.0,0.4936180128882871,1.5481984488884644,0.04352296785505415,1.94246354645659
66,1.0,Spectral OR-DML (Ours),5.3861968800102025,0.3360641744048631,1.5277777777777777,3.858419102232425,0.0,0.4936180128882871,1.5481984488884644,0.04352296785505415,1.94246354645659
66,1.0,Filtered OR-DML (Ours),6.245975184160807,0.33763183627034205,1.5277777777777777,4.718197406383029,0.0,0.5470539702264551,1.4503864280100487,0.0590069083605147,1.9235442120828548
67,1.0,Oracle DML,1.615355774340434,0.03558263179323574,1.5277777777777777,0.08757799656265641,0.0,0.4369304511911873,1.1921917422393706,0.0,0.0
67,1.0,Standard DML,10.176705189054092,0.10868968368718901,1.5277777777777777,8.648927411276315,0.0,4.785905249070649,1.0,,
67,1.0,Block DML,10.185768605407157,0.10866584824405107,1.5277777777777777,8.65799082762938,0.0,4.822657583311551,1.0,,
67,1.0,Unregularized Coupled DML,5.2423914790712605,0.3413838222278253,1.5277777777777777,3.714613701293483,0.0,0.45500675913128563,1.3988737765774386,0.0433241422960646,1.9498673872763186
67,1.0,Spectral OR-DML (Ours),5.234718844638126,0.34082054543462775,1.5277777777777777,3.706941066860348,0.0,0.45500675913128563,1.3988737765774386,0.0433241422960646,1.9498673872763186
67,1.0,Filtered OR-DML (Ours),6.533734981458942,0.32146607310141817,1.5277777777777777,5.005957203681164,0.0,0.5063655521846969,1.3675664685337592,0.05961434245751048,1.9239766606135944
68,1.0,Oracle DML,1.5473314319893932,0.02990458679309386,1.5277777777777777,0.01955365421161548,1.0,0.48103955809368293,1.1317269595593202,0.0,0.0
68,1.0,Standard DML,9.98008774639055,0.10878389829235578,1.5277777777777777,8.452309968612774,0.0,4.936610651073695,1.0,,
68,1.0,Block DML,10.002173561332974,0.10991434775897377,1.5277777777777777,8.474395783555195,0.0,4.94701531212123,1.0,,
68,1.0,Unregularized Coupled DML,5.562853676641062,0.3321558467953299,1.5277777777777777,4.035075898863284,0.0,0.5600666211110416,1.321370023788027,0.0456077094895523,1.9395999140507794
68,1.0,Spectral OR-DML (Ours),5.555078942177875,0.3317093999793792,1.5277777777777777,4.0273011644000976,0.0,0.5600666211110416,1.321370023788027,0.0456077094895523,1.9395999140507794
68,1.0,Filtered OR-DML (Ours),6.8792758194691705,0.3232414429971443,1.5277777777777777,5.351498041691393,0.0,0.5882909231865039,1.3368830746978886,0.07127817553335548,1.9117070550752147
69,1.0,Oracle DML,1.5131278648412185,0.03464504253211165,1.5277777777777777,-0.01464991293655915,1.0,0.41505986992694605,1.2714518975488356,0.0,0.0
69,1.0,Standard DML,10.19048310898185,0.11190669300282194,1.5277777777777777,8.662705331204073,0.0,4.664181637911754,1.0,,
69,1.0,Block DML,10.198685264495397,0.1099621919499332,1.5277777777777777,8.67090748671762,0.0,4.719199189177057,1.0,,
69,1.0,Unregularized Coupled DML,5.4710711365444755,0.31647438294622,1.5277777777777777,3.943293358766698,0.0,0.47779338452218556,1.352675492451916,0.04752441059083752,1.946606165651017
69,1.0,Spectral OR-DML (Ours),5.463310326170733,0.31593511654435,1.5277777777777777,3.9355325483929553,0.0,0.47779338452218556,1.352675492451916,0.04752441059083752,1.946606165651017
69,1.0,Filtered OR-DML (Ours),6.847026995252007,0.324727006569859,1.5277777777777777,5.319249217474229,0.0,0.4948625133207042,1.406057989610724,0.07009942611561634,1.9203300586070062
70,1.0,Oracle DML,1.5134240997605892,0.03384429952715402,1.5277777777777777,-0.014353678017188454,1.0,0.4608496056698588,1.1772387938006643,0.0,0.0
70,1.0,Standard DML,10.075596797154601,0.10566693624011077,1.5277777777777777,8.547819019376824,0.0,4.876032668836308,1.0,,
70,1.0,Block DML,10.105502701950183,0.10602809872487262,1.5277777777777777,8.577724924172404,0.0,4.90786891373126,1.0,,
70,1.0,Unregularized Coupled DML,5.634623765157834,0.33674163288408104,1.5277777777777777,4.106845987380057,0.0,0.5505468849093657,1.1648168657772717,0.05236555976981193,1.9408265514062437
70,1.0,Spectral OR-DML (Ours),5.626768793621752,0.3361878963977961,1.5277777777777777,4.098991015843974,0.0,0.5505468849093657,1.1648168657772717,0.05236555976981193,1.9408265514062437
70,1.0,Filtered OR-DML (Ours),6.946681761911687,0.31186587023721174,1.5277777777777777,5.41890398413391,0.0,0.5894931146685207,1.2699650253990826,0.07115325981158988,1.9099651746758457
71,1.0,Oracle DML,1.4173657553061856,0.033644345781554647,1.5277777777777777,-0.1104120224715921,0.0,0.43165289217581954,1.400094912418689,0.0,0.0
71,1.0,Standard DML,9.835108603351173,0.12008638355493897,1.5277777777777777,8.307330825573395,0.0,4.898121302538386,1.0,,
71,1.0,Block DML,9.859022770144248,0.12078273930235384,1.5277777777777777,8.331244992366472,0.0,4.907341822518442,1.0,,
71,1.0,Unregularized Coupled DML,4.963098029706842,0.335562791361388,1.5277777777777777,3.435320251929064,0.0,0.5174830977302619,1.3628956754845147,0.04449033121196425,1.9498035258357225
71,1.0,Spectral OR-DML (Ours),4.955979739431032,0.33510685766065884,1.5277777777777777,3.4282019616532544,0.0,0.5174830977302619,1.3628956754845147,0.04449033121196425,1.9498035258357225
71,1.0,Filtered OR-DML (Ours),5.943706945993174,0.34403191015726414,1.5277777777777777,4.4159291682153965,0.0,0.5435252503593454,1.4071380595181375,0.05956268292680672,1.928432949941533
72,1.0,Oracle DML,1.6205757503380616,0.0319103468761952,1.5277777777777777,0.09279797256028388,0.0,0.522607374606618,1.0592353209741352,0.0,0.0
72,1.0,Standard DML,9.847513315041684,0.10101532061924526,1.5277777777777777,8.319735537263906,0.0,5.202404967931065,1.0,,
72,1.0,Block DML,9.892516100665638,0.10418563319236279,1.5277777777777777,8.36473832288786,0.0,5.322866505374694,1.0,,
72,1.0,Unregularized Coupled DML,5.265290585416569,0.3235415821277779,1.5277777777777777,3.737512807638791,0.0,0.6239494888274293,1.1000000234322966,0.04729903813342436,1.947345784510982
72,1.0,Spectral OR-DML (Ours),5.258005613346204,0.3231054405111387,1.5277777777777777,3.730227835568426,0.0,0.6239494888274293,1.1000000234322966,0.04729903813342436,1.947345784510982
72,1.0,Filtered OR-DML (Ours),6.563483519822155,0.3195650072488941,1.5277777777777777,5.035705742044377,0.0,0.6832645746134604,1.1487153868820452,0.06575994492829491,1.9150679039466074
73,1.0,Oracle DML,1.602314684902969,0.031114787728380826,1.5277777777777777,0.07453690712519134,0.0,0.4936986845940715,1.1264112918624298,0.0,0.0
73,1.0,Standard DML,10.04796326931857,0.10521577389135789,1.5277777777777777,8.520185491540794,0.0,4.909285324054368,1.0,,
73,1.0,Block DML,10.069800334483139,0.10654909162799173,1.5277777777777777,8.542022556705362,0.0,4.979782328050928,1.0,,
73,1.0,Unregularized Coupled DML,6.290129031762136,0.3435451105190773,1.5277777777777777,4.762351253984359,0.0,0.6571360604143401,1.1228978519195767,0.05724481940096511,1.9240570515133133
73,1.0,Spectral OR-DML (Ours),6.2815408007410305,0.3430630089961754,1.5277777777777777,4.753763022963253,0.0,0.6571360604143401,1.1228978519195767,0.05724481940096511,1.9240570515133133
73,1.0,Filtered OR-DML (Ours),7.3928973175332295,0.31887429710458015,1.5277777777777777,5.865119539755452,0.0,0.6885595230285728,1.1584099786764832,0.0819804820394657,1.8944698801484303
74,1.0,Oracle DML,1.5709913551052965,0.03426010063685105,1.5277777777777777,0.04321357732751885,1.0,0.45235891364681957,1.2032178582951902,0.0,0.0
74,1.0,Standard DML,10.00117249963173,0.10472414972569288,1.5277777777777777,8.473394721853953,0.0,4.924400680385603,1.0,,
74,1.0,Block DML,10.030771210278834,0.10563186286631523,1.5277777777777777,8.502993432501057,0.0,4.961573000454426,1.0,,
74,1.0,Unregularized Coupled DML,5.842010377350789,0.31787239416414165,1.5277777777777777,4.314232599573011,0.0,0.5621687558702934,1.21391163748706,0.04909976895681145,1.9364663112494152
74,1.0,Spectral OR-DML (Ours),5.833841513924998,0.3173483628557845,1.5277777777777777,4.3060637361472205,0.0,0.5621687558702934,1.21391163748706,0.04909976895681145,1.9364663112494152
74,1.0,Filtered OR-DML (Ours),6.628004135317875,0.30511488775389756,1.5277777777777777,5.100226357540097,0.0,0.6241986612053982,1.1862773713347718,0.06196335980893378,1.916375210439456
75,1.0,Oracle DML,1.492901938301422,0.03201046967531232,1.5277777777777777,-0.03487583947635575,1.0,0.4057615640296657,1.5934775827643068,0.0,0.0
75,1.0,Standard DML,9.875019291389293,0.11253730796434958,1.5277777777777777,8.347241513611515,0.0,4.91830700965021,1.0,,
75,1.0,Block DML,9.905603865984846,0.1145434147891586,1.5277777777777777,8.377826088207069,0.0,4.957671906512281,1.0,,
75,1.0,Unregularized Coupled DML,5.6654793421727305,0.3364742862235987,1.5277777777777777,4.137701564394953,0.0,0.5302950408653865,1.584382601188294,0.044168872065622894,1.9345927426928586
75,1.0,Spectral OR-DML (Ours),5.6572020857501215,0.3359743745728912,1.5277777777777777,4.129424307972344,0.0,0.5302950408653865,1.584382601188294,0.044168872065622894,1.9345927426928586
75,1.0,Filtered OR-DML (Ours),6.388859625859245,0.3093818367097922,1.5277777777777777,4.861081848081468,0.0,0.5695543494463097,1.4827463976231121,0.06278098738664781,1.9183574574300446
76,1.0,Oracle DML,1.5527337062754079,0.03387095292021541,1.5277777777777777,0.024955928497630175,1.0,0.4553461720518914,1.2332855920581367,0.0,0.0
76,1.0,Standard DML,9.96116776972125,0.10567765946184324,1.5277777777777777,8.433389991943471,0.0,5.098647959983768,1.0,,
76,1.0,Block DML,9.996662538661111,0.10490604169610404,1.5277777777777777,8.468884760883334,0.0,5.207791312850075,1.0,,
76,1.0,Unregularized Coupled DML,5.338985378789815,0.38231984065762414,1.5277777777777777,3.811207601012037,0.0,0.6128803149688477,1.059006377734107,0.039237654136140714,1.9404166894282888
76,1.0,Spectral OR-DML (Ours),5.331456157415856,0.38179771105770016,1.5277777777777777,3.803678379638078,0.0,0.6128803149688477,1.059006377734107,0.039237654136140714,1.9404166894282888
76,1.0,Filtered OR-DML (Ours),6.573149155636845,0.36494535035437187,1.5277777777777777,5.045371377859067,0.0,0.6397874304427968,1.1043565937046036,0.06364684545362374,1.9156623268113602
77,1.0,Oracle DML,1.442630548457446,0.03816370865056545,1.5277777777777777,-0.0851472293203317,0.0,0.4246368237457319,1.5494179912892978,0.0,0.0
77,1.0,Standard DML,9.766754420641602,0.11762408024627492,1.5277777777777777,8.238976642863825,0.0,4.85222439011332,1.0,,
77,1.0,Block DML,9.807499365815803,0.11703399601665823,1.5277777777777777,8.279721588038026,0.0,4.938916541627959,1.0,,
77,1.0,Unregularized Coupled DML,5.41886265246367,0.35243118730444,1.5277777777777777,3.891084874685892,0.0,0.5633700330827566,1.4016167144601412,0.04891817913921442,1.9351885073965662
77,1.0,Spectral OR-DML (Ours),5.411067353250474,0.3519453114259172,1.5277777777777777,3.8832895754726966,0.0,0.5633700330827566,1.4016167144601412,0.04891817913921442,1.9351885073965662
77,1.0,Filtered OR-DML (Ours),6.500440322636615,0.3481109814587962,1.5277777777777777,4.972662544858838,0.0,0.6121067478811052,1.4335687130193453,0.06650950064169148,1.9065001446726115
78,1.0,Oracle DML,1.5206814217121414,0.03710888115161108,1.5277777777777777,-0.0070963560656363,1.0,0.5038396243589549,1.1126308359219714,0.0,0.0
78,1.0,Standard DML,9.886615194664618,0.10057371922789103,1.5277777777777777,8.35883741688684,0.0,5.155722484155331,1.0,,
78,1.0,Block DML,9.883293356983966,0.10141970981822428,1.5277777777777777,8.355515579206187,0.0,5.227061983133126,1.0,,
78,1.0,Unregularized Coupled DML,5.822898624958924,0.3689737980903129,1.5277777777777777,4.295120847181146,0.0,0.670501774179207,1.0919965771108084,0.05005144406334568,1.9284791647875705
78,1.0,Spectral OR-DML (Ours),5.814849231404857,0.36841729857803557,1.5277777777777777,4.287071453627079,0.0,0.670501774179207,1.0919965771108084,0.05005144406334568,1.9284791647875705
78,1.0,Filtered OR-DML (Ours),6.686333662493033,0.3310725360023766,1.5277777777777777,5.1585558847152555,0.0,0.6899488828320033,1.1697147341685685,0.07018673253613575,1.905319430212697
79,1.0,Oracle DML,1.5172791937829824,0.035421326845803534,1.5277777777777777,-0.010498583994795307,1.0,0.37797166078682676,1.5370335910331496,0.0,0.0
79,1.0,Standard DML,10.199522900511495,0.13110835460987927,1.5277777777777777,8.671745122733718,0.0,4.489602032818371,1.0,,
79,1.0,Block DML,10.227512877121711,0.12975232617285848,1.5277777777777777,8.699735099343933,0.0,4.498061214414104,1.0,,
79,1.0,Unregularized Coupled DML,5.551928065149404,0.38289081890940624,1.5277777777777777,4.024150287371627,0.0,0.4849880955687024,1.422565864908669,0.044975471538117436,1.9417145959465316
79,1.0,Spectral OR-DML (Ours),5.543838177198088,0.38229135776871553,1.5277777777777777,4.016060399420311,0.0,0.4849880955687024,1.422565864908669,0.044975471538117436,1.9417145959465316
79,1.0,Filtered OR-DML (Ours),6.552608584335233,0.3892684200380774,1.5277777777777777,5.024830806557455,0.0,0.551512775760548,1.3593967378681147,0.06090977350515755,1.9169494232877953
80,1.0,Oracle DML,1.3691183929514221,0.03268229966802632,1.5277777777777777,-0.15865938482635555,0.0,0.4302855125539302,1.5066024738440489,0.0,0.0
80,1.0,Standard DML,9.683338476275095,0.1133421031043174,1.5277777777777777,8.155560698497318,0.0,5.056305377177731,1.0,,
80,1.0,Block DML,9.667799140917587,0.11158480233799033,1.5277777777777777,8.140021363139809,0.0,5.07662772957924,1.0,,
80,1.0,Unregularized Coupled DML,5.599437911978397,0.34884830013787066,1.5277777777777777,4.071660134200619,0.0,0.579871695554346,1.3610678700136873,0.056274645750901596,1.9319959849572366
80,1.0,Spectral OR-DML (Ours),5.591426101919138,0.3482066411614455,1.5277777777777777,4.063648324141361,0.0,0.579871695554346,1.3610678700136873,0.056274645750901596,1.9319959849572366
80,1.0,Filtered OR-DML (Ours),6.858961307911247,0.3378650827417902,1.5277777777777777,5.331183530133469,0.0,0.6132631878336896,1.363957347944668,0.08071565747955714,1.9025927291679163
81,1.0,Oracle DML,1.5423146593195707,0.02925825726786311,1.5277777777777777,0.014536881541793,1.0,0.4666811793000689,1.2076723073159077,0.0,0.0
81,1.0,Standard DML,9.925656568340733,0.10508862035696613,1.5277777777777777,8.397878790562956,0.0,4.928738533674979,1.0,,
81,1.0,Block DML,9.944511271898381,0.10905098931815906,1.5277777777777777,8.416733494120603,0.0,4.979678947208883,1.0,,
81,1.0,Unregularized Coupled DML,5.295375897688504,0.3176886343491014,1.5277777777777777,3.7675981199107262,0.0,0.5080340905358743,1.4098587333916146,0.047070039060479525,1.947283170380221
81,1.0,Spectral OR-DML (Ours),5.2878543370964115,0.31725825242057143,1.5277777777777777,3.760076559318634,0.0,0.5080340905358743,1.4098587333916146,0.047070039060479525,1.947283170380221
81,1.0,Filtered OR-DML (Ours),6.5257342824025075,0.30786041272696746,1.5277777777777777,4.99795650462473,0.0,0.5548353110212826,1.4226578641839955,0.06602251138076946,1.9200661231268752
82,1.0,Oracle DML,1.5527406368576402,0.03564032334371868,1.5277777777777777,0.02496285907986251,1.0,0.44103821688877426,1.225371788781297,0.0,0.0
82,1.0,Standard DML,10.101923778456085,0.11061649498806593,1.5277777777777777,8.574146000678308,0.0,4.735186170456524,1.0,,
82,1.0,Block DML,10.212733165455344,0.11630238206592342,1.5277777777777777,8.684955387677565,0.0,4.893474264079368,1.0,,
82,1.0,Unregularized Coupled DML,5.80414880082986,0.36187293962733563,1.5277777777777777,4.276371023052082,0.0,0.6269471941772011,1.0434258110933574,0.0472948679901717,1.9305259974768156
82,1.0,Spectral OR-DML (Ours),5.795969921390805,0.36133555687690977,1.5277777777777777,4.268192143613027,0.0,0.6269471941772011,1.0434258110933574,0.0472948679901717,1.9305259974768156
82,1.0,Filtered OR-DML (Ours),7.192548232494358,0.36106950523419046,1.5277777777777777,5.664770454716581,0.0,0.6624081535326845,1.0929592914059123,0.07094043462695812,1.8976821471878567
83,1.0,Oracle DML,1.5595145601757703,0.034796645513919,1.5277777777777777,0.0317367823979926,1.0,0.478687174627685,1.1222779752977101,0.0,0.0
83,1.0,Standard DML,9.906274553075844,0.10724768263085825,1.5277777777777777,8.378496775298068,0.0,5.120223480962769,1.0,,
83,1.0,Block DML,9.97418940413886,0.10469330880685486,1.5277777777777777,8.446411626361083,0.0,5.208451333226027,1.0,,
83,1.0,Unregularized Coupled DML,5.586631260364926,0.33661222783552824,1.5277777777777777,4.058853482587148,0.0,0.5659595650360143,1.077017665166522,0.04875204059673275,1.9429198230565112
83,1.0,Spectral OR-DML (Ours),5.578771358302065,0.3359568930343672,1.5277777777777777,4.050993580524287,0.0,0.5659595650360143,1.077017665166522,0.04875204059673275,1.9429198230565112
83,1.0,Filtered OR-DML (Ours),6.912966111840395,0.33947811777702397,1.5277777777777777,5.385188334062617,0.0,0.6139106709073933,1.1863159443054527,0.06665046283003764,1.9122175317348293
84,1.0,Oracle DML,1.499435730426381,0.03718688993903612,1.5277777777777777,-0.02834204735139667,1.0,0.4208238727991954,1.3803107515692674,0.0,0.0
84,1.0,Standard DML,9.975452526834507,0.11415717299373827,1.5277777777777777,8.44767474905673,0.0,4.934244041821581,1.0,,
84,1.0,Block DML,10.00757795894534,0.11450290941477546,1.5277777777777777,8.479800181167562,0.0,5.009816223547218,1.0,,
84,1.0,Unregularized Coupled DML,5.685007109048424,0.34825131179257773,1.5277777777777777,4.1572293312706465,0.0,0.4457670606528488,1.9328889069565989,0.042185639624749714,1.9375427074132607
84,1.0,Spectral OR-DML (Ours),5.676717010959459,0.3479468269176012,1.5277777777777777,4.1489392331816815,0.0,0.4457670606528488,1.9328889069565989,0.042185639624749714,1.9375427074132607
84,1.0,Filtered OR-DML (Ours),6.835018303994222,0.31435756563018136,1.5277777777777777,5.307240526216444,0.0,0.4840035479031329,1.8986129156476608,0.06166197502797874,1.9111754717753948
85,1.0,Oracle DML,1.50106226830048,0.038541037237223616,1.5277777777777777,-0.026715509477297728,1.0,0.46494141330118927,1.1001606480648838,0.0,0.0
85,1.0,Standard DML,9.9567654054994,0.1068042072455048,1.5277777777777777,8.428987627721622,0.0,5.075837914013121,1.0,,
85,1.0,Block DML,9.95855823544677,0.10998739867518033,1.5277777777777777,8.430780457668991,0.0,5.111397398889955,1.0,,
85,1.0,Unregularized Coupled DML,5.599762061368505,0.36502898360201474,1.5277777777777777,4.071984283590727,0.0,0.5983177143157536,1.0793583812070273,0.04411450598063107,1.9397489949565834
85,1.0,Spectral OR-DML (Ours),5.592001835047689,0.364537589044043,1.5277777777777777,4.064224057269912,0.0,0.5983177143157536,1.0793583812070273,0.04411450598063107,1.9397489949565834
85,1.0,Filtered OR-DML (Ours),6.651586556882137,0.3480592159542939,1.5277777777777777,5.123808779104359,0.0,0.6358497809709264,1.124377415990007,0.0630198776418837,1.9155330388818042
86,1.0,Oracle DML,1.6821643148747223,0.03581270519098207,1.5277777777777777,0.1543865370969446,0.0,0.4796040367452472,1.1564002433007223,0.0,0.0
86,1.0,Standard DML,9.984394833099529,0.10675042242134522,1.5277777777777777,8.45661705532175,0.0,4.859913049500806,1.0,,
86,1.0,Block DML,10.024678732198586,0.10455999323906949,1.5277777777777777,8.49690095442081,0.0,5.058953447351911,1.0,,
86,1.0,Unregularized Coupled DML,6.2266570467639095,0.3151387426434945,1.5277777777777777,4.698879268986132,0.0,0.5855039443633742,1.1688705463450848,0.05971713838186279,1.930241215599654
86,1.0,Spectral OR-DML (Ours),6.218118755115849,0.31449056631172817,1.5277777777777777,4.690340977338072,0.0,0.5855039443633742,1.1688705463450848,0.05971713838186279,1.930241215599654
86,1.0,Filtered OR-DML (Ours),7.351578826750357,0.30460682129184846,1.5277777777777777,5.823801048972579,0.0,0.6434981398868037,1.1955914093907192,0.07659368033745224,1.8975909061978748
87,1.0,Oracle DML,1.5355129511781174,0.03318960340318587,1.5277777777777777,0.00773517340033969,1.0,0.42330777074087905,1.4258054334940589,0.0,0.0
87,1.0,Standard DML,9.915608143614735,0.11333220839356853,1.5277777777777777,8.387830365836958,0.0,5.051940201564624,1.0,,
87,1.0,Block DML,9.95443638502354,0.11511644215362428,1.5277777777777777,8.426658607245763,0.0,5.059094104412664,1.0,,
87,1.0,Unregularized Coupled DML,5.536280061532752,0.3567382657858937,1.5277777777777777,4.008502283754974,0.0,0.5337051274504102,1.3115271282800236,0.04973270441667804,1.9401021243853593
87,1.0,Spectral OR-DML (Ours),5.528190966868556,0.3560917140127574,1.5277777777777777,4.000413189090779,0.0,0.5337051274504102,1.3115271282800236,0.04973270441667804,1.9401021243853593
87,1.0,Filtered OR-DML (Ours),6.862845242699248,0.35208903090663224,1.5277777777777777,5.335067464921471,0.0,0.593915540420287,1.2797931776098572,0.07240732132581103,1.9089599435282303
88,1.0,Oracle DML,1.5179768173784884,0.03263769825289777,1.5277777777777777,-0.009800960399289238,1.0,0.41793319271050827,1.4161637414424828,0.0,0.0
88,1.0,Standard DML,10.056103473061556,0.11241118943759465,1.5277777777777777,8.52832569528378,0.0,4.90064854556889,1.0,,
88,1.0,Block DML,10.093057167881156,0.11495674383927496,1.5277777777777777,8.565279390103377,0.0,4.93164668037732,1.0,,
88,1.0,Unregularized Coupled DML,5.353618151615791,0.3507559854383988,1.5277777777777777,3.8258403738380133,0.0,0.5246227440744617,1.3784782459995542,0.03934911957933296,1.9430202176264266
88,1.0,Spectral OR-DML (Ours),5.345836091302337,0.35024400655948884,1.5277777777777777,3.818058313524559,0.0,0.5246227440744617,1.3784782459995542,0.03934911957933296,1.9430202176264266
88,1.0,Filtered OR-DML (Ours),6.4389273469119495,0.34436598211187497,1.5277777777777777,4.911149569134172,0.0,0.5421235031300752,1.4622955782044158,0.0577089826332656,1.921065795048972
89,1.0,Oracle DML,1.4779103188783926,0.028480690024138843,1.5277777777777777,-0.04986745889938504,1.0,0.4292519831511301,1.3755968685035036,0.0,0.0
89,1.0,Standard DML,9.910770528458212,0.10733789957494631,1.5277777777777777,8.382992750680433,0.0,4.972291289122544,1.0,,
89,1.0,Block DML,9.894956553201704,0.10848159050372452,1.5277777777777777,8.367178775423927,0.0,4.972853551556333,1.0,,
89,1.0,Unregularized Coupled DML,4.9880735190700065,0.31241729672169194,1.5277777777777777,3.460295741292229,0.0,0.5173105500505174,1.32599791098669,0.04018375729283058,1.9496244497805226
89,1.0,Spectral OR-DML (Ours),4.980828345874524,0.3118466291676931,1.5277777777777777,3.4530505680967467,0.0,0.5173105500505174,1.32599791098669,0.04018375729283058,1.9496244497805226
89,1.0,Filtered OR-DML (Ours),6.252494310202406,0.3141606236819327,1.5277777777777777,4.724716532424629,0.0,0.5841574702914383,1.2831726316768504,0.05724765544468615,1.9224778990134004
90,1.0,Oracle DML,1.502841325707017,0.03388589445236622,1.5277777777777777,-0.024936452070760673,1.0,0.4487568149058629,1.198318813514062,0.0,0.0
90,1.0,Standard DML,9.982339362320433,0.099251045783843,1.5277777777777777,8.454561584542656,0.0,5.109645038715875,1.0,,
90,1.0,Block DML,10.073821819858379,0.10289933665097048,1.5277777777777777,8.546044042080602,0.0,5.238677928269494,1.0,,
90,1.0,Unregularized Coupled DML,5.994962894866724,0.40205038969784607,1.5277777777777777,4.467185117088946,0.0,0.5816973076464896,1.2239131111878028,0.056197070522669486,1.9270748850985793
90,1.0,Spectral OR-DML (Ours),5.986903509227122,0.4013984241936247,1.5277777777777777,4.459125731449344,0.0,0.5816973076464896,1.2239131111878028,0.056197070522669486,1.9270748850985793
90,1.0,Filtered OR-DML (Ours),7.007158253405086,0.37980013733482126,1.5277777777777777,5.479380475627308,0.0,0.6425355219309107,1.1797491196509025,0.07191847353543766,1.9031475182636688
91,1.0,Oracle DML,1.4817751196450724,0.03297264613183932,1.5277777777777777,-0.04600265813270532,1.0,0.47282301895917916,1.1161062215899922,0.0,0.0
91,1.0,Standard DML,9.942135308816722,0.10225745536818591,1.5277777777777777,8.414357531038945,0.0,5.022920617440808,1.0,,
91,1.0,Block DML,9.968752658755932,0.10400444756444546,1.5277777777777777,8.440974880978153,0.0,5.047787272258506,1.0,,
91,1.0,Unregularized Coupled DML,5.520439374727806,0.31070353623469205,1.5277777777777777,3.992661596950028,0.0,0.5736792303997659,1.2706555724571074,0.03955385565176135,1.9405215252816534
91,1.0,Spectral OR-DML (Ours),5.5126307162343835,0.31035685999309676,1.5277777777777777,3.984852938456606,0.0,0.5736792303997659,1.2706555724571074,0.03955385565176135,1.9405215252816534
91,1.0,Filtered OR-DML (Ours),6.447021113348331,0.2993665913884186,1.5277777777777777,4.919243335570553,0.0,0.5721979849979308,1.3351051485771082,0.059404320284010236,1.9226837609432164
92,1.0,Oracle DML,1.5006093761663204,0.029380017645666123,1.5277777777777777,-0.027168401611457282,1.0,0.45471332496866346,1.23844518357618,0.0,0.0
92,1.0,Standard DML,9.947611310723701,0.12269201421675452,1.5277777777777777,8.419833532945923,0.0,4.973857940145157,1.0,,
92,1.0,Block DML,9.997705382536715,0.12645916766179666,1.5277777777777777,8.469927604758936,0.0,4.99795147234695,1.0,,
92,1.0,Unregularized Coupled DML,5.78170866184349,0.3449649820516544,1.5277777777777777,4.253930884065713,0.0,0.5298978584250216,1.4617673552540906,0.04564248196451884,1.9370925375314372
92,1.0,Spectral OR-DML (Ours),5.773222355571848,0.34444390845961265,1.5277777777777777,4.24544457779407,0.0,0.5298978584250216,1.4617673552540906,0.04564248196451884,1.9370925375314372
92,1.0,Filtered OR-DML (Ours),6.817123943021015,0.34765033621756136,1.5277777777777777,5.289346165243237,0.0,0.5587563210072768,1.4927551154491177,0.0635245550411495,1.9137089877619735
93,1.0,Oracle DML,1.6182837829557353,0.03243907949791448,1.5277777777777777,0.0905060051779576,0.0,0.5034872326799922,1.079938971891296,0.0,0.0
93,1.0,Standard DML,9.97882198223505,0.10140511903658707,1.5277777777777777,8.451044204457272,0.0,5.068870975992284,1.0,,
93,1.0,Block DML,10.007147546649575,0.1020945009507781,1.5277777777777777,8.479369768871798,0.0,5.083722250171156,1.0,,
93,1.0,Unregularized Coupled DML,10.008244772053267,0.14430656618651524,1.5277777777777777,8.480466994275488,0.0,0.0036776838740769646,692.296858463082,0.6914135093247747,1.0006251418733652
93,1.0,Spectral OR-DML (Ours),10.000522766573996,0.11262601745950149,1.5277777777777777,8.472744988796219,0.0,0.0036776838740769646,692.296858463082,0.6914135093247747,1.0006251418733652
93,1.0,Filtered OR-DML (Ours),10.00049474714509,0.11140854701727018,1.5277777777777777,8.472716969367312,0.0,0.0036024992103621534,706.7390508815396,0.6914261979840685,1.0023698655694224
94,1.0,Oracle DML,1.5445154558298533,0.0318164990153926,1.5277777777777777,0.0167376780520756,1.0,0.4733423537378706,1.0880959641466614,0.0,0.0
94,1.0,Standard DML,10.036263264434204,0.10612395258327834,1.5277777777777777,8.508485486656426,0.0,4.972250821710912,1.0,,
94,1.0,Block DML,10.084975917159042,0.10841581533470564,1.5277777777777777,8.557198139381264,0.0,5.026214014726935,1.0,,
94,1.0,Unregularized Coupled DML,5.692285944847996,0.3447158251721425,1.5277777777777777,4.164508167070219,0.0,0.5321936283132362,1.251997576779427,0.04815736750123498,1.940527392358128
94,1.0,Spectral OR-DML (Ours),5.684283194809522,0.34418481554244834,1.5277777777777777,4.156505417031744,0.0,0.5321936283132362,1.251997576779427,0.04815736750123498,1.940527392358128
94,1.0,Filtered OR-DML (Ours),6.738717339842657,0.34045789640709906,1.5277777777777777,5.21093956206488,0.0,0.5614718800767855,1.3101015989398208,0.06390520724393951,1.9174904072155365
95,1.0,Oracle DML,1.5297430398598035,0.03372782625906623,1.5277777777777777,0.0019652620820258537,1.0,0.46600329839536964,1.1538811033669312,0.0,0.0
95,1.0,Standard DML,10.060186816178934,0.10591254839057662,1.5277777777777777,8.532409038401155,0.0,4.951665613746766,1.0,,
95,1.0,Block DML,10.08100425131122,0.10953675253767389,1.5277777777777777,8.553226473533442,0.0,4.950040566179342,1.0,,
95,1.0,Unregularized Coupled DML,5.713707067603991,0.3497653124680135,1.5277777777777777,4.1859292898262135,0.0,0.6086575181641078,1.0639493151495165,0.049611602544787664,1.9352149959982132
95,1.0,Spectral OR-DML (Ours),5.705710944967057,0.3491751465995085,1.5277777777777777,4.17793316718928,0.0,0.6086575181641078,1.0639493151495165,0.049611602544787664,1.9352149959982132
95,1.0,Filtered OR-DML (Ours),6.696546623818,0.3201109595616455,1.5277777777777777,5.168768846040222,0.0,0.6379635222734974,1.113832441320061,0.06618383253405583,1.9107615673912237
96,1.0,Oracle DML,1.5098183241053071,0.03985243917816244,1.5277777777777777,-0.017959453672470538,1.0,0.44100709402019067,1.1880922708649408,0.0,0.0
96,1.0,Standard DML,10.20491418484114,0.11545019238064624,1.5277777777777777,8.677136407063362,0.0,4.758739185681042,1.0,,
96,1.0,Block DML,10.235214342364785,0.11600210645163876,1.5277777777777777,8.707436564587006,0.0,4.819621783425967,1.0,,
96,1.0,Unregularized Coupled DML,6.0407311686744265,0.3375417470051966,1.5277777777777777,4.512953390896649,0.0,0.5418916833819268,1.2939502537727408,0.050594497481581326,1.9333243430768934
96,1.0,Spectral OR-DML (Ours),6.03211746312472,0.337040980709215,1.5277777777777777,4.504339685346943,0.0,0.5418916833819268,1.2939502537727408,0.050594497481581326,1.9333243430768934
96,1.0,Filtered OR-DML (Ours),7.285464128206852,0.31187342875582996,1.5277777777777777,5.757686350429075,0.0,0.5789924589793647,1.3567275899281985,0.07073441943374642,1.902128043509369
97,1.0,Oracle DML,1.3995183207281003,0.035162357342446444,1.5277777777777777,-0.12825945704967734,0.0,0.35889132441728067,1.8115645286656736,0.0,0.0
97,1.0,Standard DML,9.813455512121672,0.1253096289461946,1.5277777777777777,8.285677734343896,0.0,4.813891025379124,1.0,,
97,1.0,Block DML,9.858445474042638,0.12451771326139921,1.5277777777777777,8.330667696264861,0.0,5.001769436163189,1.0,,
97,1.0,Unregularized Coupled DML,5.5344915728019055,0.35471349811960823,1.5277777777777777,4.006713795024128,0.0,0.532712063624365,1.4181658927897671,0.04951367888721953,1.9354138010864694
97,1.0,Spectral OR-DML (Ours),5.526274648249945,0.3540561039798955,1.5277777777777777,3.9984968704721675,0.0,0.532712063624365,1.4181658927897671,0.04951367888721953,1.9354138010864694
97,1.0,Filtered OR-DML (Ours),6.55863829207575,0.3641362219264176,1.5277777777777777,5.030860514297973,0.0,0.5772680937496143,1.35456232479755,0.0735282268071007,1.912355036658981
98,1.0,Oracle DML,1.5950140106925754,0.035307439429766704,1.5277777777777777,0.06723623291479774,1.0,0.45411653153531706,1.2217262189037603,0.0,0.0
98,1.0,Standard DML,10.021902308078637,0.11543883109572886,1.5277777777777777,8.494124530300859,0.0,4.8223528924455685,1.0,,
98,1.0,Block DML,10.053980285162702,0.11600591567949484,1.5277777777777777,8.526202507384923,0.0,4.897321464790782,1.0,,
98,1.0,Unregularized Coupled DML,5.580873962298121,0.3308006793853185,1.5277777777777777,4.053096184520343,0.0,0.5048380944255323,1.3819025432802223,0.04789047642392893,1.9436533179588946
98,1.0,Spectral OR-DML (Ours),5.572966581333112,0.3302518449863999,1.5277777777777777,4.045188803555335,0.0,0.5048380944255323,1.3819025432802223,0.04789047642392893,1.9436533179588946
98,1.0,Filtered OR-DML (Ours),6.834041690333628,0.3251234351346213,1.5277777777777777,5.30626391255585,0.0,0.5656611287492849,1.3485537060812598,0.06829715156421322,1.9157518606369013
99,1.0,Oracle DML,1.6166895652534987,0.0351753674673049,1.5277777777777777,0.08891178747572104,0.0,0.46270732857166885,1.1053782400477663,0.0,0.0
99,1.0,Standard DML,10.09223624545967,0.11121812757569154,1.5277777777777777,8.564458467681892,0.0,4.9821105874708325,1.0,,
99,1.0,Block DML,10.120161944469068,0.11184166275460572,1.5277777777777777,8.59238416669129,0.0,5.025371942908037,1.0,,
99,1.0,Unregularized Coupled DML,5.852456459257033,0.38717555999317316,1.5277777777777777,4.324678681479256,0.0,0.5721699031151573,1.2628437958380447,0.03974550160408761,1.9344669462745177
99,1.0,Spectral OR-DML (Ours),5.843980996687746,0.38677812350566904,1.5277777777777777,4.316203218909968,0.0,0.5721699031151573,1.2628437958380447,0.03974550160408761,1.9344669462745177
99,1.0,Filtered OR-DML (Ours),6.702651512452057,0.3461872932034265,1.5277777777777777,5.1748737346742795,0.0,0.6099870479148843,1.1716346535830617,0.05761783067105337,1.9169595542523996
0,2.0,Oracle DML,1.4503338297620043,0.028482505561237843,1.5277777777777777,-0.07744394801577337,0.0,0.4457654058616383,1.3896936630219945,0.0,0.0
0,2.0,Standard DML,9.888534569171949,0.12258473036050366,1.5277777777777777,8.36075679139417,0.0,4.821367109928315,1.0,,
0,2.0,Block DML,9.915349596541565,0.12103365839291871,1.5277777777777777,8.387571818763789,0.0,4.872698979249455,1.0,,
0,2.0,Unregularized Coupled DML,1.4549309752799928,0.07434472623806707,1.5277777777777777,-0.07284680249778486,1.0,0.44576386356770314,1.387889180079697,0.0002537758109498057,1.9998781918551698
0,2.0,Spectral OR-DML (Ours),1.4526251939281543,0.07419368921442161,1.5277777777777777,-0.07515258384962342,1.0,0.44576386356770314,1.387889180079697,0.0002537758109498057,1.9998781918551698
0,2.0,Filtered OR-DML (Ours),1.4685503800060453,0.07647741224658236,1.5277777777777777,-0.05922739777173236,1.0,0.4458740282501399,1.381525517122417,0.000685238898319111,1.9994073043954526
1,2.0,Oracle DML,1.4586976173366057,0.03552745280652965,1.5277777777777777,-0.06908016044117193,1.0,0.4176506675043322,1.5213806842386757,0.0,0.0
1,2.0,Standard DML,9.974679244705891,0.10759074814883693,1.5277777777777777,8.446901466928114,0.0,4.802703379078123,1.0,,
1,2.0,Block DML,10.010765910836371,0.10550619508297061,1.5277777777777777,8.482988133058594,0.0,4.874981823758375,1.0,,
1,2.0,Unregularized Coupled DML,1.4870739397371808,0.07679717669826606,1.5277777777777777,-0.04070383804059685,1.0,0.4177923713892227,1.504017163520005,0.0007812145873533401,1.9990144037191593
1,2.0,Spectral OR-DML (Ours),1.4846488333482697,0.07663468887708677,1.5277777777777777,-0.04312894442950799,1.0,0.4177923713892227,1.504017163520005,0.0007812145873533401,1.9990144037191593
1,2.0,Filtered OR-DML (Ours),1.515765731839345,0.08342502968697416,1.5277777777777777,-0.012012045938432747,1.0,0.41805403079187686,1.4994450605321556,0.0007828269580037493,1.9982535227450229
2,2.0,Oracle DML,1.5959555509396706,0.034816614141787564,1.5277777777777777,0.06817777316189289,1.0,0.48727198778177455,1.126223623288691,0.0,0.0
2,2.0,Standard DML,10.08618617393948,0.11111583201250749,1.5277777777777777,8.558408396161703,0.0,4.837773166913735,1.0,,
2,2.0,Block DML,10.18796221356079,0.10808018947742365,1.5277777777777777,8.660184435783012,0.0,5.117858096131512,1.0,,
2,2.0,Unregularized Coupled DML,1.7092462439883747,0.11188444226342296,1.5277777777777777,0.18146846621059698,1.0,0.4931284316581993,1.1121043548883922,0.0009891950006302853,1.9988802721861498
2,2.0,Spectral OR-DML (Ours),1.7067121367135618,0.11172172970453331,1.5277777777777777,0.17893435893578413,1.0,0.4931284316581993,1.1121043548883922,0.0009891950006302853,1.9988802721861498
2,2.0,Filtered OR-DML (Ours),1.731100207550028,0.14525639009137972,1.5277777777777777,0.20332242977225023,1.0,0.5028473412529042,1.0897655862632996,0.0005608412998669152,1.998470632385224
3,2.0,Oracle DML,1.5257187846263465,0.03277650113605454,1.5277777777777777,-0.00205899315143121,1.0,0.44565674901269586,1.2397110169420236,0.0,0.0
3,2.0,Standard DML,10.022684211479689,0.10209476895571151,1.5277777777777777,8.49490643370191,0.0,4.9157883812601515,1.0,,
3,2.0,Block DML,10.039770159245055,0.10071437591672588,1.5277777777777777,8.511992381467277,0.0,4.999135333037898,1.0,,
3,2.0,Unregularized Coupled DML,1.5330536149539324,0.07045031892355808,1.5277777777777777,0.005275837176154763,1.0,0.4455996472325278,1.2398736229551588,0.0001960101704795809,1.999918920253327
3,2.0,Spectral OR-DML (Ours),1.5307065727854285,0.0703243731415421,1.5277777777777777,0.002928795007650864,1.0,0.4455996472325278,1.2398736229551588,0.0001960101704795809,1.999918920253327
3,2.0,Filtered OR-DML (Ours),1.5607133735948144,0.07476675996517948,1.5277777777777777,0.032935595817036756,1.0,0.44562710541965844,1.239839832639888,0.0006793136990049765,1.9995758755922481
4,2.0,Oracle DML,1.595622318922082,0.032739525840880204,1.5277777777777777,0.06784454114430427,0.0,0.49101267208650134,1.0052349686642221,0.0,0.0
4,2.0,Standard DML,9.979955218318855,0.09673563479295913,1.5277777777777777,8.452177440541078,0.0,5.2149754613291295,1.0,,
4,2.0,Block DML,9.981872482350314,0.10032150985533193,1.5277777777777777,8.454094704572537,0.0,5.256201497202423,1.0,,
4,2.0,Unregularized Coupled DML,1.7321016658979005,0.09841745262480571,1.5277777777777777,0.2043238881201228,0.0,0.4884657909357935,1.0201585228440464,0.0014794039875968739,1.99818448532847
4,2.0,Spectral OR-DML (Ours),1.7295870921798653,0.09827414531689599,1.5277777777777777,0.2018093144020876,0.0,0.4884657909357935,1.0201585228440464,0.0014794039875968739,1.99818448532847
4,2.0,Filtered OR-DML (Ours),1.7000780719133033,0.07899986395285656,1.5277777777777777,0.1723002941355256,0.0,0.49051355848389167,1.0068526129948483,0.0017681926635155928,1.998793976217786
5,2.0,Oracle DML,1.550502316088561,0.0324379272275757,1.5277777777777777,0.02272453831078325,1.0,0.47768829286956344,1.2040355047100124,0.0,0.0
5,2.0,Standard DML,10.011698124183175,0.11089512159588996,1.5277777777777777,8.483920346405398,0.0,4.9426027990145185,1.0,,
5,2.0,Block DML,10.020217878217085,0.11282684354384531,1.5277777777777777,8.492440100439307,0.0,4.9474998926758085,1.0,,
5,2.0,Unregularized Coupled DML,1.6748018097057011,0.12145324984724516,1.5277777777777777,0.14702403192792346,1.0,0.476151060775048,1.2257122717220699,0.0009537833361103536,1.9989052620509256
5,2.0,Spectral OR-DML (Ours),1.6722686120789563,0.12129358898778914,1.5277777777777777,0.1444908343011786,1.0,0.476151060775048,1.2257122717220699,0.0009537833361103536,1.9989052620509256
5,2.0,Filtered OR-DML (Ours),1.7832921913880684,0.17355806031348806,1.5277777777777777,0.2555144136102907,1.0,0.4767609979946425,1.2516853116971611,0.0012721192909036646,1.997843738395308
6,2.0,Oracle DML,1.4816383949583574,0.03754199091775562,1.5277777777777777,-0.046139382819420316,1.0,0.49352543848466135,1.0515186032434736,0.0,0.0
6,2.0,Standard DML,9.98968653174513,0.10510444729432315,1.5277777777777777,8.461908753967354,0.0,5.056475027478332,1.0,,
6,2.0,Block DML,10.003706556376851,0.10546618654233741,1.5277777777777777,8.475928778599073,0.0,5.167307113019144,1.0,,
6,2.0,Unregularized Coupled DML,1.4880562326862157,0.07894343100743102,1.5277777777777777,-0.039721545091562005,1.0,0.49354794825836135,1.0512871478956571,0.000186764124468129,1.9999281089518945
6,2.0,Spectral OR-DML (Ours),1.4859386578980414,0.07884073712104343,1.5277777777777777,-0.04183911987973632,1.0,0.49354794825836135,1.0512871478956571,0.000186764124468129,1.9999281089518945
6,2.0,Filtered OR-DML (Ours),1.5096616676102403,0.08202195039566977,1.5277777777777777,-0.018116110167537336,1.0,0.493935573599893,1.050232127464895,0.00043018312586465566,1.9996959137149324
7,2.0,Oracle DML,1.4211928376942085,0.02875827980080384,1.5277777777777777,-0.10658494008356922,0.0,0.38869069089925534,1.6850045604865345,0.0,0.0
7,2.0,Standard DML,9.877965151907873,0.14275252038100614,1.5277777777777777,8.350187374130094,0.0,4.6547129288786815,1.0,,
7,2.0,Block DML,9.924021519978751,0.13983754060928408,1.5277777777777777,8.396243742200973,0.0,4.743914992929573,1.0,,
7,2.0,Unregularized Coupled DML,1.4470550056342133,0.07212447299510234,1.5277777777777777,-0.08072277214356438,1.0,0.3882596092332458,1.6872850245864428,0.00047071131620152206,1.9997676574260674
7,2.0,Spectral OR-DML (Ours),1.4446347835805138,0.07197328926515942,1.5277777777777777,-0.0831429941972639,1.0,0.3882596092332458,1.6872850245864428,0.00047071131620152206,1.9997676574260674
7,2.0,Filtered OR-DML (Ours),1.43753691333323,0.0719711335216459,1.5277777777777777,-0.0902408644445476,1.0,0.38866326045392957,1.6850690100542236,0.00042815929779384016,1.9997939967296807
8,2.0,Oracle DML,1.5115083880476143,0.03331967974793366,1.5277777777777777,-0.01626938973016334,1.0,0.4479244955218828,1.2533070523230225,0.0,0.0
8,2.0,Standard DML,10.120477504237675,0.10995449160292992,1.5277777777777777,8.592699726459898,0.0,4.8680153873543786,1.0,,
8,2.0,Block DML,10.144054876401352,0.1127366913522253,1.5277777777777777,8.616277098623573,0.0,4.888803328651025,1.0,,
8,2.0,Unregularized Coupled DML,1.5148620938674098,0.07243903804416844,1.5277777777777777,-0.012915683910367903,1.0,0.4479159916626479,1.2533288720962426,0.00011992004271283757,1.999961040710259
8,2.0,Spectral OR-DML (Ours),1.5125300632356322,0.07231885212000766,1.5277777777777777,-0.015247714542145463,1.0,0.4479159916626479,1.2533288720962426,0.00011992004271283757,1.999961040710259
8,2.0,Filtered OR-DML (Ours),1.5198963130473762,0.0724521872986083,1.5277777777777777,-0.007881464730401522,1.0,0.4478726542737897,1.2534883149397043,0.0003284021179139458,1.9998659728626798
9,2.0,Oracle DML,1.4806993237056392,0.03443834330018588,1.5277777777777777,-0.04707845407213851,1.0,0.4608590125613326,1.3054001557899484,0.0,0.0
9,2.0,Standard DML,9.771662865554537,0.11727658798159553,1.5277777777777777,8.24388508777676,0.0,5.119999969911343,1.0,,
9,2.0,Block DML,9.786593669679396,0.11670270005505787,1.5277777777777777,8.25881589190162,0.0,5.182130599488043,1.0,,
9,2.0,Unregularized Coupled DML,1.5566442226044392,0.10063008726004335,1.5277777777777777,0.028866444826661564,1.0,0.4645793858249136,1.2947934089671422,0.0006911809353100439,1.998996324071397
9,2.0,Spectral OR-DML (Ours),1.5542290065290705,0.10046691330893161,1.5277777777777777,0.0264512287512928,1.0,0.4645793858249136,1.2947934089671422,0.0006911809353100439,1.998996324071397
9,2.0,Filtered OR-DML (Ours),1.5268097559944307,0.08042222373837969,1.5277777777777777,-0.000968021783346984,1.0,0.46109002821157996,1.3054509783336534,0.0008060025594218832,1.999463231313118
10,2.0,Oracle DML,1.628180516246596,0.03443823045955379,1.5277777777777777,0.10040273846881842,0.0,0.5083526105829391,1.039968090654168,0.0,0.0
10,2.0,Standard DML,10.004763530157977,0.10511109274017534,1.5277777777777777,8.476985752380198,0.0,4.97571672209167,1.0,,
10,2.0,Block DML,10.056604048837059,0.10684107706947257,1.5277777777777777,8.52882627105928,0.0,5.082939991339615,1.0,,
10,2.0,Unregularized Coupled DML,1.6364629808685995,0.06776965268823028,1.5277777777777777,0.10868520309082186,1.0,0.5082465027410602,1.04028492107145,0.00018175503080743595,1.999924575714117
10,2.0,Spectral OR-DML (Ours),1.6341280008186536,0.06767561824658642,1.5277777777777777,0.10635022304087594,1.0,0.5082465027410602,1.04028492107145,0.00018175503080743595,1.999924575714117
10,2.0,Filtered OR-DML (Ours),1.6291516757852715,0.0672336214867877,1.5277777777777777,0.10137389800749386,1.0,0.5083147552017429,1.0400263994640315,0.00012437405049198815,1.9999626517348936
11,2.0,Oracle DML,1.6470757289690408,0.033541466983979945,1.5277777777777777,0.11929795119126307,0.0,0.48882021549172794,1.0599905803489447,0.0,0.0
11,2.0,Standard DML,10.107470944986986,0.10696885751528862,1.5277777777777777,8.579693167209207,0.0,4.923436234116081,1.0,,
11,2.0,Block DML,10.146977732291228,0.10584722998724472,1.5277777777777777,8.619199954513451,0.0,5.029953062386121,1.0,,
11,2.0,Unregularized Coupled DML,1.6494269634999472,0.07275459628357356,1.5277777777777777,0.12164918572216954,1.0,0.48882358092057543,1.0599732116256748,7.006015647337404e-05,1.9999777174463986
11,2.0,Spectral OR-DML (Ours),1.6470870446693424,0.0726495400633046,1.5277777777777777,0.11930926689156474,1.0,0.48882358092057543,1.0599732116256748,7.006015647337404e-05,1.9999777174463986
11,2.0,Filtered OR-DML (Ours),1.6574648265954461,0.07266565778861073,1.5277777777777777,0.12968704881766846,1.0,0.4888942267662673,1.0597807801744163,0.0002487934149416091,1.999879815002799
12,2.0,Oracle DML,1.5563511867237887,0.038136750996184784,1.5277777777777777,0.028573408946011014,1.0,0.48957317238140663,1.130121679638947,0.0,0.0
12,2.0,Standard DML,9.977164811300396,0.11298552508998833,1.5277777777777777,8.449387033522619,0.0,4.88272488297148,1.0,,
12,2.0,Block DML,10.025472741884824,0.1145828538557473,1.5277777777777777,8.497694964107048,0.0,4.957386306277748,1.0,,
12,2.0,Unregularized Coupled DML,1.6515860001900426,0.11647340958763885,1.5277777777777777,0.12380822241226497,1.0,0.48852842051548456,1.1441392129842067,4.990217650108577e-05,1.9983226914188976
12,2.0,Spectral OR-DML (Ours),1.6491417075168324,0.11630175322408665,1.5277777777777777,0.12136392973905474,1.0,0.48852842051548456,1.1441392129842067,4.990217650108577e-05,1.9983226914188976
12,2.0,Filtered OR-DML (Ours),1.6550207801693935,0.11605351440107858,1.5277777777777777,0.1272430023916158,1.0,0.4884162323254547,1.1442895299106013,0.00021544044763155106,1.998271274527952
13,2.0,Oracle DML,1.593612264979887,0.03091232765068051,1.5277777777777777,0.06583448720210927,0.0,0.4581563845152663,1.3071037725160128,0.0,0.0
13,2.0,Standard DML,9.80086585818115,0.10278175792004564,1.5277777777777777,8.273088080403372,0.0,5.179775822737802,1.0,,
13,2.0,Block DML,9.82668668023502,0.10255108520779055,1.5277777777777777,8.298908902457242,0.0,5.25795031679713,1.0,,
13,2.0,Unregularized Coupled DML,1.627001144214702,0.07240536673940838,1.5277777777777777,0.09922336643692442,1.0,0.45810536233890864,1.309063475514901,0.000515035059479144,1.9995813635122568
13,2.0,Spectral OR-DML (Ours),1.6244653257489028,0.07228474793941236,1.5277777777777777,0.09668754797112511,1.0,0.45810536233890864,1.309063475514901,0.000515035059479144,1.9995813635122568
13,2.0,Filtered OR-DML (Ours),1.6051220612027803,0.06857713353274791,1.5277777777777777,0.07734428342500266,1.0,0.458108762645184,1.307359386512889,0.0003947540792158411,1.9998283381503499
14,2.0,Oracle DML,1.489407859995044,0.03376738320781857,1.5277777777777777,-0.03836991778273369,1.0,0.3551705064651172,1.6115465007422045,0.0,0.0
14,2.0,Standard DML,10.082600326853864,0.11359149549133288,1.5277777777777777,8.554822549076086,0.0,4.6184144943347984,1.0,,
14,2.0,Block DML,10.096035543574532,0.11197403143637315,1.5277777777777777,8.568257765796755,0.0,4.646925319228764,1.0,,
14,2.0,Unregularized Coupled DML,1.7053548079857648,0.19358972153754803,1.5277777777777777,0.1775770302079871,1.0,0.35477649455415255,1.6586759491457044,0.0008422556338720566,1.9980805298966857
14,2.0,Spectral OR-DML (Ours),1.7026194734167823,0.19337622499733764,1.5277777777777777,0.17484169563900465,1.0,0.35477649455415255,1.6586759491457044,0.0008422556338720566,1.9980805298966857
14,2.0,Filtered OR-DML (Ours),1.7601390636578218,0.20289736387439403,1.5277777777777777,0.23236128588004412,1.0,0.35677918135704223,1.653983608243055,0.0011659537438101835,1.9974198498881364
15,2.0,Oracle DML,1.5857046071964676,0.03240796676921351,1.5277777777777777,0.057926829418689874,1.0,0.48191783750516776,1.2100410425257702,0.0,0.0
15,2.0,Standard DML,9.818379846430643,0.11837284172281451,1.5277777777777777,8.290602068652866,0.0,5.200348362501627,1.0,,
15,2.0,Block DML,9.86434276913029,0.12332425678955931,1.5277777777777777,8.336564991352514,0.0,5.2399075468160285,1.0,,
15,2.0,Unregularized Coupled DML,1.5859439159389934,0.07267966164232602,1.5277777777777777,0.05816613816121574,1.0,0.4819163176408806,1.2100402244092348,1.35974576859025e-05,1.9999969354257308
15,2.0,Spectral OR-DML (Ours),1.5835294564923124,0.07255217041020597,1.5277777777777777,0.05575167871453468,1.0,0.4819163176408806,1.2100402244092348,1.35974576859025e-05,1.9999969354257308
15,2.0,Filtered OR-DML (Ours),1.584495882777367,0.07259614979880122,1.5277777777777777,0.05671810499958929,1.0,0.4819076102709352,1.210041614828937,5.589788152946723e-05,1.9999840850197945
16,2.0,Oracle DML,1.48462729432549,0.03436970234559734,1.5277777777777777,-0.04315048345228778,1.0,0.4359352579517182,1.3532342041562295,0.0,0.0
16,2.0,Standard DML,10.05350015280627,0.12398586701076601,1.5277777777777777,8.525722375028494,0.0,4.797616465631969,1.0,,
16,2.0,Block DML,10.089153077244744,0.12709380623342026,1.5277777777777777,8.561375299466967,0.0,4.8497750896983645,1.0,,
16,2.0,Unregularized Coupled DML,1.53714492491392,0.082712796091855,1.5277777777777777,0.009367147136142284,1.0,0.4367551609442364,1.3488731199367026,0.000687680162079573,1.999217154761005
16,2.0,Spectral OR-DML (Ours),1.534725279625064,0.08258004781752905,1.5277777777777777,0.00694750184728643,1.0,0.4367551609442364,1.3488731199367026,0.000687680162079573,1.999217154761005
16,2.0,Filtered OR-DML (Ours),1.5801461124999068,0.10569982386789338,1.5277777777777777,0.052368334722129095,1.0,0.4392060036988844,1.3407844421007846,0.0007612792990754083,1.9984868706843815
17,2.0,Oracle DML,1.405563476014338,0.03440808249343198,1.5277777777777777,-0.12221430176343961,0.0,0.4433374951208282,1.4141759662675546,0.0,0.0
17,2.0,Standard DML,9.804187502140861,0.1287326952005571,1.5277777777777777,8.276409724363084,0.0,4.91760592710794,1.0,,
17,2.0,Block DML,9.823251144167802,0.12928564189475436,1.5277777777777777,8.295473366390024,0.0,4.9268525332111786,1.0,,
17,2.0,Unregularized Coupled DML,1.4171507020632135,0.07280564619120945,1.5277777777777777,-0.1106270757145642,1.0,0.4431445292338007,1.4148617501673122,0.00024304174452277283,1.9999074756390962
17,2.0,Spectral OR-DML (Ours),1.4149134040612954,0.07268627494728741,1.5277777777777777,-0.11286437371648228,1.0,0.4431445292338007,1.4148617501673122,0.00024304174452277283,1.9999074756390962
17,2.0,Filtered OR-DML (Ours),1.4747383717485048,0.09056157424835876,1.5277777777777777,-0.05303940602927293,1.0,0.4422292939587903,1.4211562146211583,0.0009198735882541461,1.9994324795591762
18,2.0,Oracle DML,1.475447767813015,0.03472270343468358,1.5277777777777777,-0.05233000996476278,1.0,0.42653256219845553,1.465050407876176,0.0,0.0
18,2.0,Standard DML,9.793787003969324,0.11518326976286662,1.5277777777777777,8.266009226191546,0.0,5.094161272708806,1.0,,
18,2.0,Block DML,9.854490429388518,0.1177730872452358,1.5277777777777777,8.326712651610741,0.0,5.1706604231134,1.0,,
18,2.0,Unregularized Coupled DML,1.6559335841976073,0.12477543174172948,1.5277777777777777,0.1281558064198296,1.0,0.4342750091264124,1.44287924205518,0.001642889005367039,1.9980076349374902
18,2.0,Spectral OR-DML (Ours),1.6532909235897524,0.12460299415129442,1.5277777777777777,0.1255131458119747,1.0,0.4342750091264124,1.44287924205518,0.001642889005367039,1.9980076349374902
18,2.0,Filtered OR-DML (Ours),1.8252004798160644,0.17797747907525827,1.5277777777777777,0.2974227020382867,1.0,0.4425217929102871,1.4324033491336619,0.002241537890464672,1.9958389804524777
19,2.0,Oracle DML,1.528324056236864,0.033631636889982594,1.5277777777777777,0.0005462784590863912,1.0,0.45707275345339343,1.322984222243479,0.0,0.0
19,2.0,Standard DML,9.80587865114315,0.11331813279771955,1.5277777777777777,8.278100873365371,0.0,5.162842953564449,1.0,,
19,2.0,Block DML,9.830081152027528,0.11438866428833216,1.5277777777777777,8.30230337424975,0.0,5.224233154529275,1.0,,
19,2.0,Unregularized Coupled DML,1.5338798784612033,0.07264510726464134,1.5277777777777777,0.006102100683425649,1.0,0.45708569979670677,1.3228945734447213,0.00015392468048798134,1.9999402076045563
19,2.0,Spectral OR-DML (Ours),1.5314857040831509,0.07252331490203574,1.5277777777777777,0.0037079263053731992,1.0,0.45708569979670677,1.3228945734447213,0.00015392468048798134,1.9999402076045563
19,2.0,Filtered OR-DML (Ours),1.555247841060067,0.07472011802200418,1.5277777777777777,0.027470063282289292,1.0,0.4573298676883133,1.3219665952665076,0.0005590304584631423,1.99968004046441
20,2.0,Oracle DML,1.5200281993033387,0.03515371856609282,1.5277777777777777,-0.007749578474439023,1.0,0.5012131360872829,1.0882883151230973,0.0,0.0
20,2.0,Standard DML,10.0149199752555,0.11699186592315373,1.5277777777777777,8.487142197477723,0.0,4.939724248030667,1.0,,
20,2.0,Block DML,10.033391278377529,0.11719836997796576,1.5277777777777777,8.50561350059975,0.0,4.976815785625654,1.0,,
20,2.0,Unregularized Coupled DML,1.5437631760434838,0.0752094024364045,1.5277777777777777,0.015985398265706108,1.0,0.5011389301551094,1.089023355851602,0.00033121443790588145,1.9997879696326621
20,2.0,Spectral OR-DML (Ours),1.5414900502466233,0.07509779461200772,1.5277777777777777,0.013712272468845654,1.0,0.5011389301551094,1.089023355851602,0.00033121443790588145,1.9997879696326621
20,2.0,Filtered OR-DML (Ours),1.6137495799987411,0.10977068557283833,1.5277777777777777,0.08597180222096346,1.0,0.5009628195855366,1.0983475375335938,0.0006614513227229568,1.9991247491765796
21,2.0,Oracle DML,1.5667126243027458,0.03178915904807539,1.5277777777777777,0.03893484652496815,1.0,0.5194494223904905,1.0208326214603385,0.0,0.0
21,2.0,Standard DML,9.86155272767088,0.11645357157641509,1.5277777777777777,8.333774949893101,0.0,5.235702538154757,1.0,,
21,2.0,Block DML,9.895943100235415,0.11443792836190134,1.5277777777777777,8.368165322457639,0.0,5.328042543031506,1.0,,
21,2.0,Unregularized Coupled DML,1.620872387999558,0.0789200574658822,1.5277777777777777,0.09309461022178023,1.0,0.5194209805725022,1.0211743069514059,0.001018469324962773,1.9993987714076662
21,2.0,Spectral OR-DML (Ours),1.618523194285189,0.07879726536220363,1.5277777777777777,0.0907454165074113,1.0,0.5194209805725022,1.0211743069514059,0.001018469324962773,1.9993987714076662
21,2.0,Filtered OR-DML (Ours),1.7185200962803675,0.12090564734426519,1.5277777777777777,0.19074231850258982,1.0,0.523334368946632,1.0189870744779084,0.001364902612029313,1.9983179098857387
22,2.0,Oracle DML,1.505267894720467,0.032736873668721675,1.5277777777777777,-0.02250988305731072,1.0,0.4301554849455863,1.3540147166594343,0.0,0.0
22,2.0,Standard DML,9.944007804448674,0.11747448527461213,1.5277777777777777,8.416230026670895,0.0,4.962589240585269,1.0,,
22,2.0,Block DML,9.98689899026195,0.11835167976900873,1.5277777777777777,8.459121212484174,0.0,5.053585392353111,1.0,,
22,2.0,Unregularized Coupled DML,1.585280555607291,0.08807975654781802,1.5277777777777777,0.05750277782951341,1.0,0.4317119762844284,1.3460197115927086,0.0011952739104690725,1.9988405662891364
22,2.0,Spectral OR-DML (Ours),1.5827814326435885,0.08791443574526837,1.5277777777777777,0.055003654865810825,1.0,0.4317119762844284,1.3460197115927086,0.0011952739104690725,1.9988405662891364
22,2.0,Filtered OR-DML (Ours),1.6359755185375109,0.10643083553429937,1.5277777777777777,0.10819774075973321,1.0,0.4334829787369409,1.340275167592334,0.0014805248286846573,1.9978567342343576
23,2.0,Oracle DML,1.5155871997394335,0.03486797246514993,1.5277777777777777,-0.012190578038344224,1.0,0.5178195915389027,1.009657510302382,0.0,0.0
23,2.0,Standard DML,9.921856854182,0.10599568077436222,1.5277777777777777,8.394079076404221,0.0,5.045380386978622,1.0,,
23,2.0,Block DML,10.002594163958106,0.10953339306427119,1.5277777777777777,8.47481638618033,0.0,5.114678658227588,1.0,,
23,2.0,Unregularized Coupled DML,1.530788299092023,0.07288988284316576,1.5277777777777777,0.0030105213142452847,1.0,0.5178009582994,1.0097713370920052,0.0003759264057867464,1.9998093497541833
23,2.0,Spectral OR-DML (Ours),1.5285864235694935,0.07277759854349723,1.5277777777777777,0.0008086457917158008,1.0,0.5178009582994,1.0097713370920052,0.0003759264057867464,1.9998093497541833
23,2.0,Filtered OR-DML (Ours),1.5209636500088504,0.07123973349775078,1.5277777777777777,-0.006814127768927314,1.0,0.5178251223264737,1.0095442950632316,0.00020347332096325925,1.9999263333307309
24,2.0,Oracle DML,1.4327700059220605,0.03037558893147901,1.5277777777777777,-0.09500777185571718,0.0,0.4114304872893493,1.4666421093463604,0.0,0.0
24,2.0,Standard DML,10.059762839307572,0.13055989857040112,1.5277777777777777,8.531985061529795,0.0,4.672625363922138,1.0,,
24,2.0,Block DML,10.119926864977462,0.12743431304770003,1.5277777777777777,8.592149087199683,0.0,4.776347682101596,1.0,,
24,2.0,Unregularized Coupled DML,1.444802584963723,0.07512297187753635,1.5277777777777777,-0.08297519281405474,1.0,0.41144934251912735,1.466536615732552,0.0002897935511694709,1.9998768290606859
24,2.0,Spectral OR-DML (Ours),1.4425006247141234,0.0749757146488603,1.5277777777777777,-0.08527715306365424,1.0,0.41144934251912735,1.466536615732552,0.0002897935511694709,1.9998768290606859
24,2.0,Filtered OR-DML (Ours),1.4396236137653333,0.07337762791598335,1.5277777777777777,-0.08815416401244436,1.0,0.4114195343081266,1.4666526755621958,0.0002822428185734304,1.9998968462551325
25,2.0,Oracle DML,1.428883019524179,0.036276034542191984,1.5277777777777777,-0.09889475825359861,0.0,0.3950220226137365,1.4237937334943551,0.0,0.0
25,2.0,Standard DML,9.927636066887452,0.10669775674753235,1.5277777777777777,8.399858289109673,0.0,4.910446954575347,1.0,,
25,2.0,Block DML,9.970312926663425,0.10292126182668082,1.5277777777777777,8.442535148885646,0.0,5.038688301885909,1.0,,
25,2.0,Unregularized Coupled DML,1.429930863489314,0.07582134649082618,1.5277777777777777,-0.0978469142884637,1.0,0.3950191582528534,1.4237996043490488,4.103106878415882e-05,1.9999889116836445
25,2.0,Spectral OR-DML (Ours),1.427654444488691,0.07567930044322432,1.5277777777777777,-0.10012333328908674,1.0,0.3950191582528534,1.4237996043490488,4.103106878415882e-05,1.9999889116836445
25,2.0,Filtered OR-DML (Ours),1.4332500776181019,0.07604120924087279,1.5277777777777777,-0.09452770015967582,1.0,0.39501022853050827,1.423818823573303,0.0001892707991324441,1.9999307205855705
26,2.0,Oracle DML,1.6405357890339074,0.03438211001411052,1.5277777777777777,0.11275801125612972,0.0,0.5084545154486655,1.0273439493243095,0.0,0.0
26,2.0,Standard DML,9.885652555347752,0.10326559351390921,1.5277777777777777,8.357874777569975,0.0,5.200608299258132,1.0,,
26,2.0,Block DML,9.883399994861056,0.10367752284966769,1.5277777777777777,8.35562221708328,0.0,5.266637552711201,1.0,,
26,2.0,Unregularized Coupled DML,1.6524592717193918,0.07295731361387428,1.5277777777777777,0.1246814939416141,1.0,0.5084912103974035,1.0244905332123513,0.00041073795254979885,1.9997453008815698
26,2.0,Spectral OR-DML (Ours),1.6500620751385424,0.07284986808021991,1.5277777777777777,0.12228429736076474,1.0,0.5084912103974035,1.0244905332123513,0.00041073795254979885,1.9997453008815698
26,2.0,Filtered OR-DML (Ours),1.6470196685615461,0.07186565449789538,1.5277777777777777,0.11924189078376846,1.0,0.5084603441378468,1.0267324185340123,0.0002831816723002508,1.9998990452830412
27,2.0,Oracle DML,1.5049159846320386,0.035797734306067495,1.5277777777777777,-0.022861793145739107,1.0,0.453015518487244,1.2608711170310376,0.0,0.0
27,2.0,Standard DML,10.011371735738162,0.10890527799034098,1.5277777777777777,8.483593957960384,0.0,4.953503232805653,1.0,,
27,2.0,Block DML,10.048488845299094,0.11005571170543992,1.5277777777777777,8.520711067521315,0.0,5.001220579186479,1.0,,
27,2.0,Unregularized Coupled DML,1.600693166215728,0.11511064381766628,1.5277777777777777,0.07291538843795031,1.0,0.45823660556172513,1.2435245342308712,0.00018792591034518622,1.9983514332675372
27,2.0,Spectral OR-DML (Ours),1.598229039608706,0.11492179354893502,1.5277777777777777,0.07045126183092831,1.0,0.45823660556172513,1.2435245342308712,0.00018792591034518622,1.9983514332675372
27,2.0,Filtered OR-DML (Ours),1.6099075198234742,0.11599766476608543,1.5277777777777777,0.08212974204569656,1.0,0.45838671130464226,1.2431714636823812,0.0003552178996486872,1.9982184636590787
28,2.0,Oracle DML,1.5959258118003952,0.03430052196028611,1.5277777777777777,0.06814803402261749,0.0,0.4943154994433895,1.0077235015835837,0.0,0.0
28,2.0,Standard DML,10.110502173868243,0.09991312706324613,1.5277777777777777,8.582724396090466,0.0,4.859929690173625,1.0,,
28,2.0,Block DML,10.107015728926667,0.1004543971107037,1.5277777777777777,8.57923795114889,0.0,4.8845274135630445,1.0,,
28,2.0,Unregularized Coupled DML,1.7605912552053253,0.1643181357176279,1.5277777777777777,0.23281347742754765,1.0,0.49395909370972646,1.036226879465593,0.0006107726704786274,1.9984506765302255
28,2.0,Spectral OR-DML (Ours),1.7580363367047473,0.16408837004483662,1.5277777777777777,0.23025855892696967,1.0,0.49395909370972646,1.036226879465593,0.0006107726704786274,1.9984506765302255
28,2.0,Filtered OR-DML (Ours),1.808106306594592,0.17971594638737984,1.5277777777777777,0.28032852881681425,1.0,0.49404991420791344,1.0435864939702917,0.0009778299210079526,1.9978958007681353
29,2.0,Oracle DML,1.5643633392997165,0.034602337572253894,1.5277777777777777,0.036585561521938814,1.0,0.4930437777841983,1.0723982802365168,0.0,0.0
29,2.0,Standard DML,9.917102114784376,0.09752470667454376,1.5277777777777777,8.389324337006599,0.0,5.138076269788751,1.0,,
29,2.0,Block DML,9.952374191748715,0.09839208317310973,1.5277777777777777,8.424596413970939,0.0,5.178338052950541,1.0,,
29,2.0,Unregularized Coupled DML,1.5885218798186933,0.07751859035895348,1.5277777777777777,0.060744102040915626,1.0,0.4928829932112008,1.0730640114344552,0.0004403025786647318,1.9997958477489928
29,2.0,Spectral OR-DML (Ours),1.5862774762404772,0.07740396614401483,1.5277777777777777,0.058499698462699534,1.0,0.4928829932112008,1.0730640114344552,0.0004403025786647318,1.9997958477489928
29,2.0,Filtered OR-DML (Ours),1.5675876443827905,0.07556183988814388,1.5277777777777777,0.039809866605012845,1.0,0.4930102264393916,1.0724746623730426,0.0001458314277565102,1.9999547020218953
30,2.0,Oracle DML,1.491787752384223,0.035370608175855855,1.5277777777777777,-0.03599002539355478,1.0,0.3828971388740776,1.558339284709521,0.0,0.0
30,2.0,Standard DML,10.042828400355049,0.12128839181586847,1.5277777777777777,8.51505062257727,0.0,4.8389169523981055,1.0,,
30,2.0,Block DML,10.091103910677855,0.11842325836339293,1.5277777777777777,8.563326132900077,0.0,5.069972262370981,1.0,,
30,2.0,Unregularized Coupled DML,1.4953907453570523,0.06727269425147964,1.5277777777777777,-0.03238703242072538,1.0,0.3828351829692004,1.558572551073896,0.0001440928814119098,1.9999523436057711
30,2.0,Spectral OR-DML (Ours),1.492920440622277,0.06715146180380836,1.5277777777777777,-0.03485733715550077,1.0,0.3828351829692004,1.558572551073896,0.0001440928814119098,1.9999523436057711
30,2.0,Filtered OR-DML (Ours),1.5025902245273033,0.06720378975670435,1.5277777777777777,-0.025187553250474393,1.0,0.38256205207072586,1.5598017730290117,0.00043114516139929044,1.9997900187548467
31,2.0,Oracle DML,1.52162279020396,0.0329331974559795,1.5277777777777777,-0.006154987573817605,1.0,0.4601714765263038,1.3564351107667834,0.0,0.0
31,2.0,Standard DML,9.711640723869108,0.12505481243975164,1.5277777777777777,8.183862946091331,0.0,5.242203070946936,1.0,,
31,2.0,Block DML,9.728235842859291,0.1281259684994782,1.5277777777777777,8.200458065081513,0.0,5.348957517399489,1.0,,
31,2.0,Unregularized Coupled DML,1.5285475729079083,0.07207737327903896,1.5277777777777777,0.000769795130130646,1.0,0.4601717287502032,1.3564205449887323,0.00018603955725242849,1.999928574554887
31,2.0,Spectral OR-DML (Ours),1.5261522677095605,0.07194958528776665,1.5277777777777777,-0.0016255100682172063,1.0,0.4601717287502032,1.3564205449887323,0.00018603955725242849,1.999928574554887
31,2.0,Filtered OR-DML (Ours),1.528381492767823,0.07263293072851731,1.5277777777777777,0.0006037149900453009,1.0,0.460196819450318,1.3562696341852563,0.0002550411454697577,1.9999061024712825
32,2.0,Oracle DML,1.6783455707508754,0.031244898315294176,1.5277777777777777,0.15056779297309775,0.0,0.49019300505025504,1.1142521931016656,0.0,0.0
32,2.0,Standard DML,10.013404088931493,0.1080305814559384,1.5277777777777777,8.485626311153716,0.0,5.036171140636928,1.0,,
32,2.0,Block DML,10.02097072108057,0.10857001367477097,1.5277777777777777,8.493192943302791,0.0,5.1010159817873015,1.0,,
32,2.0,Unregularized Coupled DML,1.8444480411227322,0.16227178116589414,1.5277777777777777,0.3166702633449545,1.0,0.5062878140190441,1.0781540961233982,0.0003340406865607113,1.9983260109579941
32,2.0,Spectral OR-DML (Ours),1.8418239430795484,0.16205413951790898,1.5277777777777777,0.31404616530177076,1.0,0.5062878140190441,1.0781540961233982,0.0003340406865607113,1.9983260109579941
32,2.0,Filtered OR-DML (Ours),1.833772268944815,0.1381372664145233,1.5277777777777777,0.30599449116703736,0.0,0.5008777114096893,1.089223483395265,0.0010321677016404108,1.9983785407400827
33,2.0,Oracle DML,1.5399331435752843,0.03742088009366666,1.5277777777777777,0.012155365797506645,1.0,0.4046332994423516,1.453194792621795,0.0,0.0
33,2.0,Standard DML,9.854232607190479,0.10900110354584819,1.5277777777777777,8.3264548294127,0.0,5.205930002193726,1.0,,
33,2.0,Block DML,9.864126103214991,0.10879699440373139,1.5277777777777777,8.336348325437214,0.0,5.265787629634515,1.0,,
33,2.0,Unregularized Coupled DML,1.5846522736913164,0.08557743416020237,1.5277777777777777,0.05687449591353877,1.0,0.40524715529991123,1.4499397022417893,0.0007327747016304116,1.9994503563553325
33,2.0,Spectral OR-DML (Ours),1.5820891658729264,0.0853986192515137,1.5277777777777777,0.05431138809514868,1.0,0.40524715529991123,1.4499397022417893,0.0007327747016304116,1.9994503563553325
33,2.0,Filtered OR-DML (Ours),1.6425197751829188,0.11452211441246775,1.5277777777777777,0.11474199740514113,1.0,0.408870141148875,1.436011644896164,0.0009725364686768816,1.9986164141631666
34,2.0,Oracle DML,1.6649448621626286,0.033675849713883786,1.5277777777777777,0.13716708438485092,0.0,0.5010085084787342,1.0004568880246014,0.0,0.0
34,2.0,Standard DML,10.00047185969268,0.09399399640163593,1.5277777777777777,8.472694081914902,0.0,5.095220575831286,1.0,,
34,2.0,Block DML,10.052256778676812,0.09556778644159108,1.5277777777777777,8.524479000899035,0.0,5.14640440611005,1.0,,
34,2.0,Unregularized Coupled DML,1.7039850294083763,0.07612938902917393,1.5277777777777777,0.17620725163059858,0.0,0.5007228344338549,1.0015797091973686,0.0008387351633910639,1.9995522388163132
34,2.0,Spectral OR-DML (Ours),1.7015286151940248,0.07600945978006679,1.5277777777777777,0.17375083741624708,0.0,0.5007228344338549,1.0015797091973686,0.0008387351633910639,1.9995522388163132
34,2.0,Filtered OR-DML (Ours),1.7224892993077272,0.0880229590611899,1.5277777777777777,0.19471152152994953,0.0,0.500723747717996,1.0039931780795917,0.0009099735061965902,1.999230323231177
35,2.0,Oracle DML,1.4967702239065637,0.03532217543216395,1.5277777777777777,-0.03100755387121401,1.0,0.4334335972253339,1.362304255274436,0.0,0.0
35,2.0,Standard DML,9.87696386094919,0.12086470145341552,1.5277777777777777,8.34918608317141,0.0,5.060291082258344,1.0,,
35,2.0,Block DML,9.901964065686276,0.1194189690796809,1.5277777777777777,8.374186287908497,0.0,5.099944153491479,1.0,,
35,2.0,Unregularized Coupled DML,1.497915203900267,0.07394567651512057,1.5277777777777777,-0.02986257387751068,1.0,0.43343170864926167,1.3622975771462411,4.2142207376606404e-05,1.999988351787825
35,2.0,Spectral OR-DML (Ours),1.4955534045532368,0.07380467994908008,1.5277777777777777,-0.03222437322454086,1.0,0.43343170864926167,1.3622975771462411,4.2142207376606404e-05,1.999988351787825
35,2.0,Filtered OR-DML (Ours),1.4961792750551448,0.0739288856906802,1.5277777777777777,-0.03159850272263287,1.0,0.4334330118504808,1.3621991851915136,8.226902503844398e-05,1.9999765643481988
36,2.0,Oracle DML,1.4426648471186618,0.033177956936046867,1.5277777777777777,-0.08511293065911585,0.0,0.3792671415664891,1.5541080768279087,0.0,0.0
36,2.0,Standard DML,10.0216175877972,0.1145217912791944,1.5277777777777777,8.493839810019423,0.0,4.697235168044717,1.0,,
36,2.0,Block DML,10.094556313874715,0.11544348983631093,1.5277777777777777,8.566778536096937,0.0,4.753879394169595,1.0,,
36,2.0,Unregularized Coupled DML,10.026822203574724,414.62248293837126,1.5277777777777777,8.499044425796946,1.0,4.003077954539691e-05,61010.15694727429,0.6792206017226221,1.034476853740893
36,2.0,Spectral OR-DML (Ours),10.086319157817588,0.14993312362827996,1.5277777777777777,8.55854138003981,0.0,4.003077954539691e-05,61010.15694727429,0.6792206017226221,1.034476853740893
36,2.0,Filtered OR-DML (Ours),10.083443307929093,0.5098055405580569,1.5277777777777777,8.555665530151316,0.0,3.1336505400103576e-05,77922.64813788596,0.6792192585517881,1.036004290253288
37,2.0,Oracle DML,1.6721047940560327,0.031232507371242186,1.5277777777777777,0.14432701627825506,0.0,0.47650944411929697,1.03538590087696,0.0,0.0
37,2.0,Standard DML,10.149275900859179,0.10062112676628131,1.5277777777777777,8.621498123081402,0.0,4.841224129921645,1.0,,
37,2.0,Block DML,10.172365288708118,0.09879984656880907,1.5277777777777777,8.64458751093034,0.0,4.8554824314952,1.0,,
37,2.0,Unregularized Coupled DML,1.8003983394956753,0.139766944058341,1.5277777777777777,0.2726205617178976,1.0,0.47634117081774,1.0561914780766855,0.0002912968990696129,1.9983546781919252
37,2.0,Spectral OR-DML (Ours),1.7978415502860925,0.13959919344485763,1.5277777777777777,0.2700637725083148,1.0,0.47634117081774,1.0561914780766855,0.0002912968990696129,1.9983546781919252
37,2.0,Filtered OR-DML (Ours),1.8138373161033627,0.14315534053951046,1.5277777777777777,0.28605953832558506,0.0,0.47641596973672923,1.0572029338763713,0.000370737051507857,1.998188851902072
38,2.0,Oracle DML,1.5110812306496184,0.03285327363419781,1.5277777777777777,-0.016696547128159267,1.0,0.45776696320257476,1.2850691669317607,0.0,0.0
38,2.0,Standard DML,9.860509290789233,0.10744474316551034,1.5277777777777777,8.332731513011456,0.0,5.0773332822801995,1.0,,
38,2.0,Block DML,9.892195849686678,0.10620260330673256,1.5277777777777777,8.3644180719089,0.0,5.10138339880381,1.0,,
38,2.0,Unregularized Coupled DML,9.890816012450214,0.9050107869948354,1.5277777777777777,8.363038234672437,0.0,0.0004073001096069895,6320.659477338893,0.6882868429326277,1.0137860493828297
38,2.0,Spectral OR-DML (Ours),9.884900331289927,0.10514141610714561,1.5277777777777777,8.357122553512148,0.0,0.0004073001096069895,6320.659477338893,0.6882868429326277,1.0137860493828297
38,2.0,Filtered OR-DML (Ours),9.884596104735486,0.11062073384483818,1.5277777777777777,8.356818326957708,0.0,0.00040829727371705093,6305.085806905622,0.688286469185837,1.014448173395481
39,2.0,Oracle DML,1.5511329842711516,0.032482742815657266,1.5277777777777777,0.02335520649337397,1.0,0.5061782829724198,1.113080018597733,0.0,0.0
39,2.0,Standard DML,9.766875973077017,0.1072276777157032,1.5277777777777777,8.239098195299238,0.0,5.293422415311713,1.0,,
39,2.0,Block DML,9.758441727223705,0.10613848260296892,1.5277777777777777,8.230663949445926,0.0,5.344826289727925,1.0,,
39,2.0,Unregularized Coupled DML,1.5602810697014409,0.07747203966274861,1.5277777777777777,0.03250329192366319,1.0,0.5061756384170357,1.1130356120116778,0.00026985762349985393,1.9998974499022855
39,2.0,Spectral OR-DML (Ours),1.5579640600297031,0.07735129293025343,1.5277777777777777,0.030186282251925434,1.0,0.5061756384170357,1.1130356120116778,0.00026985762349985393,1.9998974499022855
39,2.0,Filtered OR-DML (Ours),1.6048164695738183,0.08121999880960537,1.5277777777777777,0.07703869179604061,1.0,0.5064410047340607,1.1124455544232772,0.001085273474772785,1.9993612982912654
40,2.0,Oracle DML,1.4628188154650217,0.03172957059536486,1.5277777777777777,-0.064958962312756,0.0,0.41722598599274874,1.402017989884516,0.0,0.0
40,2.0,Standard DML,9.926963299135984,0.11405086800437114,1.5277777777777777,8.399185521358206,0.0,4.9742964785168065,1.0,,
40,2.0,Block DML,9.898844577296732,0.11470960075216301,1.5277777777777777,8.371066799518953,0.0,4.988981809191615,1.0,,
40,2.0,Unregularized Coupled DML,1.7017332973645858,0.176447391165873,1.5277777777777777,0.1739555195868081,1.0,0.42797655771611137,1.3797378536024236,0.00038906625706557144,1.9965306304177937
40,2.0,Spectral OR-DML (Ours),1.6990600943829997,0.17619014389461599,1.5277777777777777,0.17128231660522197,1.0,0.42797655771611137,1.3797378536024236,0.00038906625706557144,1.9965306304177937
40,2.0,Filtered OR-DML (Ours),1.7441670061845782,0.1794904979360941,1.5277777777777777,0.21638922840680053,1.0,0.43037922645446697,1.3695431222526486,0.0010228516782945791,1.996146016515067
41,2.0,Oracle DML,1.5063658270419464,0.03757083079072313,1.5277777777777777,-0.021411950735831242,1.0,0.4814025482785822,1.0032175894682915,0.0,0.0
41,2.0,Standard DML,10.093130713320301,0.09801798032503663,1.5277777777777777,8.565352935542524,0.0,4.811445086643948,1.0,,
41,2.0,Block DML,10.133581946565114,0.09786036915012888,1.5277777777777777,8.605804168787337,0.0,4.910445495945771,1.0,,
41,2.0,Unregularized Coupled DML,1.6045196473979255,0.11029603937704945,1.5277777777777777,0.07674186962014784,1.0,0.4813574639821398,1.0091741558218235,0.0009088547095066443,1.998964907527812
41,2.0,Spectral OR-DML (Ours),1.6022009783623918,0.11014013492469006,1.5277777777777777,0.07442320058461416,1.0,0.4813574639821398,1.0091741558218235,0.0009088547095066443,1.998964907527812
41,2.0,Filtered OR-DML (Ours),1.57840593282242,0.08857649335775286,1.5277777777777777,0.05062815504464235,1.0,0.481768978622752,1.002474244180229,0.0011508965859315242,1.9989782204964728
42,2.0,Oracle DML,1.5183895320226208,0.03668709328702919,1.5277777777777777,-0.009388245755156843,1.0,0.4566423947796767,1.128036491679684,0.0,0.0
42,2.0,Standard DML,10.22735925795108,0.11402277435394302,1.5277777777777777,8.699581480173304,0.0,4.666741936601419,1.0,,
42,2.0,Block DML,10.234266572147504,0.11472790061517242,1.5277777777777777,8.706488794369726,0.0,4.6886197936864376,1.0,,
42,2.0,Unregularized Coupled DML,1.5659198358566726,0.08057806187487805,1.5277777777777777,0.038142058078894925,1.0,0.45672323531839404,1.1278551711639937,0.0008253073837504115,1.9994476741549563
42,2.0,Spectral OR-DML (Ours),1.5635930246530059,0.08044474941711244,1.5277777777777777,0.03581524687522819,1.0,0.45672323531839404,1.1278551711639937,0.0008253073837504115,1.9994476741549563
42,2.0,Filtered OR-DML (Ours),1.665220811428698,0.11755518852085438,1.5277777777777777,0.13744303365092025,1.0,0.45907973760424703,1.1244188516752869,0.0014385597746253218,1.9983583651772847
43,2.0,Oracle DML,1.5263143770535432,0.0344637373644735,1.5277777777777777,-0.0014634007242344538,1.0,0.42631120348749063,1.2949288763032505,0.0,0.0
43,2.0,Standard DML,9.9842239909602,0.10534373144349475,1.5277777777777777,8.45644621318242,0.0,5.020532148127161,1.0,,
43,2.0,Block DML,9.98963293751703,0.10487002547164924,1.5277777777777777,8.461855159739251,0.0,5.056131059518704,1.0,,
43,2.0,Unregularized Coupled DML,1.6038054377826552,0.09918395774367426,1.5277777777777777,0.07602766000487748,1.0,0.4252798428403285,1.3054934617989058,0.000682493971595232,1.9987935310431855
43,2.0,Spectral OR-DML (Ours),1.6013404211414566,0.09902450885378067,1.5277777777777777,0.0735626433636789,1.0,0.4252798428403285,1.3054934617989058,0.000682493971595232,1.9987935310431855
43,2.0,Filtered OR-DML (Ours),1.5670944902622732,0.07896421096290938,1.5277777777777777,0.03931671248449553,1.0,0.4257854344396569,1.297528423850452,0.0008479011315624043,1.9994133147918318
44,2.0,Oracle DML,1.5283792345298342,0.03124484882787363,1.5277777777777777,0.0006014567520564729,1.0,0.48412189101318537,1.14875921903771,0.0,0.0
44,2.0,Standard DML,9.986415880777844,0.10864439785348297,1.5277777777777777,8.458638103000066,0.0,4.897765506576044,1.0,,
44,2.0,Block DML,9.989172895067158,0.10898643116571051,1.5277777777777777,8.461395117289381,0.0,4.923979739232479,1.0,,
44,2.0,Unregularized Coupled DML,1.5317676816230374,0.06893721143197178,1.5277777777777777,0.003989903845259768,1.0,0.4841209574199254,1.1487265280029777,0.00011731101812722337,1.999958812549356
44,2.0,Spectral OR-DML (Ours),1.5294762235575867,0.06882949465859671,1.5277777777777777,0.0016984457798090435,1.0,0.4841209574199254,1.1487265280029777,0.00011731101812722337,1.999958812549356
44,2.0,Filtered OR-DML (Ours),1.5426766130253946,0.06994365495802214,1.5277777777777777,0.014898835247616926,1.0,0.48417416213644393,1.1484764915711596,0.00040734355477818775,1.999797619366744
45,2.0,Oracle DML,1.4390344391971652,0.034207177834052936,1.5277777777777777,-0.08874333858061245,0.0,0.3967357350808,1.4365365183027956,0.0,0.0
45,2.0,Standard DML,10.129020803501602,0.128366390796409,1.5277777777777777,8.601243025723825,0.0,4.7073257437062646,1.0,,
45,2.0,Block DML,10.12495909281215,0.12892632457510747,1.5277777777777777,8.597181315034373,0.0,4.798888659263753,1.0,,
45,2.0,Unregularized Coupled DML,1.5162118119321115,0.07997541144173456,1.5277777777777777,-0.01156596584566616,1.0,0.39426299798801656,1.4468110312602267,0.0013289711168625216,1.9988617410566816
45,2.0,Spectral OR-DML (Ours),1.5137946240214402,0.07983192972515749,1.5277777777777777,-0.013983153756337519,1.0,0.39426299798801656,1.4468110312602267,0.0013289711168625216,1.9988617410566816
45,2.0,Filtered OR-DML (Ours),1.6457619574243518,0.12656972158360316,1.5277777777777777,0.11798417964657415,1.0,0.3973366841936685,1.445070156700349,0.002230165811398434,1.9979718656663734
46,2.0,Oracle DML,1.5321251606800042,0.031915024027219796,1.5277777777777777,0.004347382902226471,1.0,0.45384963586698823,1.3788195279998734,0.0,0.0
46,2.0,Standard DML,9.690540729979746,0.11328986883680688,1.5277777777777777,8.16276295220197,0.0,5.253382464369027,1.0,,
46,2.0,Block DML,9.698280279066454,0.11253254286468814,1.5277777777777777,8.170502501288677,0.0,5.283605484375394,1.0,,
46,2.0,Unregularized Coupled DML,1.5494022218576944,0.07178266850244552,1.5277777777777777,0.021624444079916705,1.0,0.45393448217801774,1.3784408819349867,0.0003595830529010577,1.9997996669380549
46,2.0,Spectral OR-DML (Ours),1.546945894734716,0.07164579068358412,1.5277777777777777,0.01916811695693843,1.0,0.45393448217801774,1.3784408819349867,0.0003595830529010577,1.9997996669380549
46,2.0,Filtered OR-DML (Ours),1.5920770560308366,0.08572305633986943,1.5277777777777777,0.06429927825305892,1.0,0.45543181287720874,1.3736401872719566,0.0008086206622720828,1.9992359038351841
47,2.0,Oracle DML,1.614987525204829,0.030250936003318775,1.5277777777777777,0.08720974742705123,0.0,0.5194662079723678,1.0126791490266926,0.0,0.0
47,2.0,Standard DML,9.974827451127357,0.10183887803140658,1.5277777777777777,8.447049673349579,0.0,5.043670701505734,1.0,,
47,2.0,Block DML,9.997282505797438,0.10301548156616679,1.5277777777777777,8.469504728019661,0.0,5.084815858247359,1.0,,
47,2.0,Unregularized Coupled DML,10.008088279918702,0.44554403478435656,1.5277777777777777,8.480310502140924,0.0,0.006999583999388825,363.22385127278744,0.6920559488579294,1.0034430383610575
47,2.0,Spectral OR-DML (Ours),9.998703418448619,0.2985704108512714,1.5277777777777777,8.470925640670842,0.0,0.006999583999388825,363.22385127278744,0.6920559488579294,1.0034430383610575
47,2.0,Filtered OR-DML (Ours),9.998193795322353,0.27965589267528207,1.5277777777777777,8.470416017544576,0.0,0.006951596328093945,365.7154774825483,0.6920562372701732,1.0060799564099303
48,2.0,Oracle DML,1.4993902364096183,0.03371757212481081,1.5277777777777777,-0.028387541368159352,1.0,0.4378583165260774,1.3288323960026087,0.0,0.0
48,2.0,Standard DML,10.049587292587365,0.11298993507970373,1.5277777777777777,8.521809514809586,0.0,4.8494063230269395,1.0,,
48,2.0,Block DML,10.078084059890772,0.11304074984906232,1.5277777777777777,8.550306282112995,0.0,4.968080069829582,1.0,,
48,2.0,Unregularized Coupled DML,1.6520577047469525,0.16452314702564577,1.5277777777777777,0.12427992696917478,1.0,0.4545378017837656,1.2794325429899676,7.344873719837272e-05,1.9983202169531111
48,2.0,Spectral OR-DML (Ours),1.649489774392547,0.16431124915152936,1.5277777777777777,0.12171199661476928,1.0,0.4545378017837656,1.2794325429899676,7.344873719837272e-05,1.9983202169531111
48,2.0,Filtered OR-DML (Ours),1.6568728046401877,0.16421900274680665,1.5277777777777777,0.12909502686241003,1.0,0.454555420219747,1.2794073263821075,0.0002317312845759601,1.9982457350265015
49,2.0,Oracle DML,1.4649864754528128,0.03688098620641933,1.5277777777777777,-0.06279130232496488,1.0,0.3843700809588473,1.5966302580763556,0.0,0.0
49,2.0,Standard DML,9.932127907971267,0.12229155046944476,1.5277777777777777,8.404350130193489,0.0,4.808631900048966,1.0,,
49,2.0,Block DML,9.938338115994215,0.12083897859680424,1.5277777777777777,8.410560338216438,0.0,4.86689397481574,1.0,,
49,2.0,Unregularized Coupled DML,1.5432805203495394,0.07959815543270295,1.5277777777777777,0.015502742571761763,1.0,0.3840752057613726,1.6011499333294985,0.0010870061635240155,1.9992559896721627
49,2.0,Spectral OR-DML (Ours),1.5407951680627163,0.07945034593635257,1.5277777777777777,0.013017390284938646,1.0,0.3840752057613726,1.6011499333294985,0.0010870061635240155,1.9992559896721627
49,2.0,Filtered OR-DML (Ours),1.4941039349148735,0.06676908915600767,1.5277777777777777,-0.0336738428629042,1.0,0.3842957106920052,1.597228361631359,0.0006995493052282269,1.9996907396283508
50,2.0,Oracle DML,1.469696919272263,0.03780437186388609,1.5277777777777777,-0.05808085850551459,1.0,0.4478364488377224,1.388952831086542,0.0,0.0
50,2.0,Standard DML,9.742845064844278,0.12191425239727605,1.5277777777777777,8.2150672870665,0.0,4.991538049443297,1.0,,
50,2.0,Block DML,9.770964502994286,0.11847758224765374,1.5277777777777777,8.243186725216507,0.0,5.163048722124795,1.0,,
50,2.0,Unregularized Coupled DML,1.4914799970324435,0.07170664904606397,1.5277777777777777,-0.036297780745334185,1.0,0.44785840546567784,1.3888010993684718,0.0005264904606566777,1.9997828890308909
50,2.0,Spectral OR-DML (Ours),1.489127649403083,0.07156915908212812,1.5277777777777777,-0.038650128374694726,1.0,0.44785840546567784,1.3888010993684718,0.0005264904606566777,1.9997828890308909
50,2.0,Filtered OR-DML (Ours),1.53079155566259,0.08196040784434797,1.5277777777777777,0.0030137778848122743,1.0,0.4489711025345222,1.3853541985295341,0.0009690446260561734,1.9993521792252742
51,2.0,Oracle DML,1.5857275749558195,0.031785860943963934,1.5277777777777777,0.05794979717804183,1.0,0.4702380089501355,1.1373192680599893,0.0,0.0
51,2.0,Standard DML,10.075599268681927,0.10234665785787564,1.5277777777777777,8.547821490904148,0.0,4.797947968375707,1.0,,
51,2.0,Block DML,10.119811083757357,0.10126461800385603,1.5277777777777777,8.59203330597958,0.0,4.891272763760354,1.0,,
51,2.0,Unregularized Coupled DML,1.5889580237273229,0.07061577803638679,1.5277777777777777,0.06118024594954519,1.0,0.4702320751562916,1.137320873187062,0.00010201490861360055,1.9999689698995977
51,2.0,Spectral OR-DML (Ours),1.586590316434438,0.07050559817349307,1.5277777777777777,0.05881253865666025,1.0,0.4702320751562916,1.137320873187062,0.00010201490861360055,1.9999689698995977
51,2.0,Filtered OR-DML (Ours),1.5962906949037987,0.07140776284544731,1.5277777777777777,0.06851291712602103,1.0,0.47027116802544605,1.1372284485367776,0.00031712188701409847,1.9998678607799851
52,2.0,Oracle DML,1.6515380739756327,0.033470243697926935,1.5277777777777777,0.123760296197855,0.0,0.4809959475796718,1.1400057203111498,0.0,0.0
52,2.0,Standard DML,9.996569679077496,0.11373341164084369,1.5277777777777777,8.468791901299717,0.0,5.034524353715208,1.0,,
52,2.0,Block DML,10.026498722965837,0.11543977909771234,1.5277777777777777,8.498720945188058,0.0,5.076329493613528,1.0,,
52,2.0,Unregularized Coupled DML,1.6518842380949732,0.07630865083040622,1.5277777777777777,0.12410646031719552,1.0,0.4809956723242673,1.1400045940167693,1.5824830757825453e-05,1.99999656581166
52,2.0,Spectral OR-DML (Ours),1.649412280309068,0.07618466359408603,1.5277777777777777,0.12163450253129038,1.0,0.4809956723242673,1.1400045940167693,1.5824830757825453e-05,1.99999656581166
52,2.0,Filtered OR-DML (Ours),1.6498010518778492,0.07620497027869183,1.5277777777777777,0.12202327410007152,1.0,0.4809974284774427,1.139999142441746,3.059643155838992e-05,1.999992908209356
53,2.0,Oracle DML,1.498909125293022,0.03403969103515564,1.5277777777777777,-0.028868652484755675,1.0,0.4271420285334991,1.5786716307310358,0.0,0.0
53,2.0,Standard DML,9.846726602144924,0.12397601753131379,1.5277777777777777,8.318948824367148,0.0,4.743483570001033,1.0,,
53,2.0,Block DML,9.905145146378581,0.11851064363793229,1.5277777777777777,8.377367368600805,0.0,4.9403032683362245,1.0,,
53,2.0,Unregularized Coupled DML,1.6289163002734766,0.14264353615707823,1.5277777777777777,0.10113852249569888,1.0,0.4433018396677813,1.520100408792809,0.00043041846617032853,1.9981851931479566
53,2.0,Spectral OR-DML (Ours),1.626237540748221,0.14240435835557916,1.5277777777777777,0.09845976297044334,1.0,0.4433018396677813,1.520100408792809,0.00043041846617032853,1.9981851931479566
53,2.0,Filtered OR-DML (Ours),1.677802270103449,0.1457071384757093,1.5277777777777777,0.15002449232567128,1.0,0.44393531664837843,1.517719128629272,0.0013035863920598596,1.9974909526796463
54,2.0,Oracle DML,1.533323608881909,0.03771123851105917,1.5277777777777777,0.005545831104131427,1.0,0.46832748714768013,1.0895116272272258,0.0,0.0
54,2.0,Standard DML,9.93452674086294,0.1109811091792742,1.5277777777777777,8.406748963085164,0.0,5.140260502441948,1.0,,
54,2.0,Block DML,9.93152399358355,0.11101385414319986,1.5277777777777777,8.403746215805771,0.0,5.181633495677676,1.0,,
54,2.0,Unregularized Coupled DML,1.6100964255272074,0.1010604613819034,1.5277777777777777,0.08231864774942976,1.0,0.47144621587716157,1.082170885637282,0.0006911657623606811,1.9991120062135126
54,2.0,Spectral OR-DML (Ours),1.6077227711968698,0.10090829162594564,1.5277777777777777,0.07994499341909211,1.0,0.47144621587716157,1.082170885637282,0.0006911657623606811,1.9991120062135126
54,2.0,Filtered OR-DML (Ours),1.6654745829292739,0.13136313761503232,1.5277777777777777,0.13769680515149618,1.0,0.47699585820572343,1.0701013815281408,0.0006912530372600877,1.998396060780617
55,2.0,Oracle DML,1.4467581804565455,0.03298537188092555,1.5277777777777777,-0.0810195973212322,0.0,0.38474150656491163,1.6499936771973227,0.0,0.0
55,2.0,Standard DML,9.945762349963498,0.13199198288312486,1.5277777777777777,8.41798457218572,0.0,4.742368879028308,1.0,,
55,2.0,Block DML,9.97512331486098,0.1328727519281437,1.5277777777777777,8.447345537083201,0.0,4.8044471986138975,1.0,,
55,2.0,Unregularized Coupled DML,1.6815564818291804,0.17335223452623968,1.5277777777777777,0.1537787040514027,1.0,0.38973385027378843,1.6581189155649882,0.0011719883809233201,1.9975495264909564
55,2.0,Spectral OR-DML (Ours),1.6788097259570725,0.17312129425442857,1.5277777777777777,0.15103194817929477,1.0,0.38973385027378843,1.6581189155649882,0.0011719883809233201,1.9975495264909564
55,2.0,Filtered OR-DML (Ours),1.585359314637852,0.11871346934622733,1.5277777777777777,0.05758153686007428,1.0,0.3851950004376364,1.6594873518105475,0.0014131425637306705,1.998589275461212
56,2.0,Oracle DML,1.6234467957360137,0.03596727480904715,1.5277777777777777,0.09566901795823601,0.0,0.4643116283860027,1.0871874014829215,0.0,0.0
56,2.0,Standard DML,9.991497939138867,0.10568732247221377,1.5277777777777777,8.463720161361088,0.0,5.081253692109162,1.0,,
56,2.0,Block DML,10.024785522063098,0.10625140950076245,1.5277777777777777,8.49700774428532,0.0,5.191392128109078,1.0,,
56,2.0,Unregularized Coupled DML,1.6252273124124328,0.07034717520655215,1.5277777777777777,0.09744953463465511,1.0,0.4643077924046435,1.087186125407471,6.391831581551336e-05,1.9999826460577572
56,2.0,Spectral OR-DML (Ours),1.6228303952179735,0.07023364506241891,1.5277777777777777,0.09505261744019577,1.0,0.4643077924046435,1.087186125407471,6.391831581551336e-05,1.9999826460577572
56,2.0,Filtered OR-DML (Ours),1.629862773803386,0.07059097913859458,1.5277777777777777,0.10208499602560828,1.0,0.46429276898270755,1.0872177080054803,0.0002326755847928927,1.999915086535982
57,2.0,Oracle DML,1.5280730579943975,0.03269071628354808,1.5277777777777777,0.00029528021661984205,1.0,0.44165940609907467,1.2887927583868397,0.0,0.0
57,2.0,Standard DML,9.92719630645748,0.10155899005041748,1.5277777777777777,8.399418528679703,0.0,4.890530827770054,1.0,,
57,2.0,Block DML,9.994805017640022,0.10066803566345361,1.5277777777777777,8.467027239862244,0.0,5.00377581748586,1.0,,
57,2.0,Unregularized Coupled DML,1.552285770454739,0.06613489926427654,1.5277777777777777,0.024507992676961354,1.0,0.4414843538590246,1.2895440752370277,0.0004090052866451667,1.999812204344542
57,2.0,Spectral OR-DML (Ours),1.5499223661782258,0.06601870792994886,1.5277777777777777,0.022144588400448084,1.0,0.4414843538590246,1.2895440752370277,0.0004090052866451667,1.999812204344542
57,2.0,Filtered OR-DML (Ours),1.564204671367794,0.07152033286186353,1.5277777777777777,0.036426893590016274,1.0,0.44139855647760345,1.2901574111256857,0.00060218804215216,1.9996724293356614
58,2.0,Oracle DML,1.4670067333074837,0.03311803483061413,1.5277777777777777,-0.06077104447029402,1.0,0.4349731137311396,1.3070984840458906,0.0,0.0
58,2.0,Standard DML,10.078860654812384,0.11158474827470495,1.5277777777777777,8.551082877034606,0.0,4.866778531555239,1.0,,
58,2.0,Block DML,10.089229833580042,0.11099154818189241,1.5277777777777777,8.561452055802263,0.0,4.936000129702421,1.0,,
58,2.0,Unregularized Coupled DML,1.6285035942090988,0.13572637504669183,1.5277777777777777,0.10072581643132117,1.0,0.43207523550994886,1.3374987024098814,0.0011427345237816145,1.9977749741698114
58,2.0,Spectral OR-DML (Ours),1.6259928558604086,0.13556384599747603,1.5277777777777777,0.09821507808263097,1.0,0.43207523550994886,1.3374987024098814,0.0011427345237816145,1.9977749741698114
58,2.0,Filtered OR-DML (Ours),1.5953661669776986,0.10424761886750805,1.5277777777777777,0.06758838919992094,1.0,0.43080562597068167,1.330957485373326,0.0011274777570506507,1.9977113707381007
59,2.0,Oracle DML,1.5623370435442772,0.035657340595538635,1.5277777777777777,0.03455926576649948,1.0,0.44784479648039605,1.2325436458928294,0.0,0.0
59,2.0,Standard DML,9.895227874053084,0.10460316605923273,1.5277777777777777,8.367450096275306,0.0,5.116877146269007,1.0,,
59,2.0,Block DML,9.965128841825178,0.10787306428785362,1.5277777777777777,8.437351064047402,0.0,5.160961943616127,1.0,,
59,2.0,Unregularized Coupled DML,1.6494303535922719,0.10569571810913601,1.5277777777777777,0.12165257581449418,1.0,0.44780820551798833,1.242776229417128,0.0006140295975693268,1.9991815959042636
59,2.0,Spectral OR-DML (Ours),1.6469223568108098,0.10555353668485004,1.5277777777777777,0.1191445790330321,1.0,0.44780820551798833,1.242776229417128,0.0006140295975693268,1.9991815959042636
59,2.0,Filtered OR-DML (Ours),1.7128568327150662,0.15524326430172777,1.5277777777777777,0.1850790549372885,1.0,0.4477984455267372,1.2646776529767945,0.00043592027543783244,1.9985136955243592
60,2.0,Oracle DML,1.53382507818952,0.03280570030879858,1.5277777777777777,0.006047300411742285,1.0,0.5104421091735443,1.1580995557404976,0.0,0.0
60,2.0,Standard DML,9.729545712216046,0.11213639995680098,1.5277777777777777,8.20176793443827,0.0,5.177244398822519,1.0,,
60,2.0,Block DML,9.74264570555655,0.11160634232487657,1.5277777777777777,8.214867927778773,0.0,5.211453274302348,1.0,,
60,2.0,Unregularized Coupled DML,1.546308816702917,0.07548598062621499,1.5277777777777777,0.01853103892513941,1.0,0.5105338730221618,1.1575955718074242,0.00024997485456274617,1.9998898178076912
60,2.0,Spectral OR-DML (Ours),1.5439931030507408,0.07536536861017967,1.5277777777777777,0.0162153252729631,1.0,0.5105338730221618,1.1575955718074242,0.00024997485456274617,1.9998898178076912
60,2.0,Filtered OR-DML (Ours),1.598811218104481,0.08988864431239935,1.5277777777777777,0.07103344032670322,1.0,0.5123271267744133,1.1522733712382098,0.0008410812867267883,1.9993845512249333
61,2.0,Oracle DML,1.6497058524139854,0.029920356643442718,1.5277777777777777,0.1219280746362077,0.0,0.5310080357684679,1.0125331353580935,0.0,0.0
61,2.0,Standard DML,9.850459072007427,0.10066008953717956,1.5277777777777777,8.32268129422965,0.0,5.193257789366919,1.0,,
61,2.0,Block DML,9.844703321153645,0.10026822954753119,1.5277777777777777,8.316925543375866,0.0,5.251304389528218,1.0,,
61,2.0,Unregularized Coupled DML,1.6824912085200532,0.07223581649782358,1.5277777777777777,0.1547134307422755,0.0,0.530789996050941,1.0140010958330357,0.0004532062532644735,1.9997060524713424
61,2.0,Spectral OR-DML (Ours),1.6800603742634783,0.07212892026740071,1.5277777777777777,0.15228259648570064,0.0,0.530789996050941,1.0140010958330357,0.0004532062532644735,1.9997060524713424
61,2.0,Filtered OR-DML (Ours),1.7581974960119227,0.11594578601565153,1.5277777777777777,0.23041971823414498,0.0,0.5303494894325415,1.0245706182856191,0.0009245468921565998,1.9989662564351656
62,2.0,Oracle DML,1.5651784650062088,0.034922864413538875,1.5277777777777777,0.03740068722843115,1.0,0.4841075734835344,1.0290252136991564,0.0,0.0
62,2.0,Standard DML,9.983731901413153,0.10181117581743296,1.5277777777777777,8.455954123635376,0.0,5.06919123053734,1.0,,
62,2.0,Block DML,10.027596676884187,0.104208552404042,1.5277777777777777,8.499818899106408,0.0,5.10644376488236,1.0,,
62,2.0,Unregularized Coupled DML,1.6474429038767067,0.08397792431750345,1.5277777777777777,0.11966512609892899,1.0,0.4846012677052296,1.0280100228033733,0.0012677339080057087,1.9989754609601547
62,2.0,Spectral OR-DML (Ours),1.6450516377551074,0.08384570640981238,1.5277777777777777,0.11727385997732975,1.0,0.4846012677052296,1.0280100228033733,0.0012677339080057087,1.9989754609601547
62,2.0,Filtered OR-DML (Ours),1.641142335553218,0.07718237149513053,1.5277777777777777,0.1133645577754403,1.0,0.48416013394942053,1.0279203235547028,0.0013481588289399613,1.9991938841542158
63,2.0,Oracle DML,1.598144054823322,0.034476797764108225,1.5277777777777777,0.07036627704554421,0.0,0.5035072784928042,1.0787933263006533,0.0,0.0
63,2.0,Standard DML,9.967705394791203,0.11431983689913343,1.5277777777777777,8.439927617013424,0.0,5.057801793751108,1.0,,
63,2.0,Block DML,9.962716458025893,0.11521733394118054,1.5277777777777777,8.434938680248116,0.0,5.0615642026778715,1.0,,
63,2.0,Unregularized Coupled DML,1.7288372004342016,0.1299060222108454,1.5277777777777777,0.20105942265642396,1.0,0.5031626810150763,1.094885106895984,0.0007973787734653968,1.9982412095536923
63,2.0,Spectral OR-DML (Ours),1.7262973626705684,0.12972665015705737,1.5277777777777777,0.19851958489279076,1.0,0.5031626810150763,1.094885106895984,0.0007973787734653968,1.9982412095536923
63,2.0,Filtered OR-DML (Ours),1.7611011358885953,0.13990908160917073,1.5277777777777777,0.2333233581108176,1.0,0.5032156766065214,1.0982446743531153,0.0009885216147454254,1.9977528733103165
64,2.0,Oracle DML,1.4865361419173775,0.03237130133245029,1.5277777777777777,-0.041241635860400194,1.0,0.470178497160914,1.3209592103298813,0.0,0.0
64,2.0,Standard DML,9.805485826374312,0.1189977509410804,1.5277777777777777,8.277708048596534,0.0,5.154001286539142,1.0,,
64,2.0,Block DML,9.818536664484206,0.11957341340788141,1.5277777777777777,8.290758886706428,0.0,5.215622573826878,1.0,,
64,2.0,Unregularized Coupled DML,1.496782783092172,0.06394369140908829,1.5277777777777777,-0.030994994685605626,1.0,0.4701799944940895,1.3209382577324962,0.0003023625829784027,1.999890415355587
64,2.0,Spectral OR-DML (Ours),1.49445732609391,0.06383251297196883,1.5277777777777777,-0.03332045168386766,1.0,0.4701799944940895,1.3209382577324962,0.0003023625829784027,1.999890415355587
64,2.0,Filtered OR-DML (Ours),1.5150650826047414,0.06574488952960175,1.5277777777777777,-0.012712695173036304,1.0,0.470291600795987,1.320868873271805,0.0006423579643121003,1.9996715103246046
65,2.0,Oracle DML,1.5660134234895005,0.034446578238030344,1.5277777777777777,0.03823564571172278,1.0,0.4767463791534934,1.152888513785741,0.0,0.0
65,2.0,Standard DML,9.904315410097052,0.10483467036113757,1.5277777777777777,8.376537632319273,0.0,5.052097595825081,1.0,,
65,2.0,Block DML,9.91576232442318,0.10448916994838911,1.5277777777777777,8.387984546645402,0.0,5.1289191941792485,1.0,,
65,2.0,Unregularized Coupled DML,1.595205924726242,0.07733194378153116,1.5277777777777777,0.06742814694846433,1.0,0.47678787484497503,1.15288113122402,0.0006042465701411205,1.9996651359290516
65,2.0,Spectral OR-DML (Ours),1.5928162520247917,0.07719028605618519,1.5277777777777777,0.06503847424701403,1.0,0.47678787484497503,1.15288113122402,0.0006042465701411205,1.9996651359290516
65,2.0,Filtered OR-DML (Ours),1.6778896414299427,0.10430563460620383,1.5277777777777777,0.150111863652165,1.0,0.47857596211724235,1.15142933374198,0.001296137001193682,1.998629626558872
66,2.0,Oracle DML,1.5026415354649973,0.03550493049638504,1.5277777777777777,-0.025136242312780332,1.0,0.41953429279528326,1.3380113515516023,0.0,0.0
66,2.0,Standard DML,10.190517477058995,0.12580980120139115,1.5277777777777777,8.662739699281218,0.0,4.53142704242461,1.0,,
66,2.0,Block DML,10.18992070881591,0.12572730260580217,1.5277777777777777,8.662142931038133,0.0,4.598632858625668,1.0,,
66,2.0,Unregularized Coupled DML,1.6439420917829044,0.11486145561271573,1.5277777777777777,0.11616431400512672,1.0,0.41941459210875365,1.3462709684049081,0.0012186738413293462,1.9988326496988944
66,2.0,Spectral OR-DML (Ours),1.6414281673626787,0.11473868756512941,1.5277777777777777,0.11365038958490103,1.0,0.41941459210875365,1.3462709684049081,0.0012186738413293462,1.9988326496988944
66,2.0,Filtered OR-DML (Ours),1.5599885262532769,0.07437442337595408,1.5277777777777777,0.03221074847549921,1.0,0.4191550819478779,1.3389396304867542,0.0010189806334584823,1.9994112897315965
67,2.0,Oracle DML,1.5803192834322206,0.032937470075481375,1.5277777777777777,0.05254150565444293,1.0,0.49729150584823095,1.1018390966334928,0.0,0.0
67,2.0,Standard DML,9.98246424560911,0.101776917035978,1.5277777777777777,8.454686467831333,0.0,4.940401606164099,1.0,,
67,2.0,Block DML,9.992583084059905,0.09965310562100066,1.5277777777777777,8.464805306282127,0.0,5.007432891388178,1.0,,
67,2.0,Unregularized Coupled DML,1.581530432661345,0.06628843296844593,1.5277777777777777,0.0537526548835674,1.0,0.49728673659609696,1.1018452411918884,4.9364618293640784e-05,1.9999857179929623
67,2.0,Spectral OR-DML (Ours),1.5792002890707162,0.06618371745399963,1.5277777777777777,0.05142251129293851,1.0,0.49728673659609696,1.1018452411918884,4.9364618293640784e-05,1.9999857179929623
67,2.0,Filtered OR-DML (Ours),1.5845237808295858,0.06662773819399272,1.5277777777777777,0.0567460030518081,1.0,0.4972772628022534,1.1018478431597618,0.00019586632412487158,1.9999229565955754
68,2.0,Oracle DML,1.4549759868337968,0.03210495716844808,1.5277777777777777,-0.07280179094398087,0.0,0.4480970644182933,1.2763002714407503,0.0,0.0
68,2.0,Standard DML,9.889954925499644,0.12322681948082598,1.5277777777777777,8.362177147721866,0.0,5.039122507556132,1.0,,
68,2.0,Block DML,9.924732876783331,0.12402784055052501,1.5277777777777777,8.396955099005552,0.0,5.06258858111907,1.0,,
68,2.0,Unregularized Coupled DML,1.4709232332120286,0.07172487160319144,1.5277777777777777,-0.05685454456574912,1.0,0.448139160505537,1.2759943562153204,0.0003501272616090312,1.9998381034084745
68,2.0,Spectral OR-DML (Ours),1.4686659474586392,0.0715881778498278,1.5277777777777777,-0.05911183031913847,1.0,0.448139160505537,1.2759943562153204,0.0003501272616090312,1.9998381034084745
68,2.0,Filtered OR-DML (Ours),1.4577764411409677,0.07028258325722055,1.5277777777777777,-0.07000133663680996,1.0,0.4480922512145717,1.2762216571983092,0.00016201275586161742,1.9999508013429417
69,2.0,Oracle DML,1.4022141656303395,0.034971907623790745,1.5277777777777777,-0.12556361214743816,0.0,0.39666438384008007,1.6076902467117125,0.0,0.0
69,2.0,Standard DML,9.78255856534876,0.12733210746646145,1.5277777777777777,8.254780787570983,0.0,4.881087993139892,1.0,,
69,2.0,Block DML,9.8324965923239,0.12642764315297786,1.5277777777777777,8.30471881454612,0.0,4.933253976751203,1.0,,
69,2.0,Unregularized Coupled DML,1.4096886302072,0.06594996611493521,1.5277777777777777,-0.11808914757057765,1.0,0.39651733157706454,1.6082318775318758,0.00019212068152025163,1.9999330817760517
69,2.0,Spectral OR-DML (Ours),1.4073791057016214,0.06582646078205197,1.5277777777777777,-0.12039867207615629,1.0,0.39651733157706454,1.6082318775318758,0.00019212068152025163,1.9999330817760517
69,2.0,Filtered OR-DML (Ours),1.4140030722768817,0.06627586161295179,1.5277777777777777,-0.11377470550089597,1.0,0.3965887296811721,1.6078435955369448,0.0004055572107148231,1.9998505883788873
70,2.0,Oracle DML,1.4575585493967176,0.029934197421401826,1.5277777777777777,-0.0702192283810601,0.0,0.4333894749985152,1.4015603392838636,0.0,0.0
70,2.0,Standard DML,9.823862767580676,0.11062127679846968,1.5277777777777777,8.2960849898029,0.0,5.000778766910638,1.0,,
70,2.0,Block DML,9.836331253583001,0.10941228905786526,1.5277777777777777,8.308553475805223,0.0,5.051490168117209,1.0,,
70,2.0,Unregularized Coupled DML,1.5214589118873776,0.09498303786023864,1.5277777777777777,-0.006318865890400094,1.0,0.4362422032937402,1.3917876789981103,0.0006057348203297102,1.9993269970844718
70,2.0,Spectral OR-DML (Ours),1.5190322845136408,0.09481976202731002,1.5277777777777777,-0.008745493264136872,1.0,0.4362422032937402,1.3917876789981103,0.0006057348203297102,1.9993269970844718
70,2.0,Filtered OR-DML (Ours),1.475724055627702,0.07438256217486656,1.5277777777777777,-0.05205372215007564,1.0,0.4335288297973207,1.400926776708349,0.0004103673714269193,1.99979378437804
71,2.0,Oracle DML,1.4884336864230032,0.034644675347062774,1.5277777777777777,-0.03934409135477446,1.0,0.4403511678996343,1.3578739975216074,0.0,0.0
71,2.0,Standard DML,9.748344669036609,0.11070287960718903,1.5277777777777777,8.22056689125883,0.0,4.938361102891854,1.0,,
71,2.0,Block DML,9.836301047274022,0.11013951071063365,1.5277777777777777,8.308523269496245,0.0,5.037008245115458,1.0,,
71,2.0,Unregularized Coupled DML,1.5594674521337368,0.08407011580691341,1.5277777777777777,0.03168967435595915,1.0,0.4403667362852848,1.359098168174998,0.0010357213596905552,1.999107657683969
71,2.0,Spectral OR-DML (Ours),1.55704497912354,0.08393631933778499,1.5277777777777777,0.029267201345762217,1.0,0.4403667362852848,1.359098168174998,0.0010357213596905552,1.999107657683969
71,2.0,Filtered OR-DML (Ours),1.6777597391125547,0.13073300922153208,1.5277777777777777,0.14998196133477704,1.0,0.44429161691748914,1.3546783680278907,0.0015330096822762022,1.9975200535978566
72,2.0,Oracle DML,1.5275200540998137,0.034908551382697134,1.5277777777777777,-0.00025772367796395024,1.0,0.5112336787902874,1.0891424430658654,0.0,0.0
72,2.0,Standard DML,9.905208330697285,0.11887899272746058,1.5277777777777777,8.377430552919506,0.0,5.097369019252051,1.0,,
72,2.0,Block DML,9.889346055982061,0.11712462978057889,1.5277777777777777,8.361568278204285,0.0,5.173672844567381,1.0,,
72,2.0,Unregularized Coupled DML,1.5292817708410968,0.06771908395602587,1.5277777777777777,0.0015039930633191645,1.0,0.5112321428640685,1.0891090669477823,5.949093398931575e-05,1.999983177840304
72,2.0,Spectral OR-DML (Ours),1.527120329868518,0.06762501210158393,1.5277777777777777,-0.0006574479092595897,1.0,0.5112321428640685,1.0891090669477823,5.949093398931575e-05,1.999983177840304
72,2.0,Filtered OR-DML (Ours),1.5355263288248553,0.0678172496639913,1.5277777777777777,0.007748551047077612,1.0,0.5112401654585975,1.0889254448670413,0.000245997213997829,1.9999034642299982
73,2.0,Oracle DML,1.532396049086479,0.03245867762007874,1.5277777777777777,0.004618271308701294,1.0,0.456938780437027,1.193632198241154,0.0,0.0
73,2.0,Standard DML,10.020455748509633,0.11216761609656861,1.5277777777777777,8.492677970731854,0.0,4.829723146456996,1.0,,
73,2.0,Block DML,10.074090345869859,0.10985628854473525,1.5277777777777777,8.54631256809208,0.0,4.941534139380451,1.0,,
73,2.0,Unregularized Coupled DML,1.6930128748535311,0.13715052174864542,1.5277777777777777,0.16523509707575346,1.0,0.45768640762012386,1.2087483468214695,0.0007902685686025548,1.9977550716177992
73,2.0,Spectral OR-DML (Ours),1.690457867861163,0.13697534101021366,1.5277777777777777,0.16268009008338535,1.0,0.45768640762012386,1.2087483468214695,0.0007902685686025548,1.9977550716177992
73,2.0,Filtered OR-DML (Ours),1.7530579296138868,0.15397354793183932,1.5277777777777777,0.22528015183610917,1.0,0.4653933426858759,1.1847075605709936,0.001384202175569938,1.9969412597304954
74,2.0,Oracle DML,1.5011932053426935,0.036386014668183635,1.5277777777777777,-0.026584572435084164,1.0,0.4249409884355821,1.2926572104356027,0.0,0.0
74,2.0,Standard DML,9.95069190799884,0.09715828092462335,1.5277777777777777,8.422914130221063,0.0,4.962636319249438,1.0,,
74,2.0,Block DML,10.00776875324431,0.09837534566758789,1.5277777777777777,8.479990975466531,0.0,5.031904341852607,1.0,,
74,2.0,Unregularized Coupled DML,1.5042109546215054,0.07326299150710067,1.5277777777777777,-0.023566823156272232,1.0,0.4248898722754901,1.2927938820705436,0.00010448783041243584,1.9999719010758137
74,2.0,Spectral OR-DML (Ours),1.5018924093044652,0.07312558651199606,1.5277777777777777,-0.025885368473312464,1.0,0.4248898722754901,1.2927938820705436,0.00010448783041243584,1.9999719010758137
74,2.0,Filtered OR-DML (Ours),1.5125475925727634,0.07312648226744109,1.5277777777777777,-0.01523018520501429,1.0,0.42465625511792654,1.2935157118326346,0.00028921119769295597,1.9998942875462955
75,2.0,Oracle DML,1.52208363227198,0.04249301917797588,1.5277777777777777,-0.005694145505797721,1.0,0.37506737057268663,1.4911216441407138,0.0,0.0
75,2.0,Standard DML,10.184706178108005,0.11857166744312643,1.5277777777777777,8.656928400330226,0.0,4.780918664348699,1.0,,
75,2.0,Block DML,10.23970240258649,0.11824216337175779,1.5277777777777777,8.711924624808713,0.0,4.9333308762020565,1.0,,
75,2.0,Unregularized Coupled DML,1.5244327986965516,0.08056157356625343,1.5277777777777777,-0.003344979081226107,1.0,0.375009830782933,1.4913337702504728,9.286330411863034e-05,1.999969966864605
75,2.0,Spectral OR-DML (Ours),1.5219171630452526,0.08039548396193098,1.5277777777777777,-0.005860614732525082,1.0,0.375009830782933,1.4913337702504728,9.286330411863034e-05,1.999969966864605
75,2.0,Filtered OR-DML (Ours),1.5301922249513529,0.08049997000810892,1.5277777777777777,0.002414447173575196,1.0,0.3746761469135783,1.4927137936443464,0.00030834181589144285,1.9998413700409707
76,2.0,Oracle DML,1.3659742746420709,0.03307078223861037,1.5277777777777777,-0.1618035031357068,0.0,0.3989444941946728,1.5388337124675084,0.0,0.0
76,2.0,Standard DML,9.867549592153638,0.10339077165471264,1.5277777777777777,8.339771814375862,0.0,4.975634065810195,1.0,,
76,2.0,Block DML,9.87985393372134,0.10289091326226149,1.5277777777777777,8.35207615594356,0.0,5.04586287771476,1.0,,
76,2.0,Unregularized Coupled DML,1.4157525211643613,0.08318762201050858,1.5277777777777777,-0.11202525661341634,1.0,0.39994860357611506,1.53430861899606,0.0006713972329199497,1.999385613211872
76,2.0,Spectral OR-DML (Ours),1.4134235202069156,0.08303143513383714,1.5277777777777777,-0.11435425757086204,1.0,0.39994860357611506,1.53430861899606,0.0006713972329199497,1.999385613211872
76,2.0,Filtered OR-DML (Ours),1.398093360884165,0.07492824507861848,1.5277777777777777,-0.12968441689361265,1.0,0.39928809830743955,1.5368716310259667,0.000622384915560361,1.9996640975490103
77,2.0,Oracle DML,1.3997567874572208,0.03126069188356409,1.5277777777777777,-0.12802099032055692,0.0,0.3926987802754394,1.5681972875860757,0.0,0.0
77,2.0,Standard DML,9.717311389384156,0.12950596989081775,1.5277777777777777,8.189533611606379,0.0,4.845072770082063,1.0,,
77,2.0,Block DML,9.766338945021925,0.13062245622876117,1.5277777777777777,8.238561167244146,0.0,4.919183800147135,1.0,,
77,2.0,Unregularized Coupled DML,1.4015377078151974,0.07175886610783365,1.5277777777777777,-0.1262400699625803,1.0,0.3926557841335847,1.5683703655408856,7.131379140018842e-05,1.9999801361058651
77,2.0,Spectral OR-DML (Ours),1.3992420980323743,0.07160893263980704,1.5277777777777777,-0.12853567974540336,1.0,0.3926557841335847,1.5683703655408856,7.131379140018842e-05,1.9999801361058651
77,2.0,Filtered OR-DML (Ours),1.4063921130758084,0.07130219010620001,1.5277777777777777,-0.12138566470196932,1.0,0.3926111558508922,1.568579857823907,0.00021519385601898513,1.9999221140288785
78,2.0,Oracle DML,1.5670983975878043,0.03721080545386696,1.5277777777777777,0.03932061981002666,1.0,0.45648611976719866,1.2357664954810195,0.0,0.0
78,2.0,Standard DML,10.08370723964778,0.10806866023214515,1.5277777777777777,8.55592946187,0.0,4.823907958845425,1.0,,
78,2.0,Block DML,10.099789407148746,0.10778290178532038,1.5277777777777777,8.57201162937097,0.0,4.8922968160099485,1.0,,
78,2.0,Unregularized Coupled DML,1.6567843233798722,0.09241876695452202,1.5277777777777777,0.12900654560209457,1.0,0.45740423788012646,1.2325980220458483,0.0011698415073343842,1.9991106181252478
78,2.0,Spectral OR-DML (Ours),1.654256730250939,0.09227449987794677,1.5277777777777777,0.12647895247316132,1.0,0.45740423788012646,1.2325980220458483,0.0011698415073343842,1.9991106181252478
78,2.0,Filtered OR-DML (Ours),1.8272710892326007,0.15866585974270747,1.5277777777777777,0.29949331145482305,1.0,0.46761618136396027,1.2125074246871816,0.0017403890529286835,1.997213482451189
79,2.0,Oracle DML,1.6108739199949107,0.035485673264512754,1.5277777777777777,0.08309614221713302,0.0,0.45185000683126797,1.154597025744092,0.0,0.0
79,2.0,Standard DML,9.94617265216673,0.11280420988443488,1.5277777777777777,8.418394874388952,0.0,4.885587186813203,1.0,,
79,2.0,Block DML,9.972851913748839,0.11441740577530478,1.5277777777777777,8.445074135971062,0.0,4.904571443198036,1.0,,
79,2.0,Unregularized Coupled DML,1.6113013175001702,0.0710305447750658,1.5277777777777777,0.08352353972239257,1.0,0.45184841097030704,1.1546011784140329,1.783394553194415e-05,1.9999959539679038
79,2.0,Spectral OR-DML (Ours),1.6088997694086467,0.07091272828979166,1.5277777777777777,0.08112199163086897,1.0,0.45184841097030704,1.1546011784140329,1.783394553194415e-05,1.9999959539679038
79,2.0,Filtered OR-DML (Ours),1.611069757918189,0.07090675565541694,1.5277777777777777,0.08329198014041128,1.0,0.45184425014801205,1.154614856757854,8.23259810113599e-05,1.999975337323721
80,2.0,Oracle DML,1.4470704083514585,0.03439239287125335,1.5277777777777777,-0.08070736942631918,0.0,0.40636824790393306,1.4872998737259604,0.0,0.0
80,2.0,Standard DML,9.93088313500444,0.11445586915863225,1.5277777777777777,8.40310535722666,0.0,4.916816882838239,1.0,,
80,2.0,Block DML,9.915158061832678,0.11369990669169758,1.5277777777777777,8.387380284054899,0.0,4.926012412331733,1.0,,
80,2.0,Unregularized Coupled DML,1.449390118383856,0.07243510594062998,1.5277777777777777,-0.07838765939392167,1.0,0.40634705343025906,1.4873860338630123,6.928447482036926e-05,1.9999778665401928
80,2.0,Spectral OR-DML (Ours),1.447015536448156,0.0723100225834666,1.5277777777777777,-0.08076224132962162,1.0,0.40634705343025906,1.4873860338630123,6.928447482036926e-05,1.9999778665401928
80,2.0,Filtered OR-DML (Ours),1.4475972551093474,0.07238193654796082,1.5277777777777777,-0.08018052266843023,1.0,0.40636331780690704,1.487328039210265,0.00010039028939735849,1.9999684207783788
81,2.0,Oracle DML,1.5174539544058303,0.03292125441102671,1.5277777777777777,-0.010323823371947372,1.0,0.4491786291725134,1.3440594151436138,0.0,0.0
81,2.0,Standard DML,9.809001179245454,0.09845978413745601,1.5277777777777777,8.281223401467678,0.0,5.104812470430365,1.0,,
81,2.0,Block DML,9.86394709007468,0.10196764226598239,1.5277777777777777,8.336169312296903,0.0,5.226794012297602,1.0,,
81,2.0,Unregularized Coupled DML,1.5182944510669472,0.06714523484653069,1.5277777777777777,-0.00948332671083052,1.0,0.44917556234304,1.3440489934863982,4.09860036824761e-05,1.9999898496779087
81,2.0,Spectral OR-DML (Ours),1.5159162849622536,0.06701222846103877,1.5277777777777777,-0.011861492815524066,1.0,0.44917556234304,1.3440489934863982,4.09860036824761e-05,1.9999898496779087
81,2.0,Filtered OR-DML (Ours),1.5188953656857767,0.06723048954422219,1.5277777777777777,-0.008882412092001024,1.0,0.44916653332781353,1.3439997664853973,0.00014820890599208207,1.9999535323375084
82,2.0,Oracle DML,1.6563632144303988,0.03841498808595328,1.5277777777777777,0.12858543665262112,0.0,0.4733497261664599,1.0099753532600535,0.0,0.0
82,2.0,Standard DML,10.037733385342367,0.10242056206082693,1.5277777777777777,8.509955607564589,0.0,5.054241250623854,1.0,,
82,2.0,Block DML,10.036430525053115,0.1027625148031262,1.5277777777777777,8.508652747275338,0.0,5.068854298961267,1.0,,
82,2.0,Unregularized Coupled DML,10.037989546014266,0.19441740923688627,1.5277777777777777,8.510211768236488,0.0,0.0028342465056592214,895.2767835744228,0.6915429560158086,0.9997899449449071
82,2.0,Spectral OR-DML (Ours),10.030304158016076,0.13111113526491422,1.5277777777777777,8.502526380238297,0.0,0.0028342465056592214,895.2767835744228,0.6915429560158086,0.9997899449449071
82,2.0,Filtered OR-DML (Ours),10.030334880869937,0.13252843578829873,1.5277777777777777,8.502557103092158,0.0,0.002826793508962533,897.6359794763309,0.6915435832889506,1.0001188757496495
83,2.0,Oracle DML,1.5694203097493924,0.035733914092870495,1.5277777777777777,0.041642531971614716,1.0,0.41795710965304333,1.3405699825080661,0.0,0.0
83,2.0,Standard DML,10.06045762653777,0.10576393502123134,1.5277777777777777,8.532679848759994,0.0,5.016177991022687,1.0,,
83,2.0,Block DML,10.099811349143296,0.10644360547219461,1.5277777777777777,8.57203357136552,0.0,5.093059570452511,1.0,,
83,2.0,Unregularized Coupled DML,1.7070056237999345,0.11519659026033358,1.5277777777777777,0.1792278460221568,1.0,0.4173959001736419,1.3558112876595383,0.0011345859257412539,1.9982386572367696
83,2.0,Spectral OR-DML (Ours),1.7043550354662416,0.11504400910728131,1.5277777777777777,0.17657725768846388,1.0,0.4173959001736419,1.3558112876595383,0.0011345859257412539,1.9982386572367696
83,2.0,Filtered OR-DML (Ours),1.6197197937655936,0.07519168315697183,1.5277777777777777,0.09194201598781593,1.0,0.41770887056986133,1.3431445569870561,0.0008662902377437758,1.9993487981939655
84,2.0,Oracle DML,1.5398749712609971,0.034523814667558404,1.5277777777777777,0.01209719348321947,1.0,0.4508528736233321,1.1959474852396097,0.0,0.0
84,2.0,Standard DML,10.088788708106332,0.10427384141851122,1.5277777777777777,8.561010930328553,0.0,4.868064061643167,1.0,,
84,2.0,Block DML,10.108866661809442,0.10622000712305853,1.5277777777777777,8.581088884031665,0.0,4.834400765940864,1.0,,
84,2.0,Unregularized Coupled DML,1.5455785055458513,0.07216367123608161,1.5277777777777777,0.01780072776807362,1.0,0.45081746050680005,1.1960049702460298,0.00018005510940130294,1.9999356245626974
84,2.0,Spectral OR-DML (Ours),1.543240143257436,0.07204421247388464,1.5277777777777777,0.015462365479658402,1.0,0.45081746050680005,1.1960049702460298,0.00018005510940130294,1.9999356245626974
84,2.0,Filtered OR-DML (Ours),1.5677497884379406,0.07442840571179482,1.5277777777777777,0.03997201066016287,1.0,0.4507008781894302,1.196389389252522,0.0006001458460190866,1.9996445256564297
85,2.0,Oracle DML,1.5909384270517648,0.03600955292678165,1.5277777777777777,0.06316064927398712,1.0,0.4708776062674379,1.085578577376222,0.0,0.0
85,2.0,Standard DML,10.07322537442646,0.10842864899007924,1.5277777777777777,8.545447596648682,0.0,4.8965427607209175,1.0,,
85,2.0,Block DML,10.136994996637537,0.1115648275358776,1.5277777777777777,8.609217218859758,0.0,4.983718368413519,1.0,,
85,2.0,Unregularized Coupled DML,1.6312162590950336,0.07899409219899667,1.5277777777777777,0.10343848131725597,1.0,0.4712543840742034,1.083508560429849,0.0007651040851721256,1.9995511108648933
85,2.0,Spectral OR-DML (Ours),1.6288087116584897,0.07886784815661514,1.5277777777777777,0.10103093388071205,1.0,0.4712543840742034,1.083508560429849,0.0007651040851721256,1.9995511108648933
85,2.0,Filtered OR-DML (Ours),1.7082129654233698,0.10836685186768634,1.5277777777777777,0.18043518764559208,1.0,0.4752080022507725,1.0754832252351578,0.0013190100759267445,1.99868047523861
86,2.0,Oracle DML,1.5525945553863902,0.032784766662822665,1.5277777777777777,0.02481677760861256,1.0,0.46252170231806833,1.1677391366108496,0.0,0.0
86,2.0,Standard DML,10.068917912844238,0.10094728971172197,1.5277777777777777,8.54114013506646,0.0,4.809797025984326,1.0,,
86,2.0,Block DML,10.087176380057347,0.10214013743146702,1.5277777777777777,8.559398602279568,0.0,4.827825759467308,1.0,,
86,2.0,Unregularized Coupled DML,1.554651568928142,0.07549365269620152,1.5277777777777777,0.026873791150364257,1.0,0.4625200920774326,1.1676927764897156,7.683497473637808e-05,1.99997409579189
86,2.0,Spectral OR-DML (Ours),1.5523177660589762,0.07537461564098072,1.5277777777777777,0.02453998828119852,1.0,0.4625200920774326,1.1676927764897156,7.683497473637808e-05,1.99997409579189
86,2.0,Filtered OR-DML (Ours),1.5519633217609923,0.07531477980682795,1.5277777777777777,0.024185543983214597,1.0,0.4625159729662635,1.1677276372008993,6.557123863567257e-05,1.9999825839311904
87,2.0,Oracle DML,1.5706917075713258,0.03351501000480639,1.5277777777777777,0.04291392979354813,1.0,0.4317608803672885,1.2704851104145094,0.0,0.0
87,2.0,Standard DML,10.054609776991121,0.09458357014817272,1.5277777777777777,8.526831999213343,0.0,4.92832867925504,1.0,,
87,2.0,Block DML,10.08853378612132,0.09264981422504807,1.5277777777777777,8.560756008343542,0.0,5.0023010739249365,1.0,,
87,2.0,Unregularized Coupled DML,1.6661570829716164,0.11007055696224251,1.5277777777777777,0.13837930519383868,1.0,0.43738906070736167,1.2497970023499292,0.000623257425651362,1.9992494537462357
87,2.0,Spectral OR-DML (Ours),1.6636113090103086,0.1099245696991545,1.5277777777777777,0.13583353123253095,1.0,0.43738906070736167,1.2497970023499292,0.000623257425651362,1.9992494537462357
87,2.0,Filtered OR-DML (Ours),1.7298104185089684,0.15935117225189702,1.5277777777777777,0.20203264073119076,1.0,0.4503376092494339,1.2120125881507093,0.0005827809992864437,1.9985906545790812
88,2.0,Oracle DML,1.4851269866903984,0.032675899576468936,1.5277777777777777,-0.042650791087379236,1.0,0.44576713049158145,1.2699401068181881,0.0,0.0
88,2.0,Standard DML,9.982890882354937,0.10844125483579821,1.5277777777777777,8.455113104577158,0.0,4.833304022399281,1.0,,
88,2.0,Block DML,10.00382917200144,0.10905246362515872,1.5277777777777777,8.476051394223663,0.0,4.890264977106732,1.0,,
88,2.0,Unregularized Coupled DML,1.5015760719503173,0.0685252178965584,1.5277777777777777,-0.026201705827460398,1.0,0.44566805934932224,1.2702734137801075,0.00035609248601802294,1.9998546646677664
88,2.0,Spectral OR-DML (Ours),1.4992678888934314,0.06840188227203436,1.5277777777777777,-0.028509888884346246,1.0,0.44566805934932224,1.2702734137801075,0.00035609248601802294,1.9998546646677664
88,2.0,Filtered OR-DML (Ours),1.4886630745777363,0.06824377627363952,1.5277777777777777,-0.0391147032000414,1.0,0.4457287456247369,1.270022216367114,0.0001928646569633012,1.9999432471082264
89,2.0,Oracle DML,1.4969631661409373,0.03484290669831915,1.5277777777777777,-0.030814611636840405,1.0,0.43362193585537073,1.2484061556570059,0.0,0.0
89,2.0,Standard DML,10.109145403051144,0.104707299632626,1.5277777777777777,8.581367625273366,0.0,4.736324428903589,1.0,,
89,2.0,Block DML,10.169313379616097,0.1053907375474901,1.5277777777777777,8.64153560183832,0.0,4.812498323527199,1.0,,
89,2.0,Unregularized Coupled DML,10.179692162423246,0.44932575782840883,1.5277777777777777,8.651914384645469,0.0,0.006428591356574254,374.3224708063352,0.6921693146065631,1.001836824847884
89,2.0,Spectral OR-DML (Ours),10.17017179943778,0.29731626119456706,1.5277777777777777,8.642394021660003,0.0,0.006428591356574254,374.3224708063352,0.6921693146065631,1.001836824847884
89,2.0,Filtered OR-DML (Ours),10.170377177983191,0.3042225646358564,1.5277777777777777,8.642599400205413,0.0,0.006355407596123297,378.6239340053158,0.6921670182786293,1.0043334138364415
90,2.0,Oracle DML,1.5264796752544867,0.033967299096753,1.5277777777777777,-0.0012981025232909893,1.0,0.4534417944407109,1.363173656037077,0.0,0.0
90,2.0,Standard DML,9.752513607654373,0.11628759305573574,1.5277777777777777,8.224735829876597,0.0,5.206854642815074,1.0,,
90,2.0,Block DML,9.830765534802346,0.11918929448323382,1.5277777777777777,8.302987757024567,0.0,5.30558753067801,1.0,,
90,2.0,Unregularized Coupled DML,1.5695365213064252,0.07681708836425707,1.5277777777777777,0.0417587435286475,1.0,0.45102027788444327,1.3715747228188386,0.0008503176216210435,1.9991884416553198
90,2.0,Spectral OR-DML (Ours),1.5670533232025634,0.07668567095586042,1.5277777777777777,0.03927554542478573,1.0,0.45102027788444327,1.3715747228188386,0.0008503176216210435,1.9991884416553198
90,2.0,Filtered OR-DML (Ours),1.553025077114082,0.07173823479951186,1.5277777777777777,0.02524729933630443,1.0,0.45258408674031014,1.3659540307284104,0.0007718573035194413,1.9995907092102145
91,2.0,Oracle DML,1.5957466715222688,0.03811011480747233,1.5277777777777777,0.06796889374449111,1.0,0.5091096152824194,1.022966980773663,0.0,0.0
91,2.0,Standard DML,10.026966560920402,0.10765036551229881,1.5277777777777777,8.499188783142625,0.0,5.0400578601705,1.0,,
91,2.0,Block DML,10.047821697628498,0.10937918959777976,1.5277777777777777,8.520043919850721,0.0,5.122853628541864,1.0,,
91,2.0,Unregularized Coupled DML,1.60036071171379,0.07766819831860611,1.5277777777777777,0.07258293393601223,1.0,0.5091170853135091,1.022845036156951,0.00013459402149253237,1.999954791799562
91,2.0,Spectral OR-DML (Ours),1.5980398482585767,0.07754961421172915,1.5277777777777777,0.07026207048079902,1.0,0.5091170853135091,1.022845036156951,0.00013459402149253237,1.999954791799562
91,2.0,Filtered OR-DML (Ours),1.6141443556269501,0.07931451217535262,1.5277777777777777,0.08636657784917245,1.0,0.5093814121194766,1.0218782940255253,0.0003596310283966186,1.9998030207850512
92,2.0,Oracle DML,1.5211362075024062,0.03437825755990891,1.5277777777777777,-0.006641570275371489,1.0,0.45308818964603254,1.2401178125316459,0.0,0.0
92,2.0,Standard DML,9.918935082392105,0.10707378695440571,1.5277777777777777,8.391157304614328,0.0,5.094657067480075,1.0,,
92,2.0,Block DML,9.95432863795358,0.11001942836595266,1.5277777777777777,8.426550860175801,0.0,5.290623684587501,1.0,,
92,2.0,Unregularized Coupled DML,1.6557783720532673,0.11384551540011358,1.5277777777777777,0.1280005942754896,1.0,0.4543263763937751,1.2416001650290989,0.0011009625071734489,1.9988540361209914
92,2.0,Spectral OR-DML (Ours),1.6532522001099095,0.11367825256870744,1.5277777777777777,0.1254744223321318,1.0,0.4543263763937751,1.2416001650290989,0.0011009625071734489,1.9988540361209914
92,2.0,Filtered OR-DML (Ours),1.816904420765293,0.2051124056034633,1.5277777777777777,0.2891266429875152,1.0,0.4607185201036987,1.2541743045179456,0.001172288429947368,1.99739703966915
93,2.0,Oracle DML,1.5718437122002258,0.03254701690290414,1.5277777777777777,0.044065934422448105,1.0,0.47870362092856045,1.1216971788311687,0.0,0.0
93,2.0,Standard DML,10.211919832083135,0.11374076872190024,1.5277777777777777,8.684142054305358,0.0,4.69924145062702,1.0,,
93,2.0,Block DML,10.2470255565049,0.11219705864315165,1.5277777777777777,8.719247778727123,0.0,4.813356474524732,1.0,,
93,2.0,Unregularized Coupled DML,1.573557643441887,0.07102619085611529,1.5277777777777777,0.0457798656641093,1.0,0.4786983238130876,1.121694376015982,5.951716306987564e-05,1.9999822478049047
93,2.0,Spectral OR-DML (Ours),1.5712149472265418,0.07091237573157524,1.5277777777777777,0.04343716944876408,1.0,0.4786983238130876,1.121694376015982,5.951716306987564e-05,1.9999822478049047
93,2.0,Filtered OR-DML (Ours),1.5716860196957156,0.07081567251740348,1.5277777777777777,0.04390824191793796,1.0,0.478684588918528,1.1216787656825786,8.726056216864673e-05,1.9999771562408826
94,2.0,Oracle DML,1.5167976585135154,0.03205741347990904,1.5277777777777777,-0.010980119264262234,1.0,0.4793196258160096,1.201630876691116,0.0,0.0
94,2.0,Standard DML,10.017720402446349,0.11024407166209034,1.5277777777777777,8.489942624668572,0.0,4.907461385655245,1.0,,
94,2.0,Block DML,10.05300179876661,0.11414668447029015,1.5277777777777777,8.525224020988833,0.0,4.948721881838416,1.0,,
94,2.0,Unregularized Coupled DML,1.5302131864798436,0.07524671636226425,1.5277777777777777,0.002435408702065933,1.0,0.4793272553847752,1.201518416761383,0.00032981995870658354,1.9998410518097687
94,2.0,Spectral OR-DML (Ours),1.5278940948194095,0.07511772668736297,1.5277777777777777,0.00011631704163184153,1.0,0.4793272553847752,1.201518416761383,0.00032981995870658354,1.9998410518097687
94,2.0,Filtered OR-DML (Ours),1.5699165494451097,0.08788511460823929,1.5277777777777777,0.04213877166733204,1.0,0.4806310120370384,1.1982037323075825,0.0007324882371609349,1.999326078838849
95,2.0,Oracle DML,1.61204251666006,0.036921933564819716,1.5277777777777777,0.08426473888228236,0.0,0.47530884014255254,1.080796690506747,0.0,0.0
95,2.0,Standard DML,10.076932262860705,0.10339783337619261,1.5277777777777777,8.549154485082926,0.0,4.911674558013082,1.0,,
95,2.0,Block DML,10.107330533082829,0.10411586504316786,1.5277777777777777,8.579552755305052,0.0,4.963732499763449,1.0,,
95,2.0,Unregularized Coupled DML,1.657536662337827,0.0764339470152534,1.5277777777777777,0.12975888456004925,1.0,0.47513466836718815,1.0813770845254842,0.0006887376312285823,1.9996179957548679
95,2.0,Spectral OR-DML (Ours),1.655109154039544,0.07632753509087585,1.5277777777777777,0.12733137626176627,1.0,0.47513466836718815,1.0813770845254842,0.0006887376312285823,1.9996179957548679
95,2.0,Filtered OR-DML (Ours),1.6727969105821523,0.08371711611083149,1.5277777777777777,0.14501913280437462,1.0,0.47712684938118394,1.0756898663684877,0.000785847251870162,1.9994318554217956
96,2.0,Oracle DML,1.5047929418837906,0.03605822924035979,1.5277777777777777,-0.022984835893987032,1.0,0.48379776387380874,1.1979075202973417,0.0,0.0
96,2.0,Standard DML,9.94115434791484,0.12049827523008223,1.5277777777777777,8.41337657013706,0.0,4.935694283430541,1.0,,
96,2.0,Block DML,9.986351822684068,0.12187053763529336,1.5277777777777777,8.458574044906289,0.0,5.014290753701886,1.0,,
96,2.0,Unregularized Coupled DML,1.5262534461406587,0.07011013041122563,1.5277777777777777,-0.0015243316371189586,1.0,0.48379978422100495,1.197972622152975,0.0005117041538542338,1.9997586757860089
96,2.0,Spectral OR-DML (Ours),1.5239557584879315,0.06999323333566021,1.5277777777777777,-0.003822019289846157,1.0,0.48379978422100495,1.197972622152975,0.0005117041538542338,1.9997586757860089
96,2.0,Filtered OR-DML (Ours),1.5817392953707836,0.08381158679929768,1.5277777777777777,0.05396151759300594,1.0,0.4836629838350365,1.202073039782139,0.0010569885923998041,1.9991157248685802
97,2.0,Oracle DML,1.4739181212336776,0.03578551539152083,1.5277777777777777,-0.053859656544100076,1.0,0.4007116991479312,1.4814146282250822,0.0,0.0
97,2.0,Standard DML,10.048234303611105,0.13845751067312795,1.5277777777777777,8.520456525833328,0.0,4.763370255806071,1.0,,
97,2.0,Block DML,10.073299647150547,0.13926353459895635,1.5277777777777777,8.54552186937277,0.0,4.820269727310403,1.0,,
97,2.0,Unregularized Coupled DML,1.4806257890536865,0.07577106767873301,1.5277777777777777,-0.04715198872409121,1.0,0.4007136712945023,1.4813651142820055,0.00019507583458949193,1.9999358340665556
97,2.0,Spectral OR-DML (Ours),1.478235851942014,0.07561699716186564,1.5277777777777777,-0.04954192583576367,1.0,0.4007136712945023,1.4813651142820055,0.00019507583458949193,1.9999358340665556
97,2.0,Filtered OR-DML (Ours),1.5009467521394555,0.07836197845648028,1.5277777777777777,-0.02683102563832218,1.0,0.40084554085970603,1.4807877264815426,0.0005686471300362174,1.9997280427712147
98,2.0,Oracle DML,1.4979764745360404,0.04162595406825299,1.5277777777777777,-0.029801303241737243,1.0,0.40559369119351485,1.3285389179859561,0.0,0.0
98,2.0,Standard DML,10.060094311285185,0.12386726679843144,1.5277777777777777,8.532316533507409,0.0,4.749317019210026,1.0,,
98,2.0,Block DML,10.059721644797262,0.1235611146238989,1.5277777777777777,8.531943867019486,0.0,4.784471237921214,1.0,,
98,2.0,Unregularized Coupled DML,1.5018913889367058,0.07445600056073652,1.5277777777777777,-0.02588638884107186,1.0,0.4055883923795235,1.3285462138758604,0.00011225768105099225,1.999962820114571
98,2.0,Spectral OR-DML (Ours),1.499540932816577,0.07431826220728607,1.5277777777777777,-0.028236844961200713,1.0,0.4055883923795235,1.3285462138758604,0.00011225768105099225,1.999962820114571
98,2.0,Filtered OR-DML (Ours),1.503825246199742,0.07424108622640192,1.5277777777777777,-0.023952531578035785,1.0,0.4055721902782979,1.3285984419045305,0.00021397215557245844,1.9999259722252793
99,2.0,Oracle DML,1.5590069921971246,0.035686382105558315,1.5277777777777777,0.031229214419346896,1.0,0.46070883930963635,1.1285613110798158,0.0,0.0
99,2.0,Standard DML,10.000071326869858,0.12021267671041347,1.5277777777777777,8.472293549092079,0.0,4.950392937636984,1.0,,
99,2.0,Block DML,10.043760746784935,0.12025152567113317,1.5277777777777777,8.515982969007158,0.0,5.078136638153717,1.0,,
99,2.0,Unregularized Coupled DML,1.5633977593076382,0.07823690612421984,1.5277777777777777,0.03561998152986057,1.0,0.46069776519334554,1.1285002814936655,0.00011786378050372188,1.9999579902606528
99,2.0,Spectral OR-DML (Ours),1.5610661736732392,0.07810933325024234,1.5277777777777777,0.03328839589546151,1.0,0.46069776519334554,1.1285002814936655,0.00011786378050372188,1.9999579902606528
99,2.0,Filtered OR-DML (Ours),1.580873274137201,0.08033922202861044,1.5277777777777777,0.05309549635942323,1.0,0.4608716075105846,1.1276876115901469,0.00042808255211307914,1.9997639910662295
0,4.0,Oracle DML,1.517630715399045,0.03714300635585702,1.5277777777777777,-0.010147062378732752,1.0,0.4169882282334403,1.2329805877534963,0.0,0.0
0,4.0,Standard DML,10.24792730417729,0.11610482766973086,1.5277777777777777,8.720149526399513,0.0,4.641920070727714,1.0,,
0,4.0,Block DML,10.288538342950506,0.1174553452662218,1.5277777777777777,8.760760565172728,0.0,4.760052807704331,1.0,,
0,4.0,Unregularized Coupled DML,1.517630715399045,0.07051659666839666,1.5277777777777777,-0.010147062378732752,1.0,0.4169882282334403,1.2329805877534963,8.034474101944021e-29,2.0
0,4.0,Spectral OR-DML (Ours),1.515317033675808,0.07039861023520248,1.5277777777777777,-0.012460744101969734,1.0,0.4169882282334403,1.2329805877534963,8.034474101944021e-29,2.0
0,4.0,Filtered OR-DML (Ours),1.515317033675808,0.07039861023520248,1.5277777777777777,-0.012460744101969734,1.0,0.4169882282334403,1.2329805877534963,3.769514690545262e-28,2.0
1,4.0,Oracle DML,1.508244090237799,0.03258795627551369,1.5277777777777777,-0.01953368753997875,1.0,0.35548920548354,1.7116040467310452,0.0,0.0
1,4.0,Standard DML,9.884721642044218,0.10255327836970847,1.5277777777777777,8.35694386426644,0.0,5.060188342435261,1.0,,
1,4.0,Block DML,9.897006929456541,0.10281475098737124,1.5277777777777777,8.369229151678763,0.0,5.070094466730657,1.0,,
1,4.0,Unregularized Coupled DML,1.508244090237799,0.06247272570936834,1.5277777777777777,-0.01953368753997875,1.0,0.35548920548354,1.7116040467310452,2.7357056480671386e-21,2.0
1,4.0,Spectral OR-DML (Ours),1.505669836672327,0.06234486319035739,1.5277777777777777,-0.02210794110545078,1.0,0.35548920548354,1.7116040467310452,2.7357056480671386e-21,2.0
1,4.0,Filtered OR-DML (Ours),1.505669836672327,0.06234486319035739,1.5277777777777777,-0.02210794110545078,1.0,0.35548920548354,1.7116040467310452,1.439137989328135e-20,2.0
2,4.0,Oracle DML,1.6139744291674998,0.034486491257423674,1.5277777777777777,0.0861966513897221,0.0,0.4656356497102097,1.0782534913823238,0.0,0.0
2,4.0,Standard DML,10.171722118419263,0.12017058046409103,1.5277777777777777,8.643944340641486,0.0,4.810146001410815,1.0,,
2,4.0,Block DML,10.218024174762377,0.1210944102614803,1.5277777777777777,8.690246396984598,0.0,4.879430151487614,1.0,,
2,4.0,Unregularized Coupled DML,1.6139744291674998,0.0681375473940011,1.5277777777777777,0.0861966513897221,1.0,0.4656356497102097,1.0782534913823238,3.916622672089383e-27,2.0
2,4.0,Spectral OR-DML (Ours),1.6116957978506017,0.06805121838835108,1.5277777777777777,0.083918020072824,1.0,0.4656356497102097,1.0782534913823238,3.916622672089383e-27,2.0
2,4.0,Filtered OR-DML (Ours),1.6116957978506017,0.06805121838835108,1.5277777777777777,0.083918020072824,1.0,0.4656356497102097,1.0782534913823238,1.7733482507489497e-26,2.0
3,4.0,Oracle DML,1.5961533054035897,0.03719531317299404,1.5277777777777777,0.068375527625812,1.0,0.4135457168090433,1.1251499533098528,0.0,0.0
3,4.0,Standard DML,10.158928858901854,0.09459546373573531,1.5277777777777777,8.631151081124077,0.0,4.922443622572486,1.0,,
3,4.0,Block DML,10.1990310194581,0.09659239524970746,1.5277777777777777,8.671253241680322,0.0,5.007920413397075,1.0,,
3,4.0,Unregularized Coupled DML,1.5961533054035897,0.07416917218207282,1.5277777777777777,0.068375527625812,1.0,0.4135457168090433,1.1251499533098528,3.352490437017599e-23,2.0
3,4.0,Spectral OR-DML (Ours),1.593781577531153,0.0740510547058953,1.5277777777777777,0.06600379975337534,1.0,0.4135457168090433,1.1251499533098528,3.352490437017599e-23,2.0
3,4.0,Filtered OR-DML (Ours),1.593781577531153,0.0740510547058953,1.5277777777777777,0.06600379975337534,1.0,0.4135457168090433,1.1251499533098528,1.6812034698647041e-22,2.0
4,4.0,Oracle DML,1.6058701886878244,0.032406960878085894,1.5277777777777777,0.0780924109100467,0.0,0.4800106360748826,1.2801269163191549,0.0,0.0
4,4.0,Standard DML,9.802363495509002,0.11768832611459816,1.5277777777777777,8.274585717731224,0.0,5.118890096192963,1.0,,
4,4.0,Block DML,9.853217803045657,0.11690499988661208,1.5277777777777777,8.32544002526788,0.0,5.202724207827463,1.0,,
4,4.0,Unregularized Coupled DML,1.6058701886878244,0.06854350194270115,1.5277777777777777,0.0780924109100467,1.0,0.4800106360748826,1.2801269163191549,4.940530715161112e-27,2.0
4,4.0,Spectral OR-DML (Ours),1.6033831636178424,0.0684130756429072,1.5277777777777777,0.07560538584006471,1.0,0.4800106360748826,1.2801269163191549,4.940530715161112e-27,2.0
4,4.0,Filtered OR-DML (Ours),1.6033831636178424,0.0684130756429072,1.5277777777777777,0.07560538584006471,1.0,0.4800106360748826,1.2801269163191549,5.043475101162871e-27,2.0
5,4.0,Oracle DML,1.5220399997726985,0.03335909059010001,1.5277777777777777,-0.0057377780050791305,1.0,0.4495162014316719,1.2783619245406204,0.0,0.0
5,4.0,Standard DML,9.819760401437076,0.10366927011703231,1.5277777777777777,8.291982623659298,0.0,5.029446273407366,1.0,,
5,4.0,Block DML,9.837023812055923,0.10441762341296175,1.5277777777777777,8.309246034278146,0.0,5.056669216113611,1.0,,
5,4.0,Unregularized Coupled DML,1.5220399997726985,0.06836763895941053,1.5277777777777777,-0.0057377780050791305,1.0,0.4495162014316719,1.2783619245406204,2.897861543498984e-28,2.0
5,4.0,Spectral OR-DML (Ours),1.5197038519279626,0.0682481742756658,1.5277777777777777,-0.008073925849815033,1.0,0.4495162014316719,1.2783619245406204,2.897861543498984e-28,2.0
5,4.0,Filtered OR-DML (Ours),1.5197038519279626,0.0682481742756658,1.5277777777777777,-0.008073925849815033,1.0,0.4495162014316719,1.2783619245406204,7.351261728072802e-29,2.0
6,4.0,Oracle DML,1.3764090448802018,0.02972488058401791,1.5277777777777777,-0.1513687328975759,0.0,0.3996103309447838,1.4993518437951134,0.0,0.0
6,4.0,Standard DML,9.924377172256822,0.1234736056327788,1.5277777777777777,8.396599394479043,0.0,4.625342643513614,1.0,,
6,4.0,Block DML,9.957209562549647,0.12241093893811102,1.5277777777777777,8.429431784771868,0.0,4.736690850833676,1.0,,
6,4.0,Unregularized Coupled DML,1.3764090448802018,0.06337039072778433,1.5277777777777777,-0.1513687328975759,0.0,0.3996103309447838,1.4993518437951134,1.0848423766856344e-21,2.0
6,4.0,Spectral OR-DML (Ours),1.3742125432811068,0.06324843298327655,1.5277777777777777,-0.15356523449667092,0.0,0.3996103309447838,1.4993518437951134,1.0848423766856344e-21,2.0
6,4.0,Filtered OR-DML (Ours),1.3742125432811068,0.06324843298327655,1.5277777777777777,-0.15356523449667092,0.0,0.3996103309447838,1.4993518437951134,3.678367138135288e-22,2.0
7,4.0,Oracle DML,1.472612999967127,0.02859221056877399,1.5277777777777777,-0.05516477781065077,1.0,0.44313135030279066,1.3031206849280157,0.0,0.0
7,4.0,Standard DML,9.880818918890455,0.1077431909604527,1.5277777777777777,8.353041141112676,0.0,4.896268992618418,1.0,,
7,4.0,Block DML,9.915803779283955,0.10952498906078736,1.5277777777777777,8.388026001506176,0.0,4.936365243162152,1.0,,
7,4.0,Unregularized Coupled DML,1.472612999967127,0.06569647547119525,1.5277777777777777,-0.05516477781065077,1.0,0.44313135030279066,1.3031206849280157,2.4707997419571894e-25,2.0
7,4.0,Spectral OR-DML (Ours),1.4703542295880134,0.06557418339734701,1.5277777777777777,-0.05742354818976425,1.0,0.44313135030279066,1.3031206849280157,2.4707997419571894e-25,2.0
7,4.0,Filtered OR-DML (Ours),1.4703542295880134,0.06557418339734701,1.5277777777777777,-0.05742354818976425,1.0,0.44313135030279066,1.3031206849280157,1.3495873882084287e-24,2.0
8,4.0,Oracle DML,1.5941038624215729,0.0352677141227223,1.5277777777777777,0.06632608464379519,1.0,0.4250683037615413,1.2356607180513886,0.0,0.0
8,4.0,Standard DML,10.063019301721644,0.10451183383910302,1.5277777777777777,8.535241523943867,0.0,5.016401633396933,1.0,,
8,4.0,Block DML,10.094481395561685,0.10569250771011167,1.5277777777777777,8.566703617783908,0.0,5.02083315844035,1.0,,
8,4.0,Unregularized Coupled DML,1.5941038624215729,0.06980548737851862,1.5277777777777777,0.06632608464379519,1.0,0.4250683037615413,1.2356607180513886,3.2481013215806553e-28,2.0
8,4.0,Spectral OR-DML (Ours),1.5916683375539327,0.06969336171606053,1.5277777777777777,0.06389055977615499,1.0,0.4250683037615413,1.2356607180513886,3.2481013215806553e-28,2.0
8,4.0,Filtered OR-DML (Ours),1.5916683375539327,0.06969336171606053,1.5277777777777777,0.06389055977615499,1.0,0.4250683037615413,1.2356607180513886,8.332157743072948e-28,2.0
9,4.0,Oracle DML,1.500513959252902,0.03814993612479646,1.5277777777777777,-0.027263818524875694,1.0,0.42550551198285985,1.439671395981019,0.0,0.0
9,4.0,Standard DML,9.989926843376503,0.1224018158987663,1.5277777777777777,8.462149065598727,0.0,4.867818761966922,1.0,,
9,4.0,Block DML,10.031578583146473,0.12497208831427803,1.5277777777777777,8.503800805368694,0.0,4.911943496945682,1.0,,
9,4.0,Unregularized Coupled DML,1.500513959252902,0.07844296225132125,1.5277777777777777,-0.027263818524875694,1.0,0.42550551198285985,1.439671395981019,2.508721430939177e-26,2.0
9,4.0,Spectral OR-DML (Ours),1.4981172692216318,0.07829721806376284,1.5277777777777777,-0.02966050855614588,1.0,0.42550551198285985,1.439671395981019,2.508721430939177e-26,2.0
9,4.0,Filtered OR-DML (Ours),1.4981172692216318,0.07829721806376284,1.5277777777777777,-0.02966050855614588,1.0,0.42550551198285985,1.439671395981019,6.325030464125758e-27,2.0
10,4.0,Oracle DML,1.5421310424776,0.03749472975751717,1.5277777777777777,0.014353264699822343,1.0,0.395713088023352,1.4807716246837714,0.0,0.0
10,4.0,Standard DML,10.009945386489417,0.11798284647450948,1.5277777777777777,8.482167608711638,0.0,4.8530739972535395,1.0,,
10,4.0,Block DML,10.020365010123703,0.1170616354405898,1.5277777777777777,8.492587232345926,0.0,4.947835332387731,1.0,,
10,4.0,Unregularized Coupled DML,1.5421310424776,0.06904476505825814,1.5277777777777777,0.014353264699822343,1.0,0.395713088023352,1.4807716246837714,1.989752428751702e-26,2.0
10,4.0,Spectral OR-DML (Ours),1.539646055258621,0.06890588393142306,1.5277777777777777,0.011868277480843403,1.0,0.395713088023352,1.4807716246837714,1.989752428751702e-26,2.0
10,4.0,Filtered OR-DML (Ours),1.539646055258621,0.06890588393142306,1.5277777777777777,0.011868277480843403,1.0,0.395713088023352,1.4807716246837714,1.0377143706924763e-26,2.0
11,4.0,Oracle DML,1.531723259722582,0.034451025186295205,1.5277777777777777,0.003945481944804374,1.0,0.4791389113615689,1.0998333500121802,0.0,0.0
11,4.0,Standard DML,9.92262418174165,0.10706003681188855,1.5277777777777777,8.394846403963871,0.0,5.032203127836742,1.0,,
11,4.0,Block DML,9.992934069848918,0.10910043624292859,1.5277777777777777,8.46515629207114,0.0,5.1671672923669805,1.0,,
11,4.0,Unregularized Coupled DML,1.531723259722582,0.07394398220140148,1.5277777777777777,0.003945481944804374,1.0,0.4791389113615689,1.0998333500121802,3.5221380123976224e-28,2.0
11,4.0,Spectral OR-DML (Ours),1.5294602560822124,0.07383748947545196,1.5277777777777777,0.001682478304434687,1.0,0.4791389113615689,1.0998333500121802,3.5221380123976224e-28,2.0
11,4.0,Filtered OR-DML (Ours),1.5294602560822124,0.07383748947545196,1.5277777777777777,0.001682478304434687,1.0,0.4791389113615689,1.0998333500121802,5.80731828693197e-28,2.0
12,4.0,Oracle DML,1.4525133875807783,0.03318679336500472,1.5277777777777777,-0.07526439019699938,0.0,0.4165285273794977,1.4947805892430543,0.0,0.0
12,4.0,Standard DML,9.773193528376222,0.10630955064339101,1.5277777777777777,8.245415750598443,0.0,5.1025417825300154,1.0,,
12,4.0,Block DML,9.785775406456983,0.10904980559905864,1.5277777777777777,8.257997628679206,0.0,5.136139060886131,1.0,,
12,4.0,Unregularized Coupled DML,1.4525133875807783,0.06692045213675886,1.5277777777777777,-0.07526439019699938,1.0,0.4165285273794977,1.4947805892430543,1.0833871830006343e-27,2.0
12,4.0,Spectral OR-DML (Ours),1.4501461931356343,0.0667969852564304,1.5277777777777777,-0.07763158464214337,1.0,0.4165285273794977,1.4947805892430543,1.0833871830006343e-27,2.0
12,4.0,Filtered OR-DML (Ours),1.4501461931356343,0.0667969852564304,1.5277777777777777,-0.07763158464214337,1.0,0.4165285273794977,1.4947805892430543,6.979525126294032e-27,2.0
13,4.0,Oracle DML,1.471955499603492,0.032646719767118054,1.5277777777777777,-0.055822278174285644,1.0,0.4027190171374629,1.5656751707707017,0.0,0.0
13,4.0,Standard DML,9.93572620486011,0.10532948386943668,1.5277777777777777,8.407948427082331,0.0,4.823770620802338,1.0,,
13,4.0,Block DML,9.99249769318665,0.10720307026638323,1.5277777777777777,8.464719915408871,0.0,4.936410215030577,1.0,,
13,4.0,Unregularized Coupled DML,1.471955499603492,0.07307683939095315,1.5277777777777777,-0.055822278174285644,1.0,0.4027190171374629,1.5656751707707017,1.073887939691084e-24,2.0
13,4.0,Spectral OR-DML (Ours),1.4695249282117138,0.07292531129231207,1.5277777777777777,-0.05825284956606391,1.0,0.4027190171374629,1.5656751707707017,1.073887939691084e-24,2.0
13,4.0,Filtered OR-DML (Ours),1.4695249282117138,0.07292531129231207,1.5277777777777777,-0.05825284956606391,1.0,0.4027190171374629,1.5656751707707017,8.435076553386795e-24,2.0
14,4.0,Oracle DML,1.484295684784605,0.033559244675109116,1.5277777777777777,-0.04348209299317274,1.0,0.4741022759826108,1.2749998967284257,0.0,0.0
14,4.0,Standard DML,9.77046092188544,0.11044637873160296,1.5277777777777777,8.242683144107662,0.0,5.2032149309514955,1.0,,
14,4.0,Block DML,9.780650724732594,0.1093639599096537,1.5277777777777777,8.252872946954817,0.0,5.248263499095102,1.0,,
14,4.0,Unregularized Coupled DML,1.484295684784605,0.07501202922974881,1.5277777777777777,-0.04348209299317274,1.0,0.4741022759826108,1.2749998967284257,2.2507490567312238e-29,2.0
14,4.0,Spectral OR-DML (Ours),1.481991799663671,0.07489971019718088,1.5277777777777777,-0.045785978114106785,1.0,0.4741022759826108,1.2749998967284257,2.2507490567312238e-29,2.0
14,4.0,Filtered OR-DML (Ours),1.481991799663671,0.07489971019718088,1.5277777777777777,-0.045785978114106785,1.0,0.4741022759826108,1.2749998967284257,1.2988526905605248e-28,2.0
15,4.0,Oracle DML,1.5339970749215128,0.03060796502784825,1.5277777777777777,0.006219297143735147,1.0,0.4391560259268776,1.3238352748372255,0.0,0.0
15,4.0,Standard DML,9.826081938131377,0.11292224683768598,1.5277777777777777,8.298304160353599,0.0,5.108077965680278,1.0,,
15,4.0,Block DML,9.821926367882954,0.11209700630887014,1.5277777777777777,8.294148590105177,0.0,5.183497009896709,1.0,,
15,4.0,Unregularized Coupled DML,1.5339970749215128,0.0729462394391054,1.5277777777777777,0.006219297143735147,1.0,0.4391560259268776,1.3238352748372255,1.9534513307896134e-24,2.0
15,4.0,Spectral OR-DML (Ours),1.5316022787015022,0.07282041624082032,1.5277777777777777,0.0038245009237245498,1.0,0.4391560259268776,1.3238352748372255,1.9534513307896134e-24,2.0
15,4.0,Filtered OR-DML (Ours),1.5316022787015022,0.07282041624082032,1.5277777777777777,0.0038245009237245498,1.0,0.4391560259268776,1.3238352748372255,2.5785448652188306e-25,2.0
16,4.0,Oracle DML,1.4849788355202522,0.03457872277729531,1.5277777777777777,-0.04279894225752545,1.0,0.3998154896187588,1.6169120003156539,0.0,0.0
16,4.0,Standard DML,9.982596303895853,0.12045747229682911,1.5277777777777777,8.454818526118075,0.0,4.67831085069311,1.0,,
16,4.0,Block DML,10.054632795649548,0.11888515058122798,1.5277777777777777,8.526855017871771,0.0,4.80071806753162,1.0,,
16,4.0,Unregularized Coupled DML,1.4849788355202522,0.07313565615809337,1.5277777777777777,-0.04279894225752545,1.0,0.3998154896187588,1.6169120003156539,5.845325833447962e-28,2.0
16,4.0,Spectral OR-DML (Ours),1.4824835642930714,0.07298562187542328,1.5277777777777777,-0.0452942134847063,1.0,0.3998154896187588,1.6169120003156539,5.845325833447962e-28,2.0
16,4.0,Filtered OR-DML (Ours),1.4824835642930714,0.07298562187542328,1.5277777777777777,-0.0452942134847063,1.0,0.3998154896187588,1.6169120003156539,4.1153742294111124e-27,2.0
17,4.0,Oracle DML,1.5322357752927762,0.036917871830107564,1.5277777777777777,0.004457997514998535,1.0,0.46988825298121856,1.097736001166244,0.0,0.0
17,4.0,Standard DML,10.13812944632284,0.11515846982395019,1.5277777777777777,8.61035166854506,0.0,4.761536935132021,1.0,,
17,4.0,Block DML,10.147239871786967,0.11517698697797102,1.5277777777777777,8.61946209400919,0.0,4.751570851334756,1.0,,
17,4.0,Unregularized Coupled DML,1.5322357752927762,0.0788387559742565,1.5277777777777777,0.004457997514998535,1.0,0.46988825298121856,1.097736001166244,1.8729611880180133e-30,2.0
17,4.0,Spectral OR-DML (Ours),1.529969180828572,0.07872139249270234,1.5277777777777777,0.0021914030507943494,1.0,0.46988825298121856,1.097736001166244,1.8729611880180133e-30,2.0
17,4.0,Filtered OR-DML (Ours),1.529969180828572,0.07872139249270234,1.5277777777777777,0.0021914030507943494,1.0,0.46988825298121856,1.097736001166244,1.4344162082744287e-29,2.0
18,4.0,Oracle DML,1.6280224911437216,0.0343251355763818,1.5277777777777777,0.10024471336594387,0.0,0.420500081487935,1.260589588614352,0.0,0.0
18,4.0,Standard DML,10.125351472925315,0.11364351004529759,1.5277777777777777,8.597573695147538,0.0,4.906141568276321,1.0,,
18,4.0,Block DML,10.120056052891817,0.11282479284524163,1.5277777777777777,8.59227827511404,0.0,4.960339378676979,1.0,,
18,4.0,Unregularized Coupled DML,1.6280224911437216,0.06990692509846144,1.5277777777777777,0.10024471336594387,1.0,0.420500081487935,1.260589588614352,4.6895343755697654e-26,2.0
18,4.0,Spectral OR-DML (Ours),1.6255283110257057,0.06977989750499063,1.5277777777777777,0.09775053324792804,1.0,0.420500081487935,1.260589588614352,4.6895343755697654e-26,2.0
18,4.0,Filtered OR-DML (Ours),1.6255283110257057,0.06977989750499063,1.5277777777777777,0.09775053324792804,1.0,0.420500081487935,1.260589588614352,3.273500901321408e-25,2.0
19,4.0,Oracle DML,1.4937047616073016,0.03381446402458684,1.5277777777777777,-0.03407301617047609,1.0,0.44409752977770645,1.3494496855046352,0.0,0.0
19,4.0,Standard DML,9.916493192258926,0.10529282031443185,1.5277777777777777,8.388715414481148,0.0,4.993596913499638,1.0,,
19,4.0,Block DML,10.00374928556058,0.10868913935510527,1.5277777777777777,8.475971507782802,0.0,5.195955615550142,1.0,,
19,4.0,Unregularized Coupled DML,1.4937047616073016,0.07533065803377861,1.5277777777777777,-0.03407301617047609,1.0,0.44409752977770645,1.3494496855046352,4.829211663518697e-24,2.0
19,4.0,Spectral OR-DML (Ours),1.4913587879044177,0.07519449368650964,1.5277777777777777,-0.03641898987336001,1.0,0.44409752977770645,1.3494496855046352,4.829211663518697e-24,2.0
19,4.0,Filtered OR-DML (Ours),1.4913587879044177,0.07519449368650964,1.5277777777777777,-0.03641898987336001,1.0,0.44409752977770645,1.3494496855046352,3.882593746411031e-23,2.0
20,4.0,Oracle DML,1.3707690586104095,0.03324330929437906,1.5277777777777777,-0.15700871916736814,0.0,0.3943147444364319,1.4632429720979578,0.0,0.0
20,4.0,Standard DML,9.910979756860375,0.1202647516203697,1.5277777777777777,8.383201979082596,0.0,4.705149733449907,1.0,,
20,4.0,Block DML,9.939074441393663,0.1203962066670682,1.5277777777777777,8.411296663615886,0.0,4.759837198118829,1.0,,
20,4.0,Unregularized Coupled DML,1.3707690586104095,0.07468487369535186,1.5277777777777777,-0.15700871916736814,0.0,0.3943147444364319,1.4632429720979578,3.5467538236551506e-25,2.0
20,4.0,Spectral OR-DML (Ours),1.3685834864605295,0.07454630719406065,1.5277777777777777,-0.15919429131724816,0.0,0.3943147444364319,1.4632429720979578,3.5467538236551506e-25,2.0
20,4.0,Filtered OR-DML (Ours),1.3685834864605295,0.07454630719406065,1.5277777777777777,-0.15919429131724816,0.0,0.3943147444364319,1.4632429720979578,2.1384970634096333e-24,2.0
21,4.0,Oracle DML,1.5353907526809405,0.032467506009643966,1.5277777777777777,0.007612974903162817,1.0,0.413877273395497,1.3521666081119066,0.0,0.0
21,4.0,Standard DML,10.005917338908594,0.10485263898704969,1.5277777777777777,8.478139561130817,0.0,4.885517627031145,1.0,,
21,4.0,Block DML,10.036675860782925,0.10441685173315064,1.5277777777777777,8.508898083005146,0.0,4.9239113128392376,1.0,,
21,4.0,Unregularized Coupled DML,1.5353907526809405,0.07162621362199476,1.5277777777777777,0.007612974903162817,1.0,0.413877273395497,1.3521666081119066,2.6003966755799473e-25,2.0
21,4.0,Spectral OR-DML (Ours),1.532975395303103,0.07150164219640408,1.5277777777777777,0.0051976175253252155,1.0,0.413877273395497,1.3521666081119066,2.6003966755799473e-25,2.0
21,4.0,Filtered OR-DML (Ours),1.532975395303103,0.07150164219640408,1.5277777777777777,0.0051976175253252155,1.0,0.413877273395497,1.3521666081119066,3.9314129102209004e-26,2.0
22,4.0,Oracle DML,1.4079186002373731,0.03995311923509889,1.5277777777777777,-0.11985917754040454,0.0,0.359976818795289,1.5992563164594231,0.0,0.0
22,4.0,Standard DML,10.022626453797594,0.12282032888854226,1.5277777777777777,8.494848676019817,0.0,4.632862861206715,1.0,,
22,4.0,Block DML,10.0357704993467,0.12483294448396205,1.5277777777777777,8.507992721568922,0.0,4.68089209396614,1.0,,
22,4.0,Unregularized Coupled DML,1.4079186002373731,0.07388596378463143,1.5277777777777777,-0.11985917754040454,1.0,0.359976818795289,1.5992563164594231,3.7399793171351767e-28,2.0
22,4.0,Spectral OR-DML (Ours),1.4056083802656152,0.07374231512760414,1.5277777777777777,-0.12216939751216249,1.0,0.359976818795289,1.5992563164594231,3.7399793171351767e-28,2.0
22,4.0,Filtered OR-DML (Ours),1.4056083802656152,0.07374231512760414,1.5277777777777777,-0.12216939751216249,1.0,0.359976818795289,1.5992563164594231,8.463972653173068e-29,2.0
23,4.0,Oracle DML,1.4400602167384244,0.032564654305313995,1.5277777777777777,-0.08771756103935324,0.0,0.3577278161779213,1.7599176162943935,0.0,0.0
23,4.0,Standard DML,9.911873716286372,0.1421838614970577,1.5277777777777777,8.384095938508594,0.0,4.565357775883604,1.0,,
23,4.0,Block DML,9.95026650920092,0.13972629778380927,1.5277777777777777,8.422488731423144,0.0,4.569129528406225,1.0,,
23,4.0,Unregularized Coupled DML,1.4400602167384244,0.06705238794625797,1.5277777777777777,-0.08771756103935324,1.0,0.3577278161779213,1.7599176162943935,4.353389064831634e-29,2.0
23,4.0,Spectral OR-DML (Ours),1.4376335863214076,0.06691320401415027,1.5277777777777777,-0.09014419145637009,1.0,0.3577278161779213,1.7599176162943935,4.353389064831634e-29,2.0
23,4.0,Filtered OR-DML (Ours),1.4376335863214076,0.06691320401415027,1.5277777777777777,-0.09014419145637009,1.0,0.3577278161779213,1.7599176162943935,2.5485085926713283e-28,2.0
24,4.0,Oracle DML,1.501362232259474,0.03791999267328313,1.5277777777777777,-0.026415545518303718,1.0,0.46551845438377143,1.175383960454683,0.0,0.0
24,4.0,Standard DML,10.104508821504572,0.12127509857010428,1.5277777777777777,8.576731043726795,0.0,4.60188636345651,1.0,,
24,4.0,Block DML,10.116392822247034,0.12201619057267356,1.5277777777777777,8.588615044469257,0.0,4.636705768649385,1.0,,
24,4.0,Unregularized Coupled DML,1.501362232259474,0.07914301812808565,1.5277777777777777,-0.026415545518303718,1.0,0.46551845438377143,1.175383960454683,1.7140401542969293e-28,2.0
24,4.0,Spectral OR-DML (Ours),1.4990959274815654,0.07902451265719909,1.5277777777777777,-0.028681850296212286,1.0,0.46551845438377143,1.175383960454683,1.7140401542969293e-28,2.0
24,4.0,Filtered OR-DML (Ours),1.4990959274815654,0.07902451265719909,1.5277777777777777,-0.028681850296212286,1.0,0.46551845438377143,1.175383960454683,1.1977150109729466e-27,2.0
25,4.0,Oracle DML,1.594501681614834,0.03059299556820606,1.5277777777777777,0.0667239038370564,0.0,0.45642222424778395,1.1558412602651174,0.0,0.0
25,4.0,Standard DML,10.033228351888853,0.10750800615742531,1.5277777777777777,8.505450574111077,0.0,4.968545685292792,1.0,,
25,4.0,Block DML,10.124852888597989,0.10794840959808455,1.5277777777777777,8.59707511082021,0.0,5.09756917528568,1.0,,
25,4.0,Unregularized Coupled DML,1.594501681614834,0.07149263790649012,1.5277777777777777,0.0667239038370564,1.0,0.45642222424778395,1.1558412602651174,4.03979729631237e-26,2.0
25,4.0,Spectral OR-DML (Ours),1.592114114304456,0.07138066682716385,1.5277777777777777,0.06433633652667825,1.0,0.45642222424778395,1.1558412602651174,4.03979729631237e-26,2.0
25,4.0,Filtered OR-DML (Ours),1.592114114304456,0.07138066682716385,1.5277777777777777,0.06433633652667825,1.0,0.45642222424778395,1.1558412602651174,2.3313707025832554e-25,2.0
26,4.0,Oracle DML,1.4754905663725937,0.03386724832501393,1.5277777777777777,-0.052287211405184,1.0,0.40638758408074876,1.4901648043652254,0.0,0.0
26,4.0,Standard DML,9.965547980840682,0.12131269503022274,1.5277777777777777,8.437770203062904,0.0,4.915816123373501,1.0,,
26,4.0,Block DML,10.03800567895502,0.12335854369400377,1.5277777777777777,8.510227901177242,0.0,5.029353427111352,1.0,,
26,4.0,Unregularized Coupled DML,1.4754905663725937,0.07261020834178485,1.5277777777777777,-0.052287211405184,1.0,0.40638758408074876,1.4901648043652254,6.599452034058636e-31,2.0
26,4.0,Spectral OR-DML (Ours),1.4730838808041224,0.07247412502282857,1.5277777777777777,-0.05469389697365523,1.0,0.40638758408074876,1.4901648043652254,6.599452034058636e-31,2.0
26,4.0,Filtered OR-DML (Ours),1.4730838808041224,0.07247412502282857,1.5277777777777777,-0.05469389697365523,1.0,0.40638758408074876,1.4901648043652254,2.5431693744261178e-30,2.0
27,4.0,Oracle DML,1.5893703939948347,0.035641275108071524,1.5277777777777777,0.06159261621705703,1.0,0.4536233076772449,1.1840567602083742,0.0,0.0
27,4.0,Standard DML,10.08647681058402,0.11481045987269228,1.5277777777777777,8.558699032806242,0.0,4.900362850474689,1.0,,
27,4.0,Block DML,10.11831432140018,0.11459401444867959,1.5277777777777777,8.590536543622402,0.0,4.927589430350662,1.0,,
27,4.0,Unregularized Coupled DML,1.5893703939948347,0.0679915095237123,1.5277777777777777,0.06159261621705703,1.0,0.4536233076772449,1.1840567602083742,7.125409286405959e-25,2.0
27,4.0,Spectral OR-DML (Ours),1.5869765118865242,0.06787955461897767,1.5277777777777777,0.05919873410874654,1.0,0.4536233076772449,1.1840567602083742,7.125409286405959e-25,2.0
27,4.0,Filtered OR-DML (Ours),1.5869765118865242,0.06787955461897767,1.5277777777777777,0.05919873410874654,1.0,0.4536233076772449,1.1840567602083742,1.794531616826196e-24,2.0
28,4.0,Oracle DML,1.5506116884385661,0.03641314167068989,1.5277777777777777,0.022833910660788437,1.0,0.4222227283636874,1.2892916766048974,0.0,0.0
28,4.0,Standard DML,10.024176027054814,0.11246183436686932,1.5277777777777777,8.496398249277036,0.0,4.9962878489975315,1.0,,
28,4.0,Block DML,10.013262175949125,0.11461205125750014,1.5277777777777777,8.485484398171348,0.0,5.015417721505143,1.0,,
28,4.0,Unregularized Coupled DML,1.5506116884385661,0.07553675111500405,1.5277777777777777,0.022833910660788437,1.0,0.4222227283636874,1.2892916766048974,1.5054691435264185e-26,2.0
28,4.0,Spectral OR-DML (Ours),1.5482051995095796,0.0754041983640899,1.5277777777777777,0.020427421731801898,1.0,0.4222227283636874,1.2892916766048974,1.5054691435264185e-26,2.0
28,4.0,Filtered OR-DML (Ours),1.5482051995095796,0.0754041983640899,1.5277777777777777,0.020427421731801898,1.0,0.4222227283636874,1.2892916766048974,1.0593300696226186e-25,2.0
29,4.0,Oracle DML,1.4845736280917567,0.03456784008868079,1.5277777777777777,-0.04320414968602093,1.0,0.4770942961797731,1.0970984362659528,0.0,0.0
29,4.0,Standard DML,10.00551245029174,0.1081028373564976,1.5277777777777777,8.47773467251396,0.0,4.888628210196699,1.0,,
29,4.0,Block DML,10.092835421809006,0.1064098624065509,1.5277777777777777,8.565057644031228,0.0,5.072857997658624,1.0,,
29,4.0,Unregularized Coupled DML,1.4845736280917567,0.07041432687568452,1.5277777777777777,-0.04320414968602093,1.0,0.4770942961797731,1.0970984362659528,2.8109388441739296e-28,2.0
29,4.0,Spectral OR-DML (Ours),1.4823839719730727,0.07030577270990003,1.5277777777777777,-0.04539380580470498,1.0,0.4770942961797731,1.0970984362659528,2.8109388441739296e-28,2.0
29,4.0,Filtered OR-DML (Ours),1.4823839719730727,0.07030577270990003,1.5277777777777777,-0.04539380580470498,1.0,0.4770942961797731,1.0970984362659528,1.4488066410356596e-28,2.0
30,4.0,Oracle DML,1.5212811845656267,0.03014922063996446,1.5277777777777777,-0.006496593212151014,1.0,0.40603588815768094,1.390767595116503,0.0,0.0
30,4.0,Standard DML,9.97140921734208,0.11217179045039158,1.5277777777777777,8.443631439564303,0.0,4.9379619535503005,1.0,,
30,4.0,Block DML,9.965719285092835,0.11277212624640708,1.5277777777777777,8.437941507315056,0.0,4.96571885829811,1.0,,
30,4.0,Unregularized Coupled DML,1.5212811845656267,0.06557757040935806,1.5277777777777777,-0.006496593212151014,1.0,0.40603588815768094,1.390767595116503,1.5633372760061056e-27,2.0
30,4.0,Spectral OR-DML (Ours),1.5188771228920563,0.06546111508473663,1.5277777777777777,-0.008900654885721337,1.0,0.40603588815768094,1.390767595116503,1.5633372760061056e-27,2.0
30,4.0,Filtered OR-DML (Ours),1.5188771228920563,0.06546111508473663,1.5277777777777777,-0.008900654885721337,1.0,0.40603588815768094,1.390767595116503,7.178105586533862e-27,2.0
31,4.0,Oracle DML,1.5820647537822192,0.03613714497126494,1.5277777777777777,0.054286976004441545,1.0,0.4799685924538473,1.080683156613494,0.0,0.0
31,4.0,Standard DML,10.134105199870246,0.1044143596310322,1.5277777777777777,8.60632742209247,0.0,4.840531527708332,1.0,,
31,4.0,Block DML,10.154243208002807,0.10582063588061952,1.5277777777777777,8.626465430225029,0.0,4.912182356010808,1.0,,
31,4.0,Unregularized Coupled DML,1.5820647537822192,0.0760935252494579,1.5277777777777777,0.054286976004441545,1.0,0.4799685924538473,1.080683156613494,4.071301140784457e-27,2.0
31,4.0,Spectral OR-DML (Ours),1.5798306730981089,0.07599181041855076,1.5277777777777777,0.052052895320331194,1.0,0.4799685924538473,1.080683156613494,4.071301140784457e-27,2.0
31,4.0,Filtered OR-DML (Ours),1.5798306730981089,0.07599181041855076,1.5277777777777777,0.052052895320331194,1.0,0.4799685924538473,1.080683156613494,2.2356894685704388e-26,2.0
32,4.0,Oracle DML,1.49468884806015,0.034919502554355525,1.5277777777777777,-0.03308892971762778,1.0,0.5008236506793549,1.1362175409670319,0.0,0.0
32,4.0,Standard DML,9.908660568052838,0.12499595291653114,1.5277777777777777,8.38088279027506,0.0,5.005459783004496,1.0,,
32,4.0,Block DML,9.935767751892886,0.1245882753159748,1.5277777777777777,8.407989974115107,0.0,5.088588240202075,1.0,,
32,4.0,Unregularized Coupled DML,1.49468884806015,0.07791416646110103,1.5277777777777777,-0.03308892971762778,1.0,0.5008236506793549,1.1362175409670319,7.958960877835841e-28,2.0
32,4.0,Spectral OR-DML (Ours),1.4924574990493555,0.07778669153321147,1.5277777777777777,-0.03532027872842214,1.0,0.5008236506793549,1.1362175409670319,7.958960877835841e-28,2.0
32,4.0,Filtered OR-DML (Ours),1.4924574990493555,0.07778669153321147,1.5277777777777777,-0.03532027872842214,1.0,0.5008236506793549,1.1362175409670319,5.999278412983191e-27,2.0
33,4.0,Oracle DML,1.602905490147716,0.03783465204392309,1.5277777777777777,0.07512771236993832,0.0,0.45675211849241976,1.1024551800269338,0.0,0.0
33,4.0,Standard DML,10.146110536412936,0.10803523992390243,1.5277777777777777,8.618332758635159,0.0,4.8698863782186805,1.0,,
33,4.0,Block DML,10.187245425300002,0.10949055715562547,1.5277777777777777,8.659467647522224,0.0,4.912246770719954,1.0,,
33,4.0,Unregularized Coupled DML,1.602905490147716,0.07119339458579002,1.5277777777777777,0.07512771236993832,1.0,0.45675211849241976,1.1024551800269338,7.136836481826882e-29,2.0
33,4.0,Spectral OR-DML (Ours),1.600532121487109,0.07108605537042731,1.5277777777777777,0.07275434370933143,1.0,0.45675211849241976,1.1024551800269338,7.136836481826882e-29,2.0
33,4.0,Filtered OR-DML (Ours),1.600532121487109,0.07108605537042731,1.5277777777777777,0.07275434370933143,1.0,0.45675211849241976,1.1024551800269338,4.0350536290472753e-28,2.0
34,4.0,Oracle DML,1.4325007896465707,0.034764807546978214,1.5277777777777777,-0.095276988131207,0.0,0.43192692958689577,1.3253002652381183,0.0,0.0
34,4.0,Standard DML,9.877434483299673,0.12413052948653548,1.5277777777777777,8.349656705521895,0.0,4.865051812187491,1.0,,
34,4.0,Block DML,9.898935892240969,0.12541497552305259,1.5277777777777777,8.371158114463192,0.0,4.944399336641805,1.0,,
34,4.0,Unregularized Coupled DML,1.4325007896465707,0.06838579257210238,1.5277777777777777,-0.095276988131207,1.0,0.43192692958689577,1.3253002652381183,3.27028926173647e-27,2.0
34,4.0,Spectral OR-DML (Ours),1.430289759625219,0.06826398085998289,1.5277777777777777,-0.09748801815255859,1.0,0.43192692958689577,1.3253002652381183,3.27028926173647e-27,2.0
34,4.0,Filtered OR-DML (Ours),1.430289759625219,0.06826398085998289,1.5277777777777777,-0.09748801815255859,1.0,0.43192692958689577,1.3253002652381183,1.7105708717395113e-27,2.0
35,4.0,Oracle DML,1.592879385138762,0.034825786195146306,1.5277777777777777,0.06510160736098425,1.0,0.45592454064554117,1.2338016368862614,0.0,0.0
35,4.0,Standard DML,10.092323311676106,0.10393501913759579,1.5277777777777777,8.564545533898329,0.0,4.865103946896338,1.0,,
35,4.0,Block DML,10.14182288839806,0.10588959286384697,1.5277777777777777,8.614045110620282,0.0,4.907414969507378,1.0,,
35,4.0,Unregularized Coupled DML,1.592879385138762,0.07495855318036537,1.5277777777777777,0.06510160736098425,1.0,0.45592454064554117,1.2338016368862614,2.0748206459431147e-26,2.0
35,4.0,Spectral OR-DML (Ours),1.5904383814670868,0.07483301638605677,1.5277777777777777,0.06266060368930915,1.0,0.45592454064554117,1.2338016368862614,2.0748206459431147e-26,2.0
35,4.0,Filtered OR-DML (Ours),1.5904383814670868,0.07483301638605677,1.5277777777777777,0.06266060368930915,1.0,0.45592454064554117,1.2338016368862614,1.3617165392541622e-25,2.0
36,4.0,Oracle DML,1.5028928955273475,0.034937172695553395,1.5277777777777777,-0.024884882250430174,1.0,0.42569353550141975,1.3713426843215537,0.0,0.0
36,4.0,Standard DML,10.163124844198572,0.127442800414523,1.5277777777777777,8.635347066420795,0.0,4.68411346279433,1.0,,
36,4.0,Block DML,10.208751979671804,0.1277354778291664,1.5277777777777777,8.680974201894028,0.0,4.7302112725355725,1.0,,
36,4.0,Unregularized Coupled DML,1.5028928955273475,0.07265324384892913,1.5277777777777777,-0.024884882250430174,1.0,0.42569353550141975,1.3713426843215537,1.9659479597266042e-26,2.0
36,4.0,Spectral OR-DML (Ours),1.5005200159325427,0.07252251197858425,1.5277777777777777,-0.027257761845234985,1.0,0.42569353550141975,1.3713426843215537,1.9659479597266042e-26,2.0
36,4.0,Filtered OR-DML (Ours),1.5005200159325427,0.07252251197858425,1.5277777777777777,-0.027257761845234985,1.0,0.42569353550141975,1.3713426843215537,1.1873202191442677e-25,2.0
37,4.0,Oracle DML,1.6194133360734244,0.032204539199177755,1.5277777777777777,0.09163555829564674,0.0,0.516005439516091,1.0157508040759213,0.0,0.0
37,4.0,Standard DML,9.969208897085966,0.0978112645865395,1.5277777777777777,8.441431119308188,0.0,5.061760706297315,1.0,,
37,4.0,Block DML,9.99599121961121,0.09917149784000907,1.5277777777777777,8.46821344183343,0.0,5.132028647970496,1.0,,
37,4.0,Unregularized Coupled DML,1.6194133360734244,0.0723366252293553,1.5277777777777777,0.09163555829564674,1.0,0.516005439516091,1.0157508040759213,2.3839562960279095e-33,2.0
37,4.0,Spectral OR-DML (Ours),1.6170889360956413,0.07223971519113691,1.5277777777777777,0.08931115831786363,1.0,0.516005439516091,1.0157508040759213,2.3839562960279095e-33,2.0
37,4.0,Filtered OR-DML (Ours),1.6170889360956413,0.07223971519113691,1.5277777777777777,0.08931115831786363,1.0,0.516005439516091,1.0157508040759213,5.1201558633662074e-33,2.0
38,4.0,Oracle DML,1.531057002535955,0.033166958690564956,1.5277777777777777,0.0032792247581772127,1.0,0.4848892963897191,1.124873993046739,0.0,0.0
38,4.0,Standard DML,10.008305777280372,0.1116478782757761,1.5277777777777777,8.480527999502595,0.0,5.051697218929692,1.0,,
38,4.0,Block DML,10.023277329276537,0.11103384518000979,1.5277777777777777,8.49549955149876,0.0,5.162891977409478,1.0,,
38,4.0,Unregularized Coupled DML,1.531057002535955,0.07252107472430756,1.5277777777777777,0.0032792247581772127,1.0,0.4848892963897191,1.124873993046739,5.252151625850345e-25,2.0
38,4.0,Spectral OR-DML (Ours),1.528776859773526,0.07240881953261645,1.5277777777777777,0.0009990819957483854,1.0,0.4848892963897191,1.124873993046739,5.252151625850345e-25,2.0
38,4.0,Filtered OR-DML (Ours),1.528776859773526,0.07240881953261645,1.5277777777777777,0.0009990819957483854,1.0,0.4848892963897191,1.124873993046739,3.55042365620683e-24,2.0
39,4.0,Oracle DML,1.5776469218255618,0.03423293291153387,1.5277777777777777,0.049869144047784086,1.0,0.5258483102263195,1.0801364266449698,0.0,0.0
39,4.0,Standard DML,9.722544273600228,0.10455500501771368,1.5277777777777777,8.19476649582245,0.0,5.223605107766884,1.0,,
39,4.0,Block DML,9.75015965781356,0.10571663657058247,1.5277777777777777,8.222381880035783,0.0,5.365376494799701,1.0,,
39,4.0,Unregularized Coupled DML,1.5776469218255618,0.06768477870364843,1.5277777777777777,0.049869144047784086,1.0,0.5258483102263195,1.0801364266449698,2.5283744351461767e-22,2.0
39,4.0,Spectral OR-DML (Ours),1.5753255232036563,0.06757876642113991,1.5277777777777777,0.047547745425878585,1.0,0.5258483102263195,1.0801364266449698,2.5283744351461767e-22,2.0
39,4.0,Filtered OR-DML (Ours),1.5753255232036563,0.06757876642113991,1.5277777777777777,0.047547745425878585,1.0,0.5258483102263195,1.0801364266449698,4.211355709616011e-23,2.0
40,4.0,Oracle DML,1.5985214081094028,0.03692011560273925,1.5277777777777777,0.07074363033162512,1.0,0.4358780615940001,1.2946129413012428,0.0,0.0
40,4.0,Standard DML,10.034948522694545,0.10905225928557312,1.5277777777777777,8.507170744916767,0.0,4.964356781906307,1.0,,
40,4.0,Block DML,10.106264205192108,0.10993893843448047,1.5277777777777777,8.57848642741433,0.0,5.0624470538225985,1.0,,
40,4.0,Unregularized Coupled DML,1.5985214081094028,0.07189190981477747,1.5277777777777777,0.07074363033162512,1.0,0.4358780615940001,1.2946129413012428,4.43690787202224e-31,2.0
40,4.0,Spectral OR-DML (Ours),1.5960480013380065,0.07177521932240785,1.5277777777777777,0.06827022356022883,1.0,0.4358780615940001,1.2946129413012428,4.43690787202224e-31,2.0
40,4.0,Filtered OR-DML (Ours),1.5960480013380065,0.07177521932240785,1.5277777777777777,0.06827022356022883,1.0,0.4358780615940001,1.2946129413012428,2.208954076639716e-30,2.0
41,4.0,Oracle DML,1.5763701661510816,0.03870234845442192,1.5277777777777777,0.04859238837330393,1.0,0.485522870345211,1.105810946450946,0.0,0.0
41,4.0,Standard DML,9.989539958274593,0.09927898092636678,1.5277777777777777,8.461762180496816,0.0,5.007575989450253,1.0,,
41,4.0,Block DML,10.035378836516692,0.1010852619936001,1.5277777777777777,8.507601058738913,0.0,5.0315578868232995,1.0,,
41,4.0,Unregularized Coupled DML,1.5763701661510816,0.07205535051296522,1.5277777777777777,0.04859238837330393,1.0,0.485522870345211,1.105810946450946,1.1519444345074704e-26,2.0
41,4.0,Spectral OR-DML (Ours),1.574035821727544,0.07194592049015676,1.5277777777777777,0.0462580439497664,1.0,0.485522870345211,1.105810946450946,1.1519444345074704e-26,2.0
41,4.0,Filtered OR-DML (Ours),1.574035821727544,0.07194592049015676,1.5277777777777777,0.0462580439497664,1.0,0.485522870345211,1.105810946450946,3.0320658274299454e-27,2.0
42,4.0,Oracle DML,1.3656839085555403,0.03486501505032793,1.5277777777777777,-0.16209386922223734,0.0,0.3690038649444548,2.019720705100161,0.0,0.0
42,4.0,Standard DML,9.563991514877385,0.13312180260685433,1.5277777777777777,8.036213737099608,0.0,4.89997144312286,1.0,,
42,4.0,Block DML,9.637117732351477,0.13087848144694061,1.5277777777777777,8.109339954573699,0.0,4.998953564726898,1.0,,
42,4.0,Unregularized Coupled DML,1.3656839085555403,0.07468326408763613,1.5277777777777777,-0.16209386922223734,0.0,0.3690038649444548,2.019720705100161,8.304498172076631e-22,2.0
42,4.0,Spectral OR-DML (Ours),1.3632438273942933,0.07451465787070063,1.5277777777777777,-0.1645339503834844,0.0,0.3690038649444548,2.019720705100161,8.304498172076631e-22,2.0
42,4.0,Filtered OR-DML (Ours),1.3632438273942933,0.07451465787070063,1.5277777777777777,-0.1645339503834844,0.0,0.3690038649444548,2.019720705100161,8.028188072532055e-21,2.0
43,4.0,Oracle DML,1.5529112041603936,0.03371394198831023,1.5277777777777777,0.025133426382615953,1.0,0.44098051186377535,1.312401403010624,0.0,0.0
43,4.0,Standard DML,9.965561698899096,0.1019796899274488,1.5277777777777777,8.43778392112132,0.0,4.877198845254399,1.0,,
43,4.0,Block DML,9.997647266101682,0.10319485524575119,1.5277777777777777,8.469869488323905,0.0,4.972310335874328,1.0,,
43,4.0,Unregularized Coupled DML,1.5529112041603936,0.07242578009087981,1.5277777777777777,0.025133426382615953,1.0,0.44098051186377535,1.312401403010624,7.654961441975099e-25,2.0
43,4.0,Spectral OR-DML (Ours),1.5505106210905668,0.07229145951159312,1.5277777777777777,0.02273284331278913,1.0,0.44098051186377535,1.312401403010624,7.654961441975099e-25,2.0
43,4.0,Filtered OR-DML (Ours),1.5505106210905668,0.07229145951159312,1.5277777777777777,0.02273284331278913,1.0,0.44098051186377535,1.312401403010624,1.0203639194360529e-25,2.0
44,4.0,Oracle DML,1.5676977826828569,0.03101688615615956,1.5277777777777777,0.03992000490507919,1.0,0.4301317753309139,1.3964637993254456,0.0,0.0
44,4.0,Standard DML,9.851238619999458,0.10620213212303023,1.5277777777777777,8.323460842221682,0.0,5.0733964168578956,1.0,,
44,4.0,Block DML,9.868469515861245,0.10695268836873638,1.5277777777777777,8.340691738083468,0.0,5.121932671968618,1.0,,
44,4.0,Unregularized Coupled DML,1.5676977826828569,0.07097373447437719,1.5277777777777777,0.03992000490507919,1.0,0.4301317753309139,1.3964637993254456,6.2272883101787775e-30,2.0
44,4.0,Spectral OR-DML (Ours),1.5652117906184897,0.0708450169171809,1.5277777777777777,0.037434012840712017,1.0,0.4301317753309139,1.3964637993254456,6.2272883101787775e-30,2.0
44,4.0,Filtered OR-DML (Ours),1.5652117906184897,0.0708450169171809,1.5277777777777777,0.037434012840712017,1.0,0.4301317753309139,1.3964637993254456,3.509554696485949e-29,2.0
45,4.0,Oracle DML,1.4780665957985482,0.03843247665485387,1.5277777777777777,-0.049711181979229524,1.0,0.41119730632037316,1.4334729442805227,0.0,0.0
45,4.0,Standard DML,9.86793983353888,0.11147789193207158,1.5277777777777777,8.340162055761102,0.0,5.012505164349691,1.0,,
45,4.0,Block DML,9.909538058543376,0.1128830596996737,1.5277777777777777,8.381760280765597,0.0,5.099263272495124,1.0,,
45,4.0,Unregularized Coupled DML,1.4780665957985482,0.0712166317633349,1.5277777777777777,-0.049711181979229524,1.0,0.41119730632037316,1.4334729442805227,2.17069023380462e-29,2.0
45,4.0,Spectral OR-DML (Ours),1.4757061388935817,0.07108758730294826,1.5277777777777777,-0.05207163888419597,1.0,0.41119730632037316,1.4334729442805227,2.17069023380462e-29,2.0
45,4.0,Filtered OR-DML (Ours),1.4757061388935817,0.07108758730294826,1.5277777777777777,-0.05207163888419597,1.0,0.41119730632037316,1.4334729442805227,8.336738150298351e-29,2.0
46,4.0,Oracle DML,1.5891314780599517,0.03336819789410888,1.5277777777777777,0.06135370028217402,1.0,0.5053019553935779,1.0779817209130036,0.0,0.0
46,4.0,Standard DML,9.964023254761768,0.1174052370817365,1.5277777777777777,8.436245476983991,0.0,4.924059004995287,1.0,,
46,4.0,Block DML,10.010578808155868,0.11990174137418778,1.5277777777777777,8.482801030378091,0.0,4.969176521643306,1.0,,
46,4.0,Unregularized Coupled DML,1.5891314780599517,0.07010187689829019,1.5277777777777777,0.06135370028217402,1.0,0.5053019553935779,1.0779817209130036,3.734488652534643e-23,2.0
46,4.0,Spectral OR-DML (Ours),1.5868843818266114,0.07001192512959198,1.5277777777777777,0.05910660404883372,1.0,0.5053019553935779,1.0779817209130036,3.734488652534643e-23,2.0
46,4.0,Filtered OR-DML (Ours),1.5868843818266114,0.07001192512959198,1.5277777777777777,0.05910660404883372,1.0,0.5053019553935779,1.0779817209130036,2.2708052930962345e-22,2.0
47,4.0,Oracle DML,1.5745346961447102,0.03653810315942422,1.5277777777777777,0.04675691836693252,1.0,0.4085604176010751,1.402047966057664,0.0,0.0
47,4.0,Standard DML,9.875076592519912,0.09032604822722191,1.5277777777777777,8.347298814742135,0.0,5.209297627558212,1.0,,
47,4.0,Block DML,9.936442009588319,0.09000555193473316,1.5277777777777777,8.40866423181054,0.0,5.362985081049157,1.0,,
47,4.0,Unregularized Coupled DML,1.5745346961447102,0.07321896047202259,1.5277777777777777,0.04675691836693252,1.0,0.4085604176010751,1.402047966057664,1.2280767696641738e-29,2.0
47,4.0,Spectral OR-DML (Ours),1.5720112582622492,0.0730985664520739,1.5277777777777777,0.04423348048447151,1.0,0.4085604176010751,1.402047966057664,1.2280767696641738e-29,2.0
47,4.0,Filtered OR-DML (Ours),1.5720112582622492,0.0730985664520739,1.5277777777777777,0.04423348048447151,1.0,0.4085604176010751,1.402047966057664,3.329460922020062e-29,2.0
48,4.0,Oracle DML,1.5174391098306264,0.032737639968947956,1.5277777777777777,-0.010338667947151325,1.0,0.45759306274081574,1.2969870238161845,0.0,0.0
48,4.0,Standard DML,9.87302807272363,0.11228345578728027,1.5277777777777777,8.345250294945853,0.0,5.002391252589242,1.0,,
48,4.0,Block DML,9.861309579016812,0.11321488571809886,1.5277777777777777,8.333531801239033,0.0,5.027253455899658,1.0,,
48,4.0,Unregularized Coupled DML,1.5174391098306264,0.07135714173010478,1.5277777777777777,-0.010338667947151325,1.0,0.45759306274081574,1.2969870238161845,9.914982509817831e-27,2.0
48,4.0,Spectral OR-DML (Ours),1.5150902395208323,0.0712284019783846,1.5277777777777777,-0.012687538256945352,1.0,0.45759306274081574,1.2969870238161845,9.914982509817831e-27,2.0
48,4.0,Filtered OR-DML (Ours),1.5150902395208323,0.0712284019783846,1.5277777777777777,-0.012687538256945352,1.0,0.45759306274081574,1.2969870238161845,5.187855132220212e-26,2.0
49,4.0,Oracle DML,1.5559248466694515,0.03300091738535845,1.5277777777777777,0.028147068891673843,1.0,0.42972021333696697,1.2657641090027103,0.0,0.0
49,4.0,Standard DML,9.965420840310742,0.10359800604479016,1.5277777777777777,8.437643062532963,0.0,5.028313550524183,1.0,,
49,4.0,Block DML,9.995338169280721,0.10242298489215017,1.5277777777777777,8.467560391502943,0.0,5.084430067590645,1.0,,
49,4.0,Unregularized Coupled DML,1.5559248466694515,0.07459796993717487,1.5277777777777777,0.028147068891673843,1.0,0.42972021333696697,1.2657641090027103,1.7833210453627467e-28,2.0
49,4.0,Spectral OR-DML (Ours),1.5535195734847644,0.07446230201600884,1.5277777777777777,0.02574179570698676,1.0,0.42972021333696697,1.2657641090027103,1.7833210453627467e-28,2.0
49,4.0,Filtered OR-DML (Ours),1.5535195734847644,0.07446230201600884,1.5277777777777777,0.02574179570698676,1.0,0.42972021333696697,1.2657641090027103,1.289312994854646e-27,2.0
50,4.0,Oracle DML,1.4772213442772382,0.03315248937594149,1.5277777777777777,-0.05055643350053951,1.0,0.42347704569224504,1.2806825035916938,0.0,0.0
50,4.0,Standard DML,9.966362413854737,0.10521901350966344,1.5277777777777777,8.43858463607696,0.0,4.92147421597007,1.0,,
50,4.0,Block DML,9.980524465774844,0.10299716852529886,1.5277777777777777,8.452746687997067,0.0,5.024700029431392,1.0,,
50,4.0,Unregularized Coupled DML,1.4772213442772382,0.0658953362990635,1.5277777777777777,-0.05055643350053951,1.0,0.42347704569224504,1.2806825035916938,3.6482950185090734e-28,2.0
50,4.0,Spectral OR-DML (Ours),1.474960491485128,0.06577649779748959,1.5277777777777777,-0.0528172862926497,1.0,0.42347704569224504,1.2806825035916938,3.6482950185090734e-28,2.0
50,4.0,Filtered OR-DML (Ours),1.474960491485128,0.06577649779748959,1.5277777777777777,-0.0528172862926497,1.0,0.42347704569224504,1.2806825035916938,1.9739526538694616e-27,2.0
51,4.0,Oracle DML,1.5574259454572341,0.03037408091586587,1.5277777777777777,0.02964816767945644,1.0,0.4411545996226899,1.3597427647998317,0.0,0.0
51,4.0,Standard DML,10.00684420501567,0.10348495235789973,1.5277777777777777,8.479066427237893,0.0,4.87068379126118,1.0,,
51,4.0,Block DML,10.054160240571,0.1025157642822811,1.5277777777777777,8.526382462793222,0.0,4.95553904481084,1.0,,
51,4.0,Unregularized Coupled DML,1.5574259454572341,0.06977682987797135,1.5277777777777777,0.02964816767945644,1.0,0.4411545996226899,1.3597427647998317,6.3976631354198514e-24,2.0
51,4.0,Spectral OR-DML (Ours),1.5549712936799986,0.06964200586338296,1.5277777777777777,0.027193515902220966,1.0,0.4411545996226899,1.3597427647998317,6.3976631354198514e-24,2.0
51,4.0,Filtered OR-DML (Ours),1.5549712936799986,0.06964200586338296,1.5277777777777777,0.027193515902220966,1.0,0.4411545996226899,1.3597427647998317,4.5379210927478573e-23,2.0
52,4.0,Oracle DML,1.595779181880811,0.034133516798982085,1.5277777777777777,0.06800140410303324,0.0,0.4697965444954635,1.0061450909897294,0.0,0.0
52,4.0,Standard DML,10.243823748628326,0.11553440985785071,1.5277777777777777,8.716045970850548,0.0,4.816610768555535,1.0,,
52,4.0,Block DML,10.260219658705122,0.11777136137261615,1.5277777777777777,8.732441880927343,0.0,4.847173160831189,1.0,,
52,4.0,Unregularized Coupled DML,1.595779181880811,0.07651005264863057,1.5277777777777777,0.06800140410303324,1.0,0.4697965444954635,1.0061450909897294,1.934346780555506e-28,2.0
52,4.0,Spectral OR-DML (Ours),1.5934830562635018,0.07639815033990345,1.5277777777777777,0.06570527848572416,1.0,0.4697965444954635,1.0061450909897294,1.934346780555506e-28,2.0
52,4.0,Filtered OR-DML (Ours),1.5934830562635018,0.07639815033990345,1.5277777777777777,0.06570527848572416,1.0,0.4697965444954635,1.0061450909897294,1.1843157520767049e-27,2.0
53,4.0,Oracle DML,1.4745893152539464,0.03826372076140671,1.5277777777777777,-0.05318846252383125,1.0,0.4218432800837572,1.5287432205760725,0.0,0.0
53,4.0,Standard DML,9.789618079838881,0.11150021542546346,1.5277777777777777,8.261840302061103,0.0,4.9965162116090385,1.0,,
53,4.0,Block DML,9.879516759338204,0.11282652529345134,1.5277777777777777,8.351738981560427,0.0,5.23720618805162,1.0,,
53,4.0,Unregularized Coupled DML,1.4745893152539464,0.07186156293191572,1.5277777777777777,-0.05318846252383125,1.0,0.4218432800837572,1.5287432205760725,1.845515879524876e-24,2.0
53,4.0,Spectral OR-DML (Ours),1.472179754205238,0.07172485399867842,1.5277777777777777,-0.055598023572539734,1.0,0.4218432800837572,1.5287432205760725,1.845515879524876e-24,2.0
53,4.0,Filtered OR-DML (Ours),1.472179754205238,0.07172485399867842,1.5277777777777777,-0.055598023572539734,1.0,0.4218432800837572,1.5287432205760725,1.3777954918701474e-23,2.0
54,4.0,Oracle DML,1.5579922921940907,0.03447438161676573,1.5277777777777777,0.030214514416313065,1.0,0.4644896888217094,1.1526194543052832,0.0,0.0
54,4.0,Standard DML,10.02781637600739,0.10864131395852518,1.5277777777777777,8.500038598229612,0.0,4.9416790390601015,1.0,,
54,4.0,Block DML,10.081405740400857,0.10898313976064337,1.5277777777777777,8.553627962623079,0.0,5.059707849842138,1.0,,
54,4.0,Unregularized Coupled DML,1.5579922921940907,0.07633255838121296,1.5277777777777777,0.030214514416313065,1.0,0.4644896888217094,1.1526194543052832,3.6153816122516985e-27,2.0
54,4.0,Spectral OR-DML (Ours),1.5556544646381127,0.07622928191790845,1.5277777777777777,0.027876686860335065,1.0,0.4644896888217094,1.1526194543052832,3.6153816122516985e-27,2.0
54,4.0,Filtered OR-DML (Ours),1.5556544646381127,0.07622928191790845,1.5277777777777777,0.027876686860335065,1.0,0.4644896888217094,1.1526194543052832,2.426686924084656e-26,2.0
55,4.0,Oracle DML,1.4757744275608835,0.03612679826047064,1.5277777777777777,-0.05200335021689417,1.0,0.3767968411895694,1.6995712532224296,0.0,0.0
55,4.0,Standard DML,9.88430697248215,0.1401224317738986,1.5277777777777777,8.356529194704372,0.0,4.844563461255326,1.0,,
55,4.0,Block DML,9.915552432232838,0.14320281620708203,1.5277777777777777,8.387774654455061,0.0,4.843489088534103,1.0,,
55,4.0,Unregularized Coupled DML,1.4757744275608835,0.07688226684699054,1.5277777777777777,-0.05200335021689417,1.0,0.3767968411895694,1.6995712532224296,2.076216584245801e-24,2.0
55,4.0,Spectral OR-DML (Ours),1.4732467016863693,0.07671619676578563,1.5277777777777777,-0.05453107609140839,1.0,0.3767968411895694,1.6995712532224296,2.076216584245801e-24,2.0
55,4.0,Filtered OR-DML (Ours),1.4732467016863693,0.07671619676578563,1.5277777777777777,-0.05453107609140839,1.0,0.3767968411895694,1.6995712532224296,1.1091914240052476e-23,2.0
56,4.0,Oracle DML,1.5507397695860865,0.0370509189750202,1.5277777777777777,0.022961991808308824,1.0,0.4477981349405167,1.186852767067294,0.0,0.0
56,4.0,Standard DML,9.88093947528641,0.09121775825508999,1.5277777777777777,8.353161697508632,0.0,5.200032441483538,1.0,,
56,4.0,Block DML,9.938111425451707,0.09180447721715257,1.5277777777777777,8.41033364767393,0.0,5.3577403902333725,1.0,,
56,4.0,Unregularized Coupled DML,1.5507397695860865,0.07349619433750974,1.5277777777777777,0.022961991808308824,1.0,0.4477981349405167,1.186852767067294,1.3011235684631446e-25,2.0
56,4.0,Spectral OR-DML (Ours),1.5483981549122077,0.0733799723373351,1.5277777777777777,0.02062037713442999,1.0,0.4477981349405167,1.186852767067294,1.3011235684631446e-25,2.0
56,4.0,Filtered OR-DML (Ours),1.5483981549122077,0.0733799723373351,1.5277777777777777,0.02062037713442999,1.0,0.4477981349405167,1.186852767067294,8.153926617572655e-25,2.0
57,4.0,Oracle DML,1.5650268909689833,0.03239968089462794,1.5277777777777777,0.03724911319120561,1.0,0.5007037519188666,1.0956328815310508,0.0,0.0
57,4.0,Standard DML,10.00438779745772,0.10500237474571056,1.5277777777777777,8.476610019679942,0.0,4.880943735627508,1.0,,
57,4.0,Block DML,10.054962286199103,0.10335466958744302,1.5277777777777777,8.527184508421325,0.0,5.053604764401528,1.0,,
57,4.0,Unregularized Coupled DML,1.5650268909689833,0.07353810557464116,1.5277777777777777,0.03724911319120561,1.0,0.5007037519188666,1.0956328815310508,1.7872978690131846e-27,2.0
57,4.0,Spectral OR-DML (Ours),1.5627150533146799,0.07342094155607225,1.5277777777777777,0.03493727553690218,1.0,0.5007037519188666,1.0956328815310508,1.7872978690131846e-27,2.0
57,4.0,Filtered OR-DML (Ours),1.5627150533146799,0.07342094155607225,1.5277777777777777,0.03493727553690218,1.0,0.5007037519188666,1.0956328815310508,1.2669176880184105e-26,2.0
58,4.0,Oracle DML,1.49481899652947,0.03612390148449634,1.5277777777777777,-0.032958781248307645,1.0,0.42656084065431865,1.408379525444472,0.0,0.0
58,4.0,Standard DML,9.969216483101928,0.11596129786823171,1.5277777777777777,8.441438705324149,0.0,4.86562350987314,1.0,,
58,4.0,Block DML,9.98854893921514,0.11775760474052002,1.5277777777777777,8.46077116143736,0.0,4.871999338927602,1.0,,
58,4.0,Unregularized Coupled DML,1.49481899652947,0.07526664020561129,1.5277777777777777,-0.032958781248307645,1.0,0.42656084065431865,1.408379525444472,2.7109933056615777e-28,2.0
58,4.0,Spectral OR-DML (Ours),1.4924413968330978,0.07512293551431118,1.5277777777777777,-0.035336380944679835,1.0,0.42656084065431865,1.408379525444472,2.7109933056615777e-28,2.0
58,4.0,Filtered OR-DML (Ours),1.4924413968330978,0.07512293551431118,1.5277777777777777,-0.035336380944679835,1.0,0.42656084065431865,1.408379525444472,1.640097650845725e-27,2.0
59,4.0,Oracle DML,1.499113433965575,0.03399793298975537,1.5277777777777777,-0.02866434381220273,1.0,0.43072853586095905,1.4218139008902777,0.0,0.0
59,4.0,Standard DML,9.92071382988093,0.12062016082245289,1.5277777777777777,8.392936052103153,0.0,4.886287967430724,1.0,,
59,4.0,Block DML,9.919710326688133,0.12165216546473995,1.5277777777777777,8.391932548910354,0.0,4.901355863439992,1.0,,
59,4.0,Unregularized Coupled DML,1.499113433965575,0.06473596718351035,1.5277777777777777,-0.02866434381220273,1.0,0.43072853586095905,1.4218139008902777,1.4815428737628107e-24,2.0
59,4.0,Spectral OR-DML (Ours),1.4967289422392274,0.06461886881942962,1.5277777777777777,-0.031048835538550312,1.0,0.43072853586095905,1.4218139008902777,1.4815428737628107e-24,2.0
59,4.0,Filtered OR-DML (Ours),1.4967289422392274,0.06461886881942962,1.5277777777777777,-0.031048835538550312,1.0,0.43072853586095905,1.4218139008902777,7.84234616230201e-24,2.0
60,4.0,Oracle DML,1.424566577916971,0.03268572110573343,1.5277777777777777,-0.10321119986080673,0.0,0.3716268834401492,1.7543452763302527,0.0,0.0
60,4.0,Standard DML,9.82502982171874,0.1280215669818543,1.5277777777777777,8.297252043940961,0.0,4.887724141070539,1.0,,
60,4.0,Block DML,9.893253956044044,0.1272893357905732,1.5277777777777777,8.365476178266267,0.0,4.946790886583006,1.0,,
60,4.0,Unregularized Coupled DML,1.424566577916971,0.06926896401453131,1.5277777777777777,-0.10321119986080673,1.0,0.3716268834401492,1.7543452763302527,1.648806431735283e-28,2.0
60,4.0,Spectral OR-DML (Ours),1.422117475234946,0.06911827309184401,1.5277777777777777,-0.10566030254283176,1.0,0.3716268834401492,1.7543452763302527,1.648806431735283e-28,2.0
60,4.0,Filtered OR-DML (Ours),1.422117475234946,0.06911827309184401,1.5277777777777777,-0.10566030254283176,1.0,0.3716268834401492,1.7543452763302527,1.3012441029792537e-28,2.0
61,4.0,Oracle DML,1.4564992055683756,0.03119553623992584,1.5277777777777777,-0.07127857220940204,0.0,0.354542339363882,1.6752197632060513,0.0,0.0
61,4.0,Standard DML,10.072525818315487,0.13016139808261784,1.5277777777777777,8.544748040537709,0.0,4.661563530619444,1.0,,
61,4.0,Block DML,10.121066551049669,0.13231126706515844,1.5277777777777777,8.59328877327189,0.0,4.747443477805738,1.0,,
61,4.0,Unregularized Coupled DML,1.4564992055683756,0.06941944112227881,1.5277777777777777,-0.07127857220940204,1.0,0.354542339363882,1.6752197632060513,2.9140513667351475e-28,2.0
61,4.0,Spectral OR-DML (Ours),1.4540358277121976,0.06927769884493458,1.5277777777777777,-0.07374195006558004,1.0,0.354542339363882,1.6752197632060513,2.9140513667351475e-28,2.0
61,4.0,Filtered OR-DML (Ours),1.4540358277121976,0.06927769884493458,1.5277777777777777,-0.07374195006558004,1.0,0.354542339363882,1.6752197632060513,1.0925798070673988e-27,2.0
62,4.0,Oracle DML,1.5574280626589512,0.03247051539633736,1.5277777777777777,0.029650284881173494,1.0,0.4402641794762192,1.3072933002172482,0.0,0.0
62,4.0,Standard DML,10.104408864607526,0.10999742771796606,1.5277777777777777,8.57663108682975,0.0,4.776304042385935,1.0,,
62,4.0,Block DML,10.08333985900137,0.11002569127068437,1.5277777777777777,8.555562081223592,0.0,4.8161740434671,1.0,,
62,4.0,Unregularized Coupled DML,1.5574280626589512,0.07034718569997311,1.5277777777777777,0.029650284881173494,1.0,0.4402641794762192,1.3072933002172482,5.481969128148259e-24,2.0
62,4.0,Spectral OR-DML (Ours),1.5550112232662863,0.07022118645471834,1.5277777777777777,0.02723344548850859,1.0,0.4402641794762192,1.3072933002172482,5.481969128148259e-24,2.0
62,4.0,Filtered OR-DML (Ours),1.5550112232662863,0.07022118645471834,1.5277777777777777,0.02723344548850859,1.0,0.4402641794762192,1.3072933002172482,3.8784616216301174e-23,2.0
63,4.0,Oracle DML,1.679816560559583,0.03815255713037658,1.5277777777777777,0.15203878278180527,0.0,0.493936609873595,1.0408621607180375,0.0,0.0
63,4.0,Standard DML,10.104823866947394,0.09949371024371732,1.5277777777777777,8.577046089169617,0.0,4.907419972895941,1.0,,
63,4.0,Block DML,10.136499714549757,0.09898156403370878,1.5277777777777777,8.608721936771978,0.0,5.019880085353921,1.0,,
63,4.0,Unregularized Coupled DML,1.679816560559583,0.07793212272384087,1.5277777777777777,0.15203878278180527,1.0,0.493936609873595,1.0408621607180375,1.2203402767469477e-24,2.0
63,4.0,Spectral OR-DML (Ours),1.67736695665059,0.07780991704765726,1.5277777777777777,0.1495891788728123,1.0,0.493936609873595,1.0408621607180375,1.2203402767469477e-24,2.0
63,4.0,Filtered OR-DML (Ours),1.67736695665059,0.07780991704765726,1.5277777777777777,0.1495891788728123,1.0,0.493936609873595,1.0408621607180375,7.943521315113035e-24,2.0
64,4.0,Oracle DML,1.5240788799672624,0.03342225136391305,1.5277777777777777,-0.003698897810515245,1.0,0.46113921953392945,1.2395326380353362,0.0,0.0
64,4.0,Standard DML,10.026742381442869,0.11423412755420105,1.5277777777777777,8.49896460366509,0.0,4.770229839361445,1.0,,
64,4.0,Block DML,10.072776169865147,0.1185240799271842,1.5277777777777777,8.544998392087368,0.0,4.847152493473208,1.0,,
64,4.0,Unregularized Coupled DML,1.5240788799672624,0.07214466404041028,1.5277777777777777,-0.003698897810515245,1.0,0.46113921953392945,1.2395326380353362,1.7489669295025116e-24,2.0
64,4.0,Spectral OR-DML (Ours),1.5217477666735468,0.07201848787424055,1.5277777777777777,-0.006030011104230848,1.0,0.46113921953392945,1.2395326380353362,1.7489669295025116e-24,2.0
64,4.0,Filtered OR-DML (Ours),1.5217477666735468,0.07201848787424055,1.5277777777777777,-0.006030011104230848,1.0,0.46113921953392945,1.2395326380353362,1.1370000165730964e-23,2.0
65,4.0,Oracle DML,1.3317686006262919,0.035135865846264706,1.5277777777777777,-0.1960091771514858,0.0,0.37507047470361293,1.5747543466745584,0.0,0.0
65,4.0,Standard DML,9.933744478743627,0.11471756715154086,1.5277777777777777,8.405966700965848,0.0,4.797918739444872,1.0,,
65,4.0,Block DML,9.951141794128516,0.11424584636123197,1.5277777777777777,8.423364016350739,0.0,4.893054744542544,1.0,,
65,4.0,Unregularized Coupled DML,1.3317686006262919,0.07621189839113457,1.5277777777777777,-0.1960091771514858,0.0,0.37507047470361293,1.5747543466745584,4.081246457788249e-26,2.0
65,4.0,Spectral OR-DML (Ours),1.329558687152126,0.0760674814865575,1.5277777777777777,-0.19821909062565157,0.0,0.37507047470361293,1.5747543466745584,4.081246457788249e-26,2.0
65,4.0,Filtered OR-DML (Ours),1.329558687152126,0.0760674814865575,1.5277777777777777,-0.19821909062565157,0.0,0.37507047470361293,1.5747543466745584,3.526525932669866e-25,2.0
66,4.0,Oracle DML,1.5530019849818664,0.03551592993681133,1.5277777777777777,0.02522420720408869,1.0,0.49113761851743687,1.165297098042953,0.0,0.0
66,4.0,Standard DML,9.863924582050462,0.10196347755362901,1.5277777777777777,8.336146804272683,0.0,5.126131280403994,1.0,,
66,4.0,Block DML,9.878902992364965,0.10365537022815631,1.5277777777777777,8.351125214587189,0.0,5.167416254220546,1.0,,
66,4.0,Unregularized Coupled DML,1.5530019849818664,0.07469985794773393,1.5277777777777777,0.02522420720408869,1.0,0.49113761851743687,1.165297098042953,2.167482657010106e-24,2.0
66,4.0,Spectral OR-DML (Ours),1.5506654081900435,0.07457625522503862,1.5277777777777777,0.022887630412265825,1.0,0.49113761851743687,1.165297098042953,2.167482657010106e-24,2.0
66,4.0,Filtered OR-DML (Ours),1.5506654081900435,0.07457625522503862,1.5277777777777777,0.022887630412265825,1.0,0.49113761851743687,1.165297098042953,3.1784508801144255e-25,2.0
67,4.0,Oracle DML,1.5907918032815798,0.031130420819859124,1.5277777777777777,0.06301402550380208,0.0,0.4983858700999298,1.1247474690040804,0.0,0.0
67,4.0,Standard DML,9.755737369389223,0.08686798792924381,1.5277777777777777,8.227959591611445,0.0,5.383710448940186,1.0,,
67,4.0,Block DML,9.767115520443742,0.08631244557657464,1.5277777777777777,8.239337742665963,0.0,5.405342612302604,1.0,,
67,4.0,Unregularized Coupled DML,1.5907918032815798,0.06725178424226821,1.5277777777777777,0.06301402550380208,1.0,0.4983858700999298,1.1247474690040804,9.05408555832498e-25,2.0
67,4.0,Spectral OR-DML (Ours),1.588562524642689,0.06716655303716988,1.5277777777777777,0.06078474686491142,1.0,0.4983858700999298,1.1247474690040804,9.05408555832498e-25,2.0
67,4.0,Filtered OR-DML (Ours),1.588562524642689,0.06716655303716988,1.5277777777777777,0.06078474686491142,1.0,0.4983858700999298,1.1247474690040804,5.075686075753529e-24,2.0
68,4.0,Oracle DML,1.4373553083742865,0.03366117455208032,1.5277777777777777,-0.09042246940349119,0.0,0.3883191105317625,1.614504711796883,0.0,0.0
68,4.0,Standard DML,9.871555897587356,0.1146891007223542,1.5277777777777777,8.343778119809578,0.0,4.891525017327287,1.0,,
68,4.0,Block DML,9.926920688117352,0.11546473478257803,1.5277777777777777,8.399142910339574,0.0,4.980363216917614,1.0,,
68,4.0,Unregularized Coupled DML,1.4373553083742865,0.0755469870716036,1.5277777777777777,-0.09042246940349119,1.0,0.3883191105317625,1.614504711796883,1.9679780377427242e-26,2.0
68,4.0,Spectral OR-DML (Ours),1.4349433356750396,0.07538379871968638,1.5277777777777777,-0.09283444210273806,1.0,0.3883191105317625,1.614504711796883,1.9679780377427242e-26,2.0
68,4.0,Filtered OR-DML (Ours),1.4349433356750396,0.07538379871968638,1.5277777777777777,-0.09283444210273806,1.0,0.3883191105317625,1.614504711796883,1.15117108139458e-26,2.0
69,4.0,Oracle DML,1.502600501762354,0.03655913774933868,1.5277777777777777,-0.025177276015423633,1.0,0.45505627364767404,1.3121507558010925,0.0,0.0
69,4.0,Standard DML,9.860747499975902,0.113460228841357,1.5277777777777777,8.332969722198126,0.0,5.007557456489371,1.0,,
69,4.0,Block DML,9.899907498914514,0.11178078716214186,1.5277777777777777,8.372129721136737,0.0,5.061753395001135,1.0,,
69,4.0,Unregularized Coupled DML,1.502600501762354,0.07264326791731802,1.5277777777777777,-0.025177276015423633,1.0,0.45505627364767404,1.3121507558010925,1.149489851869646e-29,2.0
69,4.0,Spectral OR-DML (Ours),1.5002509974180296,0.07252682657754383,1.5277777777777777,-0.027526780359748093,1.0,0.45505627364767404,1.3121507558010925,1.149489851869646e-29,2.0
69,4.0,Filtered OR-DML (Ours),1.5002509974180296,0.07252682657754383,1.5277777777777777,-0.027526780359748093,1.0,0.45505627364767404,1.3121507558010925,3.6327206518768764e-29,2.0
70,4.0,Oracle DML,1.6505476022500316,0.03488076513129298,1.5277777777777777,0.12276982447225393,0.0,0.4725273134637977,1.0569869634906532,0.0,0.0
70,4.0,Standard DML,10.331498169304242,0.1316067290332482,1.5277777777777777,8.803720391526465,0.0,4.609570727511278,1.0,,
70,4.0,Block DML,10.342831168812364,0.1312080652003856,1.5277777777777777,8.815053391034585,0.0,4.721530913177706,1.0,,
70,4.0,Unregularized Coupled DML,1.6505476022500316,0.07642573818955722,1.5277777777777777,0.12276982447225393,1.0,0.4725273134637977,1.0569869634906532,1.414339077719611e-27,2.0
70,4.0,Spectral OR-DML (Ours),1.6482055026245914,0.07631757011536018,1.5277777777777777,0.12042772484681374,1.0,0.4725273134637977,1.0569869634906532,1.414339077719611e-27,2.0
70,4.0,Filtered OR-DML (Ours),1.6482055026245914,0.07631757011536018,1.5277777777777777,0.12042772484681374,1.0,0.4725273134637977,1.0569869634906532,1.9695723280512063e-28,2.0
71,4.0,Oracle DML,1.4886727602840513,0.03538190918063455,1.5277777777777777,-0.03910501749372641,1.0,0.4203871017486132,1.3453358637295798,0.0,0.0
71,4.0,Standard DML,10.072157469877014,0.11456118588217772,1.5277777777777777,8.544379692099238,0.0,4.72619005239649,1.0,,
71,4.0,Block DML,10.102678301412693,0.11518309440712828,1.5277777777777777,8.574900523634916,0.0,4.90255556836175,1.0,,
71,4.0,Unregularized Coupled DML,1.4886727602840513,0.07413844604251059,1.5277777777777777,-0.03910501749372641,1.0,0.4203871017486132,1.3453358637295798,1.405680207341617e-25,2.0
71,4.0,Spectral OR-DML (Ours),1.4863528441990406,0.0740117193565129,1.5277777777777777,-0.04142493357873711,1.0,0.4203871017486132,1.3453358637295798,1.405680207341617e-25,2.0
71,4.0,Filtered OR-DML (Ours),1.4863528441990406,0.0740117193565129,1.5277777777777777,-0.04142493357873711,1.0,0.4203871017486132,1.3453358637295798,8.529759097066126e-25,2.0
72,4.0,Oracle DML,1.5235438466106264,0.03528476550754985,1.5277777777777777,-0.004233931167151317,1.0,0.4307137170796627,1.2994861444698917,0.0,0.0
72,4.0,Standard DML,10.125234799194512,0.11985486993072707,1.5277777777777777,8.597457021416734,0.0,4.676669383130969,1.0,,
72,4.0,Block DML,10.211096109123902,0.12279933261692436,1.5277777777777777,8.683318331346126,0.0,4.8075476465967375,1.0,,
72,4.0,Unregularized Coupled DML,1.5235438466106264,0.07104259760402959,1.5277777777777777,-0.004233931167151317,1.0,0.4307137170796627,1.2994861444698917,2.0792226449307883e-25,2.0
72,4.0,Spectral OR-DML (Ours),1.5211790268636451,0.07091985224860033,1.5277777777777777,-0.006598750914132534,1.0,0.4307137170796627,1.2994861444698917,2.0792226449307883e-25,2.0
72,4.0,Filtered OR-DML (Ours),1.5211790268636451,0.07091985224860033,1.5277777777777777,-0.006598750914132534,1.0,0.4307137170796627,1.2994861444698917,1.1240779218052116e-24,2.0
73,4.0,Oracle DML,1.4227329647920097,0.03527806916329685,1.5277777777777777,-0.10504481298576795,0.0,0.382036392147705,1.608390511031115,0.0,0.0
73,4.0,Standard DML,10.021489298423255,0.1281503330460787,1.5277777777777777,8.493711520645476,0.0,4.659596123665693,1.0,,
73,4.0,Block DML,10.024997986972641,0.13025784136698784,1.5277777777777777,8.497220209194865,0.0,4.715335461331627,1.0,,
73,4.0,Unregularized Coupled DML,1.4227329647920097,0.06748742864156594,1.5277777777777777,-0.10504481298576795,1.0,0.382036392147705,1.608390511031115,1.4732684003072248e-25,2.0
73,4.0,Spectral OR-DML (Ours),1.4203857277293908,0.06736713493311083,1.5277777777777777,-0.10739205004838692,1.0,0.382036392147705,1.608390511031115,1.4732684003072248e-25,2.0
73,4.0,Filtered OR-DML (Ours),1.4203857277293908,0.06736713493311083,1.5277777777777777,-0.10739205004838692,1.0,0.382036392147705,1.608390511031115,2.936680786232615e-26,2.0
74,4.0,Oracle DML,1.507227134268892,0.03316486383478932,1.5277777777777777,-0.02055064350888558,1.0,0.46430340650520063,1.199175865833562,0.0,0.0
74,4.0,Standard DML,10.066764405462688,0.1061080713609749,1.5277777777777777,8.53898662768491,0.0,4.786858099302832,1.0,,
74,4.0,Block DML,10.107705258482117,0.10766439222045704,1.5277777777777777,8.579927480704338,0.0,4.87469407664195,1.0,,
74,4.0,Unregularized Coupled DML,1.507227134268892,0.06887670666878849,1.5277777777777777,-0.02055064350888558,1.0,0.46430340650520063,1.199175865833562,3.88140495654544e-27,2.0
74,4.0,Spectral OR-DML (Ours),1.5049572134453915,0.06876802026503016,1.5277777777777777,-0.022820564332386217,1.0,0.46430340650520063,1.199175865833562,3.88140495654544e-27,2.0
74,4.0,Filtered OR-DML (Ours),1.5049572134453915,0.06876802026503016,1.5277777777777777,-0.022820564332386217,1.0,0.46430340650520063,1.199175865833562,2.1130422405452115e-26,2.0
75,4.0,Oracle DML,1.6687143100148232,0.033749234537505904,1.5277777777777777,0.1409365322370455,0.0,0.45789545883060884,1.142155499713276,0.0,0.0
75,4.0,Standard DML,10.042572835999046,0.09678157442536324,1.5277777777777777,8.514795058221267,0.0,5.082073477360212,1.0,,
75,4.0,Block DML,10.04402175246102,0.09694611220116295,1.5277777777777777,8.516243974683242,0.0,5.1520715381239715,1.0,,
75,4.0,Unregularized Coupled DML,1.6687143100148232,0.07076007917885169,1.5277777777777777,0.1409365322370455,0.0,0.45789545883060884,1.142155499713276,1.3521475961424628e-26,2.0
75,4.0,Spectral OR-DML (Ours),1.6663818811280973,0.07067257605449723,1.5277777777777777,0.13860410335031959,0.0,0.45789545883060884,1.142155499713276,1.3521475961424628e-26,2.0
75,4.0,Filtered OR-DML (Ours),1.6663818811280973,0.07067257605449723,1.5277777777777777,0.13860410335031959,0.0,0.45789545883060884,1.142155499713276,8.876923263181397e-26,2.0
76,4.0,Oracle DML,1.596174567605345,0.033801748383552314,1.5277777777777777,0.06839678982756725,0.0,0.43688448382399997,1.3146244471257618,0.0,0.0
76,4.0,Standard DML,9.881949124416131,0.10980322412284568,1.5277777777777777,8.354171346638353,0.0,5.1821296557749434,1.0,,
76,4.0,Block DML,9.878024030851345,0.11006610984396382,1.5277777777777777,8.350246253073568,0.0,5.245464989909415,1.0,,
76,4.0,Unregularized Coupled DML,1.596174567605345,0.06770399941401295,1.5277777777777777,0.06839678982756725,1.0,0.43688448382399997,1.3146244471257618,1.2777669484902908e-24,2.0
76,4.0,Spectral OR-DML (Ours),1.593703311037845,0.06758110574666439,1.5277777777777777,0.06592553326006723,1.0,0.43688448382399997,1.3146244471257618,1.2777669484902908e-24,2.0
76,4.0,Filtered OR-DML (Ours),1.593703311037845,0.06758110574666439,1.5277777777777777,0.06592553326006723,1.0,0.43688448382399997,1.3146244471257618,7.996106956985729e-24,2.0
77,4.0,Oracle DML,1.5859859832787202,0.03658373282099355,1.5277777777777777,0.05820820550094252,1.0,0.4709971639393033,1.1205477408453692,0.0,0.0
77,4.0,Standard DML,9.87771856949455,0.10914904256319707,1.5277777777777777,8.349940791716772,0.0,5.17056836919066,1.0,,
77,4.0,Block DML,9.921258032372949,0.11219429745068345,1.5277777777777777,8.393480254595172,0.0,5.29975061836846,1.0,,
77,4.0,Unregularized Coupled DML,1.5859859832787202,0.07195297104099992,1.5277777777777777,0.05820820550094252,1.0,0.4709971639393033,1.1205477408453692,8.58586653470005e-28,2.0
77,4.0,Spectral OR-DML (Ours),1.5836280119714936,0.07184095100071028,1.5277777777777777,0.05585023419371593,1.0,0.4709971639393033,1.1205477408453692,8.58586653470005e-28,2.0
77,4.0,Filtered OR-DML (Ours),1.5836280119714936,0.07184095100071028,1.5277777777777777,0.05585023419371593,1.0,0.4709971639393033,1.1205477408453692,4.7714312067628114e-27,2.0
78,4.0,Oracle DML,1.492455015961848,0.031615612248535645,1.5277777777777777,-0.03532276181592975,1.0,0.42733996174331895,1.3442005850016931,0.0,0.0
78,4.0,Standard DML,10.132654406910909,0.12792587536514105,1.5277777777777777,8.60487662913313,0.0,4.692147979281397,1.0,,
78,4.0,Block DML,10.171014266530205,0.12621265134631707,1.5277777777777777,8.643236488752429,0.0,4.846981137195581,1.0,,
78,4.0,Unregularized Coupled DML,1.492455015961848,0.07471052869053964,1.5277777777777777,-0.03532276181592975,1.0,0.42733996174331895,1.3442005850016931,1.4845189369955374e-26,2.0
78,4.0,Spectral OR-DML (Ours),1.4901049627002032,0.07458398854990801,1.5277777777777777,-0.03767281507757447,1.0,0.42733996174331895,1.3442005850016931,1.4845189369955374e-26,2.0
78,4.0,Filtered OR-DML (Ours),1.4901049627002032,0.07458398854990801,1.5277777777777777,-0.03767281507757447,1.0,0.42733996174331895,1.3442005850016931,6.350084489502357e-26,2.0
79,4.0,Oracle DML,1.5868651803730374,0.0323892571066768,1.5277777777777777,0.059087402595259686,1.0,0.47113189245959497,1.116947831393131,0.0,0.0
79,4.0,Standard DML,9.988282887158212,0.09823267882082767,1.5277777777777777,8.460505109380435,0.0,5.046808564303261,1.0,,
79,4.0,Block DML,10.08011106311643,0.09863668553582508,1.5277777777777777,8.552333285338651,0.0,5.171358656536862,1.0,,
79,4.0,Unregularized Coupled DML,1.5868651803730374,0.0704558424303368,1.5277777777777777,0.059087402595259686,1.0,0.47113189245959497,1.116947831393131,3.502519924377072e-31,2.0
79,4.0,Spectral OR-DML (Ours),1.584506726558762,0.07034899696646513,1.5277777777777777,0.056728948780984334,1.0,0.47113189245959497,1.116947831393131,3.502519924377072e-31,2.0
79,4.0,Filtered OR-DML (Ours),1.584506726558762,0.07034899696646513,1.5277777777777777,0.056728948780984334,1.0,0.47113189245959497,1.116947831393131,1.6311925184423147e-30,2.0
80,4.0,Oracle DML,1.5826528981917385,0.03610399759207969,1.5277777777777777,0.05487512041396081,1.0,0.45984318194051305,1.109107027155508,0.0,0.0
80,4.0,Standard DML,10.067788110712087,0.10624760323536361,1.5277777777777777,8.540010332934308,0.0,4.967095510960593,1.0,,
80,4.0,Block DML,10.088685695058855,0.10631185782967276,1.5277777777777777,8.560907917281078,0.0,5.069260572404421,1.0,,
80,4.0,Unregularized Coupled DML,10.093320030931812,0.5239337780832689,1.5277777777777777,8.565542253154035,0.0,0.002581997537652758,981.9286171269333,0.6921626061535705,1.0060273249285976
80,4.0,Spectral OR-DML (Ours),10.083996909363854,0.21108808283839614,1.5277777777777777,8.556219131586076,0.0,0.002581997537652758,981.9286171269333,0.6921626061535705,1.0060273249285976
80,4.0,Filtered OR-DML (Ours),10.082075627167626,0.1262922087529612,1.5277777777777777,8.554297849389847,0.0,0.002595492034561664,976.7502359996038,0.6921479286932268,1.0091765489640185
81,4.0,Oracle DML,1.6192750508911535,0.034000306511759906,1.5277777777777777,0.09149727311337585,0.0,0.49516709850938223,1.0739246820416295,0.0,0.0
81,4.0,Standard DML,10.026375110904254,0.10325754626529125,1.5277777777777777,8.498597333126476,0.0,4.9807331538821416,1.0,,
81,4.0,Block DML,10.067856536140441,0.10254520479861497,1.5277777777777777,8.540078758362665,0.0,5.151774478535308,1.0,,
81,4.0,Unregularized Coupled DML,10.066969092248762,0.18456688903548063,1.5277777777777777,8.539191314470983,0.0,0.001405229289685228,1923.6541909223795,0.6675494538543232,1.0035434391755507
81,4.0,Spectral OR-DML (Ours),10.060163613173426,0.1013996004107073,1.5277777777777777,8.532385835395647,0.0,0.001405229289685228,1923.6541909223795,0.6675494538543232,1.0035434391755507
81,4.0,Filtered OR-DML (Ours),10.060030367137767,0.10337363075801716,1.5277777777777777,8.532252589359988,0.0,0.0013884410882311071,1946.8474086511235,0.6675466935995564,1.0063596907647336
82,4.0,Oracle DML,1.560358034376752,0.03799953044421953,1.5277777777777777,0.032580256598974344,1.0,0.4943069609124412,1.1054608062951405,0.0,0.0
82,4.0,Standard DML,10.038686076784293,0.12399272945379376,1.5277777777777777,8.510908299006516,0.0,4.879200980602633,1.0,,
82,4.0,Block DML,10.053966487412804,0.12466223963557185,1.5277777777777777,8.526188709635026,0.0,4.9692329335309795,1.0,,
82,4.0,Unregularized Coupled DML,1.560358034376752,0.07457805514183444,1.5277777777777777,0.032580256598974344,1.0,0.4943069609124412,1.1054608062951405,2.9047675280772132e-28,2.0
82,4.0,Spectral OR-DML (Ours),1.5580430456531555,0.07445140990862176,1.5277777777777777,0.030265267875377866,1.0,0.4943069609124412,1.1054608062951405,2.9047675280772132e-28,2.0
82,4.0,Filtered OR-DML (Ours),1.5580430456531555,0.07445140990862176,1.5277777777777777,0.030265267875377866,1.0,0.4943069609124412,1.1054608062951405,1.7289623496463202e-27,2.0
83,4.0,Oracle DML,1.5666755619364727,0.034301687829706065,1.5277777777777777,0.03889778415869505,1.0,0.42750784748854526,1.3026251263789839,0.0,0.0
83,4.0,Standard DML,10.117885153992345,0.09830324737527299,1.5277777777777777,8.590107376214569,0.0,4.810788621776634,1.0,,
83,4.0,Block DML,10.162257952667506,0.09742691553649616,1.5277777777777777,8.634480174889728,0.0,4.919573137982311,1.0,,
83,4.0,Unregularized Coupled DML,1.5666755619364727,0.07162810002976797,1.5277777777777777,0.03889778415869505,1.0,0.42750784748854526,1.3026251263789839,4.88233156380662e-21,2.0
83,4.0,Spectral OR-DML (Ours),1.564221235434525,0.07151194802487507,1.5277777777777777,0.03644345765674739,1.0,0.42750784748854526,1.3026251263789839,4.88233156380662e-21,2.0
83,4.0,Filtered OR-DML (Ours),1.564221235434525,0.07151194802487507,1.5277777777777777,0.03644345765674739,1.0,0.42750784748854526,1.3026251263789839,2.663936276050404e-20,2.0
84,4.0,Oracle DML,1.552548699319438,0.03644153846529087,1.5277777777777777,0.024770921541660273,1.0,0.4658057252224476,1.1497727677830365,0.0,0.0
84,4.0,Standard DML,9.909783478028645,0.10901957129235261,1.5277777777777777,8.382005700250868,0.0,5.107989075146552,1.0,,
84,4.0,Block DML,9.986340940468011,0.10803341952214356,1.5277777777777777,8.458563162690233,0.0,5.2333035776042465,1.0,,
84,4.0,Unregularized Coupled DML,1.552548699319438,0.07854180116701232,1.5277777777777777,0.024770921541660273,1.0,0.4658057252224476,1.1497727677830365,3.439277618378102e-24,2.0
84,4.0,Spectral OR-DML (Ours),1.5502158654938263,0.07840698266855407,1.5277777777777777,0.022438087716048605,1.0,0.4658057252224476,1.1497727677830365,3.439277618378102e-24,2.0
84,4.0,Filtered OR-DML (Ours),1.5502158654938263,0.07840698266855407,1.5277777777777777,0.022438087716048605,1.0,0.4658057252224476,1.1497727677830365,2.3361867294173457e-23,2.0
85,4.0,Oracle DML,1.54237603721407,0.03406612188687568,1.5277777777777777,0.014598259436292338,1.0,0.47034032254164554,1.1086661117017427,0.0,0.0
85,4.0,Standard DML,9.894811097874143,0.10473838214001256,1.5277777777777777,8.367033320096365,0.0,5.103211628082271,1.0,,
85,4.0,Block DML,9.904389326208253,0.10531620750947332,1.5277777777777777,8.376611548430475,0.0,5.13032387441681,1.0,,
85,4.0,Unregularized Coupled DML,1.54237603721407,0.07007424650582043,1.5277777777777777,0.014598259436292338,1.0,0.47034032254164554,1.1086661117017427,1.1351582976429388e-27,2.0
85,4.0,Spectral OR-DML (Ours),1.5400928132319553,0.06996994493393914,1.5277777777777777,0.01231503545417767,1.0,0.47034032254164554,1.1086661117017427,1.1351582976429388e-27,2.0
85,4.0,Filtered OR-DML (Ours),1.5400928132319553,0.06996994493393914,1.5277777777777777,0.01231503545417767,1.0,0.47034032254164554,1.1086661117017427,2.447801142414693e-28,2.0
86,4.0,Oracle DML,1.4463470713798612,0.0364380304715058,1.5277777777777777,-0.0814307063979165,0.0,0.447237041846088,1.2358670022945228,0.0,0.0
86,4.0,Standard DML,9.996701904237618,0.10721037693748409,1.5277777777777777,8.46892412645984,0.0,4.991129100311213,1.0,,
86,4.0,Block DML,10.049145584853715,0.10785932747565873,1.5277777777777777,8.521367807075936,0.0,5.066478519845823,1.0,,
86,4.0,Unregularized Coupled DML,1.4463470713798612,0.069336220261774,1.5277777777777777,-0.0814307063979165,1.0,0.447237041846088,1.2358670022945228,3.5564677917639426e-29,2.0
86,4.0,Spectral OR-DML (Ours),1.4441306701314058,0.06921229155803924,1.5277777777777777,-0.08364710764637184,1.0,0.447237041846088,1.2358670022945228,3.5564677917639426e-29,2.0
86,4.0,Filtered OR-DML (Ours),1.4441306701314058,0.06921229155803924,1.5277777777777777,-0.08364710764637184,1.0,0.447237041846088,1.2358670022945228,2.097663776641662e-28,2.0
87,4.0,Oracle DML,1.5608841748126832,0.03124167840436433,1.5277777777777777,0.03310639703490548,1.0,0.5044303534887727,1.003515036485353,0.0,0.0
87,4.0,Standard DML,10.037452918458623,0.11219103773287747,1.5277777777777777,8.509675140680844,0.0,5.005296319263519,1.0,,
87,4.0,Block DML,10.07915463946611,0.11211117703917504,1.5277777777777777,8.551376861688333,0.0,5.042736537922462,1.0,,
87,4.0,Unregularized Coupled DML,1.5608841748126832,0.07097742728278832,1.5277777777777777,0.03310639703490548,1.0,0.5044303534887727,1.003515036485353,3.1164730149344257e-28,2.0
87,4.0,Spectral OR-DML (Ours),1.558632307605059,0.07087950471873829,1.5277777777777777,0.03085452982728132,1.0,0.5044303534887727,1.003515036485353,3.1164730149344257e-28,2.0
87,4.0,Filtered OR-DML (Ours),1.558632307605059,0.07087950471873829,1.5277777777777777,0.03085452982728132,1.0,0.5044303534887727,1.003515036485353,1.5517054435912775e-27,2.0
88,4.0,Oracle DML,1.5499327462973271,0.03370659349203003,1.5277777777777777,0.022154968519549456,1.0,0.514040214626459,1.1610873368294943,0.0,0.0
88,4.0,Standard DML,9.755746494959528,0.10468633665126931,1.5277777777777777,8.22796871718175,0.0,5.139702405522855,1.0,,
88,4.0,Block DML,9.813079235567692,0.1035683852107822,1.5277777777777777,8.285301457789913,0.0,5.249035375145397,1.0,,
88,4.0,Unregularized Coupled DML,1.5499327462973271,0.06990251684355918,1.5277777777777777,0.022154968519549456,1.0,0.514040214626459,1.1610873368294943,5.288170883779025e-26,2.0
88,4.0,Spectral OR-DML (Ours),1.5476072228977373,0.06979124140353384,1.5277777777777777,0.019829445119959654,1.0,0.514040214626459,1.1610873368294943,5.288170883779025e-26,2.0
88,4.0,Filtered OR-DML (Ours),1.5476072228977373,0.06979124140353384,1.5277777777777777,0.019829445119959654,1.0,0.514040214626459,1.1610873368294943,3.0775397168521326e-25,2.0
89,4.0,Oracle DML,1.4564430665558552,0.03683401693289013,1.5277777777777777,-0.07133471122192248,1.0,0.3534400900743974,1.7224234802283163,0.0,0.0
89,4.0,Standard DML,9.969551724518784,0.12134934366917766,1.5277777777777777,8.441773946741005,0.0,4.76638898096177,1.0,,
89,4.0,Block DML,10.006142759391143,0.1189737489308689,1.5277777777777777,8.478364981613364,0.0,4.843488782080353,1.0,,
89,4.0,Unregularized Coupled DML,1.4564430665558552,0.06602091953257282,1.5277777777777777,-0.07133471122192248,1.0,0.3534400900743974,1.7224234802283163,1.1416925277481784e-23,2.0
89,4.0,Spectral OR-DML (Ours),1.4539542889700718,0.06588407912070275,1.5277777777777777,-0.07382348880770584,1.0,0.3534400900743974,1.7224234802283163,1.1416925277481784e-23,2.0
89,4.0,Filtered OR-DML (Ours),1.4539542889700718,0.06588407912070275,1.5277777777777777,-0.07382348880770584,1.0,0.3534400900743974,1.7224234802283163,1.865653881711925e-24,2.0
90,4.0,Oracle DML,1.547329665462184,0.033849634540851915,1.5277777777777777,0.0195518876844063,1.0,0.43886138576712813,1.2702324958695073,0.0,0.0
90,4.0,Standard DML,10.049510774646734,0.11577691187583364,1.5277777777777777,8.521732996868955,0.0,4.962723384835059,1.0,,
90,4.0,Block DML,10.094485593263999,0.11470419525187639,1.5277777777777777,8.566707815486222,0.0,5.14560906275791,1.0,,
90,4.0,Unregularized Coupled DML,1.547329665462184,0.06992266074525849,1.5277777777777777,0.0195518876844063,1.0,0.43886138576712813,1.2702324958695073,5.225303755778167e-26,2.0
90,4.0,Spectral OR-DML (Ours),1.5449442013381582,0.06980870068278941,1.5277777777777777,0.01716642356038056,1.0,0.43886138576712813,1.2702324958695073,5.225303755778167e-26,2.0
90,4.0,Filtered OR-DML (Ours),1.5449442013381582,0.06980870068278941,1.5277777777777777,0.01716642356038056,1.0,0.43886138576712813,1.2702324958695073,3.0379159685389457e-25,2.0
91,4.0,Oracle DML,1.5453218233892683,0.038901771926322465,1.5277777777777777,0.01754404561149059,1.0,0.4361419764105954,1.2770482837678065,0.0,0.0
91,4.0,Standard DML,10.008965426903579,0.11576015176584926,1.5277777777777777,8.4811876491258,0.0,4.837839517644596,1.0,,
91,4.0,Block DML,10.021597683327995,0.11605828096010042,1.5277777777777777,8.493819905550218,0.0,4.970722160832506,1.0,,
91,4.0,Unregularized Coupled DML,1.5453218233892683,0.07052877575859486,1.5277777777777777,0.01754404561149059,1.0,0.4361419764105954,1.2770482837678065,1.9147502126916922e-28,2.0
91,4.0,Spectral OR-DML (Ours),1.5429486043106873,0.070398113852665,1.5277777777777777,0.015170826532909576,1.0,0.4361419764105954,1.2770482837678065,1.9147502126916922e-28,2.0
91,4.0,Filtered OR-DML (Ours),1.5429486043106873,0.070398113852665,1.5277777777777777,0.015170826532909576,1.0,0.4361419764105954,1.2770482837678065,1.2714103831839137e-27,2.0
92,4.0,Oracle DML,1.5800359984388423,0.036495807909691445,1.5277777777777777,0.05225822066106467,1.0,0.41273311488422115,1.5063468928267025,0.0,0.0
92,4.0,Standard DML,10.003550554079844,0.10918048642421464,1.5277777777777777,8.475772776302065,0.0,4.908903055805826,1.0,,
92,4.0,Block DML,10.07085825802709,0.10893551238771,1.5277777777777777,8.543080480249312,0.0,5.105777696216348,1.0,,
92,4.0,Unregularized Coupled DML,1.5800359984388423,0.0713359257618739,1.5277777777777777,0.05225822066106467,1.0,0.41273311488422115,1.5063468928267025,8.335341386975693e-30,2.0
92,4.0,Spectral OR-DML (Ours),1.5774361275528495,0.07120259601108889,1.5277777777777777,0.049658349775071775,1.0,0.41273311488422115,1.5063468928267025,8.335341386975693e-30,2.0
92,4.0,Filtered OR-DML (Ours),1.5774361275528495,0.07120259601108889,1.5277777777777777,0.049658349775071775,1.0,0.41273311488422115,1.5063468928267025,5.168646661139416e-29,2.0
93,4.0,Oracle DML,1.4842059625163564,0.03436898190223016,1.5277777777777777,-0.04357181526142129,1.0,0.35314008358238963,1.5954480903927883,0.0,0.0
93,4.0,Standard DML,10.099335759866182,0.11738277159285072,1.5277777777777777,8.571557982088404,0.0,4.723832064784589,1.0,,
93,4.0,Block DML,10.141733954023213,0.11421410861164936,1.5277777777777777,8.613956176245434,0.0,4.855778162333594,1.0,,
93,4.0,Unregularized Coupled DML,1.4842059625163564,0.07211448927308091,1.5277777777777777,-0.04357181526142129,1.0,0.35314008358238963,1.5954480903927883,3.766930393358025e-29,2.0
93,4.0,Spectral OR-DML (Ours),1.4817165288677003,0.071980325586858,1.5277777777777777,-0.046061248910077346,1.0,0.35314008358238963,1.5954480903927883,3.766930393358025e-29,2.0
93,4.0,Filtered OR-DML (Ours),1.4817165288677003,0.071980325586858,1.5277777777777777,-0.046061248910077346,1.0,0.35314008358238963,1.5954480903927883,2.524518608398609e-28,2.0
94,4.0,Oracle DML,1.4578606437048567,0.03431633844228107,1.5277777777777777,-0.069917134072921,0.0,0.4699334653272831,1.31008396020181,0.0,0.0
94,4.0,Standard DML,9.775629420613287,0.10782760934938747,1.5277777777777777,8.24785164283551,0.0,4.925987318732392,1.0,,
94,4.0,Block DML,9.824006955571985,0.11099734476745944,1.5277777777777777,8.296229177794206,0.0,5.036771186811776,1.0,,
94,4.0,Unregularized Coupled DML,1.4578606437048567,0.0729167511930138,1.5277777777777777,-0.069917134072921,1.0,0.4699334653272831,1.31008396020181,4.177402732039843e-27,2.0
94,4.0,Spectral OR-DML (Ours),1.4556040890495703,0.0727958259756867,1.5277777777777777,-0.0721736887282074,1.0,0.4699334653272831,1.31008396020181,4.177402732039843e-27,2.0
94,4.0,Filtered OR-DML (Ours),1.4556040890495703,0.0727958259756867,1.5277777777777777,-0.0721736887282074,1.0,0.4699334653272831,1.31008396020181,3.079113803401796e-26,2.0
95,4.0,Oracle DML,1.5610294365311497,0.03610007423953835,1.5277777777777777,0.03325165875337199,1.0,0.43813876461408136,1.269105564397054,0.0,0.0
95,4.0,Standard DML,10.109608812759527,0.1173301251932689,1.5277777777777777,8.58183103498175,0.0,4.884569174881379,1.0,,
95,4.0,Block DML,10.132416689256713,0.11849082088600346,1.5277777777777777,8.604638911478936,0.0,4.948541346958624,1.0,,
95,4.0,Unregularized Coupled DML,1.5610294365311497,0.07744581961096059,1.5277777777777777,0.03325165875337199,1.0,0.43813876461408136,1.269105564397054,6.960057925519538e-28,2.0
95,4.0,Spectral OR-DML (Ours),1.5586098381770608,0.07731175206133255,1.5277777777777777,0.0308320603992831,1.0,0.43813876461408136,1.269105564397054,6.960057925519538e-28,2.0
95,4.0,Filtered OR-DML (Ours),1.5586098381770608,0.07731175206133255,1.5277777777777777,0.0308320603992831,1.0,0.43813876461408136,1.269105564397054,4.635917092844404e-27,2.0
96,4.0,Oracle DML,1.5319194086275236,0.030812384903094216,1.5277777777777777,0.0041416308497459475,1.0,0.4409712550178693,1.1425282196366755,0.0,0.0
96,4.0,Standard DML,10.092899066377234,0.1203614606387347,1.5277777777777777,8.565121288599457,0.0,4.734643834548112,1.0,,
96,4.0,Block DML,10.089326031480274,0.1216804052279785,1.5277777777777777,8.561548253702497,0.0,4.773790116785831,1.0,,
96,4.0,Unregularized Coupled DML,1.5319194086275236,0.062390431300044846,1.5277777777777777,0.0041416308497459475,1.0,0.4409712550178693,1.1425282196366755,3.788192714939447e-29,2.0
96,4.0,Spectral OR-DML (Ours),1.5296547168908063,0.06229268684413606,1.5277777777777777,0.001876939113028664,1.0,0.4409712550178693,1.1425282196366755,3.788192714939447e-29,2.0
96,4.0,Filtered OR-DML (Ours),1.5296547168908063,0.06229268684413606,1.5277777777777777,0.001876939113028664,1.0,0.4409712550178693,1.1425282196366755,2.4498488260348094e-28,2.0
97,4.0,Oracle DML,1.4037979534367961,0.03250731277471348,1.5277777777777777,-0.12397982434098154,0.0,0.3712563334717624,1.7647367901762827,0.0,0.0
97,4.0,Standard DML,9.944737543916458,0.13718449865898374,1.5277777777777777,8.416959766138682,0.0,4.658849538640332,1.0,,
97,4.0,Block DML,9.96374333960604,0.139576387212545,1.5277777777777777,8.435965561828262,0.0,4.800384931136529,1.0,,
97,4.0,Unregularized Coupled DML,1.4037979534367961,0.06948398699000757,1.5277777777777777,-0.12397982434098154,1.0,0.3712563334717624,1.7647367901762827,2.003508643087091e-24,2.0
97,4.0,Spectral OR-DML (Ours),1.4013852656967956,0.06933651059783816,1.5277777777777777,-0.12639251208098212,1.0,0.3712563334717624,1.7647367901762827,2.003508643087091e-24,2.0
97,4.0,Filtered OR-DML (Ours),1.4013852656967956,0.06933651059783816,1.5277777777777777,-0.12639251208098212,1.0,0.3712563334717624,1.7647367901762827,1.4195518670451245e-23,2.0
98,4.0,Oracle DML,1.4336785360163766,0.030155035018644635,1.5277777777777777,-0.09409924176140105,0.0,0.4794065111878564,1.3023169610499243,0.0,0.0
98,4.0,Standard DML,9.823569519220664,0.1307974942836902,1.5277777777777777,8.295791741442887,0.0,4.93941707672018,1.0,,
98,4.0,Block DML,9.88220850672846,0.12770840470888634,1.5277777777777777,8.354430728950682,0.0,5.051850297943595,1.0,,
98,4.0,Unregularized Coupled DML,1.4336785360163766,0.0747062890945058,1.5277777777777777,-0.09409924176140105,1.0,0.4794065111878564,1.3023169610499243,1.6425895003055732e-25,2.0
98,4.0,Spectral OR-DML (Ours),1.4314437212682751,0.07456825411396435,1.5277777777777777,-0.09633405650950255,1.0,0.4794065111878564,1.3023169610499243,1.6425895003055732e-25,2.0
98,4.0,Filtered OR-DML (Ours),1.4314437212682751,0.07456825411396435,1.5277777777777777,-0.09633405650950255,1.0,0.4794065111878564,1.3023169610499243,1.2513740776028464e-24,2.0
99,4.0,Oracle DML,1.5502982396476943,0.031404384364299646,1.5277777777777777,0.02252046186991663,1.0,0.4177787221388698,1.2788308701996263,0.0,0.0
99,4.0,Standard DML,10.131854942313982,0.11719576314874244,1.5277777777777777,8.604077164536204,0.0,4.918511920925529,1.0,,
99,4.0,Block DML,10.138429453943973,0.1164769923190514,1.5277777777777777,8.610651676166196,0.0,4.983014275705864,1.0,,
99,4.0,Unregularized Coupled DML,1.5502982396476943,0.06876530312214227,1.5277777777777777,0.02252046186991663,1.0,0.4177787221388698,1.2788308701996263,2.5324978538303103e-27,2.0
99,4.0,Spectral OR-DML (Ours),1.5478866152771806,0.06865281363221241,1.5277777777777777,0.020108837499402954,1.0,0.4177787221388698,1.2788308701996263,2.5324978538303103e-27,2.0
99,4.0,Filtered OR-DML (Ours),1.5478866152771806,0.06865281363221241,1.5277777777777777,0.020108837499402954,1.0,0.4177787221388698,1.2788308701996263,1.4456680909822182e-26,2.0
