city,ate,no2_mean,pm25_reduction
Kolkata,-0.15978147345044147,44.089525970995304,-1.4089378846754272
