dz,rep,dT,mode,nuis,bias,v_hat,v_N,brier,dT_hat,var_Ttilde,law_true,law_hat,law_obs
0.5,0,0.25,smooth,lin,0.028557046567669886,0.061131504673595176,0.07370801253290596,0.07374738411089375,0.2036912056448384,1.0181619647920046,0.05502751136857886,0.045674120523182295,0.036689496328979714
0.5,0,0.25,smooth,gbm,0.011545567136274526,0.061131504673595176,0.08355579705965367,0.07374738411089375,0.2036912056448384,1.1094032040885113,0.06234128680046916,0.045674120523182295,0.0336720225179399
0.5,0,0.25,filter,lin,0.036052299874236526,0.07760689427072134,0.10011095590555896,0.10062948245029124,0.2154881189985506,1.0178894668593927,0.0746163473131877,0.05792421330941485,0.04928834872213263
0.5,0,0.25,smooth,standard_dml,0.13472304675256308,,,,,1.0254348058098295,,,
0.5,0,0.25,smooth,oracle_state,-0.007297427281114155,,,,,1.0162833218845084,,,
0.5,0,0.25,smooth,hard_fe,0.04299509626068265,,,,,1.0192953622860612,,,
0.5,0,0.5,smooth,lin,0.08237304718771221,0.061131504673595176,0.07370801253290596,0.07374738411089375,0.44552132979916476,1.0287955531496855,0.10856155469092138,0.09031695418369638,0.0794192466270546
0.5,0,0.5,smooth,gbm,0.07121607716577061,0.061131504673595176,0.08355579705965367,0.07374738411089375,0.44552132979916476,1.1222943908605256,0.12276917649047578,0.09031695418369638,0.07280279437355404
0.5,0,0.5,filter,lin,0.10874260652180312,0.07760689427072134,0.10011095590555896,0.10062948245029124,0.4490498239517209,1.0314002551472545,0.14649987327006117,0.11419476612092785,0.10136519368438127
0.5,0,0.5,smooth,standard_dml,0.30444552906588407,,,,,1.065544827583647,,,
0.5,0,0.5,smooth,oracle_state,-0.007297427281114155,,,,,1.0162833218845084,,,
0.5,0,0.5,smooth,hard_fe,0.10811152350849818,,,,,1.0334087240663752,,,
0.5,0,1.0,smooth,lin,0.18194589230633618,0.061131504673595176,0.07370801253290596,0.07374738411089375,0.9291815781078179,1.077703234564887,0.20594429306444342,0.1728292046867441,0.1581203419352732
0.5,0,1.0,smooth,gbm,0.16755509778767452,0.061131504673595176,0.08355579705965367,0.07374738411089375,0.9291815781078179,1.1849694456806679,0.23133777869046912,0.1728292046867441,0.14380691803936352
0.5,0,1.0,filter,lin,0.24004171498164983,0.07760689427072134,0.10011095590555896,0.10062948245029124,0.9161732338580622,1.095963440187563,0.27300234226779163,0.2160534458808629,0.19462700128442023
0.5,0,1.0,smooth,standard_dml,0.5621766312296965,,,,,1.239648955591273,,,
0.5,0,1.0,smooth,oracle_state,-0.007297427281114155,,,,,1.0162833218845084,,,
0.5,0,1.0,smooth,hard_fe,0.22596817280118642,,,,,1.0953789075244258,,,
0.5,0,2.0,smooth,lin,0.32561021089785536,0.061131504673595176,0.07370801253290596,0.07374738411089375,1.8965020747251222,1.2860806161946488,0.3415486009575372,0.29472186401242584,0.27044033784036475
0.5,0,2.0,smooth,gbm,0.3163447830772166,0.061131504673595176,0.08355579705965367,0.07374738411089375,1.8965020747251222,1.4167583302801532,0.37575031432317046,0.29472186401242584,0.2454956988076074
0.5,0,2.0,filter,lin,0.41077183209177526,0.07760689427072134,0.10011095590555896,0.10062948245029124,1.8504200536707447,1.3752562441265184,0.42891098186269055,0.3553354445278711,0.31326239180871557
0.5,0,2.0,smooth,standard_dml,0.734393929397088,,,,,1.9633935494464871,,,
0.5,0,2.0,smooth,oracle_state,-0.007297427281114155,,,,,1.0162833218845084,,,
0.5,0,2.0,smooth,hard_fe,0.3833110589319604,,,,,1.3542931140302172,,,
0.5,0,4.0,smooth,lin,0.4028354173493107,0.061131504673595176,0.07370801253290596,0.07374738411089375,3.831143067959734,2.1450834546516075,0.4058572500375068,0.37084906979206717,0.3275446554626896
0.5,0,4.0,smooth,gbm,0.39686102999918704,0.061131504673595176,0.08355579705965367,0.07374738411089375,3.831143067959734,2.3761351657480763,0.42906100994502255,0.37084906979206717,0.29569471940009545
0.5,0,4.0,filter,lin,0.46107405608055885,0.07760689427072134,0.10011095590555896,0.10062948245029124,3.7189136932961118,2.534507587437783,0.4617352902886567,0.4154340227581817,0.3416206089436148
0.5,0,4.0,smooth,standard_dml,0.5967622229805765,,,,,4.913028088516763,,,
0.5,0,4.0,smooth,oracle_state,-0.007297427281114044,,,,,1.0162833218845084,,,
0.5,0,4.0,smooth,hard_fe,0.4404218929158241,,,,,2.4120168854005613,,,
0.5,0,8.0,smooth,lin,0.3115766037558225,0.061131504673595176,0.07370801253290596,0.07374738411089375,7.700425054428956,5.632081432355269,0.3094097458054301,0.2986628214779083,0.25074490267444655
0.5,0,8.0,smooth,gbm,0.3127770117639799,0.061131504673595176,0.08355579705965367,0.07374738411089375,7.700425054428956,6.268698034960175,0.31592228361024566,0.2986628214779083,0.22528054513626786
0.5,0,8.0,filter,lin,0.32746155399581944,0.07760689427072134,0.10011095590555896,0.10062948245029124,7.455900972546842,7.255673215793727,0.3243729070265659,0.31215267671183544,0.23924560875063308
0.5,0,8.0,smooth,standard_dml,0.35146321627652677,,,,,16.820878572096703,,,
0.5,0,8.0,smooth,oracle_state,-0.007297427281114155,,,,,1.0162833218845087,,,
0.5,0,8.0,smooth,hard_fe,0.3213203732157852,,,,,6.687045861576292,,,
0.5,0,16.0,smooth,lin,0.17966847200393232,0.061131504673595176,0.07370801253290596,0.07374738411089375,15.4389890273674,19.682046590921562,0.17806330819751748,0.17623851228911874,0.14385830642999764
0.5,0,16.0,smooth,gbm,0.17259136421427623,0.061131504673595176,0.08355579705965367,0.07374738411089375,15.4389890273674,22.229332583827123,0.17912583200802001,0.17623851228911874,0.12737340983895662
0.5,0,16.0,filter,lin,0.1820948454749851,0.07760689427072134,0.10011095590555896,0.10062948245029124,14.929875531048298,26.308656239439276,0.1804586469024654,0.17851467767495902,0.1321231986842582
0.5,0,16.0,smooth,standard_dml,0.18357468623241657,,,,,64.67090516101415,,,
0.5,0,16.0,smooth,oracle_state,-0.007297427281114377,,,,,1.0162833218845089,,,
0.5,0,16.0,smooth,hard_fe,0.18099955531289313,,,,,23.87542954766793,,,
0.5,0,32.0,smooth,lin,0.09330354795288076,0.061131504673595176,0.07370801253290596,0.07374738411089375,30.916116973244296,76.08585372069004,0.0925241413225601,0.09227591235661696,0.07451905933173612
0.5,0,32.0,smooth,gbm,0.08538244075652734,0.061131504673595176,0.08355579705965367,0.07374738411089375,30.916116973244296,85.99875599573352,0.09266695044534523,0.09227591235661696,0.06592939842059091
0.5,0,32.0,filter,lin,0.09352871047608735,0.07760689427072134,0.10011095590555896,0.10062948245029124,29.87782464805121,102.85722935446503,0.09284432207042917,0.09258496173193147,0.0676294275002209
0.5,0,32.0,smooth,standard_dml,0.09275328258904225,,,,,256.5082608258793,,,
0.5,0,32.0,smooth,oracle_state,-0.007297427281114155,,,,,1.0162833218845093,,,
0.5,0,32.0,smooth,hard_fe,0.09338841192332303,,,,,92.8054998548119,,,
0.5,1,0.25,smooth,lin,0.0542783087060541,0.06288422031554332,0.06380461859696707,0.06371669429845783,0.18219153824235318,1.0228126971156133,0.04766339241185803,0.046978527233118295,0.033604313466490454
0.5,1,0.25,smooth,gbm,0.034446991766645896,0.06288422031554332,0.07459487737386379,0.06371669429845783,0.18219153824235318,1.107008460270404,0.055686537378701634,0.046978527233118295,0.03104846956904376
0.5,1,0.25,filter,lin,0.08494500010916028,0.08505233427893479,0.09473394928958555,0.09485074587770066,0.14842194267495623,1.0254634986764188,0.0706322574238765,0.06345195465557499,0.03693051785562173
0.5,1,0.25,smooth,standard_dml,0.15308732681711934,,,,,1.0283566213580022,,,
0.5,1,0.25,smooth,oracle_state,-0.011594404223366328,,,,,1.0161313229963582,,,
0.5,1,0.25,smooth,hard_fe,0.0531814570104121,,,,,1.0220966550084722,,,
0.5,1,0.5,smooth,lin,0.100403429661166,0.06288422031554332,0.06380461859696707,0.06371669429845783,0.4313787964106461,1.0378719856746614,0.09420426115711589,0.09286637310672777,0.07841117107127805
0.5,1,0.5,smooth,gbm,0.0772137821895591,0.06288422031554332,0.07459487737386379,0.06371669429845783,0.4313787964106461,1.1274983009312922,0.10984386858397263,0.09286637310672777,0.07217816448291227
0.5,1,0.5,filter,lin,0.15302898697620515,0.08505233427893479,0.09473394928958555,0.09485074587770066,0.3906562565555585,1.0475795227787081,0.13881333995731965,0.12492226877766203,0.09515142038836727
0.5,1,0.5,smooth,standard_dml,0.3220377638487353,,,,,1.07214234155932,,,
0.5,1,0.5,smooth,oracle_state,-0.011594404223366439,,,,,1.016131322996358,,,
0.5,1,0.5,smooth,hard_fe,0.10863418349954457,,,,,1.0377901683343251,,,
0.5,1,1.0,smooth,lin,0.18461529554855272,0.06288422031554332,0.06380461859696707,0.06371669429845783,0.9297533127472309,1.0919172947666205,0.179933281398377,0.17749126136299567,0.1606352764210025
0.5,1,1.0,smooth,gbm,0.17146775654596302,0.06288422031554332,0.07459487737386379,0.06371669429845783,0.9297533127472309,1.1853492083441357,0.20825023163006776,0.17749126136299567,0.14797363953086332
0.5,1,1.0,filter,lin,0.2720696289648141,0.08505233427893479,0.09473394928958555,0.09485074587770066,0.8751248843167632,1.1273368019668812,0.2596081431960578,0.2351564019318639,0.19807234377568944
0.5,1,1.0,smooth,standard_dml,0.5751777736429453,,,,,1.2534459210531246,,,
0.5,1,1.0,smooth,oracle_state,-0.011594404223366439,,,,,1.016131322996358,,,
0.5,1,1.0,smooth,hard_fe,0.20901339635873328,,,,,1.0980410256145579,,,
0.5,1,2.0,smooth,lin,0.30588681702758747,0.06288422031554332,0.06380461859696707,0.06371669429845783,1.9265023454204024,1.295714840845989,0.3049889078221987,0.3014735942202103,0.28049365672634263
0.5,1,2.0,smooth,gbm,0.29373961002262217,0.06288422031554332,0.07459487737386379,0.06371669429845783,1.9265023454204024,1.417926386438817,0.34471374584238956,0.3014735942202103,0.25631781540949894
0.5,1,2.0,filter,lin,0.4195537223945356,0.08505233427893479,0.09473394928958555,0.09485074587770066,1.8440621398391728,1.4289522842776052,0.41220461236038525,0.38077186267919466,0.3292799723428536
0.5,1,2.0,smooth,standard_dml,0.7394955490453763,,,,,1.9909816364054096,,,
0.5,1,2.0,smooth,oracle_state,-0.011594404223366439,,,,,1.016131322996358,,,
0.5,1,2.0,smooth,hard_fe,0.3471046098970032,,,,,1.333998062689129,,,
0.5,1,4.0,smooth,lin,0.37670428851557647,0.06288422031554332,0.06380461859696707,0.06371669429845783,3.920000410766741,2.0861376445865285,0.37887342901072973,0.3761491287975963,0.3544917135846999
0.5,1,4.0,smooth,gbm,0.3731718273637856,0.06288422031554332,0.07459487737386379,0.06371669429845783,3.920000410766741,2.3291291570925736,0.40808350466538734,0.3761491287975963,0.31750858734092746
0.5,1,4.0,filter,lin,0.4557196372779364,0.08505233427893479,0.09473394928958555,0.09485074587770066,3.7819366508839916,2.6005869446365675,0.4518773603805626,0.4323161068303609,0.3710653176769978
0.5,1,4.0,smooth,standard_dml,0.5991133960313668,,,,,4.965767292568682,,,
0.5,1,4.0,smooth,oracle_state,-0.011594404223366439,,,,,1.016131322996358,,,
0.5,1,4.0,smooth,hard_fe,0.41014523674547565,,,,,2.2677334268946945,,,
0.5,1,8.0,smooth,lin,0.30103853013015014,0.06288422031554332,0.06380461859696707,0.06371669429845783,7.906996541459424,5.198294098394818,0.3012318628302751,0.30036704636156025,0.2869548950881281
0.5,1,8.0,smooth,gbm,0.29622490052846273,0.06288422031554332,0.07459487737386379,0.06371669429845783,7.906996541459424,5.940928499037475,0.31005450050969113,0.30036704636156025,0.2510846474391664
0.5,1,8.0,filter,lin,0.32648154756732817,0.08505233427893479,0.09473394928958555,0.09485074587770066,7.657685672973627,7.217471048304546,0.32190620889634597,0.3168004554653173,0.27071977315950313
0.5,1,8.0,smooth,standard_dml,0.35358045853091546,,,,,16.91419550673004,,,
0.5,1,8.0,smooth,oracle_state,-0.011594404223366439,,,,,1.0161313229963578,,,
0.5,1,8.0,smooth,hard_fe,0.3116138344956316,,,,,5.9824893155315175,,,
0.5,1,16.0,smooth,lin,0.17796746494605964,0.06288422031554332,0.06380461859696707,0.06371669429845783,15.880988802844795,17.54785039132024,0.17668309733464552,0.17653403626984865,0.17073263843201125
0.5,1,16.0,smooth,gbm,0.1719507845016337,0.06288422031554332,0.07459487737386379,0.06371669429845783,15.880988802844795,20.3565921179195,0.17816991902534318,0.17653403626984865,0.14717545936792606
0.5,1,16.0,filter,lin,0.18393845424048627,0.08505233427893479,0.09473394928958555,0.09485074587770066,15.409183717152908,25.545698387440712,0.1800748135113781,0.1792667094082405,0.15391088839299205
0.5,1,16.0,smooth,standard_dml,0.18503507180797985,,,,,64.80647954239201,,,
0.5,1,16.0,smooth,oracle_state,-0.011594404223366439,,,,,1.0161313229963578,,,
0.5,1,16.0,smooth,hard_fe,0.1794362649709098,,,,,20.801141733707933,,,
0.5,1,32.0,smooth,lin,0.09347203890471478,0.06288422031554332,0.06380461859696707,0.06371669429845783,31.828973325615504,66.74793651840643,0.0923367387283668,0.09231636999519029,0.08995964259390751
0.5,1,32.0,smooth,gbm,0.08869701819900766,0.06288422031554332,0.07459487737386379,0.06371669429845783,31.828973325615504,77.65833750001232,0.0925385273255636,0.09231636999519029,0.07732100256557407
0.5,1,32.0,filter,lin,0.0951893647548876,0.08505233427893479,0.09473394928958555,0.09485074587770066,30.912179805511457,98.57998959291389,0.09279344117837052,0.09268579090511576,0.0800107525157789
0.5,1,32.0,smooth,standard_dml,0.09359277642918351,,,,,256.57275804307295,,,
0.5,1,32.0,smooth,oracle_state,-0.011594404223366772,,,,,1.016131322996357,,,
0.5,1,32.0,smooth,hard_fe,0.09336813320586845,,,,,79.99500913367184,,,
0.5,2,0.25,smooth,lin,0.0155861732024003,0.0650495993336153,0.07065526976483329,0.07044066641444337,0.24948766932611885,1.0059366257724407,0.052758473313353975,0.048589653407342295,0.04839988676984354
0.5,2,0.25,smooth,gbm,-0.006953171626305488,0.0650495993336153,0.07896043824287494,0.07044066641444337,0.24948766932611885,1.09788419353674,0.05892950993652957,0.048589653407342295,0.044346406544193785
0.5,2,0.25,filter,lin,0.04400356781701609,0.0863108084428095,0.10237623545082579,0.1024265401222687,0.2322899337286572,1.0085492947750725,0.07629400825359078,0.06438578202592711,0.05963753703596139
0.5,2,0.25,smooth,standard_dml,0.15053269603571073,,,,,1.016882559165903,,,
0.5,2,0.25,smooth,oracle_state,-0.03850185844016962,,,,,1.0013106339519744,,,
0.5,2,0.25,smooth,hard_fe,0.0312944889456368,,,,,1.0075579170380116,,,
0.5,2,0.5,smooth,lin,0.06577215335940312,0.0650495993336153,0.07065526976483329,0.07044066641444337,0.49602555751621985,1.0196680614342655,0.10414333577637755,0.09601299724994092,0.09493166942076478
0.5,2,0.5,smooth,gbm,0.047116854456807244,0.0650495993336153,0.07896043824287494,0.07044066641444337,0.49602555751621985,1.1094441945125484,0.11614788538163316,0.09601299724994092,0.08724980652994432
0.5,2,0.5,filter,lin,0.11685219717582074,0.0863108084428095,0.10237623545082579,0.1024265401222687,0.47019700593133373,1.0289334100815493,0.14973210097036643,0.12673163519203826,0.11832568554491427
0.5,2,0.5,smooth,standard_dml,0.3191403171869611,,,,,1.064243527993162,,,
0.5,2,0.5,smooth,oracle_state,-0.03850185844016951,,,,,1.0013106339519744,,,
0.5,2,0.5,smooth,hard_fe,0.09411928938646086,,,,,1.0250523169779724,,,
0.5,2,1.0,smooth,lin,0.158192688274019,0.0650495993336153,0.07065526976483329,0.07044066641444337,0.9891013338964229,1.0736266589197268,0.1979776453545665,0.18322977457852424,0.17978496976326683
0.5,2,1.0,smooth,gbm,0.1354776665151174,0.0650495993336153,0.07896043824287494,0.07044066641444337,0.9891013338964229,1.1628364963630868,0.21954587613461932,0.18322977457852424,0.16599232739479708
0.5,2,1.0,filter,lin,0.245412543060596,0.0863108084428095,0.10237623545082579,0.1024265401222687,0.9460111503366879,1.1080927289885623,0.27860606612847977,0.23835943020727152,0.22105817964170002
0.5,2,1.0,smooth,standard_dml,0.5692612913863251,,,,,1.2521155323278914,,,
0.5,2,1.0,smooth,oracle_state,-0.03850185844016962,,,,,1.0013106339519744,,,
0.5,2,1.0,smooth,hard_fe,0.20705069950628685,,,,,1.0933050084826803,,,
0.5,2,2.0,smooth,lin,0.2915575396142449,0.0650495993336153,0.07065526976483329,0.07044066641444337,1.9752528866568273,1.2875267585378998,0.3305197657439941,0.30971123025329905,0.2993865750926327
0.5,2,2.0,smooth,gbm,0.2637978310720095,0.0650495993336153,0.07896043824287494,0.07044066641444337,1.9752528866568273,1.3975424235410217,0.3600452929749152,0.30971123025329905,0.27581862280938935
0.5,2,2.0,filter,lin,0.40518531139491465,0.0863108084428095,0.10237623545082579,0.1024265401222687,1.8976394391473965,1.4199757199788268,0.43579656550837015,0.38496001143605924,0.346034354999141
0.5,2,2.0,smooth,standard_dml,0.7293606574290514,,,,,2.0004598077181965,,,
0.5,2,2.0,smooth,oracle_state,-0.03850185844016929,,,,,1.0013106339519744,,,
0.5,2,2.0,smooth,hard_fe,0.3567146909597241,,,,,1.3628659579912406,,,
0.5,2,4.0,smooth,lin,0.36764355448004915,0.0650495993336153,0.07065526976483329,0.07044066641444337,3.947555992177637,2.139258576363245,0.3979673686006844,0.3824959055543952,0.3601064478255459
0.5,2,4.0,smooth,gbm,0.3570960723647485,0.0650495993336153,0.07896043824287494,0.07044066641444337,3.947555992177637,2.350524957584312,0.418635269462973,0.3824959055543952,0.32773989675320014
0.5,2,4.0,filter,lin,0.4447632044571781,0.0863108084428095,0.10237623545082579,0.1024265401222687,3.800896016768812,2.6579991146643103,0.46569583771834455,0.4350027192882643,0.3702692068681924
0.5,2,4.0,smooth,standard_dml,0.5917952846214316,,,,,4.987549425382192,,,
0.5,2,4.0,smooth,oracle_state,-0.03850185844016951,,,,,1.0013106339519744,,,
0.5,2,4.0,smooth,hard_fe,0.4131622755193638,,,,,2.434210123004938,,,
0.5,2,8.0,smooth,lin,0.29045635414906945,0.0650495993336153,0.07065526976483329,0.07044066641444337,7.892162203219258,5.538448686369935,0.3070890509965906,0.3023702621593494,0.2780825561093
0.5,2,8.0,smooth,gbm,0.27609749367214165,0.0650495993336153,0.07896043824287494,0.07044066641444337,7.892162203219258,6.165635153578701,0.3130520394169513,0.3023702621593494,0.2497951839871686
0.5,2,8.0,filter,lin,0.31561192945436,0.0863108084428095,0.10237623545082579,0.1024265401222687,7.607409172011649,7.591075554855095,0.3253447995471051,0.31751897258177564,0.25948956681307983
0.5,2,8.0,smooth,standard_dml,0.3508003629905052,,,,,16.92333292824372,,,
0.5,2,8.0,smooth,oracle_state,-0.03850185844016951,,,,,1.0013106339519744,,,
0.5,2,8.0,smooth,hard_fe,0.3049399876301715,,,,,6.705787517018646,,,
0.5,2,16.0,smooth,lin,0.17014166873664593,0.0650495993336153,0.07065526976483329,0.07044066641444337,15.781374625302497,19.11973480380731,0.17767694546315507,0.17687839382622247,0.16107526179262532
0.5,2,16.0,smooth,gbm,0.15256666406808828,0.0650495993336153,0.07896043824287494,0.07044066641444337,15.781374625302497,21.46548082400362,0.17866144387412544,0.17687839382622247,0.1434729701225682
0.5,2,16.0,filter,lin,0.17676673099783957,0.0863108084428095,0.10237623545082579,0.1024265401222687,15.220435482497319,27.28534703851595,0.18060872462294011,0.17938155890203075,0.14443885461580167
0.5,2,16.0,smooth,standard_dml,0.18419979807095777,,,,,64.64131700410093,,,
0.5,2,16.0,smooth,oracle_state,-0.03850185844016929,,,,,1.0013106339519744,,,
0.5,2,16.0,smooth,hard_fe,0.17350000842065705,,,,,23.764498560991306,,,
0.5,2,32.0,smooth,lin,0.08910891262465048,0.0650495993336153,0.07065526976483329,0.07044066641444337,31.55979946946899,73.41393062837804,0.09247189874975534,0.09236338699944861,0.0838922106322136
0.5,2,32.0,smooth,gbm,0.07836741602739461,0.0650495993336153,0.07896043824287494,0.07044066641444337,31.55979946946899,81.9733797908518,0.09260468889845531,0.09236338699944861,0.07513240209600257
0.5,2,32.0,filter,lin,0.09131133847710404,0.0863108084428095,0.10237623545082579,0.1024265401222687,30.446488103468667,105.98636441895475,0.09286417265724571,0.09270113424329181,0.07438299304428614
0.5,2,32.0,smooth,standard_dml,0.09334946468101424,,,,,255.46295343635194,,,
0.5,2,32.0,smooth,oracle_state,-0.03850185844016951,,,,,1.0013106339519742,,,
0.5,2,32.0,smooth,hard_fe,0.09005137320896828,,,,,91.94414567271764,,,
0.5,3,0.25,smooth,lin,0.02924071315939436,0.06369384216499681,0.07286881315130625,0.07294173448288438,0.2195905941376845,1.0191913765281957,0.05440383841745747,0.0475809682063107,0.041169604549347205
0.5,3,0.25,smooth,gbm,0.01627663210459218,0.06369384216499681,0.08058002235528415,0.07294173448288438,0.2195905941376845,1.1014648699211613,0.06013217601101066,0.0475809682063107,0.03809445682527665
0.5,3,0.25,filter,lin,0.06220697296627087,0.0903694225419522,0.1003332074413579,0.10041754739192867,0.1824416552945366,1.022101140207698,0.07478096718767428,0.06739640601316338,0.0483919244035327
0.5,3,0.25,smooth,standard_dml,0.14724096948176268,,,,,1.0265041319942407,,,
0.5,3,0.25,smooth,oracle_state,-0.003782612472117086,,,,,1.017541762181325,,,
0.5,3,0.25,smooth,hard_fe,0.03834555673346007,,,,,1.0204563591192661,,,
0.5,3,0.5,smooth,lin,0.08478403503588017,0.06369384216499681,0.07286881315130625,0.07294173448288438,0.4633726133272472,1.0290274978972271,0.10734764584021851,0.09404326896496157,0.08604429567866256
0.5,3,0.5,smooth,gbm,0.06528894402145413,0.06369384216499681,0.08058002235528415,0.07294173448288438,0.4633726133272472,1.1155826172846954,0.11848318902778024,0.09404326896496157,0.07936834522041278
0.5,3,0.5,filter,lin,0.13556929272037976,0.0903694225419522,0.1003332074413579,0.10041754739192867,0.4244928388812204,1.0393715262892627,0.14681715221475866,0.1325593068106679,0.1107241397881446
0.5,3,0.5,smooth,standard_dml,0.3204976545958922,,,,,1.0676902024041983,,,
0.5,3,0.5,smooth,oracle_state,-0.003782612472117086,,,,,1.017541762181325,,,
0.5,3,0.5,smooth,hard_fe,0.1059303957924782,,,,,1.0328022149821134,,,
0.5,3,1.0,smooth,lin,0.1878501358498077,0.06369384216499681,0.07286881315130625,0.07294173448288438,0.9509366517063724,1.0760255455670296,0.20375877905502018,0.1796395907548654,0.16886813492177405
0.5,3,1.0,smooth,gbm,0.16181665535648682,0.06369384216499681,0.08058002235528415,0.07294173448288438,0.9509366517063724,1.1756811285453377,0.22371324850050825,0.1796395907548654,0.15455417510436084
0.5,3,1.0,filter,lin,0.26589927755667575,0.0903694225419522,0.1003332074413579,0.10041754739192867,0.9085952060545891,1.111537251242901,0.2735531567060476,0.24863891266670737,0.22160991186861143
0.5,3,1.0,smooth,standard_dml,0.5820969755606782,,,,,1.244276676193523,,,
0.5,3,1.0,smooth,oracle_state,-0.003782612472117086,,,,,1.017541762181325,,,
0.5,3,1.0,smooth,hard_fe,0.2291503184253194,,,,,1.0907927578613232,,,
0.5,3,2.0,smooth,lin,0.3376034040757876,0.06369384216499681,0.07286881315130625,0.07294173448288438,1.9260647284646235,1.279324860633594,0.3385375585214436,0.30456690698200783,0.28767938446917035
0.5,3,2.0,smooth,gbm,0.32321913423670123,0.06369384216499681,0.08058002235528415,0.07294173448288438,1.9260647284646235,1.3925309743395429,0.3656301813756416,0.30456690698200783,0.26429242524945146
0.5,3,2.0,filter,lin,0.4300843808487582,0.0903694225419522,0.1003332074413579,0.10041754739192867,1.876799940401326,1.406368512312214,0.4295904811913354,0.39825590912538744,0.3617942069009841
0.5,3,2.0,smooth,standard_dml,0.7539276778862389,,,,,1.9743069556498103,,,
0.5,3,2.0,smooth,oracle_state,-0.003782612472117086,,,,,1.017541762181325,,,
0.5,3,2.0,smooth,hard_fe,0.3963197371795011,,,,,1.339969168233804,,,
0.5,3,4.0,smooth,lin,0.41987420427329325,0.06369384216499681,0.07286881315130625,0.07294173448288438,3.876320881981126,2.12313636967456,0.40372378682521026,0.378547643880186,0.3488675159508933
0.5,3,4.0,smooth,gbm,0.41076467612692924,0.06369384216499681,0.08058002235528415,0.07294173448288438,3.876320881981126,2.2975640414076013,0.4223861289062145,0.378547643880186,0.3223820089295861
0.5,3,4.0,filter,lin,0.47091733235981503,0.0903694225419522,0.1003332074413579,0.10041754739192867,3.8132094090948003,2.5980302790989884,0.46212874366009543,0.44336575476932927,0.3979139909611957
0.5,3,4.0,smooth,standard_dml,0.6104813071011952,,,,,4.941796842072939,,,
0.5,3,4.0,smooth,oracle_state,-0.003782612472117197,,,,,1.017541762181325,,,
0.5,3,4.0,smooth,hard_fe,0.46107551532768287,,,,,2.371103287435008,,,
0.5,3,8.0,smooth,lin,0.3256597911378527,0.06369384216499681,0.07286881315130625,0.07294173448288438,7.776833189014125,5.559610903387842,0.3087877441219346,0.3011288384944968,0.26728653909002853
0.5,3,8.0,smooth,gbm,0.31865675668644755,0.06369384216499681,0.08058002235528415,0.07294173448288438,7.776833189014125,6.052807291208707,0.31409491566499104,0.3011288384944968,0.24550742912500303
0.5,3,8.0,filter,lin,0.33300059410533156,0.0903694225419522,0.1003332074413579,0.10041754739192867,7.686028346481749,7.389350791265128,0.3244699415480083,0.3197199686598521,0.28199308556322267
0.5,3,8.0,smooth,standard_dml,0.35924979458626427,,,,,16.906493924961406,,,
0.5,3,8.0,smooth,oracle_state,-0.003782612472117086,,,,,1.017541762181325,,,
0.5,3,8.0,smooth,hard_fe,0.3378264394038297,,,,,6.5644967196623885,,,
0.5,3,16.0,smooth,lin,0.18780786331373944,0.06369384216499681,0.07286881315130625,0.07294173448288438,15.577857803080137,19.427966033339807,0.17796015926347644,0.1766653716504954,0.15321422960212705
0.5,3,16.0,smooth,gbm,0.1830157907494292,0.06369384216499681,0.08058002235528415,0.07294173448288438,15.577857803080137,21.2569462205916,0.1788308771403714,0.1766653716504954,0.14003144278790994
0.5,3,16.0,filter,lin,0.18550080416075088,0.0903694225419522,0.1003332074413579,0.10041754739192867,15.43166622125563,26.603979729967765,0.18047365994626327,0.1797310617866547,0.15725663371756493
0.5,3,16.0,smooth,standard_dml,0.1876261988926784,,,,,64.95475733090719,,,
0.5,3,16.0,smooth,oracle_state,-0.003782612472117086,,,,,1.017541762181325,,,
0.5,3,16.0,smooth,hard_fe,0.1902584489261081,,,,,23.47578435941704,,,
0.5,3,32.0,smooth,lin,0.09747773161933826,0.06369384216499681,0.07286881315130625,0.07294173448288438,31.179907031212164,75.14630054334533,0.0925102103236998,0.09233431789859275,0.07928406572801693
0.5,3,32.0,smooth,gbm,0.0903895444421916,0.06369384216499681,0.08058002235528415,0.07294173448288438,31.179907031212164,82.48564588911347,0.092627432956058,0.09233431789859275,0.07222958815774072
0.5,3,32.0,filter,lin,0.09543983189484573,0.0903694225419522,0.1003332074413579,0.10041754739192867,30.92294197080342,103.56118926485449,0.0928463089302444,0.09274773663469771,0.08095180527677176
0.5,3,32.0,smooth,standard_dml,0.09480309389959274,,,,,257.5267611034741,,,
0.5,3,32.0,smooth,oracle_state,-0.00378261247211642,,,,,1.017541762181325,,,
0.5,3,32.0,smooth,hard_fe,0.0980791530792573,,,,,91.3963627401259,,,
0.5,4,0.25,smooth,lin,0.05081444612320807,0.06834990223014882,0.08165198598330714,0.08189424597221692,0.2433623819096506,1.0135946151101165,0.06092805842668997,0.05104437180870385,0.04923209366561305
0.5,4,0.25,smooth,gbm,0.0352839459665677,0.06834990223014882,0.08946779895605939,0.08189424597221692,0.2433623819096506,1.1136678945644276,0.0667277252975622,0.05104437180870385,0.04480813829115497
0.5,4,0.25,filter,lin,0.07608322203558648,0.08579358258413038,0.11165389631602865,0.11286503161937674,0.22375630953665512,1.0165458232715536,0.08316010041021943,0.06400200187351744,0.05665319255113933
0.5,4,0.25,smooth,standard_dml,0.17711488262324715,,,,,1.0234637607334665,,,
0.5,4,0.25,smooth,oracle_state,-0.002924690144551878,,,,,1.0090213649357294,,,
0.5,4,0.25,smooth,hard_fe,0.05703481204853822,,,,,1.0128985564773039,,,
0.5,4,0.5,smooth,lin,0.10884379222613294,0.06834990223014882,0.08165198598330714,0.08189424597221692,0.48464548188415973,1.0278955839060202,0.12002785087563475,0.10080239488645965,0.09667948327160336
0.5,4,0.5,smooth,gbm,0.09575783129134785,0.06834990223014882,0.08946779895605939,0.08189424597221692,0.48464548188415973,1.124937094106988,0.13126568544527722,0.10080239488645965,0.08833952976551573
0.5,4,0.5,filter,lin,0.15408736752137053,0.08579358258413038,0.11165389631602865,0.11286503161937674,0.4539141870976928,1.037103367050031,0.1629328233333092,0.1259881306042907,0.11264911155667573
0.5,4,0.5,smooth,standard_dml,0.346029998383532,,,,,1.069703331528484,,,
0.5,4,0.5,smooth,oracle_state,-0.002924690144551878,,,,,1.0090213649357296,,,
0.5,4,0.5,smooth,hard_fe,0.13107582533065942,,,,,1.0294609930449243,,,
0.5,4,1.0,smooth,lin,0.21398769285956454,0.06834990223014882,0.08165198598330714,0.08189424597221692,0.9672116818331798,1.0871170162415682,0.22646466804869506,0.19193122614829775,0.18243341673845792
0.5,4,1.0,smooth,gbm,0.1955079566522604,0.06834990223014882,0.08946779895605939,0.08189424597221692,0.9672116818331798,1.185725146401102,0.24636193664958742,0.19193122614829775,0.16726175730473875
0.5,4,1.0,filter,lin,0.2899140307396113,0.08579358258413038,0.11165389631602865,0.11286503161937674,0.9142299422197687,1.1200886657254963,0.3013183240378449,0.23704390215665005,0.2100772852600371
0.5,4,1.0,smooth,standard_dml,0.5953849246590297,,,,,1.256173892821336,,,
0.5,4,1.0,smooth,oracle_state,-0.002924690144552211,,,,,1.0090213649357296,,,
0.5,4,1.0,smooth,hard_fe,0.26267755940442616,,,,,1.1012413507925276,,,
0.5,4,2.0,smooth,lin,0.3570145807681926,0.06834990223014882,0.08165198598330714,0.08189424597221692,1.9323440817312187,1.328037859887625,0.36929668493263695,0.3220508397426917,0.298354888178816
0.5,4,2.0,smooth,gbm,0.34521863351087445,0.06834990223014882,0.08946779895605939,0.08189424597221692,1.9323440817312187,1.4630509255201365,0.39532968619347636,0.3220508397426917,0.2708221431479851
0.5,4,2.0,filter,lin,0.4503344633188182,0.08579358258413038,0.11165389631602865,0.11286503161937674,1.8348614524639204,1.45354010755047,0.4630970277939189,0.3832425053684676,0.3249019481499271
0.5,4,2.0,smooth,standard_dml,0.7498062874895963,,,,,2.0050806942183073,,,
0.5,4,2.0,smooth,oracle_state,-0.002924690144551989,,,,,1.0090213649357294,,,
0.5,4,2.0,smooth,hard_fe,0.4272752720990869,,,,,1.399424004737184,,,
0.5,4,4.0,smooth,lin,0.4161800451884139,0.06834990223014882,0.08165198598330714,0.08189424597221692,3.8626088815272968,2.2997914630795817,0.42482237805986145,0.39176511253670904,0.3443907114762946
0.5,4,4.0,smooth,gbm,0.39584930002374064,0.06834990223014882,0.08946779895605939,0.08189424597221692,3.8626088815272968,2.5476051793534835,0.4415464965472479,0.39176511253670904,0.31089072382011784
0.5,4,4.0,filter,lin,0.47100581040596556,0.08579358258413038,0.11165389631602865,0.11286503161937674,3.6761244729522264,2.790366369096589,0.48084150862213154,0.4339040558386487,0.3390822352785306
0.5,4,4.0,smooth,standard_dml,0.602076819365247,,,,,5.00675701225732,,,
0.5,4,4.0,smooth,oracle_state,-0.002924690144551989,,,,,1.0090213649357296,,,
0.5,4,4.0,smooth,hard_fe,0.4648608413176345,,,,,2.614277066424293,,,
0.5,4,8.0,smooth,lin,0.31003398743761834,0.06834990223014882,0.08165198598330714,0.08189424597221692,7.7231384811194514,6.202946333062867,0.31476607168929477,0.305224688039037,0.2553024313368977
0.5,4,8.0,smooth,gbm,0.2965446424698597,0.06834990223014882,0.08946779895605939,0.08189424597221692,7.7231384811194514,6.870247197728674,0.3192457041947291,0.305224688039037,0.2305051382731608
0.5,4,8.0,filter,lin,0.3234001619832596,0.08579358258413038,0.11165389631602865,0.11286503161937674,7.358650513928829,8.143712403773515,0.3289642849710812,0.3172258243932818,0.23256899038403134
0.5,4,8.0,smooth,standard_dml,0.3545558917501075,,,,,17.025560509315625,,,
0.5,4,8.0,smooth,oracle_state,-0.002924690144552211,,,,,1.0090213649357298,,,
0.5,4,8.0,smooth,hard_fe,0.32588028812063685,,,,,7.5179342049897,,,
0.5,4,16.0,smooth,lin,0.17645299212058063,0.06834990223014882,0.08165198598330714,0.08189424597221692,15.444197680303768,21.84784672742692,0.17893949303556353,0.17736353615029066,0.14494921371084368
0.5,4,16.0,smooth,gbm,0.16182311456810394,0.06834990223014882,0.08946779895605939,0.08189424597221692,15.444197680303768,24.27269264039866,0.17965604460566267,0.17736353615029066,0.1304687638628439
0.5,4,16.0,filter,lin,0.1783098634983562,0.08579358258413038,0.11165389631602865,0.11286503161937674,14.723702595882047,29.569178519466117,0.18116198556899535,0.17933474646607556,0.12816039449040353
0.5,4,16.0,smooth,standard_dml,0.18549925652933208,,,,,65.12497094735335,,,
0.5,4,16.0,smooth,oracle_state,-0.002924690144552211,,,,,1.0090213649357298,,,
0.5,4,16.0,smooth,hard_fe,0.18071636332067764,,,,,27.22105254288526,,,
0.5,4,32.0,smooth,lin,0.09135899827827565,0.06834990223014882,0.08165198598330714,0.08189424597221692,30.886316078672387,84.49201013374497,0.09264199633715585,0.09242939704222095,0.07495655556845116
0.5,4,32.0,smooth,gbm,0.08867151715853439,0.06834990223014882,0.08946779895605939,0.08189424597221692,30.886316078672387,93.20488052169034,0.0927377452513225,0.09242939704222095,0.06794955389923325
0.5,4,32.0,filter,lin,0.09150486838086991,0.08579358258413038,0.11165389631602865,0.11286503161937674,29.45380675978849,115.29520693620634,0.09293714053607344,0.09269488208719447,0.0657515868130002
0.5,4,32.0,smooth,standard_dml,0.093833836004237,,,,,257.5710055991132,,,
0.5,4,32.0,smooth,oracle_state,-0.002924690144552211,,,,,1.0090213649357296,,,
0.5,4,32.0,smooth,hard_fe,0.09281544882485626,,,,,106.2105054617354,,,
0.5,5,0.25,smooth,lin,0.06920438097522208,0.05827583159929996,0.056969643996704095,0.05678286546707682,0.21923905289532003,1.0178062726613484,0.04257563806356471,0.04354826050599436,0.037658457615250086
0.5,5,0.25,smooth,gbm,0.05643592958273591,0.05827583159929996,0.06537955994414088,0.05678286546707682,0.21923905289532003,1.0998373467498377,0.048835118797057445,0.04354826050599436,0.03484971163492518
0.5,5,0.25,filter,lin,0.08348405274518633,0.0813289892694329,0.08775322347820214,0.08735896916741748,0.22420368453365358,1.0184667783448094,0.06545591961229479,0.06068825977532169,0.0537109096967466
0.5,5,0.25,smooth,standard_dml,0.19176162669952412,,,,,1.0263431375522298,,,
0.5,5,0.25,smooth,oracle_state,0.012101695464618922,,,,,1.0128488101004878,,,
0.5,5,0.25,smooth,hard_fe,0.07507766801627858,,,,,1.017886025267456,,,
0.5,5,0.5,smooth,lin,0.11053806695011636,0.05827583159929996,0.056969643996704095,0.05678286546707682,0.4702051296091077,1.03092880331432,0.0842544790755408,0.08615850772716119,0.07973856641351273
0.5,5,0.5,smooth,gbm,0.09513767340851409,0.05827583159929996,0.06537955994414088,0.05678286546707682,0.4702051296091077,1.1146395306470376,0.09649218575552519,0.08615850772716119,0.07375010717856294
0.5,5,0.5,filter,lin,0.14591247582822753,0.0813289892694329,0.08775322347820214,0.08735896916741748,0.46974362489964844,1.0359949641069357,0.12880409165727624,0.1195625093932812,0.11062922760955993
0.5,5,0.5,smooth,standard_dml,0.36055318466265573,,,,,1.073058452378347,,,
0.5,5,0.5,smooth,oracle_state,0.0121016954646187,,,,,1.0128488101004878,,,
0.5,5,0.5,smooth,hard_fe,0.12710958038927944,,,,,1.0328822325889748,,,
0.5,5,1.0,smooth,lin,0.1863610015033399,0.05827583159929996,0.056969643996704095,0.05678286546707682,0.9721372830366837,1.0785374811190274,0.16169710545693328,0.16520030938786068,0.1575803611540728
0.5,5,1.0,smooth,gbm,0.17280182835823998,0.05827583159929996,0.06537955994414088,0.05678286546707682,0.9721372830366837,1.1668258509517229,0.18410216152702086,0.16520030938786068,0.14565697670677696
0.5,5,1.0,filter,lin,0.256750798506997,0.0813289892694329,0.08775322347820214,0.08735896916741748,0.9608235056316375,1.1039587944355147,0.2420215033634253,0.22563620343993654,0.21235250348077794
0.5,5,1.0,smooth,standard_dml,0.6078994291480759,,,,,1.261816397590201,,,
0.5,5,1.0,smooth,oracle_state,0.0121016954646187,,,,,1.0128488101004878,,,
0.5,5,1.0,smooth,hard_fe,0.2211628976885447,,,,,1.0898150905055002,,,
0.5,5,2.0,smooth,lin,0.297868051360745,0.05827583159929996,0.056969643996704095,0.05678286546707682,1.9760015898918337,1.2592093027234985,0.2783808355850771,0.28355692674789773,0.27434629567163676
0.5,5,2.0,smooth,gbm,0.28958361755865303,0.05827583159929996,0.06537955994414088,0.05678286546707682,1.9760015898918337,1.369992304579863,0.31095655004903006,0.28355692674789773,0.2521615680048647
0.5,5,2.0,filter,lin,0.3995561186733916,0.0813289892694329,0.08775322347820214,0.08735896916741748,1.9429832670956144,1.3715162903099756,0.38972192141283385,0.3681944165922218,0.34564853453820665
0.5,5,2.0,smooth,standard_dml,0.7558901867058647,,,,,2.020641550252388,,,
0.5,5,2.0,smooth,oracle_state,0.012101695464618922,,,,,1.0128488101004876,,,
0.5,5,2.0,smooth,hard_fe,0.3511412111768708,,,,,1.3114425794325022,,,
0.5,5,4.0,smooth,lin,0.3685542048622499,0.05827583159929996,0.056969643996704095,0.05678286546707682,3.983730203602135,1.9623708099126658,0.3576409167060615,0.361884270393451,0.3549102788975365
0.5,5,4.0,smooth,gbm,0.3571719818863148,0.05827583159929996,0.06537955994414088,0.05678286546707682,3.983730203602135,2.1510791975539325,0.3834441562007604,0.361884270393451,0.32377495549139435
0.5,5,4.0,filter,lin,0.44268059808161464,0.0813289892694329,0.08775322347820214,0.08735896916741748,3.907302790023574,2.4331506229281104,0.43802665982869676,0.42409212678127295,0.3918092661684448
0.5,5,4.0,smooth,standard_dml,0.6019585308895756,,,,,5.063528904530677,,,
0.5,5,4.0,smooth,oracle_state,0.0121016954646187,,,,,1.0128488101004878,,,
0.5,5,4.0,smooth,hard_fe,0.4115079410624225,,,,,2.18574464966231,,,
0.5,5,8.0,smooth,lin,0.2997411327935453,0.05827583159929996,0.056969643996704095,0.05678286546707682,7.999187431022739,4.735965280211898,0.29428640079471946,0.2957130031801225,0.29528888330912395
0.5,5,8.0,smooth,gbm,0.2855242103018145,0.05827583159929996,0.06537955994414088,0.05678286546707682,7.999187431022739,5.3032501681637925,0.3026661091173076,0.2957130031801225,0.26370204207597575
0.5,5,8.0,filter,lin,0.3205000136260068,0.0813289892694329,0.08775322347820214,0.08735896916741748,7.835941835879483,6.662496651641232,0.31832099350463805,0.3145654057749297,0.28695964717482614
0.5,5,8.0,smooth,standard_dml,0.352999891917521,,,,,17.250251808902917,,,
0.5,5,8.0,smooth,oracle_state,0.012101695464618922,,,,,1.0128488101004878,,,
0.5,5,8.0,smooth,hard_fe,0.31410075074390353,,,,,5.658537159625142,,,
0.5,5,16.0,smooth,lin,0.17852767345831033,0.05827583159929996,0.056969643996704095,0.05678286546707682,16.03010188586394,15.752240044493957,0.17546860584848817,0.17572133553328578,0.17791136664656593
0.5,5,16.0,smooth,gbm,0.16641062769056858,0.05827583159929996,0.06537955994414088,0.05678286546707682,16.03010188586394,17.76298072014484,0.17692897722361206,0.17572133553328578,0.15777208781645466
0.5,5,16.0,filter,lin,0.1805769250458107,0.0813289892694329,0.08775322347820214,0.08735896916741748,15.693219927591299,23.54549816297488,0.1795093161436916,0.17890705321792108,0.1626188207520175
0.5,5,16.0,smooth,standard_dml,0.18434658287624583,,,,,66.02749040091005,,,
0.5,5,16.0,smooth,oracle_state,0.012101695464618922,,,,,1.012848810100488,,,
0.5,5,16.0,smooth,hard_fe,0.18117903067289842,,,,,19.500875657563675,,,
0.5,5,32.0,smooth,lin,0.09382163622641349,0.05827583159929996,0.056969643996704095,0.05678286546707682,32.09193079554636,59.66113286779245,0.09217003920687702,0.09220486860460747,0.09404031728069569
0.5,5,32.0,smooth,gbm,0.08332616700013706,0.05827583159929996,0.06537955994414088,0.05678286546707682,32.09193079554636,68.07958015575831,0.09237028203272321,0.09220486860460747,0.08241166956929878
0.5,5,32.0,filter,lin,0.09322907369849687,0.0813289892694329,0.08775322347820214,0.08735896916741748,31.40777611101496,91.0087390012718,0.09271818488441422,0.09263764813057239,0.08420167275168347
0.5,5,32.0,smooth,standard_dml,0.09317541824988362,,,,,261.1971387179749,,,
0.5,5,32.0,smooth,oracle_state,0.0121016954646187,,,,,1.0128488101004884,,,
0.5,5,32.0,smooth,hard_fe,0.09421567334670655,,,,,74.77256656549221,,,
0.5,6,0.25,smooth,lin,0.09253913650037449,0.05718017401571845,0.06209394338522954,0.06179758606028067,0.23951367052037828,1.0363385406790306,0.04639042227303224,0.04273241507864453,0.03964563553872603
0.5,6,0.25,smooth,gbm,0.09924394258841329,0.05718017401571845,0.07291294313955504,0.06179758606028067,0.23951367052037828,1.1077209277400635,0.05443663639378573,0.04273241507864453,0.03709084034578907
0.5,6,0.25,filter,lin,0.1133257220718924,0.08093980758181213,0.0898091551426333,0.08958950811746207,0.23173233863457268,1.0383086910754162,0.06698089774216752,0.06039931139620392,0.0541930479657421
0.5,6,0.25,smooth,standard_dml,0.22641201542633183,,,,,1.0469875317308235,,,
0.5,6,0.25,smooth,oracle_state,0.03547447139291848,,,,,1.030947732479806,,,
0.5,6,0.25,smooth,hard_fe,0.10405152629924608,,,,,1.0371713129021105,,,
0.5,6,0.5,smooth,lin,0.1360528911788248,0.05718017401571845,0.06209394338522954,0.06179758606028067,0.48655709725175195,1.0500092720374783,0.09171714527136063,0.0845614513971007,0.07948906804066293
0.5,6,0.5,smooth,gbm,0.13854712394880697,0.05718017401571845,0.07291294313955504,0.06179758606028067,0.48655709725175195,1.132563201246638,0.10741149269449052,0.0845614513971007,0.07369501178957878
0.5,6,0.5,filter,lin,0.1750158942574176,0.08093980758181213,0.0898091551426333,0.08958950811746207,0.4753260146638919,1.057437473063005,0.1317555197357386,0.1190017173467308,0.10914913783247224
0.5,6,0.5,smooth,standard_dml,0.390342816584472,,,,,1.09575887160395,,,
0.5,6,0.5,smooth,oracle_state,0.03547447139291826,,,,,1.030947732479806,,,
0.5,6,0.5,smooth,hard_fe,0.15867204844998417,,,,,1.0538853496957554,,,
0.5,6,1.0,smooth,lin,0.21511803372732352,0.05718017401571845,0.06209394338522954,0.06179758606028067,0.9806439507145003,1.1006359635238354,0.1753911048225635,0.16226233357702452,0.15283906834133473
0.5,6,1.0,smooth,gbm,0.22403278438474206,0.05718017401571845,0.07291294313955504,0.06179758606028067,0.9806439507145003,1.1932509011933168,0.20387379126827582,0.16226233357702452,0.14097636555708512
0.5,6,1.0,filter,lin,0.2832286564581896,0.08093980758181213,0.0898091551426333,0.08958950811746207,0.9625133667225283,1.1293734702166693,0.24722444673594016,0.22463732119242755,0.20694389079946465
0.5,6,1.0,smooth,standard_dml,0.6283414801477647,,,,,1.287617838244309,,,
0.5,6,1.0,smooth,oracle_state,0.03547447139291826,,,,,1.030947732479806,,,
0.5,6,1.0,smooth,hard_fe,0.2559267861568224,,,,,1.1168347393902727,,,
0.5,6,2.0,smooth,lin,0.3278582370745182,0.05718017401571845,0.06209394338522954,0.06179758606028067,1.9688176576399963,1.2950302615743936,0.29843871389351795,0.2792180885319402,0.26079082383498525
0.5,6,2.0,smooth,gbm,0.32811486222664765,0.05718017401571845,0.07291294313955504,0.06179758606028067,1.9688176576399963,1.4148514985012783,0.3386962865160403,0.2792180885319402,0.23870491649828604
0.5,6,2.0,filter,lin,0.4186741086279495,0.08093980758181213,0.0898091551426333,0.08958950811746207,1.936888070839803,1.4079591972379486,0.39643938568224996,0.3668634252852894,0.33403954049696705
0.5,6,2.0,smooth,standard_dml,0.7672299040322879,,,,,2.0486009191014505,,,
0.5,6,2.0,smooth,oracle_state,0.03547447139291826,,,,,1.030947732479806,,,
0.5,6,2.0,smooth,hard_fe,0.3843564539820117,,,,,1.3608187832082186,,,
0.5,6,4.0,smooth,lin,0.3891424479194341,0.05718017401571845,0.06209394338522954,0.06179758606028067,3.945165071490986,2.056382517986887,0.3737778600917372,0.3583311176181648,0.3291000920335981
0.5,6,4.0,smooth,gbm,0.38544916324923006,0.05718017401571845,0.07291294313955504,0.06179758606028067,3.945165071490986,2.3200391558235753,0.4038366354559537,0.3583311176181648,0.2917001095550603
0.5,6,4.0,filter,lin,0.4507559198817075,0.08093980758181213,0.0898091551426333,0.08958950811746207,3.8856374790743513,2.5039855821363073,0.4422378043781881,0.423207871718146,0.3768025888000124
0.5,6,4.0,smooth,standard_dml,0.6097132434728338,,,,,5.079627671121429,,,
0.5,6,4.0,smooth,oracle_state,0.03547447139291848,,,,,1.030947732479806,,,
0.5,6,4.0,smooth,hard_fe,0.4297318483674062,,,,,2.3211279285597555,,,
0.5,6,8.0,smooth,lin,0.3060564081211161,0.05718017401571845,0.06209394338522954,0.06179758606028067,7.897859899192974,5.069341672057384,0.2996081489945529,0.29451979953052543,0.26725423098439766
0.5,6,8.0,smooth,gbm,0.28794094242223434,0.05718017401571845,0.07291294313955504,0.06179758606028067,7.897859899192974,5.866649669951094,0.3088207463125233,0.29451979953052543,0.23093300032932604
0.5,6,8.0,filter,lin,0.3221368101925015,0.08093980758181213,0.0898091551426333,0.08958950811746207,7.783136295543446,6.8514580753562235,0.3194262156596851,0.31432183839297984,0.2758386086066291
0.5,6,8.0,smooth,standard_dml,0.35789267560974203,,,,,17.177923536384164,,,
0.5,6,8.0,smooth,oracle_state,0.03547447139291848,,,,,1.0309477324798058,,,
0.5,6,8.0,smooth,hard_fe,0.31744801156203417,,,,,6.131110450125411,,,
0.5,6,16.0,smooth,lin,0.17905793747208865,0.05718017401571845,0.06209394338522954,0.06179758606028067,15.803249554596942,17.05627854518041,0.1764027313795127,0.17551007119337125,0.15893840332497688
0.5,6,16.0,smooth,gbm,0.16046361511438945,0.05718017401571845,0.07291294313955504,0.06179758606028067,15.803249554596942,20.094857751339696,0.1779656395743518,0.17551007119337125,0.1349050444736939
0.5,6,16.0,filter,lin,0.18056657983174573,0.08093980758181213,0.0898091551426333,0.08958950811746207,15.578133928481657,24.16808195548886,0.1796846160310008,0.1788676380980487,0.15651525408312028
0.5,6,16.0,smooth,standard_dml,0.18695700333208531,,,,,65.51948471180074,,,
0.5,6,16.0,smooth,oracle_state,0.03547447139291782,,,,,1.030947732479806,,,
0.5,6,16.0,smooth,hard_fe,0.18039727926500815,,,,,21.308532416707042,,,
0.5,6,32.0,smooth,lin,0.09339883473716193,0.05718017401571845,0.06209394338522954,0.06179758606028067,31.614028865404865,64.87422655135462,0.09229840653186451,0.0921757587364749,0.08359386005615739
0.5,6,32.0,smooth,gbm,0.08709413692543522,0.05718017401571845,0.07291294313955504,0.06179758606028067,31.614028865404865,76.36006893134437,0.09251095077937578,0.0921757587364749,0.07101993347414742
0.5,6,32.0,filter,lin,0.09301974302535232,0.08093980758181213,0.0898091551426333,0.08958950811746207,31.16812919435804,93.28804529052532,0.09274155135023125,0.09263236338739664,0.08112751334278262
0.5,6,32.0,smooth,standard_dml,0.09448967749088721,,,,,258.7824848421984,,,
0.5,6,32.0,smooth,oracle_state,0.03547447139291848,,,,,1.030947732479805,,,
0.5,6,32.0,smooth,hard_fe,0.09328473914782487,,,,,81.89320404367162,,,
0.5,7,0.25,smooth,lin,0.05366885053163184,0.06555271375369238,0.07766189128566592,0.07808415126782718,0.259107398031634,1.0274956101784476,0.05796506368460939,0.048963927918326385,0.04959201652943865
0.5,7,0.25,smooth,gbm,0.03732508340055052,0.06555271375369238,0.08820878622006123,0.07808415126782718,0.259107398031634,1.1185116003238809,0.06579386485507138,0.048963927918326385,0.0455565943787622
0.5,7,0.25,filter,lin,0.07959473708854992,0.08570900156261604,0.10276212461352696,0.1031893439847751,0.23763901361058923,1.030544877153617,0.07657974984784914,0.06393924064220483,0.05929233080604336
0.5,7,0.25,smooth,standard_dml,0.18487733622608093,,,,,1.0390275306318832,,,
0.5,7,0.25,smooth,oracle_state,-0.00888970722044502,,,,,1.0215135600919996,,,
0.5,7,0.25,smooth,hard_fe,0.07085444933810447,,,,,1.0295107456313353,,,
0.5,7,0.5,smooth,lin,0.10742461718267449,0.06555271375369238,0.07766189128566592,0.07808415126782718,0.5021035747180179,1.0432716428579778,0.11427415026974616,0.09674361894056185,0.09464721522966744
0.5,7,0.5,smooth,gbm,0.0911420154745648,0.06555271375369238,0.08820878622006123,0.07808415126782718,0.5021035747180179,1.1389274444495803,0.12945833860156442,0.09674361894056185,0.08669802120038302
0.5,7,0.5,filter,lin,0.150178616305918,0.08570900156261604,0.10276212461352696,0.1031893439847751,0.4757265401567313,1.05233770690932,0.1502823534375008,0.1258665287172961,0.1162384845833089
0.5,7,0.5,smooth,standard_dml,0.3490256390865001,,,,,1.08845307791446,,,
0.5,7,0.5,smooth,oracle_state,-0.008889707220445131,,,,,1.0215135600919996,,,
0.5,7,0.5,smooth,hard_fe,0.13435180934792812,,,,,1.0491974643780717,,,
0.5,7,1.0,smooth,lin,0.20465671884620118,0.06555271375369238,0.07766189128566592,0.07808415126782718,0.9880959280907863,1.1039469174491627,0.21619552082243768,0.1845597488727673,0.1760203371507864
0.5,7,1.0,smooth,gbm,0.18869291454650905,0.06555271375369238,0.08820878622006123,0.07808415126782718,0.9880959280907863,1.2076282443447328,0.24317609084868208,0.1845597488727673,0.16090805222215612
0.5,7,1.0,filter,lin,0.2733143466878116,0.08570900156261604,0.10276212461352696,0.1031893439847751,0.9519015932490154,1.134459163150799,0.2795583625513278,0.2368286569585182,0.21575003612287344
0.5,7,1.0,smooth,standard_dml,0.589457407338168,,,,,1.2817021208680572,,,
0.5,7,1.0,smooth,oracle_state,-0.008889707220445131,,,,,1.0215135600919996,,,
0.5,7,1.0,smooth,hard_fe,0.2466011068387126,,,,,1.123246779868606,,,
0.5,7,2.0,smooth,lin,0.33808885547156486,0.06555271375369238,0.07766189128566592,0.07808415126782718,1.960080634836324,1.3417903035600312,0.355527572863018,0.3116090160051365,0.2872772394807353
0.5,7,2.0,smooth,gbm,0.33589417562656676,0.06555271375369238,0.08820878622006123,0.07808415126782718,1.960080634836324,1.4726337230877322,0.39121745123439833,0.3116090160051365,0.2617526736794547
0.5,7,2.0,filter,lin,0.4226979083524225,0.08570900156261604,0.10276212461352696,0.1031893439847751,1.9042516994335834,1.4528452625540473,0.4369607057139821,0.3829611411832951,0.3370176771518962
0.5,7,2.0,smooth,standard_dml,0.7365022274641289,,,,,2.045792000329024,,,
0.5,7,2.0,smooth,oracle_state,-0.008889707220445131,,,,,1.0215135600919996,,,
0.5,7,2.0,smooth,hard_fe,0.3893897106746427,,,,,1.4100489228379214,,,
0.5,7,4.0,smooth,lin,0.3981139783475398,0.06555271375369238,0.07766189128566592,0.07808415126782718,3.9040500483273957,2.2834484234957637,0.4155653004534349,0.38393981567494617,0.3362297208004832
0.5,7,4.0,smooth,gbm,0.39344763349137746,0.06555271375369238,0.08820878622006123,0.07808415126782718,3.9040500483273957,2.506346466494668,0.438969693302723,0.38393981567494617,0.3063276510881053
0.5,7,4.0,filter,lin,0.4516371490811215,0.08570900156261604,0.10276212461352696,0.1031893439847751,3.8089519118027164,2.706190209041705,0.4663596915529234,0.433723663841052,0.36190523223742543
0.5,7,4.0,smooth,standard_dml,0.5918514710755232,,,,,5.08433893346605,,,
0.5,7,4.0,smooth,oracle_state,-0.008889707220445131,,,,,1.0215135600919996,,,
0.5,7,4.0,smooth,hard_fe,0.43064878030927645,,,,,2.5384672567295397,,,
0.5,7,8.0,smooth,lin,0.3017799899343456,0.06555271375369238,0.07766189128566592,0.07808415126782718,7.791988875309537,6.030650054223211,0.3121897281681598,0.3028203988624466,0.25409500388308354
0.5,7,8.0,smooth,gbm,0.2914227281226467,0.06555271375369238,0.08820878622006123,0.07808415126782718,7.791988875309537,6.742192984510559,0.3185696682813639,0.3028203988624466,0.22727887683811301
0.5,7,8.0,filter,lin,0.31753671795002214,0.08570900156261604,0.10276212461352696,0.1031893439847751,7.618352336540991,7.679171092741668,0.3255066533279878,0.31717760169690534,0.2550905681477766
0.5,7,8.0,smooth,standard_dml,0.3495956599241432,,,,,17.202901496600468,,,
0.5,7,8.0,smooth,oracle_state,-0.008889707220445464,,,,,1.0215135600919998,,,
0.5,7,8.0,smooth,hard_fe,0.31098833904326106,,,,,7.014560116324729,,,
0.5,7,16.0,smooth,lin,0.1735719643083995,0.06555271375369238,0.07766189128566592,0.07808415126782718,15.567866529273829,20.980594879102036,0.17852073599501392,0.1769553296591462,0.1459228259584297
0.5,7,16.0,smooth,gbm,0.16660917818299215,0.06555271375369238,0.08820878622006123,0.07808415126782718,15.567866529273829,23.68990899126962,0.1795488347499505,0.1769553296591462,0.12923425312337805
0.5,7,16.0,filter,lin,0.17718340131742827,0.08570900156261604,0.10276212461352696,0.1031893439847751,15.23715318601753,27.490296823040186,0.18063365486580577,0.17932703990415913,0.14251877976839197
0.5,7,16.0,smooth,standard_dml,0.18327363683803632,,,,,65.60590141031076,,,
0.5,7,16.0,smooth,oracle_state,-0.008889707220445464,,,,,1.021513560092,,,
0.5,7,16.0,smooth,hard_fe,0.17541473928554674,,,,,24.84377060276291,,,
0.5,7,32.0,smooth,lin,0.09027051900538208,0.06555271375369238,0.07766189128566592,0.07808415126782718,31.119621837202427,80.7026507825554,0.09258577651940446,0.09237387298449051,0.07583303556832774
0.5,7,32.0,smooth,gbm,0.0824722949335992,0.06555271375369238,0.08820878622006123,0.07808415126782718,31.119621837202427,90.51397385893878,0.0927234554420775,0.09237387298449051,0.06761306267239395
0.5,7,32.0,filter,lin,0.09135162437183042,0.08570900156261604,0.10276212461352696,0.1031893439847751,30.474754884970622,106.57320413523156,0.09286746777482532,0.09269385258531779,0.07352582204646725
0.5,7,32.0,smooth,standard_dml,0.09280455423373413,,,,,259.0754003874972,,,
0.5,7,32.0,smooth,oracle_state,-0.008889707220445797,,,,,1.0215135600920007,,,
0.5,7,32.0,smooth,hard_fe,0.0907298350164718,,,,,96.01029064463047,,,
0.5,8,0.25,smooth,lin,0.029954458331464595,0.05733331583332398,0.061916714006489175,0.06166309239635727,0.21843865239917237,1.033884834092565,0.046258524515318304,0.04284645379575486,0.03634005984583235
0.5,8,0.25,smooth,gbm,0.016275397731841057,0.05733331583332398,0.06848679082463054,0.06166309239635727,0.21843865239917237,1.1079840164140902,0.051146165820968995,0.04284645379575486,0.03390972810800962
0.5,8,0.25,filter,lin,0.05560629573951492,0.08027182354083666,0.09143461872296595,0.09114273295386044,0.2014306691572478,1.03613211531272,0.06818630225790692,0.059903333293151506,0.04681605817832354
0.5,8,0.25,smooth,standard_dml,0.1501683537620755,,,,,1.0425874098148042,,,
0.5,8,0.25,smooth,oracle_state,-0.014303160101188706,,,,,1.0302123609023044,,,
0.5,8,0.25,smooth,hard_fe,0.03987498876169826,,,,,1.0348287615504124,,,
0.5,8,0.5,smooth,lin,0.07585425535247792,0.05733331583332398,0.061916714006489175,0.06166309239635727,0.46561988832796575,1.045164705596914,0.09145935532304504,0.0847847263761939,0.07662581401618791
0.5,8,0.5,smooth,gbm,0.061848495502435874,0.05733331583332398,0.06848679082463054,0.06166309239635727,0.46561988832796575,1.1203815521699625,0.10100087970655418,0.0847847263761939,0.07148153786738158
0.5,8,0.5,filter,lin,0.12296054959626423,0.08027182354083666,0.09143461872296595,0.09114273295386044,0.4434202198628694,1.0535155135429832,0.13408688234373625,0.11803893516757501,0.10135821215456363
0.5,8,0.5,smooth,standard_dml,0.3188849573210242,,,,,1.086765471463782,,,
0.5,8,0.5,smooth,oracle_state,-0.014303160101188817,,,,,1.0302123609023044,,,
0.5,8,0.5,smooth,hard_fe,0.09345967143184808,,,,,1.0486511447316718,,,
0.5,8,1.0,smooth,lin,0.16123813631083483,0.05733331583332398,0.061916714006489175,0.06166309239635727,0.9599823601855545,1.090943216358045,0.17491968962297777,0.1626733452207664,0.15135243803433995
0.5,8,1.0,smooth,gbm,0.14255570411027985,0.05733331583332398,0.06848679082463054,0.06166309239635727,0.9599823601855545,1.1742622547975894,0.19229098032678774,0.1626733452207664,0.1406133211539497
0.5,8,1.0,filter,lin,0.24354074212016852,0.08027182354083666,0.09143461872296595,0.09114273295386044,0.9273993212741127,1.122570292024621,0.25132413015252103,0.22292118092387384,0.19894709987811038
0.5,8,1.0,smooth,standard_dml,0.5722486324970057,,,,,1.2696093476308368,,,
0.5,8,1.0,smooth,oracle_state,-0.014303160101188706,,,,,1.0302123609023042,,,
0.5,8,1.0,smooth,hard_fe,0.1915682864423296,,,,,1.1040042574542603,,,
0.5,8,2.0,smooth,lin,0.2894399551088467,0.05733331583332398,0.061916714006489175,0.06166309239635727,1.948707303900731,1.2753753088900408,0.2977559933123737,0.2798263947297739,0.26280699620525244
0.5,8,2.0,smooth,gbm,0.27220335461137557,0.05733331583332398,0.06848679082463054,0.06166309239635727,1.948707303900731,1.36647730324613,0.32255713328315855,0.2798263947297739,0.2452858552187496
0.5,8,2.0,filter,lin,0.4014024592240184,0.08027182354083666,0.09143461872296595,0.09114273295386044,1.8953575240965985,1.3978317770723463,0.4016930930947327,0.3645716247313089,0.32652814283504056
0.5,8,2.0,smooth,standard_dml,0.738354258743539,,,,,2.013248111441344,,,
0.5,8,2.0,smooth,oracle_state,-0.014303160101188817,,,,,1.0302123609023044,,,
0.5,8,2.0,smooth,hard_fe,0.330780021003251,,,,,1.3255438683397158,,,
0.5,8,4.0,smooth,lin,0.3748650607845445,0.05733331583332398,0.061916714006489175,0.06166309239635727,3.9261571913310824,2.0157397779929678,0.3732419383978012,0.3588316535845642,0.33501290104914494
0.5,8,4.0,smooth,gbm,0.36170479821866586,0.05733331583332398,0.06848679082463054,0.06166309239635727,3.9261571913310824,2.1734419434226955,0.39213948822703953,0.3588316535845642,0.3107047937623471
0.5,8,4.0,filter,lin,0.455151470285432,0.08027182354083666,0.09143461872296595,0.09114273295386044,3.8312739297415694,2.496962459505592,0.44548760123698816,0.42167891508654387,0.369500963445463
0.5,8,4.0,smooth,standard_dml,0.5998022304901949,,,,,5.012329684967947,,,
0.5,8,4.0,smooth,oracle_state,-0.014303160101188817,,,,,1.0302123609023044,,,
0.5,8,4.0,smooth,hard_fe,0.40344637201326217,,,,,2.2119566318717383,,,
0.5,8,8.0,smooth,lin,0.3067960558121543,0.05733331583332398,0.061916714006489175,0.06166309239635727,7.881056966191789,4.982469852354561,0.2994358333437193,0.2946887300224149,0.2720621347640847
0.5,8,8.0,smooth,gbm,0.29668988347448133,0.05733331583332398,0.06848679082463054,0.06166309239635727,7.881056966191789,5.405206043053693,0.30533824458432296,0.2946887300224149,0.25078440555865605
0.5,8,8.0,filter,lin,0.33199083068727586,0.08027182354083666,0.09143461872296595,0.09114273295386044,7.7031067410315135,6.889654673723267,0.3202699806902724,0.31389917534646133,0.26924822258100933
0.5,8,8.0,smooth,standard_dml,0.35445785453737044,,,,,17.057709015643507,,,
0.5,8,8.0,smooth,oracle_state,-0.014303160101188817,,,,,1.0302123609023042,,,
0.5,8,8.0,smooth,hard_fe,0.3126527279754505,,,,,5.7581163259802315,,,
0.5,8,16.0,smooth,lin,0.18235809039328266,0.05733331583332398,0.061916714006489175,0.06166309239635727,15.790856515913203,16.859934545700707,0.17637285180704115,0.17554005441525442,0.16109353712818827
0.5,8,16.0,smooth,gbm,0.17151008949596203,0.05733331583332398,0.06848679082463054,0.06166309239635727,15.790856515913203,18.483232127228074,0.17738270327289793,0.17554005441525442,0.14694542994542711
0.5,8,16.0,filter,lin,0.18766445163537293,0.08027182354083666,0.09143461872296595,0.09114273295386044,15.446772363611409,24.45276249956335,0.17981786027534305,0.17879913712453058,0.15212276144293663
0.5,8,16.0,smooth,standard_dml,0.18558920796864342,,,,,65.33733241148404,,,
0.5,8,16.0,smooth,oracle_state,-0.014303160101188594,,,,,1.0302123609023042,,,
0.5,8,16.0,smooth,hard_fe,0.1813127680292861,,,,,19.943772382375013,,,
0.5,8,32.0,smooth,lin,0.09576561158611718,0.05733331583332398,0.061916714006489175,0.06166309239635727,31.610455615356013,64.39088211088485,0.09229431603089473,0.0921798932360715,0.08443736951651948
0.5,8,32.0,smooth,gbm,0.088815607920814,0.05733331583332398,0.06848679082463054,0.06166309239635727,31.610455615356013,70.45648068973767,0.09243199950055482,0.0921798932360715,0.07716815618755923
0.5,8,32.0,filter,lin,0.09707625821853605,0.08027182354083666,0.09143461872296595,0.09114273295386044,30.93410360877117,94.68987174086242,0.09275928942619936,0.09262317473200041,0.07867167398028062
0.5,8,32.0,smooth,standard_dml,0.09389152164278736,,,,,258.6520381411228,,,
0.5,8,32.0,smooth,oracle_state,-0.014303160101189039,,,,,1.0302123609023042,,,
0.5,8,32.0,smooth,hard_fe,0.09450708616378489,,,,,76.68843116787575,,,
0.5,9,0.25,smooth,lin,0.04850887514471136,0.06626419581330015,0.07426264109315486,0.0739128250868797,0.3207855502718788,0.9843891200743347,0.05543966233571845,0.0494931702895073,0.06478107920073677
0.5,9,0.25,smooth,gbm,0.0408857973614023,0.06626419581330015,0.08260454758399503,0.0739128250868797,0.3207855502718788,1.0765796647962962,0.06163520144234669,0.0494931702895073,0.05923369318325846
0.5,9,0.25,filter,lin,0.07971444857361099,0.08631187153879952,0.10337770179818363,0.10311811553359075,0.3070124224873786,0.9877818477330846,0.0770355415211853,0.06438657081478778,0.08047976432658649
0.5,9,0.25,smooth,standard_dml,0.21538070419467936,,,,,1.0030044923659376,,,
0.5,9,0.25,smooth,oracle_state,-0.015304764678500171,,,,,0.9788618241151862,,,
0.5,9,0.25,smooth,hard_fe,0.05996737648933048,,,,,0.9853075361627246,,,
0.5,9,0.5,smooth,lin,0.10350867595427538,0.06626419581330015,0.07426264109315486,0.0739128250868797,0.565848270215349,0.999473904207816,0.10936355503075224,0.09777652305257535,0.11254565152819876
0.5,9,0.5,smooth,gbm,0.09856216499476278,0.06626419581330015,0.08260454758399503,0.0739128250868797,0.565848270215349,1.0908591215705083,0.12139977794255695,0.09777652305257535,0.10311729490106349
0.5,9,0.5,filter,lin,0.15506966776311737,0.08631187153879952,0.10337770179818363,0.10311811553359075,0.5443483822193518,1.0097847288567043,0.15115991163018908,0.12673316318310776,0.1395853778408765
0.5,9,0.5,smooth,standard_dml,0.3777223682474471,,,,,1.0576711083558854,,,
0.5,9,0.5,smooth,oracle_state,-0.015304764678500171,,,,,0.9788618241151862,,,
0.5,9,0.5,smooth,hard_fe,0.1257880379620504,,,,,1.003492640481639,,,
0.5,9,1.0,smooth,lin,0.2031783229832751,0.06626419581330015,0.07426264109315486,0.0739128250868797,1.0559737101022892,1.0574919628847113,0.20738682958643956,0.1864383969943491,0.198507178746881
0.5,9,1.0,smooth,gbm,0.20166587505945954,0.06626419581330015,0.08260454758399503,0.0739128250868797,1.0559737101022892,1.1501017671333702,0.22890504506471993,0.1864383969943491,0.18252275763645734
0.5,9,1.0,filter,lin,0.28582484913022,0.08631187153879952,0.10337770179818363,0.10311811553359075,1.0190203016832988,1.092557129278262,0.2810761037576928,0.23836213282803126,0.24150741508341803
0.5,9,1.0,smooth,standard_dml,0.6082215845466072,,,,,1.2601698120335711,,,
0.5,9,1.0,smooth,oracle_state,-0.015304764678500282,,,,,0.9788618241151862,,,
0.5,9,1.0,smooth,hard_fe,0.2425880189122931,,,,,1.0738761801881294,,,
0.5,9,2.0,smooth,lin,0.3406198006931671,0.06626419581330015,0.07426264109315486,0.0739128250868797,2.03622458987617,1.2849220418782343,0.3435300510234567,0.31428247343757726,0.315027948496033
0.5,9,2.0,smooth,gbm,0.3245479621284968,0.06626419581330015,0.08260454758399503,0.0739128250868797,2.03622458987617,1.41530412754476,0.372534958634928,0.31428247343757726,0.286006623560442
0.5,9,2.0,filter,lin,0.4413245643932122,0.08631187153879952,0.10337770179818363,0.10311811553359075,1.9683641406111936,1.4131684828186535,0.438812499793309,0.384963536124424,0.36066441102723334
0.5,9,2.0,smooth,standard_dml,0.7362616243522238,,,,,2.0378291061801006,,,
0.5,9,2.0,smooth,oracle_state,-0.015304764678500282,,,,,0.9788618241151862,,,
0.5,9,2.0,smooth,hard_fe,0.3917043627204433,,,,,1.3506965838757536,,,
0.5,9,4.0,smooth,lin,0.4041858420881337,0.06626419581330015,0.07426264109315486,0.0739128250868797,3.996726349423933,2.1853580464242097,0.40725288993160463,0.38596246841811716,0.3635649424089765
0.5,9,4.0,smooth,gbm,0.387179343723284,0.06626419581330015,0.08260454758399503,0.0739128250868797,3.996726349423933,2.4201716729758935,0.42695705764930625,0.38596246841811716,0.32829058416102086
0.5,9,4.0,filter,lin,0.46601779415838185,0.08631187153879952,0.10337770179818363,0.10311811553359075,3.8670518184669804,2.6746574006885386,0.46741228934416507,0.43500496959492685,0.37437222393807884
0.5,9,4.0,smooth,standard_dml,0.5838553684359737,,,,,5.0837952416377945,,,
0.5,9,4.0,smooth,oracle_state,-0.015304764678500171,,,,,0.9788618241151861,,,
0.5,9,4.0,smooth,hard_fe,0.43544217757157355,,,,,2.4485506883495787,,,
0.5,9,8.0,smooth,lin,0.30762282737388147,0.06626419581330015,0.07426264109315486,0.0739128250868797,7.9177298685194515,5.768533441751877,0.30981445359181636,0.3034475205574269,0.27285722152893543
0.5,9,8.0,smooth,gbm,0.2976203692739354,0.06626419581330015,0.08260454758399503,0.0739128250868797,7.9177298685194515,6.362060921687677,0.3153501782903997,0.3034475205574269,0.2474019074302781
0.5,9,8.0,filter,lin,0.32453173974484084,0.08631187153879952,0.10337770179818363,0.10311811553359075,7.664427174178555,7.678700079584714,0.32576267251531066,0.3175195720493562,0.25845431394110174
0.5,9,8.0,smooth,standard_dml,0.34448262651965167,,,,,17.13831770121172,,,
0.5,9,8.0,smooth,oracle_state,-0.015304764678500282,,,,,0.9788618241151862,,,
0.5,9,8.0,smooth,hard_fe,0.313799159838829,,,,,6.8211120856915315,,,
0.5,9,16.0,smooth,lin,0.17728263570150804,0.06626419581330015,0.07426264109315486,0.0739128250868797,15.759736906710494,20.06409777735008,0.17813026397384654,0.17706224566466733,0.1561455148306621
0.5,9,16.0,smooth,gbm,0.17222646442452016,0.06626419581330015,0.08260454758399503,0.0739128250868797,15.759736906710494,22.293416757697425,0.17903375190780227,0.17706224566466733,0.14053112230880196
0.5,9,16.0,filter,lin,0.1804737864036814,0.08631187153879952,0.10337770179818363,0.10311811553359075,15.259177885601702,27.611044810002692,0.18067305279378795,0.17938165456664923,0.14310014820293387
0.5,9,16.0,smooth,standard_dml,0.18088429501559555,,,,,65.0977233749937,,,
0.5,9,16.0,smooth,oracle_state,-0.015304764678500171,,,,,0.9788618241151862,,,
0.5,9,16.0,smooth,hard_fe,0.1766925722243593,,,,,24.273647633952656,,,
0.5,9,32.0,smooth,lin,0.0922870449848392,0.06626419581330015,0.07426264109315486,0.0739128250868797,31.44375098309258,77.17208062831796,0.09253317778494762,0.09238843393989668,0.08099800557212383
0.5,9,32.0,smooth,gbm,0.08439881979945318,0.06626419581330015,0.08260454758399503,0.0739128250868797,31.44375098309258,85.87036587414842,0.09265462409169974,0.09238843393989668,0.07279326870350168
0.5,9,32.0,filter,lin,0.09298299796563025,0.08631187153879952,0.10337770179818363,0.10311811553359075,30.44867930844801,107.17277176134115,0.09287267375951791,0.09270114701754983,0.07356577012440926
0.5,9,32.0,smooth,standard_dml,0.09171650995345049,,,,,256.41797774109426,,,
0.5,9,32.0,smooth,oracle_state,-0.015304764678500615,,,,,0.9788618241151864,,,
0.5,9,32.0,smooth,hard_fe,0.09133230640132317,,,,,94.00836974478378,,,
0.5,10,0.25,smooth,lin,0.05065717912854595,0.06317172623224888,0.0733257028383675,0.07354018143549955,0.24408198582303497,1.0124121579425054,0.05474339600453864,0.04719246782059997,0.045690128073843414
0.5,10,0.25,smooth,gbm,0.027039102438927376,0.06317172623224888,0.08214921461890135,0.07354018143549955,0.24408198582303497,1.1047078380625424,0.06129719120692641,0.04719246782059997,0.04187282787912149
0.5,10,0.25,filter,lin,0.06460194885180925,0.08825467022163931,0.10227604502478092,0.10271661264520522,0.2524794417681754,1.01341389470488,0.07621981742615705,0.06582790143295772,0.06596265352415422
0.5,10,0.25,smooth,standard_dml,0.18283669129822178,,,,,1.0218189463186806,,,
0.5,10,0.25,smooth,oracle_state,0.008493448907621381,,,,,1.009468409544729,,,
0.5,10,0.25,smooth,hard_fe,0.06726706250437231,,,,,1.013868788347011,,,
0.5,10,0.5,smooth,lin,0.10389026514429212,0.06317172623224888,0.0733257028383675,0.07354018143549955,0.4872200821752551,1.0241277458443978,0.10800860258329868,0.0932843559002035,0.09016023763906128
0.5,10,0.5,smooth,gbm,0.07905212741622902,0.06317172623224888,0.08214921461890135,0.07354018143549955,0.4872200821752551,1.1190711081753721,0.12074406441299658,0.0932843559002035,0.08251093274013552
0.5,10,0.5,filter,lin,0.13666808077170955,0.08825467022163931,0.10227604502478092,0.10271661264520522,0.49126501111459187,1.0296107158335872,0.14958921910994377,0.1295242258724377,0.1263286139526422
0.5,10,0.5,smooth,standard_dml,0.351153735831395,,,,,1.0671389861921283,,,
0.5,10,0.5,smooth,oracle_state,0.008493448907621381,,,,,1.009468409544729,,,
0.5,10,0.5,smooth,hard_fe,0.1368944498657334,,,,,1.0297202929022675,,,
0.5,10,1.0,smooth,lin,0.20149537230248993,0.06317172623224888,0.0733257028383675,0.07354018143549955,0.9734962748796949,1.07505606021257,0.20494907364407813,0.1782545321896072,0.17161181386016564
0.5,10,1.0,smooth,gbm,0.17828422872409555,0.06317172623224888,0.08214921461890135,0.07354018143549955,0.9734962748796949,1.169342012424319,0.227739059020151,0.1782545321896072,0.15777447362209018
0.5,10,1.0,filter,lin,0.264648204792965,0.08825467022163931,0.10227604502478092,0.10271661264520522,0.9688361498074255,1.1003578749752942,0.2783587073848138,0.24329232661229452,0.2331177433577513
0.5,10,1.0,smooth,standard_dml,0.5994872905662121,,,,,1.2519657151492163,,,
0.5,10,1.0,smooth,oracle_state,0.008493448907621381,,,,,1.009468409544729,,,
0.5,10,1.0,smooth,hard_fe,0.2610402402198113,,,,,1.0974899060854868,,,
0.5,10,2.0,smooth,lin,0.33962408497791485,0.06317172623224888,0.0733257028383675,0.07354018143549955,1.9460486602885758,1.286901243206466,0.3401788144029342,0.3025738960805832,0.2865843525710107
0.5,10,2.0,smooth,gbm,0.326967686365337,0.06317172623224888,0.08214921461890135,0.07354018143549955,1.9460486602885758,1.393830325418064,0.370989352089047,0.3025738960805832,0.26459874841404
0.5,10,2.0,filter,lin,0.42443036459458106,0.08825467022163931,0.10227604502478092,0.10271661264520522,1.9239784271930933,1.3952662607958801,0.4354938966297848,0.3913678567858841,0.3650917814968556
0.5,10,2.0,smooth,standard_dml,0.7516906777964061,,,,,1.9983657699041626,,,
0.5,10,2.0,smooth,oracle_state,0.00849344890762116,,,,,1.0094684095447288,,,
0.5,10,2.0,smooth,hard_fe,0.4193298240689489,,,,,1.377295548742751,,,
0.5,10,4.0,smooth,lin,0.40824534805984425,0.06317172623224888,0.0733257028383675,0.07354018143549955,3.8911534311063347,2.1505458262244628,0.4048885886805885,0.37700440739254126,0.3429048704008442
0.5,10,4.0,smooth,gbm,0.40073835438145045,0.06317172623224888,0.08214921461890135,0.07354018143549955,3.8911534311063347,2.3424882569815333,0.42594016930199885,0.37700440739254126,0.31480740005194796
0.5,10,4.0,filter,lin,0.45951690100508547,0.08825467022163931,0.10227604502478092,0.10271661264520522,3.8342629819644296,2.5987393025857366,0.4655229694161527,0.4390643591267559,0.3906412790381994
0.5,10,4.0,smooth,standard_dml,0.6012989462639764,,,,,4.998152266777138,,,
0.5,10,4.0,smooth,oracle_state,0.00849344890762116,,,,,1.0094684095447288,,,
0.5,10,4.0,smooth,hard_fe,0.4612800034004019,,,,,2.513972499220581,,,
0.5,10,8.0,smooth,lin,0.31213805273106576,0.06317172623224888,0.0733257028383675,0.07354018143549955,7.7813629727418565,5.637651860381277,0.30912783920721704,0.30063935990526025,0.2615781234465384
0.5,10,8.0,smooth,gbm,0.3047950989825745,0.06317172623224888,0.08214921461890135,0.07354018143549955,7.7813629727418565,6.265172065269132,0.3150723900177738,0.30063935990526025,0.23537843476930476
0.5,10,8.0,filter,lin,0.32144870748551435,0.08825467022163931,0.10227604502478092,0.10271661264520522,7.654832091507098,7.460310466760192,0.3253026033503905,0.31859459374968807,0.2716675203457172
0.5,10,8.0,smooth,standard_dml,0.35310474992790475,,,,,17.025670809975423,,,
0.5,10,8.0,smooth,oracle_state,0.00849344890762116,,,,,1.0094684095447286,,,
0.5,10,8.0,smooth,hard_fe,0.3275067804454874,,,,,7.09558906082945,,,
0.5,10,16.0,smooth,lin,0.17929127287412627,0.06317172623224888,0.0733257028383675,0.07354018143549955,15.561782056012895,19.651131401178183,0.17801659516453214,0.17658103797788885,0.1500775628118944
0.5,10,16.0,smooth,gbm,0.17251907228255137,0.06317172623224888,0.08214921461890135,0.07354018143549955,15.561782056012895,21.93088901511647,0.17898895566082237,0.17658103797788885,0.13447671479037152
0.5,10,16.0,filter,lin,0.17798683629818157,0.08825467022163931,0.10227604502478092,0.10271661264520522,15.295970310592436,27.001953117488068,0.18060222222236705,0.17955279338315433,0.14998257455017422
0.5,10,16.0,smooth,standard_dml,0.18445020739661677,,,,,65.19249009418132,,,
0.5,10,16.0,smooth,oracle_state,0.008493448907620271,,,,,1.0094684095447284,,,
0.5,10,16.0,smooth,hard_fe,0.18250012981337238,,,,,25.49187282666002,,,
0.5,10,32.0,smooth,lin,0.09296977424457675,0.06317172623224888,0.0733257028383675,0.07354018143549955,31.122620222554982,75.83516037270512,0.09251783387480751,0.09232279537483634,0.07777670547541157
0.5,10,32.0,smooth,gbm,0.08877363974734287,0.06317172623224888,0.08214921461890135,0.07354018143549955,31.122620222554982,84.82892610177308,0.09264862401834698,0.09232279537483634,0.06953063305212825
0.5,10,32.0,filter,lin,0.09132338407550789,0.08825467022163931,0.10227604502478092,0.10271661264520522,30.578246748763124,105.35923970845967,0.0928633131010466,0.0927239833062645,0.07684204319152803
0.5,10,32.0,smooth,standard_dml,0.09322909950308644,,,,,257.97325745383046,,,
0.5,10,32.0,smooth,oracle_state,0.008493448907618939,,,,,1.0094684095447268,,,
0.5,10,32.0,smooth,hard_fe,0.09382602523131478,,,,,99.21664292877252,,,
0.5,11,0.25,smooth,lin,0.039008522774309995,0.06210853647152904,0.07281682905053194,0.07257735590386569,0.2356961808910456,1.0238920370858504,0.0543652029323849,0.04640128261902991,0.04289146995049106
0.5,11,0.25,smooth,gbm,0.02315081795227547,0.06210853647152904,0.08230162640075248,0.07257735590386569,0.2356961808910456,1.106160492841602,0.06141033415190713,0.04640128261902991,0.03970150337624061
0.5,11,0.25,filter,lin,0.05324727557265385,0.08343059404195319,0.09843780949038382,0.09835746373408298,0.24157690756347044,1.024753755708485,0.07337691568980877,0.062248356944091074,0.059004140631533
0.5,11,0.25,smooth,standard_dml,0.16482306234283128,,,,,1.0340729643968136,,,
0.5,11,0.25,smooth,oracle_state,-0.018504717762127032,,,,,1.0186370012055785,,,
0.5,11,0.25,smooth,hard_fe,0.05606878102518742,,,,,1.0260816146096992,,,
0.5,11,0.5,smooth,lin,0.08972467439220866,0.06210853647152904,0.07281682905053194,0.07257735590386569,0.4785280402285582,1.038503169103125,0.10727243395452267,0.0917383707213472,0.08585628948494835
0.5,11,0.5,smooth,gbm,0.06915323539452123,0.06210853647152904,0.08230162640075248,0.07257735590386569,0.4785280402285582,1.1210515622965331,0.12096356506608567,0.0917383707213472,0.07953427988173985
0.5,11,0.5,filter,lin,0.12205335733869527,0.08343059404195319,0.09843780949038382,0.09835746373408298,0.4801371719727095,1.043356542546804,0.1441102401443402,0.12258897334562512,0.11518055768795724
0.5,11,0.5,smooth,standard_dml,0.32961193131056077,,,,,1.0815894936889754,,,
0.5,11,0.5,smooth,oracle_state,-0.018504717762127032,,,,,1.0186370012055785,,,
0.5,11,0.5,smooth,hard_fe,0.11636860139892469,,,,,1.0445896278483686,,,
0.5,11,1.0,smooth,lin,0.18232991463779902,0.06210853647152904,0.07281682905053194,0.07257735590386569,0.9641917589035826,1.0950317440316246,0.20362328520231138,0.17542991419086648,0.16406247403275667
0.5,11,1.0,smooth,gbm,0.1679179583814765,0.06210853647152904,0.08230162640075248,0.07257735590386569,0.9641917589035826,1.181864253985169,0.22812945409991833,0.17542991419086648,0.15200867313183594
0.5,11,1.0,filter,lin,0.24421530620647935,0.08343059404195319,0.09843780949038382,0.09835746373408298,0.9572577007911859,1.1174762947823365,0.2688485646794706,0.23101782753992234,0.21440610150159575
0.5,11,1.0,smooth,standard_dml,0.573476646896941,,,,,1.270559602186244,,,
0.5,11,1.0,smooth,oracle_state,-0.018504717762127032,,,,,1.0186370012055785,,,
0.5,11,1.0,smooth,hard_fe,0.22398235024946422,,,,,1.114418216795033,,,
0.5,11,2.0,smooth,lin,0.31322249120698786,0.06210853647152904,0.07281682905053194,0.07257735590386569,1.9355191962536316,1.317314137464421,0.3383505249619449,0.2984948946303236,0.27376673757540243
0.5,11,2.0,smooth,gbm,0.2994072754154318,0.06210853647152904,0.08230162640075248,0.07257735590386569,1.9355191962536316,1.435804137516999,0.3715071783977557,0.2984948946303236,0.2511740872952597
0.5,11,2.0,filter,lin,0.3990625990706915,0.08343059404195319,0.09843780949038382,0.09835746373408298,1.9114987584281407,1.4133725134889767,0.4237677720782788,0.37532815914062034,0.33850412839663496
0.5,11,2.0,smooth,standard_dml,0.7276278220505921,,,,,2.024248018832565,,,
0.5,11,2.0,smooth,oracle_state,-0.018504717762127143,,,,,1.0186370012055785,,,
0.5,11,2.0,smooth,hard_fe,0.3650514721953233,,,,,1.3853256445656625,,,
0.5,11,4.0,smooth,lin,0.38135838844428127,0.06210853647152904,0.07281682905053194,0.07257735590386569,3.8781740709537313,2.1987798986332057,0.40359075933936295,0.3738219200117951,0.32863823597599967
0.5,11,4.0,smooth,gbm,0.36942454327607965,0.06210853647152904,0.08230162640075248,0.07257735590386569,3.8781740709537313,2.4208054155058183,0.42628126033426644,0.3738219200117951,0.29849699713899513
0.5,11,4.0,filter,lin,0.44158498828080983,0.08343059404195319,0.09843780949038382,0.09835746373408298,3.8199808737020486,2.59579180784456,0.45873842418738253,0.428785656237896,0.36833070266890877
0.5,11,4.0,smooth,standard_dml,0.5882124952587744,,,,,5.034617650732342,,,
0.5,11,4.0,smooth,oracle_state,-0.018504717762127032,,,,,1.0186370012055785,,,
0.5,11,4.0,smooth,hard_fe,0.4151169398250898,,,,,2.4521414996161255,,,
0.5,11,8.0,smooth,lin,0.29606783829195304,0.06210853647152904,0.07281682905053194,0.07257735590386569,7.763483820353929,5.709315318183542,0.30874882605998344,0.2996223024711339,0.2533641554882553
0.5,11,8.0,smooth,gbm,0.28022924269967864,0.06210853647152904,0.08230162640075248,0.07257735590386569,7.763483820353929,6.446010901805103,0.3151656606036724,0.2996223024711339,0.22440791305560054
0.5,11,8.0,filter,lin,0.3155395846965945,0.08343059404195319,0.09843780949038382,0.09835746373408298,7.636945104249863,7.323137824324937,0.3236302763698453,0.31584761131695027,0.261017154940172
0.5,11,8.0,smooth,standard_dml,0.3479441328282049,,,,,17.067328108960435,,,
0.5,11,8.0,smooth,oracle_state,-0.018504717762127143,,,,,1.0186370012055785,,,
0.5,11,8.0,smooth,hard_fe,0.3054762416567478,,,,,6.685777207753866,,,
0.5,11,16.0,smooth,lin,0.17210190840427964,0.06210853647152904,0.07281682905053194,0.07257735590386569,15.534103319154324,19.720801746135283,0.17795369549731435,0.1764051845177765,0.14676894504138557
0.5,11,16.0,smooth,gbm,0.1634935316010746,0.06210853647152904,0.08230162640075248,0.07257735590386569,15.534103319154324,22.37057219333994,0.17900400281761716,0.1764051845177765,0.12938431983927068
0.5,11,16.0,filter,lin,0.17689946070909857,0.08343059404195319,0.09843780949038382,0.09835746373408298,15.270873565345495,26.227859568362536,0.18034353309173926,0.179113827096292,0.1457295495016115
0.5,11,16.0,smooth,standard_dml,0.18245572833178825,,,,,65.18063380313077,,,
0.5,11,16.0,smooth,oracle_state,-0.018504717762127032,,,,,1.0186370012055783,,,
0.5,11,16.0,smooth,hard_fe,0.17370084946184017,,,,,23.55306461617661,,,
0.5,11,32.0,smooth,lin,0.08983864081488346,0.06210853647152904,0.07281682905053194,0.07257735590386569,31.075342316755115,75.70543695744304,0.09250933694804762,0.09229874232001574,0.07648238128776882
0.5,11,32.0,smooth,gbm,0.08098920690721045,0.06210853647152904,0.08230162640075248,0.07257735590386569,31.075342316755115,85.04451625867179,0.0926506397043035,0.09229874232001574,0.06808354435605245
0.5,11,32.0,filter,lin,0.0912984905796903,0.08343059404195319,0.09843780949038382,0.09835746373408298,30.53873048753677,101.83742190074511,0.09282907948778416,0.09266534393378724,0.07505682228519743
0.5,11,32.0,smooth,standard_dml,0.09239479428585518,,,,,257.5987843023281,,,
0.5,11,32.0,smooth,oracle_state,-0.018504717762127254,,,,,1.018637001205579,,,
0.5,11,32.0,smooth,hard_fe,0.09009876473207612,,,,,90.88770340161113,,,
0.8,1,0.25,smooth,lin,0.023063913926258728,0.024402230949242647,0.026053782265880652,0.025960543755612367,0.29547185966013007,1.002834697173902,0.01950856969770906,0.018273803114187397,0.021569375028849008
0.8,1,0.25,smooth,gbm,-0.004682034906685617,0.024402230949242647,0.03239158978265438,0.025960543755612367,0.29547185966013007,1.1033487298274125,0.02424460974615715,0.018273803114187397,0.01960442522888443
0.8,1,0.25,filter,lin,0.036941021181715605,0.034600047173171014,0.042253822646286875,0.04221437639648814,0.2920022368630978,1.003945787465109,0.03160689746970987,0.02589403944323826,0.03019074723838841
0.8,1,0.25,smooth,standard_dml,0.21894124259528702,,,,,1.021748229393577,,,
0.8,1,0.25,smooth,oracle_state,-5.2514415709525863e-05,,,,,1.0003891408434802,,,
0.8,1,0.25,smooth,hard_fe,0.03093216738445559,,,,,1.0032913817908413,,,
0.8,1,0.5,smooth,lin,0.04205479537900447,0.024402230949242647,0.026053782265880652,0.025960543755612367,0.5445831351161742,1.0083654168096405,0.03882777082707147,0.03638139959507008,0.0395363919050673
0.8,1,0.5,smooth,gbm,0.016073690434888377,0.024402230949242647,0.03239158978265438,0.025960543755612367,0.5445831351161742,1.1080026067391937,0.04819708958534002,0.03638139959507008,0.035981079881959685
0.8,1,0.5,filter,lin,0.06778552149802519,0.034600047173171014,0.042253822646286875,0.04221437639648814,0.5375176269850483,1.0127767090535982,0.06271821290820151,0.05145498453669045,0.05509053007589266
0.8,1,0.5,smooth,standard_dml,0.38461613073394396,,,,,1.0744729188161926,,,
0.8,1,0.5,smooth,oracle_state,-5.2514415709525863e-05,,,,,1.0003891408434802,,,
0.8,1,0.5,smooth,hard_fe,0.058039781280270875,,,,,1.010677876709165,,,
0.8,1,1.0,smooth,lin,0.07866444967870789,0.024402230949242647,0.026053782265880652,0.025960543755612367,1.0428056860282613,1.0291970244308222,0.07617665676845393,0.07146284011885874,0.07417467573728531
0.8,1,1.0,smooth,gbm,0.06287153923609012,0.024402230949242647,0.03239158978265438,0.025960543755612367,1.0428056860282613,1.1248184598373865,0.09412588237804317,0.07146284011885874,0.06786904579070616
0.8,1,1.0,filter,lin,0.12595171123597315,0.034600047173171014,0.042253822646286875,0.04221437639648814,1.0285484072289484,1.046283735722934,0.12162245432404623,0.10032876163414575,0.10204064785186202
0.8,1,1.0,smooth,standard_dml,0.6218959978059366,,,,,1.2741249319983656,,,
0.8,1,1.0,smooth,oracle_state,-5.2514415709525863e-05,,,,,1.0003891408434802,,,
0.8,1,1.0,smooth,hard_fe,0.1096202495710128,,,,,1.0391384370946928,,,
0.8,1,2.0,smooth,lin,0.14241339174853818,0.024402230949242647,0.026053782265880652,0.025960543755612367,2.0392507878524375,1.1099409130720068,0.14156905613841764,0.13339303509757047,0.13449977769773022
0.8,1,2.0,smooth,gbm,0.13048618201873752,0.024402230949242647,0.03239158978265438,0.025960543755612367,2.0392507878524375,1.2298133136137586,0.17205676950711368,0.13339303509757047,0.12138981129349392
0.8,1,2.0,filter,lin,0.21929565385863725,0.034600047173171014,0.042253822646286875,0.04221437639648814,2.0106099677167495,1.1766785230310357,0.21686879369287038,0.18236142711591616,0.17736501100737562
0.8,1,2.0,smooth,standard_dml,0.7563020602036132,,,,,2.05023949571048,,,
0.8,1,2.0,smooth,oracle_state,-5.251441570941484e-05,,,,,1.0003891408434802,,,
0.8,1,2.0,smooth,hard_fe,0.19500424032652797,,,,,1.1508098400612683,,,
0.8,1,4.0,smooth,lin,0.21872779718387214,0.024402230949242647,0.026053782265880652,0.025960543755612367,4.0321409915007855,1.4277513839496598,0.22066066744321647,0.21060072925655404,0.20674447274353946
0.8,1,4.0,smooth,gbm,0.20864633790041953,0.024402230949242647,0.03239158978265438,0.025960543755612367,4.0321409915007855,1.624215527004697,0.256015231619942,0.21060072925655404,0.18173678442040753
0.8,1,4.0,filter,lin,0.3019288655238408,0.034600047173171014,0.042253822646286875,0.04221437639648814,3.974733088692355,1.6909910335249605,0.3025222964103301,0.26725049199613904,0.24398583370872
0.8,1,4.0,smooth,standard_dml,0.6002403674611099,,,,,5.109710772525781,,,
0.8,1,4.0,smooth,oracle_state,-5.2514415709525863e-05,,,,,1.00038914084348,,,
0.8,1,4.0,smooth,hard_fe,0.27958202986431946,,,,,1.5931537747765008,,,
0.8,1,8.0,smooth,lin,0.23086784106592373,0.024402230949242647,0.026053782265880652,0.025960543755612367,8.017921398797489,2.688663100086102,0.2344158782609962,0.22861527987209254,0.21831128976337566
0.8,1,8.0,smooth,gbm,0.2209103722174146,0.024402230949242647,0.03239158978265438,0.025960543755612367,8.017921398797489,3.1683951544493345,0.2529718629223299,0.22861527987209254,0.18525640916181974
0.8,1,8.0,filter,lin,0.2720073706485797,0.034600047173171014,0.042253822646286875,0.04221437639648814,7.902979330643554,3.733707798023695,0.27376478594237785,0.25833759090763114,0.21970931238400604
0.8,1,8.0,smooth,standard_dml,0.35346488253661845,,,,,17.257621923720674,,,
0.8,1,8.0,smooth,oracle_state,-5.2514415709525863e-05,,,,,1.0003891408434802,,,
0.8,1,8.0,smooth,hard_fe,0.2645994656019197,,,,,3.35384615933529,,,
0.8,1,16.0,smooth,lin,0.1604844313388627,0.024402230949242647,0.026053782265880652,0.025960543755612367,15.989482213390895,7.71164962988353,0.16305336828411554,0.1616271219634413,0.15178816068794806
0.8,1,16.0,smooth,gbm,0.14916351113771475,0.024402230949242647,0.03239158978265438,0.025960543755612367,15.989482213390895,9.390169167596428,0.16732188804111692,0.1616271219634413,0.12465559377025955
0.8,1,16.0,filter,lin,0.17057544507998879,0.034600047173171014,0.042253822646286875,0.04221437639648814,15.759471814545966,11.875508301064704,0.1716329999497105,0.16847916629827733,0.13774866415410503
0.8,1,16.0,smooth,standard_dml,0.18525821237794804,,,,,65.6693186163676,,,
0.8,1,16.0,smooth,oracle_state,-5.251441570941484e-05,,,,,1.0003891408434802,,,
0.8,1,16.0,smooth,hard_fe,0.17067163277618924,,,,,10.379248988966168,,,
0.8,1,32.0,smooth,lin,0.08901818813423934,0.024402230949242647,0.026053782265880652,0.025960543755612367,31.932603842577706,27.76227507957655,0.09036296460818496,0.09014254976568903,0.08420348529186243
0.8,1,32.0,smooth,gbm,0.0806591183274381,0.024402230949242647,0.03239158978265438,0.025960543755612367,31.932603842577706,34.28151502898799,0.09100628396803405,0.09014254976568903,0.06819069458730316
0.8,1,32.0,filter,lin,0.0911536960611592,0.034600047173171014,0.042253822646286875,0.04221437639648814,31.472456782350793,44.38457720332087,0.09163221330748741,0.0911766031750619,0.07360316744732545
0.8,1,32.0,smooth,standard_dml,0.09382827758257628,,,,,258.95620956269005,,,
0.8,1,32.0,smooth,oracle_state,-5.2514415709081774e-05,,,,,1.00038914084348,,,
0.8,1,32.0,smooth,hard_fe,0.09206332598784717,,,,,38.44612689028112,,,
0.8,0,0.25,smooth,lin,0.0037257225698772434,0.024094697785366062,0.026098370339369622,0.02605767270962022,0.28803384883779637,0.9787802127503327,0.019541902017278304,0.018043850768327853,0.02127164540913986
0.8,0,0.25,smooth,gbm,-0.022149024840063536,0.024094697785366062,0.03141429942863923,0.02605767270962022,0.28803384883779637,1.0632023218366207,0.023514556239564343,0.018043850768327853,0.019582599841525685
0.8,0,0.25,filter,lin,0.013863389531944437,0.03612150332458484,0.043518470712191545,0.04344884095998236,0.2914304008787123,0.9795046678101864,0.03255031927688593,0.02703010449285722,0.032241513104046146
0.8,0,0.25,smooth,standard_dml,0.20150508110130683,,,,,0.997007452705281,,,
0.8,0,0.25,smooth,oracle_state,-0.010550686279279686,,,,,0.9782382378914105,,,
0.8,0,0.25,smooth,hard_fe,0.017655453962698076,,,,,0.9808206661291918,,,
0.8,0,0.5,smooth,lin,0.023053718118486888,0.024094697785366062,0.026098370339369622,0.02605767270962022,0.5369309603993339,0.982898229208763,0.03889378937927399,0.03592564230453088,0.03948686294666374
0.8,0,0.5,smooth,gbm,-0.0051852754913033205,0.024094697785366062,0.03141429942863923,0.02605767270962022,0.5369309603993339,1.0680087893494445,0.046754261053880995,0.03592564230453088,0.0363401200948226
0.8,0,0.5,filter,lin,0.04580264188452121,0.03612150332458484,0.043518470712191545,0.04344884095998236,0.5371514191074195,0.9864965528484331,0.06457515309115414,0.05369734775550925,0.059004920133994165
0.8,0,0.5,smooth,standard_dml,0.3732698381538999,,,,,1.0477436228485648,,,
0.8,0,0.5,smooth,oracle_state,-0.010550686279279908,,,,,0.9782382378914105,,,
0.8,0,0.5,smooth,hard_fe,0.04241135587615741,,,,,0.9875960665036384,,,
0.8,0,1.0,smooth,lin,0.060629200438042874,0.024094697785366062,0.026098370339369622,0.02605767270962022,1.0347251835224098,1.0009211510028877,0.07630370857349057,0.07058340748410728,0.07472533844319162
0.8,0,1.0,smooth,gbm,0.033142468793062596,0.024094697785366062,0.03141429942863923,0.02605767270962022,1.0347251835224098,1.0828825413031455,0.0913724953572239,0.07058340748410728,0.06906951484657982
0.8,0,1.0,filter,lin,0.10660303125994863,0.03612150332458484,0.043518470712191545,0.04344884095998236,1.0285934555648328,1.0167997494419985,0.1251107822245559,0.10458668179942915,0.1096214134943118
0.8,0,1.0,smooth,standard_dml,0.6203409261602069,,,,,1.243621224744392,,,
0.8,0,1.0,smooth,oracle_state,-0.010550686279279686,,,,,0.9782382378914105,,,
0.8,0,1.0,smooth,hard_fe,0.08980012441636198,,,,,1.0136088014766425,,,
0.8,0,2.0,smooth,lin,0.127064753298878,0.024094697785366062,0.026098370339369622,0.02605767270962022,2.030313629768561,1.0761145501001916,0.14178843381413567,0.13185970750280862,0.13637895700107874
0.8,0,2.0,smooth,gbm,0.10250043885879978,0.024094697785366062,0.03141429942863923,0.02605767270962022,2.030313629768561,1.149829826694482,0.16744511291228062,0.13185970750280862,0.12763573926261026
0.8,0,2.0,filter,lin,0.2054929804349901,0.03612150332458484,0.043518470712191545,0.04344884095998236,2.01147752847966,1.1426838486974162,0.22239726825333292,0.18936799351781428,0.19075510426212092
0.8,0,2.0,smooth,standard_dml,0.7611660029612508,,,,,2.012997474973081,,,
0.8,0,2.0,smooth,oracle_state,-0.010550686279279908,,,,,0.9782382378914105,,,
0.8,0,2.0,smooth,hard_fe,0.1696988490696123,,,,,1.1154820083190953,,,
0.8,0,4.0,smooth,lin,0.2088354795240721,0.024094697785366062,0.026098370339369622,0.02605767270962022,4.0214905222608675,1.3830915703310165,0.22092706310004667,0.20868510198875515,0.21017393394437187
0.8,0,4.0,smooth,gbm,0.2032309804310184,0.024094697785366062,0.03141429942863923,0.02605767270962022,4.0214905222608675,1.4751479595437,0.25087473063015325,0.20868510198875515,0.19705806082780075
0.8,0,4.0,filter,lin,0.2945539953461098,0.03612150332458484,0.043518470712191545,0.04344884095998236,3.977245674309316,1.6555628714814015,0.3078600626370888,0.27469797742056146,0.2603297561004802
0.8,0,4.0,smooth,standard_dml,0.6032390727214438,,,,,5.062234161178599,,,
0.8,0,4.0,smooth,oracle_state,-0.010550686279279686,,,,,0.9782382378914105,,,
0.8,0,4.0,smooth,hard_fe,0.2540752828991062,,,,,1.518619369589777,,,
0.8,0,8.0,smooth,lin,0.22605849094598618,0.024094697785366062,0.026098370339369622,0.02605767270962022,8.003844307245473,2.6234064989375376,0.23456611480949388,0.22748188363208616,0.220534114460308
0.8,0,8.0,smooth,gbm,0.22786905561096393,0.024094697785366062,0.03141429942863923,0.02605767270962022,8.003844307245473,2.940674232304083,0.2504366014976703,0.22748188363208616,0.1967408095589356
0.8,0,8.0,filter,lin,0.26661133083157806,0.03612150332458484,0.043518470712191545,0.04344884095998236,7.908781965968627,3.7257642141419685,0.2759294698224029,0.2617677113708241,0.23002831982185126
0.8,0,8.0,smooth,standard_dml,0.35440841197718354,,,,,17.20264427658219,,,
0.8,0,8.0,smooth,oracle_state,-0.010550686279279908,,,,,0.9782382378914105,,,
0.8,0,8.0,smooth,hard_fe,0.2494633846837675,,,,,3.122457882474247,,,
0.8,0,16.0,smooth,lin,0.15788894571535672,0.024094697785366062,0.026098370339369622,0.02605767270962022,15.968551877214681,7.609479908730065,0.1630896969628049,0.16134296129494657,0.15168872360514818
0.8,0,16.0,smooth,gbm,0.141605308702085,0.024094697785366062,0.03141429942863923,0.02605767270962022,15.968551877214681,9.152692161396272,0.16676357639255393,0.16134296129494657,0.1261128719616191
0.8,0,16.0,filter,lin,0.16644781817149812,0.03612150332458484,0.043518470712191545,0.04344884095998236,15.771854549287252,12.043940087833493,0.17205611621953704,0.16920214878010278,0.14190616003954937
0.8,0,16.0,smooth,standard_dml,0.18556871019614718,,,,,65.65121147935962,,,
0.8,0,16.0,smooth,oracle_state,-0.010550686279279686,,,,,0.9782382378914106,,,
0.8,0,16.0,smooth,hard_fe,0.16439761736124203,,,,,9.52039006961561,,,
0.8,0,32.0,smooth,lin,0.08760774288268047,0.024094697785366062,0.026098370339369622,0.02605767270962022,31.897967017153107,27.603400938633055,0.09036854251243522,0.09009829947386255,0.08353012843829008
0.8,0,32.0,smooth,gbm,0.06933010878933676,0.024094697785366062,0.03141429942863923,0.02605767270962022,31.897967017153107,33.72817585897576,0.09092350113816973,0.09009829947386255,0.0683617055182081
0.8,0,32.0,filter,lin,0.08872610463248631,0.03612150332458484,0.043518470712191545,0.04344884095998236,31.497999715924482,45.39138458869809,0.09169240552786204,0.09128214265110479,0.0751963249259305
0.8,0,32.0,smooth,standard_dml,0.09395482920545217,,,,,259.21933377279544,,,
0.8,0,32.0,smooth,oracle_state,-0.010550686279279908,,,,,0.9782382378914103,,,
0.8,0,32.0,smooth,hard_fe,0.08944567386146329,,,,,35.07727508938803,,,
0.8,3,0.25,smooth,lin,-0.002802710351338056,0.022636864680327152,0.023088213239625364,0.022964421997843355,0.2672196139200307,0.9548763972413714,0.017291208485426375,0.016953662400146112,0.019004598682235346
0.8,3,0.25,smooth,gbm,-0.01693179701322256,0.022636864680327152,0.026242899272645982,0.022964421997843355,0.2672196139200307,1.0289524895182856,0.019649944984051395,0.016953662400146112,0.01763642433015223
0.8,3,0.25,filter,lin,0.012142154627048374,0.03410335180184179,0.03918425864942947,0.03904280864778055,0.2622954138172302,0.9559824190205622,0.029316397655297435,0.025523112371363933,0.028071079327745278
0.8,3,0.25,smooth,standard_dml,0.18575999723462688,,,,,0.9706095189878085,,,
0.8,3,0.25,smooth,oracle_state,-0.01505028406496356,,,,,0.9544103445502566,,,
0.8,3,0.25,smooth,hard_fe,0.009579361000574105,,,,,0.9564869098604358,,,
0.8,3,0.5,smooth,lin,0.014108842054634696,0.022636864680327152,0.023088213239625364,0.022964421997843355,0.5168584663333001,0.95843054460986,0.03443356747233745,0.03376421801194735,0.03662254472293863
0.8,3,0.5,smooth,gbm,-0.0034770984072423072,0.022636864680327152,0.026242899272645982,0.022964421997843355,0.5168584663333001,1.0385555482242024,0.039107773568336154,0.03376421801194735,0.03379709977364411
0.8,3,0.5,filter,lin,0.041608742383151265,0.03410335180184179,0.03918425864942947,0.03904280864778055,0.5091628957250267,0.9628707742630714,0.05820619631132856,0.05072257524578707,0.054101220500678254
0.8,3,0.5,smooth,standard_dml,0.36108010397533996,,,,,1.0189805505926344,,,
0.8,3,0.5,smooth,oracle_state,-0.015050284064963448,,,,,0.9544103445502566,,,
0.8,3,0.5,smooth,hard_fe,0.03125050599380286,,,,,0.9623284825791352,,,
0.8,3,1.0,smooth,lin,0.04713576745936798,0.022636864680327152,0.023088213239625364,0.022964421997843355,1.0161361711598391,0.9741969193116963,0.06770153230438311,0.0664073400700356,0.07083415030582163
0.8,3,1.0,smooth,gbm,0.038028035601811894,0.022636864680327152,0.026242899272645982,0.022964421997843355,1.0161361711598391,1.0564436390516594,0.07671546168430228,0.0664073400700356,0.06531953855289266
0.8,3,1.0,filter,lin,0.0978231470008406,0.03410335180184179,0.03918425864942947,0.03904280864778055,1.0028978595406202,0.9913415817416259,0.1131202430847685,0.0989360059874657,0.10350270528894862
0.8,3,1.0,smooth,standard_dml,0.6140890089525095,,,,,1.210247953488176,,,
0.8,3,1.0,smooth,oracle_state,-0.015050284064963448,,,,,0.9544103445502566,,,
0.8,3,1.0,smooth,hard_fe,0.07299970693272484,,,,,0.9848627104906458,,,
0.8,3,2.0,smooth,lin,0.1064186016139601,0.022636864680327152,0.023088213239625364,0.022964421997843355,2.0146915808129156,1.0403619885748068,0.12681733659830055,0.12454404161485673,0.13151086214693167
0.8,3,2.0,smooth,gbm,0.08672124274419724,0.022636864680327152,0.026242899272645982,0.022964421997843355,2.0146915808129156,1.1264034617260412,0.14249904345999925,0.12454404161485673,0.12146527129161609
0.8,3,2.0,filter,lin,0.19041502261091559,0.03410335180184179,0.03918425864942947,0.03904280864778055,1.9903677871718068,1.1070595846728792,0.20324891904091252,0.18005781128003948,0.18394189563255686
0.8,3,2.0,smooth,standard_dml,0.7578998070256409,,,,,1.9708841180228185,,,
0.8,3,2.0,smooth,oracle_state,-0.01505028406496356,,,,,0.9544103445502563,,,
0.8,3,2.0,smooth,hard_fe,0.14491048160417686,,,,,1.0733354962101158,,,
0.8,3,4.0,smooth,lin,0.1832662004253396,0.022636864680327152,0.023088213239625364,0.022964421997843355,4.011802400119069,1.3112214065387804,0.20231944650179984,0.1994159471809683,0.2077787037402698
0.8,3,4.0,smooth,gbm,0.17054017142144473,0.022636864680327152,0.026242899272645982,0.022964421997843355,4.011802400119069,1.4224931510368632,0.22178872468449207,0.1994159471809683,0.19152562103271656
0.8,3,4.0,filter,lin,0.2786284333183837,0.03410335180184179,0.03918425864942947,0.03904280864778055,3.965307642434179,1.573601142431963,0.28901419332162276,0.26476838923609375,0.25781046648861
0.8,3,4.0,smooth,standard_dml,0.5984136505937154,,,,,5.0045618820663424,,,
0.8,3,4.0,smooth,oracle_state,-0.015050284064963115,,,,,0.954410344550256,,,
0.8,3,4.0,smooth,hard_fe,0.22671794241816268,,,,,1.4238983872348503,,,
0.8,3,8.0,smooth,lin,0.20750646309488685,0.022636864680327152,0.023088213239625364,0.022964421997843355,8.006024038731379,2.4070573602177365,0.22364663742242483,0.22186122725710558,0.2258749032584102
0.8,3,8.0,smooth,gbm,0.19386411582170315,0.022636864680327152,0.026242899272645982,0.022964421997843355,8.006024038731379,2.629453338894888,0.23505089575086063,0.22186122725710558,0.206770677514715
0.8,3,8.0,filter,lin,0.25927499489581085,0.03410335180184179,0.03918425864942947,0.03904280864778055,7.915187352958925,3.447106465536437,0.26809516048232496,0.2571723466052421,0.2349226125513127
0.8,3,8.0,smooth,standard_dml,0.3502564225338354,,,,,17.12153915005034,,,
0.8,3,8.0,smooth,oracle_state,-0.015050284064963115,,,,,0.9544103445502554,,,
0.8,3,8.0,smooth,hard_fe,0.23316060936233685,,,,,2.819493447627495,,,
0.8,3,16.0,smooth,lin,0.14934779396181486,0.022636864680327152,0.023088213239625364,0.022964421997843355,15.994467315956005,6.815197738579683,0.16036769999838807,0.15990633272240481,0.15937817484691238
0.8,3,16.0,smooth,gbm,0.1308645621976079,0.022636864680327152,0.026242899272645982,0.022964421997843355,15.994467315956005,7.634400960674628,0.16320671502613446,0.15990633272240481,0.1422762286642659
0.8,3,16.0,filter,lin,0.16469308614459122,0.03410335180184179,0.03918425864942947,0.03904280864778055,15.814946774008419,10.955805942090613,0.1705027099248526,0.16823060910192145,0.14768681457454513
0.8,3,16.0,smooth,standard_dml,0.18307341131349486,,,,,65.55398064560615,,,
0.8,3,16.0,smooth,oracle_state,-0.015050284064963004,,,,,0.9544103445502541,,,
0.8,3,16.0,smooth,hard_fe,0.15813652141461665,,,,,8.388560681785494,,,
0.8,3,32.0,smooth,lin,0.08386801531152765,0.022636864680327152,0.023088213239625364,0.022964421997843355,31.971353870405245,24.497352379319725,0.08994557084738386,0.08987285274493004,0.08862972618488106
0.8,3,32.0,smooth,gbm,0.06675534175117792,0.022636864680327152,0.026242899272645982,0.022964421997843355,31.971353870405245,27.936875220150803,0.0903864972555407,0.08987285274493004,0.07771784125905301
0.8,3,32.0,filter,lin,0.08838476277781693,0.03410335180184179,0.03918425864942947,0.03904280864778055,31.614465616107406,41.01996021657988,0.09147034705081471,0.09114016653269894,0.07885131315882359
0.8,3,32.0,smooth,standard_dml,0.09262549311255697,,,,,259.212811475069,,,
0.8,3,32.0,smooth,oracle_state,-0.015050284064962227,,,,,0.9544103445502514,,,
0.8,3,32.0,smooth,hard_fe,0.08697715543226603,,,,,30.638203603592334,,,
0.8,2,0.25,smooth,lin,0.002272853110709905,0.022012129832294912,0.026689409876021548,0.026831218944078576,0.23826431937891243,1.0293538266174782,0.019983722796480908,0.016486416053556177,0.01528542954896209
0.8,2,0.25,smooth,gbm,-0.010947623646072269,0.022012129832294912,0.027994584844927162,0.026831218944078576,0.23826431937891243,1.1147479683060895,0.020959267010032884,0.016486416053556177,0.014114504663888028
0.8,2,0.25,filter,lin,0.011262118088509743,0.033032342395411446,0.0443102537474363,0.04457218908218401,0.24036099145524517,1.029773504292015,0.03314091017686735,0.024723215189729673,0.02313038702731688
0.8,2,0.25,smooth,standard_dml,0.15623492945470718,,,,,1.0415619923184816,,,
0.8,2,0.25,smooth,oracle_state,-0.00517107966133179,,,,,1.0297334963133045,,,
0.8,2,0.25,smooth,hard_fe,0.009887114450021217,,,,,1.030349170204091,,,
0.8,2,0.5,smooth,lin,0.02244275582488453,0.022012129832294912,0.026689409876021548,0.026831218944078576,0.4849976543418563,1.032158188952142,0.039768763605996564,0.03283748898073971,0.031029637075019424
0.8,2,0.5,smooth,gbm,0.0022703161309938213,0.022012129832294912,0.027994584844927162,0.026831218944078576,0.4849976543418563,1.1235588982656715,0.04170003348602554,0.03283748898073971,0.02850539838777657
0.8,2,0.5,filter,lin,0.04436231067221641,0.033032342395411446,0.0443102537474363,0.04457218908218401,0.4829720037234924,1.0351830069116887,0.06573717291799558,0.04914268906029941,0.04623442373340662
0.8,2,0.5,smooth,standard_dml,0.3211575686379817,,,,,1.085466450240609,,,
0.8,2,0.5,smooth,oracle_state,-0.005171079661332234,,,,,1.0297334963133045,,,
0.8,2,0.5,smooth,hard_fe,0.03539769003980764,,,,,1.0348883346466036,,,
0.8,2,1.0,smooth,lin,0.061858944111541136,0.022012129832294912,0.026689409876021548,0.026831218944078576,0.9784643242677433,1.0477754423249777,0.07798680775107375,0.06461409563477573,0.061668033641611254
0.8,2,1.0,smooth,gbm,0.04194124188876902,0.022012129832294912,0.027994584844927162,0.026831218944078576,0.9784643242677433,1.1357309045354622,0.08169668962551045,0.06461409563477573,0.05689221889456237
0.8,2,1.0,filter,lin,0.10782278327712747,0.033032342395411446,0.0443102537474363,0.04457218908218401,0.9681940282599866,1.0626183573063244,0.12729048744402913,0.09592829103147595,0.09029125958565687
0.8,2,1.0,smooth,standard_dml,0.5686284008641973,,,,,1.2668388847833836,,,
0.8,2,1.0,smooth,oracle_state,-0.005171079661331901,,,,,1.0297334963133045,,,
0.8,2,1.0,smooth,hard_fe,0.0847196724480559,,,,,1.0567039102187712,,,
0.8,2,2.0,smooth,lin,0.132357521879787,0.022012129832294912,0.026689409876021548,0.026831218944078576,1.9653976641195179,1.119044063884681,0.14468972568184207,0.1213850087082486,0.1159809250169426
0.8,2,2.0,smooth,gbm,0.11152364385036484,0.022012129832294912,0.027994584844927162,0.026831218944078576,1.9653976641195179,1.2115400863090167,0.15105286058293163,0.1213850087082486,0.10712626608952344
0.8,2,2.0,filter,lin,0.21274229648649468,0.033032342395411446,0.0443102537474363,0.04457218908218401,1.938638077332974,1.1839544387167504,0.2258344035753237,0.17506307997795964,0.16226407365976017
0.8,2,2.0,smooth,standard_dml,0.7305332570764191,,,,,2.0038378286630096,,,
0.8,2,2.0,smooth,oracle_state,-0.005171079661332123,,,,,1.0297334963133045,,,
0.8,2,2.0,smooth,hard_fe,0.16964146665109725,,,,,1.1512840481116788,,,
0.8,2,4.0,smooth,lin,0.22136118709522634,0.022012129832294912,0.026689409876021548,0.026831218944078576,3.939264343823069,1.4217177662602174,0.22443311862743606,0.1953458918498644,0.18297217683659284
0.8,2,4.0,smooth,gbm,0.1977772238269484,0.022012129832294912,0.027994584844927162,0.026831218944078576,3.939264343823069,1.5176718997345833,0.23201320465389524,0.1953458918498644,0.17140384201973016
0.8,2,4.0,filter,lin,0.3110702010366102,0.033032342395411446,0.0443102537474363,0.04457218908218401,3.879526175478952,1.69248812402222,0.3111376402977124,0.2593284763605726,0.22715049247583266
0.8,2,4.0,smooth,standard_dml,0.5931612396131578,,,,,4.9748520155985725,,,
0.8,2,4.0,smooth,oracle_state,-0.005171079661331901,,,,,1.0297334963133045,,,
0.8,2,4.0,smooth,hard_fe,0.26347540129195157,,,,,1.5442402708917806,,,
0.8,2,8.0,smooth,lin,0.24288083872398825,0.022012129832294912,0.026689409876021548,0.026831218944078576,7.886997703230165,2.6676110080358075,0.2365276683009976,0.21931929251490623,0.19524167906138412
0.8,2,8.0,smooth,gbm,0.22366432875260012,0.022012129832294912,0.027994584844927162,0.026831218944078576,7.886997703230165,2.8096448261140528,0.240671004874742,0.21931929251490623,0.1853717763365441
0.8,2,8.0,filter,lin,0.28510284621074944,0.033032342395411446,0.0443102537474363,0.04457218908218401,7.761302371770904,3.7730015845716305,0.2772382548893333,0.2545788115104174,0.20384883888759062
0.8,2,8.0,smooth,standard_dml,0.35048487934717865,,,,,16.904945586174936,,,
0.8,2,8.0,smooth,oracle_state,-0.005171079661331679,,,,,1.0297334963133047,,,
0.8,2,8.0,smooth,hard_fe,0.263881764357196,,,,,3.1453365044291313,,,
0.8,2,16.0,smooth,lin,0.17021236446828136,0.022012129832294912,0.026689409876021548,0.026831218944078576,15.782464422044365,7.721580839685056,0.16356124927627352,0.1592412168608091,0.13497455889322232
0.8,2,16.0,smooth,gbm,0.1499961828403502,0.022012129832294912,0.027994584844927162,0.026831218944078576,15.782464422044365,8.14530961959937,0.16454066747593385,0.1592412168608091,0.12795302038452278
0.8,2,16.0,filter,lin,0.17838436260713664,0.033032342395411446,0.0443102537474363,0.04457218908218401,15.524854764354805,12.187812865424336,0.1723097265858074,0.16767190619610664,0.12622994557211262
0.8,2,16.0,smooth,standard_dml,0.18345925292709442,,,,,64.71739351414863,,,
0.8,2,16.0,smooth,oracle_state,-0.00517107966133179,,,,,1.0297334963133047,,,
0.8,2,16.0,smooth,hard_fe,0.17445942026554384,,,,,9.608264123412427,,,
0.8,2,32.0,smooth,lin,0.09427589081175358,0.022012129832294912,0.026689409876021548,0.026831218944078576,31.573397859672742,28.07825389537583,0.09044078197828499,0.08976748837856317,0.07425651205272528
0.8,2,32.0,smooth,gbm,0.08545868906220377,0.022012129832294912,0.027994584844927162,0.026831218944078576,31.573397859672742,29.1521299315593,0.09058986508076523,0.08976748837856317,0.07152112739948717
0.8,2,32.0,filter,lin,0.09495360427480959,0.033032342395411446,0.0443102537474363,0.04457218908218401,31.05195954952262,46.03257286614529,0.09172837997984275,0.09105797758244334,0.06684737975895305
0.8,2,32.0,smooth,standard_dml,0.09279342072752406,,,,,256.15133251737984,,,
0.8,2,32.0,smooth,oracle_state,-0.005171079661331679,,,,,1.0297334963133054,,,
0.8,2,32.0,smooth,hard_fe,0.09468918107760027,,,,,35.57705996901338,,,
0.8,5,0.25,smooth,lin,0.020864205363755772,0.02155513482208782,0.02371222345918689,0.023741115776326774,0.19878656582732243,1.043213434630566,0.01775785021236577,0.016144601175629023,0.012322132034501191
0.8,5,0.25,smooth,gbm,0.021195328700874372,0.02155513482208782,0.02546640711115527,0.023741115776326774,0.19878656582732243,1.1070252848352133,0.019069453429340272,0.016144601175629023,0.011611851922241134
0.8,5,0.25,filter,lin,0.03475162459973635,0.034846225451509893,0.0376413157058823,0.03761852612502059,0.18914502375018458,1.0442574057576317,0.028164726943246676,0.02607787437053169,0.01893495828985254
0.8,5,0.25,smooth,standard_dml,0.1458485316674376,,,,,1.0506205514719622,,,
0.8,5,0.25,smooth,oracle_state,0.009009092550051001,,,,,1.0426963183770344,,,
0.8,5,0.25,smooth,hard_fe,0.016803319968652808,,,,,1.0423428049115722,,,
0.8,5,0.5,smooth,lin,0.03653108648074266,0.02155513482208782,0.02371222345918689,0.023741115776326774,0.44763931451149974,1.0469369518769012,0.035358726681703125,0.03215940217073475,0.02764901675883403
0.8,5,0.5,smooth,gbm,0.03514597573250122,0.02155513482208782,0.02546640711115527,0.023741115776326774,0.44763931451149974,1.113254171585121,0.03795794753050398,0.03215940217073475,0.02600194822236401
0.8,5,0.5,filter,lin,0.06028328793401494,0.034846225451509893,0.0376413157058823,0.03761852612502059,0.43760938062284344,1.0512454155123867,0.05593560115327129,0.05181792341681202,0.04351705580408174
0.8,5,0.5,smooth,standard_dml,0.30694668804551406,,,,,1.0908982244595722,,,
0.8,5,0.5,smooth,oracle_state,0.009009092550051001,,,,,1.0426963183770344,,,
0.8,5,0.5,smooth,hard_fe,0.038720143587685385,,,,,1.045768270831495,,,
0.8,5,1.0,smooth,lin,0.06696811515640477,0.02155513482208782,0.02371222345918689,0.023741115776326774,0.9453448118798549,1.0632760701667663,0.06948893326406269,0.06330094408220607,0.05749316319204536
0.8,5,1.0,smooth,gbm,0.063759466520384,0.02155513482208782,0.02546640711115527,0.023741115776326774,0.9453448118798549,1.1307409262052373,0.07450192498132659,0.06330094408220607,0.054062874353942726
0.8,5,1.0,filter,lin,0.10889862509396764,0.034846225451509893,0.0376413157058823,0.03761852612502059,0.9345380943681605,1.079336928411602,0.10882753549652892,0.10101856080976554,0.09051425260868701
0.8,5,1.0,smooth,standard_dml,0.5518295778203572,,,,,1.2650279896040755,,,
0.8,5,1.0,smooth,oracle_state,0.009009092550051223,,,,,1.0426963183770344,,,
0.8,5,1.0,smooth,hard_fe,0.08120294970918174,,,,,1.0645826757749344,,,
0.8,5,2.0,smooth,lin,0.12118652264669194,0.02155513482208782,0.02371222345918689,0.023741115776326774,1.940755806616563,1.1315226419352769,0.12994792391536697,0.11906496356371549,0.11091228275420408
0.8,5,2.0,smooth,gbm,0.11795795733215941,0.02155513482208782,0.02546640711115527,0.023741115776326774,1.940755806616563,1.207815123797398,0.13867248303463267,0.11906496356371549,0.10390643131751437
0.8,5,2.0,filter,lin,0.1894910125265059,0.034846225451509893,0.0376413157058823,0.03761852612502059,1.928395521858794,1.1919819277688564,0.19629298878801085,0.18350019591943928,0.16912329847186458
0.8,5,2.0,smooth,standard_dml,0.7167211713869988,,,,,1.987585196570215,,,
0.8,5,2.0,smooth,oracle_state,0.009009092550051223,,,,,1.0426963183770344,,,
0.8,5,2.0,smooth,hard_fe,0.1550843705363305,,,,,1.150065378076185,,,
0.8,5,4.0,smooth,lin,0.1907159951774835,0.02155513482208782,0.02371222345918689,0.023741115776326774,3.931577796089985,1.4102891262274198,0.206283597392767,0.19233032164880556,0.180273011857387
0.8,5,4.0,smooth,gbm,0.18719603212041136,0.02155513482208782,0.02546640711115527,0.023741115776326774,3.931577796089985,1.5015784074242304,0.21712612758222277,0.19233032164880556,0.16931321542566094
0.8,5,4.0,filter,lin,0.2693248335296434,0.034846225451509893,0.0376413157058823,0.03761852612502059,3.916110376840065,1.643119820718659,0.2819114825925283,0.26847131429508403,0.2491510297003442
0.8,5,4.0,smooth,standard_dml,0.583678999518056,,,,,4.929890317211025,,,
0.8,5,4.0,smooth,oracle_state,0.009009092550051223,,,,,1.0426963183770344,,,
0.8,5,4.0,smooth,hard_fe,0.23946435401153132,,,,,1.5124463523361769,,,
0.8,5,8.0,smooth,lin,0.2099571321545799,0.02155513482208782,0.02371222345918689,0.023741115776326774,7.913221775036825,2.536915457832191,0.22604757060245467,0.21740576243098814,0.20170624335714374
0.8,5,8.0,smooth,gbm,0.20177660292744903,0.02155513482208782,0.02546640711115527,0.023741115776326774,7.913221775036825,2.7257648450204037,0.23240631893792388,0.21740576243098814,0.18773141331279045
0.8,5,8.0,filter,lin,0.253961507371568,0.034846225451509893,0.0376413157058823,0.03761852612502059,7.891540086802607,3.448787183559439,0.264998492999715,0.25890662307913687,0.2392061647079119
0.8,5,8.0,smooth,standard_dml,0.3441790699219853,,,,,16.80326338532677,,,
0.8,5,8.0,smooth,oracle_state,0.009009092550051001,,,,,1.0426963183770344,,,
0.8,5,8.0,smooth,hard_fe,0.2430396570316362,,,,,3.0028705794861223,,,
0.8,5,16.0,smooth,lin,0.15000281011206962,0.02155513482208782,0.02371222345918689,0.023741115776326774,15.8765097329305,7.0665415731236765,0.16098072564248223,0.15873401259916461,0.14528477795945335
0.8,5,16.0,smooth,gbm,0.14091521719224698,0.02155513482208782,0.02546640711115527,0.023741115776326774,15.8765097329305,7.602451132809202,0.1625645005581794,0.15873401259916461,0.13504340974476678
0.8,5,16.0,filter,lin,0.1632530007834263,0.034846225451509893,0.0376413157058823,0.03761852612502059,15.842399506727679,10.673688217005699,0.169871485246937,0.16859999770423795,0.1551613126636338
0.8,5,16.0,smooth,standard_dml,0.17975407891541528,,,,,64.50506082889474,,,
0.8,5,16.0,smooth,oracle_state,0.009009092550051223,,,,,1.0426963183770341,,,
0.8,5,16.0,smooth,hard_fe,0.16195404672336977,,,,,9.046368148305861,,,
0.8,5,32.0,smooth,lin,0.08381325303938003,0.02155513482208782,0.02371222345918689,0.023741115776326774,31.803085648717857,25.23128761203441,0.09004172797211066,0.08968671381848137,0.08150830145381305
0.8,5,32.0,smooth,gbm,0.06933058771331346,0.02155513482208782,0.02546640711115527,0.023741115776326774,31.803085648717857,27.00872815504744,0.09028772871499358,0.08968671381848137,0.07614425177459627
0.8,5,32.0,filter,lin,0.08782247663751575,0.034846225451509893,0.0376413157058823,0.03761852612502059,31.74411834657782,39.577755514957026,0.09137926554672662,0.09119428785110398,0.08384730439649819
0.8,5,32.0,smooth,standard_dml,0.0907933510945016,,,,,255.7288609453767,,,
0.8,5,32.0,smooth,oracle_state,0.009009092550051001,,,,,1.0426963183770344,,,
0.8,5,32.0,smooth,hard_fe,0.0879360788928174,,,,,33.38395974402472,,,
0.8,4,0.25,smooth,lin,0.014006468768035685,0.02386521538736569,0.026917268496608804,0.02684703029757467,0.2658449672765875,1.0392423460791291,0.020154045631359592,0.017872253716499146,0.01831463304292608
0.8,4,0.25,smooth,gbm,-0.004169219438014626,0.02386521538736569,0.028745957955859568,0.02684703029757467,0.2658449672765875,1.136147869642175,0.021520803709481607,0.017872253716499146,0.01675252202611911
0.8,4,0.25,filter,lin,0.023682516886335048,0.038587826185892404,0.039778960712964946,0.03969393465008515,0.26727198874899194,1.040171430019243,0.029760231093256997,0.028871239740614174,0.029745419116192492
0.8,4,0.25,smooth,standard_dml,0.1869300422131892,,,,,1.0551752250555297,,,
0.8,4,0.25,smooth,oracle_state,-0.005624406094895229,,,,,1.037257225473213,,,
0.8,4,0.25,smooth,hard_fe,0.015710331530562893,,,,,1.0388791585516053,,,
0.8,4,0.5,smooth,lin,0.032344942504212604,0.02386521538736569,0.026917268496608804,0.02684703029757467,0.514269644030769,1.0444945505969823,0.04010601664035374,0.03558550912108758,0.03525099048615461
0.8,4,0.5,smooth,gbm,0.020887652493821296,0.02386521538736569,0.028745957955859568,0.02684703029757467,0.514269644030769,1.1386091580029225,0.042811274162014835,0.03558550912108758,0.03233723109211111
0.8,4,0.5,filter,lin,0.050891301731964766,0.038587826185892404,0.039778960712964946,0.03969393465008515,0.5166673519463557,1.0479315096601058,0.05908089690027671,0.057328691879411774,0.057075495265805534
0.8,4,0.5,smooth,standard_dml,0.34753474154994124,,,,,1.1049241880560032,,,
0.8,4,0.5,smooth,oracle_state,-0.005624406094895229,,,,,1.037257225473213,,,
0.8,4,0.5,smooth,hard_fe,0.039490805963882325,,,,,1.0447896087580468,,,
0.8,4,1.0,smooth,lin,0.06782517772299657,0.02386521538736569,0.026917268496608804,0.02684703029757467,1.011118997539133,1.0650929353189176,0.0786351617283112,0.06992682736566044,0.06796751304515042
0.8,4,1.0,smooth,gbm,0.0515701286900796,0.02386521538736569,0.028745957955859568,0.02684703029757467,1.011118997539133,1.1610748636980024,0.083828153297375,0.06992682736566044,0.06234888054076011
0.8,4,1.0,filter,lin,0.10267734302045262,0.038587826185892404,0.039778960712964946,0.03969393465008515,1.0154580783410843,1.0783687792091934,0.1147713953137375,0.11146238732915517,0.1090099803932232
0.8,4,1.0,smooth,standard_dml,0.5833912702913935,,,,,1.2984608550668206,,,
0.8,4,1.0,smooth,oracle_state,-0.005624406094895229,,,,,1.037257225473213,,,
0.8,4,1.0,smooth,hard_fe,0.08522880233915675,,,,,1.0693154970416259,,,
0.8,4,2.0,smooth,lin,0.1300746438560063,0.02386521538736569,0.026917268496608804,0.02684703029757467,2.0048177045558595,1.146665607507701,0.14580492926322383,0.13071328912806504,0.12517705079414354
0.8,4,2.0,smooth,gbm,0.11099954844515714,0.02386521538736569,0.028745957955859568,0.02684703029757467,2.0048177045558595,1.2611462998706677,0.15468901235374108,0.13071328912806504,0.11381409041092917
0.8,4,2.0,filter,lin,0.18809634993350444,0.038587826185892404,0.039778960712964946,0.03969393465008515,2.013039531130541,1.198911759376816,0.2059101907282733,0.2005688876202088,0.19437331961688098
0.8,4,2.0,smooth,standard_dml,0.7297574886320581,,,,,2.061689153127939,,,
0.8,4,2.0,smooth,oracle_state,-0.005624406094895229,,,,,1.037257225473213,,,
0.8,4,2.0,smooth,hard_fe,0.16326749547458896,,,,,1.169187225091565,,,
0.8,4,4.0,smooth,lin,0.20592206041005223,0.02386521538736569,0.026917268496608804,0.02684703029757467,3.992215118589312,1.471314562864921,0.2257724006993374,0.20724676549747467,0.19426520218554783
0.8,4,4.0,smooth,gbm,0.17955860494491493,0.02386521538736569,0.028745957955859568,0.02684703029757467,3.992215118589312,1.6118886389585736,0.23627861386828897,0.20724676549747467,0.17732318109653272
0.8,4,4.0,filter,lin,0.271098127145728,0.038587826185892404,0.039778960712964946,0.03969393465008515,4.008202436709454,1.6786714839898504,0.29169460001114295,0.28629431190061766,0.2764111151361227
0.8,4,4.0,smooth,standard_dml,0.5887916454810693,,,,,5.092765605408113,,,
0.8,4,4.0,smooth,oracle_state,-0.005624406094895229,,,,,1.037257225473213,,,
0.8,4,4.0,smooth,hard_fe,0.24831144103874858,,,,,1.5722104871225693,,,
0.8,4,8.0,smooth,lin,0.2207106906935652,0.02386521538736569,0.026917268496608804,0.02684703029757467,7.9670099466562165,2.7666269174979714,0.23726933336977382,0.22662463809010724,0.20617280252104128
0.8,4,8.0,smooth,gbm,0.2003694483008025,0.02386521538736569,0.028745957955859568,0.02684703029757467,7.9670099466562165,3.0061857298486685,0.24294571787634303,0.22662463809010724,0.1897431750297812
0.8,4,8.0,filter,lin,0.25445623295780284,0.038587826185892404,0.039778960712964946,0.03969393465008515,7.998528247867286,3.592885990327078,0.26924266921355927,0.2669190270599698,0.2577141205726563
0.8,4,8.0,smooth,standard_dml,0.3486012114735919,,,,,17.173397934600203,,,
0.8,4,8.0,smooth,oracle_state,-0.005624406094895451,,,,,1.0372572254732133,,,
0.8,4,8.0,smooth,hard_fe,0.24735817934053017,,,,,3.1913762349090824,,,
0.8,4,16.0,smooth,lin,0.1543725472511881,0.02386521538736569,0.026917268496608804,0.02684703029757467,15.916599602790036,7.941309402438521,0.16373821319812723,0.16112681929873218,0.1434976495079273
0.8,4,16.0,smooth,gbm,0.13860806953541083,0.02386521538736569,0.028745957955859568,0.02684703029757467,15.916599602790036,8.595931596634193,0.165068993925614,0.16112681929873218,0.1325696023117883
0.8,4,16.0,filter,lin,0.16303485647563587,0.038587826185892404,0.039778960712964946,0.03969393465008515,15.979179870182934,11.240095231446166,0.17073409998380457,0.17026414171716583,0.16457204393571592
0.8,4,16.0,smooth,standard_dml,0.1828941438619851,,,,,65.40858029151134,,,
0.8,4,16.0,smooth,oracle_state,-0.005624406094894896,,,,,1.0372572254732133,,,
0.8,4,16.0,smooth,hard_fe,0.16395507865701675,,,,,9.682184625380124,,,
0.8,4,32.0,smooth,lin,0.08581130815315463,0.02386521538736569,0.026917268496608804,0.02684703029757467,31.815778915057667,28.626905475017402,0.090467814258424,0.09006456593847242,0.07957099140743198
0.8,4,32.0,smooth,gbm,0.08207902901235897,0.02386521538736569,0.028745957955859568,0.02684703029757467,31.815778915057667,30.88043214442587,0.09066975199374616,0.09006456593847242,0.0737642283929355
0.8,4,32.0,filter,lin,0.08775770231182145,0.038587826185892404,0.039778960712964946,0.03969393465008515,31.940483114814253,41.809634627462884,0.09150361160506766,0.09143598132270282,0.08843754472216557
0.8,4,32.0,smooth,standard_dml,0.0926318962715924,,,,,258.17461579944154,,,
0.8,4,32.0,smooth,oracle_state,-0.005624406094894563,,,,,1.037257225473214,,,
0.8,4,32.0,smooth,hard_fe,0.08923950118613622,,,,,35.673708985914274,,,
0.8,6,0.25,smooth,lin,0.007501893785714753,0.026631402392631325,0.02658961393693762,0.026590115291947568,0.24888938600590826,0.9971475633968355,0.01990912445688253,0.019940361807027393,0.01994170261239588
0.8,6,0.25,smooth,gbm,-0.009184149733040936,0.026631402392631325,0.030759982854434837,0.026590115291947568,0.24888938600590826,1.0634544227115743,0.023025720218380605,0.019940361807027393,0.018698328527547943
0.8,6,0.25,filter,lin,0.03185341932732366,0.03797320568484678,0.04473184272218158,0.0447482797656409,0.22649519239812557,1.0001743585714074,0.033455349576918036,0.028412472222901636,0.025797747524285042
0.8,6,0.25,smooth,standard_dml,0.16923857322527192,,,,,1.010500325267761,,,
0.8,6,0.25,smooth,oracle_state,-0.014615111151776605,,,,,0.9951413095591413,,,
0.8,6,0.25,smooth,hard_fe,0.010611816459682233,,,,,0.9972722092577768,,,
0.8,6,0.5,smooth,lin,0.027558860557808762,0.026631402392631325,0.02658961393693762,0.026590115291947568,0.4989968547392778,1.0024819827509988,0.039621043840531875,0.03968290076435638,0.03976825397325836
0.8,6,0.5,smooth,gbm,0.002989441330532472,0.026631402392631325,0.030759982854434837,0.026590115291947568,0.4989968547392778,1.0752880380754068,0.04578786578999193,0.03968290076435638,0.03707560828539745
0.8,6,0.5,filter,lin,0.06451031249004258,0.03797320568484678,0.04473184272218158,0.0447482797656409,0.47260449565109325,1.0108151338479894,0.06635571077870447,0.05642415699745555,0.05326287800804062
0.8,6,0.5,smooth,standard_dml,0.3371226753047778,,,,,1.0577644902791241,,,
0.8,6,0.5,smooth,oracle_state,-0.014615111151776605,,,,,0.9951413095591413,,,
0.8,6,0.5,smooth,hard_fe,0.0345445964310076,,,,,1.0035928054462642,,,
0.8,6,1.0,smooth,lin,0.06638582512301494,0.026631402392631325,0.02658961393693762,0.026590115291947568,0.9992117922060173,1.023121926685677,0.07770275553918955,0.07782170601025384,0.07802709712195231
0.8,6,1.0,smooth,gbm,0.04695991794425769,0.026631402392631325,0.030759982854434837,0.026590115291947568,0.9992117922060173,1.0972335998580427,0.08952612644871798,0.07782170601025384,0.07275682584950977
0.8,6,1.0,filter,lin,0.12576002025177657,0.03797320568484678,0.04473184272218158,0.0447482797656409,0.9648231021570296,1.0488711254219711,0.12844973483040512,0.10975198245062315,0.10479102309054764
0.8,6,1.0,smooth,standard_dml,0.5836931895097501,,,,,1.24681584591239,,,
0.8,6,1.0,smooth,oracle_state,-0.014615111151776716,,,,,0.9951413095591413,,,
0.8,6,1.0,smooth,hard_fe,0.08054832543099821,,,,,1.0284557202446727,,,
0.8,6,2.0,smooth,lin,0.1344831193180711,0.026631402392631325,0.02658961393693762,0.026590115291947568,1.9996416671394943,1.1042862354604395,0.14420071794344408,0.1444055275121978,0.1446724413524716
0.8,6,2.0,smooth,gbm,0.12114197543868777,0.026631402392631325,0.030759982854434837,0.026590115291947568,1.9996416671394943,1.1847851990287275,0.1643395679560729,0.1444055275121978,0.13484282700945385
0.8,6,2.0,filter,lin,0.22255382810130553,0.03797320568484678,0.04473184272218158,0.0447482797656409,1.949260315168902,1.1920808726532073,0.22765698970137976,0.19779551500915005,0.1862784595724773
0.8,6,2.0,smooth,standard_dml,0.7339356667044477,,,,,2.0030106596210797,,,
0.8,6,2.0,smooth,oracle_state,-0.014615111151776827,,,,,0.9951413095591413,,,
0.8,6,2.0,smooth,hard_fe,0.15898213006627526,,,,,1.1270684395272244,,,
0.8,6,4.0,smooth,lin,0.2171450655738898,0.026631402392631325,0.02658961393693762,0.026590115291947568,4.000501417006453,1.4261525366315904,0.2238443918594077,0.2240910751800843,0.22411129301825639
0.8,6,4.0,smooth,gbm,0.20151943505698644,0.026631402392631325,0.030759982854434837,0.026590115291947568,4.000501417006453,1.5328473991623717,0.24737284347172783,0.2240910751800843,0.2085118774383069
0.8,6,4.0,filter,lin,0.3045949907100287,0.03797320568484678,0.04473184272218158,0.0447482797656409,3.918134741192645,1.7468914234487687,0.31286305625237926,0.28345770466374587,0.2555123937832115
0.8,6,4.0,smooth,standard_dml,0.5876815808706464,,,,,5.027768696807093,,,
0.8,6,4.0,smooth,oracle_state,-0.014615111151776605,,,,,0.9951413095591413,,,
0.8,6,4.0,smooth,hard_fe,0.24467713712464256,,,,,1.519841436835266,,,
0.8,6,8.0,smooth,lin,0.23339064645352137,0.026631402392631325,0.02658961393693762,0.026590115291947568,8.002220916740367,2.708035873460395,0.236200317767846,0.23633758038470024,0.2360866420090582
0.8,6,8.0,smooth,gbm,0.21948779475458102,0.026631402392631325,0.030759982854434837,0.026590115291947568,8.002220916740367,2.953068123751615,0.24867948332787218,0.23633758038470024,0.21649723914703234
0.8,6,8.0,filter,lin,0.27115979538029356,0.03797320568484678,0.04473184272218158,0.0447482797656409,7.855883593240129,3.9300767503722502,0.2779211148937942,0.2656796426273547,0.22771546394919506
0.8,6,8.0,smooth,standard_dml,0.34589261425312956,,,,,17.126758410253657,,,
0.8,6,8.0,smooth,oracle_state,-0.014615111151776383,,,,,0.995141309559141,,,
0.8,6,8.0,smooth,hard_fe,0.24525500384545706,,,,,3.087577666423103,,,
0.8,6,16.0,smooth,lin,0.1631723662130511,0.026631402392631325,0.02658961393693762,0.026590115291947568,16.005659916208185,7.824405485064017,0.16348291110838586,0.16351577666865014,0.16343216258480847
0.8,6,16.0,smooth,gbm,0.15726902003602072,0.026631402392631325,0.030759982854434837,0.026590115291947568,16.005659916208185,8.735605375864978,0.1663721815238629,0.16351577666865014,0.14638476148401222
0.8,6,16.0,filter,lin,0.16939859890489362,0.03797320568484678,0.04473184272218158,0.0447482797656409,15.731381297335108,12.590704305548643,0.17244139399783706,0.17001118924487332,0.14233619419857244
0.8,6,16.0,smooth,standard_dml,0.18104589475890642,,,,,65.52263239344491,,,
0.8,6,16.0,smooth,oracle_state,-0.014615111151776827,,,,,0.9951413095591413,,,
0.8,6,16.0,smooth,hard_fe,0.16338981865213187,,,,,9.351811065485789,,,
0.8,6,32.0,smooth,lin,0.09077968196502884,0.026631402392631325,0.02658961393693762,0.026590115291947568,32.012537915143845,28.26755646005531,0.09042880184310498,0.09043382893374963,0.09047886187463139
0.8,6,32.0,smooth,gbm,0.08437374729476743,0.026631402392631325,0.030759982854434837,0.026590115291947568,32.012537915143845,32.04161359523394,0.09086522683541842,0.09043382893374963,0.07982170838185015
0.8,6,32.0,filter,lin,0.0906196047265746,0.03797320568484678,0.04473184272218158,0.0447482797656409,31.48237670552506,47.08898702121916,0.09174702628149076,0.0913994665143959,0.07616346252349984
0.8,6,32.0,smooth,standard_dml,0.09162186958233076,,,,,259.10595858502,,,
0.8,6,32.0,smooth,oracle_state,-0.01461511115177716,,,,,0.9951413095591417,,,
0.8,6,32.0,smooth,hard_fe,0.08924133435652815,,,,,34.39532162315921,,,
0.8,7,0.25,smooth,lin,0.01395262779773021,0.020333547214447634,0.02300818330192969,0.02296330490256165,0.22493692453254127,1.0360584463616342,0.017231358585392643,0.015230804393320375,0.01324374775762006
0.8,7,0.25,smooth,gbm,0.007471767309114252,0.020333547214447634,0.026593772258741284,0.02296330490256165,0.22493692453254127,1.1177171821723233,0.019912232857445093,0.015230804393320375,0.012276179470639779
0.8,7,0.25,filter,lin,0.027894478000386247,0.03372266792421556,0.03799243931023274,0.03796625613369802,0.2165978225287831,1.0374850220058793,0.02842682919623578,0.025238805951168237,0.02112104643628755
0.8,7,0.25,smooth,standard_dml,0.16060656624144798,,,,,1.0460837238737155,,,
0.8,7,0.25,smooth,oracle_state,0.004939871294813658,,,,,1.0358034915855827,,,
0.8,7,0.25,smooth,hard_fe,0.013356937208727437,,,,,1.0355139488194554,,,
0.8,7,0.5,smooth,lin,0.029504688523475986,0.020333547214447634,0.02300818330192969,0.02296330490256165,0.47358136284056634,1.0392213746707486,0.03431489410948023,0.030346060060418702,0.027798472690918258
0.8,7,0.5,smooth,gbm,0.008642947482804919,0.020333547214447634,0.026593772258741284,0.02296330490256165,0.47358136284056634,1.1305563192925931,0.039627199210348976,0.030346060060418702,0.02555270048083893
0.8,7,0.5,filter,lin,0.05368230618532155,0.03372266792421556,0.03799243931023274,0.03796625613369802,0.46419007780442084,1.0440271301632986,0.05645246723154724,0.05016111027023507,0.044980807668472664
0.8,7,0.5,smooth,standard_dml,0.32836139233817296,,,,,1.0888515298020096,,,
0.8,7,0.5,smooth,oracle_state,0.004939871294813658,,,,,1.0358034915855827,,,
0.8,7,0.5,smooth,hard_fe,0.03309193953136136,,,,,1.0388442507430076,,,
0.8,7,1.0,smooth,lin,0.05983277462544612,0.020333547214447634,0.02300818330192969,0.02296330490256165,0.9708702394566167,1.054175300027201,0.0674721385737119,0.059785000512702094,0.056180132049908044
0.8,7,1.0,smooth,gbm,0.048417679341800746,0.020333547214447634,0.026593772258741284,0.02296330490256165,0.9708702394566167,1.1420646495602627,0.07771459259945314,0.059785000512702094,0.05185670319283844
0.8,7,1.0,filter,lin,0.10291339901895036,0.03372266792421556,0.03799243931023274,0.03796625613369802,0.9593745883556967,1.0713585112194746,0.10980553770356793,0.0978676456576103,0.0905934017023621
0.8,7,1.0,smooth,standard_dml,0.5805357701484883,,,,,1.2688186003642081,,,
0.8,7,1.0,smooth,oracle_state,0.004939871294813658,,,,,1.0358034915855825,,,
0.8,7,1.0,smooth,hard_fe,0.07146135180432256,,,,,1.0560886674049719,,,
0.8,7,2.0,smooth,lin,0.11433883114110222,0.020333547214447634,0.02300818330192969,0.02296330490256165,1.965447992688718,1.1185954256930002,0.12641480022862964,0.11282477197503145,0.10718226260969627
0.8,7,2.0,smooth,gbm,0.10337819824066408,0.020333547214447634,0.026593772258741284,0.02296330490256165,1.965447992688718,1.2158991927491403,0.14422110108392455,0.11282477197503145,0.09860487562258635
0.8,7,2.0,filter,lin,0.18485040891701332,0.03372266792421556,0.03799243931023274,0.03796625613369802,1.9497436094582474,1.183009932297175,0.19788248296324018,0.1782867835566621,0.16673711982649325
0.8,7,2.0,smooth,standard_dml,0.7449419888752897,,,,,2.006478576311048,,,
0.8,7,2.0,smooth,oracle_state,0.004939871294813658,,,,,1.0358034915855827,,,
0.8,7,2.0,smooth,hard_fe,0.1391579615121108,,,,,1.132912751988342,,,
0.8,7,4.0,smooth,lin,0.18589032409595152,0.020333547214447634,0.02300818330192969,0.02296330490256165,3.954603499152922,1.3854847768361769,0.20180685415237729,0.18410608894189465,0.1741147610760514
0.8,7,4.0,smooth,gbm,0.16313641664259393,0.020333547214447634,0.026593772258741284,0.02296330490256165,3.954603499152922,1.5179906294343455,0.22386894940458718,0.18410608894189465,0.15891623190271537
0.8,7,4.0,filter,lin,0.2664957488293984,0.03372266792421556,0.03799243931023274,0.03796625613369802,3.9304816516633485,1.6342674103139725,0.2835469979458752,0.2628486768115961,0.24331329135872723
0.8,7,4.0,smooth,standard_dml,0.603068506200853,,,,,4.9927018674945,,,
0.8,7,4.0,smooth,oracle_state,0.004939871294813658,,,,,1.0358034915855827,,,
0.8,7,4.0,smooth,hard_fe,0.2211841567236834,,,,,1.4559019261928463,,,
0.8,7,8.0,smooth,lin,0.2091261363879917,0.020333547214447634,0.02300818330192969,0.02296330490256165,7.932914512081325,2.471459878368843,0.22333310384476318,0.2120519541555398,0.19580041722470873
0.8,7,8.0,smooth,gbm,0.1847267114256812,0.020333547214447634,0.026593772258741284,0.02296330490256165,7.932914512081325,2.7576684159124754,0.23621398878938668,0.2120519541555398,0.17547899252369945
0.8,7,8.0,filter,lin,0.252048942500976,0.03372266792421556,0.03799243931023274,0.03796625613369802,7.891957736073554,3.4486009097931536,0.2657188579801916,0.25626338596185766,0.2315181231175127
0.8,7,8.0,smooth,standard_dml,0.35531119533746747,,,,,17.008761807020488,,,
0.8,7,8.0,smooth,oracle_state,0.004939871294813658,,,,,1.0358034915855825,,,
0.8,7,8.0,smooth,hard_fe,0.23414985951580825,,,,,2.779244294752914,,,
0.8,7,16.0,smooth,lin,0.15111129147588875,0.020333547214447634,0.02300818330192969,0.02296330490256165,15.889536537938136,6.852195678419424,0.16028702223511102,0.1572843233373481,0.14145420967504344
0.8,7,16.0,smooth,gbm,0.13542910382591056,0.020333547214447634,0.026593772258741284,0.02296330490256165,15.889536537938136,7.838509589569871,0.1634861855579437,0.1572843233373481,0.12365513024558988
0.8,7,16.0,filter,lin,0.1619274733877769,0.03372266792421556,0.03799243931023274,0.03796625613369802,15.81490990489396,10.724542082533858,0.17001921749683171,0.1680356647120416,0.14918705643647967
0.8,7,16.0,smooth,standard_dml,0.18566688235241458,,,,,65.2153351147088,,,
0.8,7,16.0,smooth,oracle_state,0.004939871294813436,,,,,1.0358034915855823,,,
0.8,7,16.0,smooth,hard_fe,0.1608078887240838,,,,,8.13538511247728,,,
0.8,7,32.0,smooth,lin,0.08477462634408672,0.020333547214447634,0.02300818330192969,0.02296330490256165,31.80278058965176,24.448809666461592,0.08993287660286005,0.08945378868988507,0.07934905823543834
0.8,7,32.0,smooth,gbm,0.07286925099397634,0.020333547214447634,0.026593772258741284,0.02296330490256165,31.80278058965176,28.35416380091255,0.0904293027659567,0.08945378868988507,0.06841993421610874
0.8,7,32.0,filter,lin,0.0870767892994857,0.03372266792421556,0.03799243931023274,0.03796625613369802,31.660814242534776,39.86552112314464,0.09140062664882118,0.09111153415347482,0.08034665757509012
0.8,7,32.0,smooth,standard_dml,0.09382775701367785,,,,,258.3262954446308,,,
0.8,7,32.0,smooth,oracle_state,0.004939871294813658,,,,,1.035803491585583,,,
0.8,7,32.0,smooth,hard_fe,0.0883658277073982,,,,,29.685491070342938,,,
0.8,8,0.25,smooth,lin,0.01972617907784291,0.019018694607218136,0.02530378663435032,0.02533103809397433,0.2688848285565133,1.0331392398455,0.01894787416544668,0.014247085894434285,0.014849416927369668
0.8,8,0.25,smooth,gbm,-0.005927927822700463,0.019018694607218136,0.02933663340965706,0.02533103809397433,0.2688848285565133,1.138872955147682,0.02196220648221555,0.014247085894434285,0.01347078727890435
0.8,8,0.25,filter,lin,0.020415424403518623,0.03217504565779057,0.039181010097306325,0.03916388893620783,0.2864858688702267,1.032057517315339,0.029313973130653228,0.024082855058276054,0.02679413430907146
0.8,8,0.25,smooth,standard_dml,0.19801310589831544,,,,,1.0498550738911423,,,
0.8,8,0.25,smooth,oracle_state,0.005024294243280325,,,,,1.0323398128920032,,,
0.8,8,0.25,smooth,hard_fe,0.023487590215684584,,,,,1.0333944936580823,,,
0.8,8,0.5,smooth,lin,0.038464572566929256,0.019018694607218136,0.02530378663435032,0.02533103809397433,0.5154862422358201,1.0371842213898066,0.037717083691972575,0.028393042260894754,0.028357186350661596
0.8,8,0.5,smooth,gbm,0.012321229441230708,0.019018694607218136,0.02933663340965706,0.02533103809397433,0.5154862422358201,1.1369192334339833,0.043684560629274845,0.028393042260894754,0.02586958279972174
0.8,8,0.5,filter,lin,0.049847048595814236,0.03217504565779057,0.039181010097306325,0.03916388893620783,0.5324937042243704,1.0369575663753918,0.058201417563649764,0.047877453672215284,0.04956714662623748
0.8,8,0.5,smooth,standard_dml,0.3621529820500564,,,,,1.099269038900862,,,
0.8,8,0.5,smooth,oracle_state,0.005024294243280547,,,,,1.0323398128920032,,,
0.8,8,0.5,smooth,hard_fe,0.04657833697738556,,,,,1.038457327588139,,,
0.8,8,1.0,smooth,lin,0.07482700484828309,0.019018694607218136,0.02530378663435032,0.02533103809397433,1.008689069594434,1.0547631044663013,0.07403792016826219,0.0559912042081296,0.05456376684116879
0.8,8,1.0,smooth,gbm,0.05457742750046024,0.019018694607218136,0.02933663340965706,0.02533103809397433,1.008689069594434,1.1591626266534076,0.08550157195653296,0.0559912042081296,0.049649502823364194
0.8,8,1.0,filter,lin,0.10639029663114963,0.03217504565779057,0.039181010097306325,0.03916388893620783,1.0245093749326568,1.0614505432819872,0.11311121849783663,0.09351624744217452,0.09316581763678704
0.8,8,1.0,smooth,standard_dml,0.6022230843934326,,,,,1.2927776663946957,,,
0.8,8,1.0,smooth,oracle_state,0.005024294243280547,,,,,1.0323398128920032,,,
0.8,8,1.0,smooth,hard_fe,0.09107029960740665,,,,,1.060334199437312,,,
0.8,8,2.0,smooth,lin,0.13918597404811295,0.019018694607218136,0.02530378663435032,0.02533103809397433,1.9950947243116617,1.1278765505708157,0.13786835413904786,0.1060448306482183,0.10092619778721032
0.8,8,2.0,smooth,gbm,0.12366213300407969,0.019018694607218136,0.02933663340965706,0.02533103809397433,1.9950947243116617,1.2287668615819762,0.15753375981284476,0.1060448306482183,0.09263945454706782
0.8,8,2.0,filter,lin,0.20133762650167641,0.03217504565779057,0.039181010097306325,0.03916388893620783,2.008540716349231,1.1692080122411372,0.20323435182062438,0.17103769177809072,0.16581708791969774
0.8,8,2.0,smooth,standard_dml,0.7478267160935927,,,,,2.0585177112799435,,,
0.8,8,2.0,smooth,oracle_state,0.005024294243280325,,,,,1.0323398128920032,,,
0.8,8,2.0,smooth,hard_fe,0.16762821890249668,,,,,1.1510927590918982,,,
0.8,8,4.0,smooth,lin,0.21957957518674887,0.019018694607218136,0.02530378663435032,0.02533103809397433,3.967906033746114,1.4259261625859465,0.2161391974447978,0.1749785251609093,0.1587692162455999
0.8,8,4.0,smooth,gbm,0.210815009906419,0.019018694607218136,0.02933663340965706,0.02533103809397433,3.967906033746114,1.5674246199423172,0.23958277040814444,0.1749785251609093,0.1444364063046286
0.8,8,4.0,filter,lin,0.2965538645050314,0.03217504565779057,0.039181010097306325,0.03916388893620783,3.9766033991823773,1.6198090107432754,0.28899946553302597,0.25488537212400303,0.236967559291896
0.8,8,4.0,smooth,standard_dml,0.5996531043790596,,,,,5.104888960640759,,,
0.8,8,4.0,smooth,oracle_state,0.005024294243280325,,,,,1.0323398128920032,,,
0.8,8,4.0,smooth,hard_fe,0.25366933319208984,,,,,1.5206291422260292,,,
0.8,8,8.0,smooth,lin,0.2378350594847527,0.019018694607218136,0.02530378663435032,0.02533103809397433,7.913528652615026,2.6293162658406155,0.2318397579838734,0.20586749070986268,0.17172333355048616
0.8,8,8.0,smooth,gbm,0.23341065578368658,0.019018694607218136,0.02933663340965706,0.02533103809397433,7.913528652615026,2.9288696895411914,0.24468055749634982,0.20586749070986268,0.15416013752370006
0.8,8,8.0,filter,lin,0.2803152705929226,0.03217504565779057,0.039181010097306325,0.03916388893620783,7.9127287648486755,3.4613552500829035,0.26808882384255184,0.25241905014174343,0.22065843367041377
0.8,8,8.0,smooth,standard_dml,0.3537456736084226,,,,,17.257196097723675,,,
0.8,8,8.0,smooth,oracle_state,0.005024294243280325,,,,,1.0323398128920032,,,
0.8,8,8.0,smooth,hard_fe,0.25609438570979415,,,,,3.0117789637941255,,,
0.8,8,16.0,smooth,lin,0.16741844908480896,0.019018694607218136,0.02530378663435032,0.02533103809397433,15.804773890352838,7.465259989247586,0.1624256776303153,0.1555513132071259,0.12079398509483844
0.8,8,16.0,smooth,gbm,0.171494734382859,0.019018694607218136,0.02933663340965706,0.02533103809397433,15.804773890352838,8.361092735629983,0.16546755877117353,0.1555513132071259,0.10785175244229865
0.8,8,16.0,filter,lin,0.17881187446400015,0.03217504565779057,0.039181010097306325,0.03916388893620783,15.784979496181274,10.905824698103567,0.1705014284188428,0.167200787855664,0.1397094992968034
0.8,8,16.0,smooth,standard_dml,0.18528324587110578,,,,,65.80006892533463,,,
0.8,8,16.0,smooth,oracle_state,0.005024294243280325,,,,,1.0323398128920034,,,
0.8,8,16.0,smooth,hard_fe,0.17133512692191122,,,,,9.002386828129657,,,
0.8,8,32.0,smooth,lin,0.09305124143870036,0.019018694607218136,0.02530378663435032,0.02533103809397433,31.587264365828474,26.853801503652047,0.09026630448640677,0.08917127746174615,0.06711323918546006
0.8,8,32.0,smooth,gbm,0.0959526917988982,0.019018694607218136,0.02933663340965706,0.02533103809397433,31.587264365828474,30.730970344032453,0.09072977294615005,0.08917127746174615,0.058645906171441116
0.8,8,32.0,filter,lin,0.09573225795445506,0.03217504565779057,0.039181010097306325,0.03916388893620783,31.529480958846438,40.84027147151052,0.09147016263798921,0.09098836219530469,0.07451927616041885
0.8,8,32.0,smooth,standard_dml,0.09377209852868074,,,,,259.838848794337,,,
0.8,8,32.0,smooth,oracle_state,0.005024294243280769,,,,,1.0323398128920034,,,
0.8,8,32.0,smooth,hard_fe,0.09342736397606766,,,,,33.016835441598076,,,
0.8,9,0.25,smooth,lin,0.003115656866931049,0.019734326367048485,0.023781621925772725,0.02378892397488128,0.20496113837936264,0.9993998833666724,0.01780974490558335,0.014782512092900981,0.012141596365954748
0.8,9,0.25,smooth,gbm,-0.0007457896929289332,0.019734326367048485,0.028662771978571693,0.02378892397488128,0.20496113837936264,1.097042876293038,0.021458637481859184,0.014782512092900981,0.011060925925723906
0.8,9,0.25,filter,lin,0.010418156644148135,0.033931007093099055,0.03804820049322766,0.03801810403846062,0.2063182902349106,0.9997423884753827,0.028468452034250056,0.02539440171827256,0.021007173798260538
0.8,9,0.25,smooth,standard_dml,0.14207158353166038,,,,,1.008703433047018,,,
0.8,9,0.25,smooth,oracle_state,-0.021080661392659072,,,,,0.9968910771713243,,,
0.8,9,0.25,smooth,hard_fe,0.00844477950827538,,,,,0.9996656225097419,,,
0.8,9,0.5,smooth,lin,0.020692573397963487,0.019734326367048485,0.023781621925772725,0.02378892397488128,0.45266923168458384,1.0049825082716761,0.035461599301789486,0.02945616515639324,0.026666501001338164
0.8,9,0.5,smooth,gbm,0.015608230825787661,0.019734326367048485,0.028662771978571693,0.02378892397488128,0.45266923168458384,1.106844284937921,0.042688266952403256,0.02945616515639324,0.024212409485094892
0.8,9,0.5,filter,lin,0.03756659710757715,0.033931007093099055,0.03804820049322766,0.03801810403846062,0.4538463726023312,1.0075633226884813,0.05653454134883323,0.05046839973232486,0.04585160299460857
0.8,9,0.5,smooth,standard_dml,0.3124889895530334,,,,,1.0523782935680228,,,
0.8,9,0.5,smooth,oracle_state,-0.021080661392659295,,,,,0.9968910771713244,,,
0.8,9,0.5,smooth,hard_fe,0.032994956614676996,,,,,1.0067095538255273,,,
0.8,9,1.0,smooth,lin,0.05478618552766501,0.019734326367048485,0.023781621925772725,0.02378892397488128,0.9480854182950259,1.025065866303848,0.06968758204812832,0.0580572582194665,0.05475695079752403
0.8,9,1.0,smooth,gbm,0.05121240281358541,0.019734326367048485,0.028662771978571693,0.02378892397488128,0.9480854182950259,1.1236540067316274,0.08359232809633195,0.0580572582194665,0.049952637439246085
0.8,9,1.0,filter,lin,0.08937216370719359,0.033931007093099055,0.03804820049322766,0.03801810403846062,0.9489025373371717,1.0374732662996387,0.10996079124788932,0.09845243113995451,0.09310279051300835
0.8,9,1.0,smooth,standard_dml,0.5670289200310525,,,,,1.2344232823643164,,,
0.8,9,1.0,smooth,oracle_state,-0.021080661392659517,,,,,0.9968910771713243,,,
0.8,9,1.0,smooth,hard_fe,0.0801016795798688,,,,,1.0332505268562269,,,
0.8,9,2.0,smooth,lin,0.11525698929297046,0.019734326367048485,0.023781621925772725,0.02378892397488128,1.9389177915159101,1.1009050152568514,0.13029520622217128,0.10974313113671591,0.10426849537348508
0.8,9,2.0,smooth,gbm,0.10790316011926593,0.019734326367048485,0.028662771978571693,0.02378892397488128,1.9389177915159101,1.214325682606572,0.15428741221006606,0.10974313113671591,0.09452959048313739
0.8,9,2.0,filter,lin,0.17538834018084537,0.033931007093099055,0.03804820049322766,0.03801810403846062,1.9390148668068543,1.1543654542617952,0.19813455054437434,0.1792566129382268,0.17098413753551298
0.8,9,2.0,smooth,standard_dml,0.729354158468166,,,,,1.977294330974037,,,
0.8,9,2.0,smooth,oracle_state,-0.021080661392659517,,,,,0.9968910771713244,,,
0.8,9,2.0,smooth,hard_fe,0.1600699254615474,,,,,1.1361449145141436,,,
0.8,9,4.0,smooth,lin,0.19232228145254648,0.019734326367048485,0.023781621925772725,0.02378892397488128,3.9205825379576793,1.395273044717494,0.20672092209478718,0.1799825623818457,0.16635465505321254
0.8,9,4.0,smooth,gbm,0.19274899189431993,0.019734326367048485,0.028662771978571693,0.02378892397488128,3.9205825379576793,1.5586986418018853,0.23580984339727815,0.1799825623818457,0.14891279162898385
0.8,9,4.0,filter,lin,0.26103320515531214,0.033931007093099055,0.03804820049322766,0.03801810403846062,3.919239525746217,1.6164390331454743,0.2838056795640293,0.2639011671345021,0.24680870992493711
0.8,9,4.0,smooth,standard_dml,0.5878749795894203,,,,,4.978160712262014,,,
0.8,9,4.0,smooth,oracle_state,-0.02108066139265985,,,,,0.9968910771713244,,,
0.8,9,4.0,smooth,hard_fe,0.246601200233862,,,,,1.5411834562160451,,,
0.8,9,8.0,smooth,lin,0.2157739113976005,0.019734326367048485,0.023781621925772725,0.02378892397488128,7.883912030841213,2.5547680298573248,0.22630988870254187,0.20929053655670382,0.1826980272738218
0.8,9,8.0,smooth,gbm,0.21283597052666114,0.019734326367048485,0.028662771978571693,0.02378892397488128,7.883912030841213,2.921767015421769,0.24269767955735014,0.20929053655670382,0.15974958877061046
0.8,9,8.0,filter,lin,0.24926820050728082,0.033931007093099055,0.03804820049322766,0.03801810403846062,7.879688843624943,3.4537430027502967,0.2658323903520655,0.2567625683806162,0.23224001713347672
0.8,9,8.0,smooth,standard_dml,0.34596112438140914,,,,,17.040390611112112,,,
0.8,9,8.0,smooth,oracle_state,-0.021080661392660627,,,,,0.9968910771713246,,,
0.8,9,8.0,smooth,hard_fe,0.2466276305223183,,,,,3.1482596051641205,,,
0.8,9,16.0,smooth,lin,0.15608563375898088,0.019734326367048485,0.023781621925772725,0.02378892397488128,15.810571016608293,7.15679370501117,0.161047195069252,0.15651844254436667,0.13078942108084363
0.8,9,16.0,smooth,gbm,0.14951289359675157,0.019734326367048485,0.028662771978571693,0.02378892397488128,15.810571016608293,8.46060162956204,0.16501170190244316,0.15651844254436667,0.1106343196922144
0.8,9,16.0,filter,lin,0.16128744125783556,0.033931007093099055,0.03804820049322766,0.03801810403846062,15.800587479382385,10.780978189309794,0.17004245100604456,0.16814283906209515,0.14918771833793476
0.8,9,16.0,smooth,standard_dml,0.18091175207636812,,,,,65.40683895390887,,,
0.8,9,16.0,smooth,oracle_state,-0.02108066139266218,,,,,0.9968910771713247,,,
0.8,9,16.0,smooth,hard_fe,0.16431004966020413,,,,,9.550408165237362,,,
0.8,9,32.0,smooth,lin,0.08820909786634434,0.019734326367048485,0.023781621925772725,0.02378892397488128,31.663888988142443,25.492987874815586,0.09005212244966979,0.08932948792238161,0.07353381122806293
0.8,9,32.0,smooth,gbm,0.08134119817646757,0.019734326367048485,0.028662771978571693,0.02378892397488128,31.663888988142443,30.42575222339371,0.09066110694670995,0.08932948792238161,0.0616121680168239
0.8,9,32.0,filter,lin,0.08726704931671758,0.033931007093099055,0.03804820049322766,0.03801810403846062,31.642384750897328,40.04595755182821,0.09140398359008899,0.09112728133347045,0.08043193723379337
0.8,9,32.0,smooth,standard_dml,0.09149852759610422,,,,,259.10768981988866,,,
0.8,9,32.0,smooth,oracle_state,-0.021080661392664735,,,,,0.9968910771713254,,,
0.8,9,32.0,smooth,hard_fe,0.08986288585771307,,,,,35.106690334092214,,,
0.8,11,0.25,smooth,lin,-0.0055975322704628905,0.022698614324900303,0.027358799413714427,0.027282938748858718,0.27262628637806025,0.953530259420928,0.02048407333194429,0.016999843687709546,0.019469457423669442
0.8,11,0.25,smooth,gbm,-0.018897623958795906,0.022698614324900303,0.031064475108495946,0.027282938748858718,0.27262628637806025,1.0390417332453497,0.023253209534573247,0.016999843687709546,0.017867152198007562
0.8,11,0.25,filter,lin,0.004304789955504651,0.03395948740144062,0.04413422128955424,0.04410005247510202,0.27793731113899645,0.9536823152542565,0.0330096126204112,0.025415671602356756,0.029691046373755976
0.8,11,0.25,smooth,standard_dml,0.18527636208054132,,,,,0.9694554868420295,,,
0.8,11,0.25,smooth,oracle_state,-0.02364849438956329,,,,,0.952740080101996,,,
0.8,11,0.25,smooth,hard_fe,0.00714640061778038,,,,,0.9554923104843634,,,
0.8,11,0.5,smooth,lin,0.01634646752676927,0.022698614324900303,0.027358799413714427,0.027282938748858718,0.5201915538279382,0.9580409645175135,0.0407594169424843,0.03385580154188555,0.036974287820847565
0.8,11,0.5,smooth,gbm,0.006320846609984665,0.022698614324900303,0.031064475108495946,0.027282938748858718,0.5201915538279382,1.0403309135050718,0.04623762576904927,0.03385580154188555,0.03404962969608061
0.8,11,0.5,filter,lin,0.04027919224050036,0.03395948740144062,0.04413422128955424,0.04410005247510202,0.5221961410600857,0.9606371492160467,0.06547886723029853,0.050510404243027746,0.05538047311999997
0.8,11,0.5,smooth,standard_dml,0.3634709710337283,,,,,1.0186552395283712,,,
0.8,11,0.5,smooth,oracle_state,-0.02364849438956318,,,,,0.952740080101996,,,
0.8,11,0.5,smooth,hard_fe,0.03348240962748439,,,,,0.9625777708191426,,,
0.8,11,1.0,smooth,lin,0.05899447039764594,0.022698614324900303,0.027358799413714427,0.027282938748858718,1.0153220887276926,0.9773219244908277,0.07989068501479915,0.06658446781963429,0.07074354088471611
0.8,11,1.0,smooth,gbm,0.04668539422131679,0.022698614324900303,0.031064475108495946,0.027282938748858718,1.0153220887276926,1.0694859783858588,0.09038564277532826,0.06658446781963429,0.06464714350635613
0.8,11,1.0,filter,lin,0.10883924053621707,0.03395948740144062,0.04413422128955424,0.04410005247510202,1.010713800902264,0.9910971501232094,0.12680617220374146,0.0985323539710091,0.10389492871794351
0.8,11,1.0,smooth,standard_dml,0.620294529481094,,,,,1.211554221196139,,,
0.8,11,1.0,smooth,oracle_state,-0.02364849438956318,,,,,0.952740080101996,,,
0.8,11,1.0,smooth,hard_fe,0.08390601610521164,,,,,0.9895787196314768,,,
0.8,11,2.0,smooth,lin,0.1340199098521837,0.022698614324900303,0.027358799413714427,0.027282938748858718,2.0055831585272035,1.0569220435580275,0.1479606892131018,0.12485549870372596,0.1292166027458533
0.8,11,2.0,smooth,gbm,0.11620812089497368,0.022698614324900303,0.031064475108495946,0.027282938748858718,2.0055831585272035,1.1515548252785144,0.16578656069841893,0.12485549870372596,0.11859780605994329
0.8,11,2.0,filter,lin,0.22019257425008987,0.03395948740144062,0.04413422128955424,0.04410005247510202,1.9877491205866216,1.1182184838718667,0.22507184524156695,0.17938907964764308,0.1810995137123516
0.8,11,2.0,smooth,standard_dml,0.7664758548363793,,,,,1.9753500897120124,,,
0.8,11,2.0,smooth,oracle_state,-0.02364849438956318,,,,,0.952740080101996,,,
0.8,11,2.0,smooth,hard_fe,0.1686326189112115,,,,,1.0949007298272462,,,
0.8,11,4.0,smooth,lin,0.22432674269397856,0.022698614324900303,0.027358799413714427,0.027282938748858718,3.986105298126222,1.380275078174714,0.22834824963345943,0.19981499556736068,0.1966544240013209
0.8,11,4.0,smooth,gbm,0.21131230274061763,0.022698614324900303,0.031064475108495946,0.027282938748858718,3.986105298126222,1.5016419953651288,0.24900857194309636,0.19981499556736068,0.18076026196631895
0.8,11,4.0,filter,lin,0.31939192798027194,0.03395948740144062,0.04413422128955424,0.04410005247510202,3.9418197599553353,1.6372664791065066,0.3104131634935865,0.26404469106374373,0.2452786645030524
0.8,11,4.0,smooth,standard_dml,0.6060167231571536,,,,,5.014933447465109,,,
0.8,11,4.0,smooth,oracle_state,-0.02364849438956318,,,,,0.952740080101996,,,
0.8,11,4.0,smooth,hard_fe,0.2567105158511882,,,,,1.5108252005031906,,,
0.8,11,8.0,smooth,lin,0.24057329233986713,0.022698614324900303,0.027358799413714427,0.027282938748858718,7.947149577324266,2.6835923333372325,0.23868410703753412,0.22210797498572718,0.20165799514002722
0.8,11,8.0,smooth,gbm,0.23439009949484557,0.022698614324900303,0.031064475108495946,0.027282938748858718,7.947149577324266,2.9308758967273376,0.24950330108907595,0.22210797498572718,0.184643727261946
0.8,11,8.0,filter,lin,0.28820943438869717,0.03395948740144062,0.04413422128955424,0.04410005247510202,7.849961038692768,3.7345837805250883,0.2769502785752631,0.25683048152616855,0.2141448702145371
0.8,11,8.0,smooth,standard_dml,0.3552246314651666,,,,,17.1420666458567,,,
0.8,11,8.0,smooth,oracle_state,-0.02364849438956318,,,,,0.9527400801019961,,,
0.8,11,8.0,smooth,hard_fe,0.2510472258707068,,,,,3.1637959429927025,,,
0.8,11,16.0,smooth,lin,0.1664255855036545,0.022698614324900303,0.027358799413714427,0.027282938748858718,15.869238135720344,7.916671587378855,0.1640737816272658,0.15997037736950592,0.13650043914173982
0.8,11,16.0,smooth,gbm,0.16810570302839412,0.022698614324900303,0.031064475108495946,0.027282938748858718,15.869238135720344,8.794989546864985,0.16655614273859992,0.15997037736950592,0.1228687245686771
0.8,11,16.0,filter,lin,0.1794467242211173,0.03395948740144062,0.04413422128955424,0.04410005247510202,15.666243596167613,12.166103627159458,0.1722540655755545,0.16815739834312235,0.13118849345758105
0.8,11,16.0,smooth,standard_dml,0.18585029078032256,,,,,65.5881989741815,,,
0.8,11,16.0,smooth,oracle_state,-0.0236484943895634,,,,,0.952740080101996,,,
0.8,11,16.0,smooth,hard_fe,0.16475908762704883,,,,,9.75422463252222,,,
0.8,11,32.0,smooth,lin,0.09212658249388106,0.022698614324900303,0.027358799413714427,0.027282938748858718,31.713415252512508,28.88860907032844,0.0905189583548009,0.08988296512832336,0.07475443833135799
0.8,11,32.0,smooth,gbm,0.08276873168596399,0.022698614324900303,0.031064475108495946,0.027282938748858718,31.713415252512508,32.73691325925773,0.09089264139964295,0.08988296512832336,0.06596687134563221
0.8,11,32.0,filter,lin,0.09563146704730374,0.03395948740144062,0.04413422128955424,0.04410005247510202,31.298808711117335,45.97668429561703,0.09172049116233268,0.09112941940679377,0.06935416394565548
0.8,11,32.0,smooth,standard_dml,0.09408055519799707,,,,,259.2479273569975,,,
0.8,11,32.0,smooth,oracle_state,-0.023648494389562957,,,,,0.9527400801019961,,,
0.8,11,32.0,smooth,hard_fe,0.08961728441191119,,,,,36.073030829783214,,,
0.8,10,0.25,smooth,lin,0.045386742255939305,0.020392512525050966,0.023559097472280962,0.023523837604122556,0.22518457261930722,0.9830043914571547,0.01764334427499125,0.015274916024017048,0.014014421270632611
0.8,10,0.25,smooth,gbm,0.01867750110480082,0.020392512525050966,0.025627781443837105,0.023523837604122556,0.22518457261930722,1.0632870139706474,0.0191900986045701,0.015274916024017048,0.01295627377345428
0.8,10,0.25,filter,lin,0.04519561557552332,0.03399319886787195,0.0368902446463959,0.036761466540464874,0.23852967462755553,0.9822647588787774,0.027604038501450233,0.0254408481627188,0.024764361926489366
0.8,10,0.25,smooth,standard_dml,0.2013409016228227,,,,,0.9939564148722937,,,
0.8,10,0.25,smooth,oracle_state,0.01047299991780637,,,,,0.9784140939944906,,,
0.8,10,0.25,smooth,hard_fe,0.04649311721557403,,,,,0.9827859399087141,,,
0.8,10,0.5,smooth,lin,0.06358319849098626,0.020392512525050966,0.023559097472280962,0.023523837604122556,0.4736736684136654,0.9901350289880655,0.03513172825583422,0.030433614322264116,0.02926690582531326
0.8,10,0.5,smooth,gbm,0.03862828548748176,0.020392512525050966,0.025627781443837105,0.023523837604122556,0.4736736684136654,1.07469608437196,0.03819694641710577,0.030433614322264116,0.02696407763006976
0.8,10,0.5,filter,lin,0.07301184458405818,0.03399319886787195,0.0368902446463959,0.036761466540464874,0.4871283568566206,0.9902654920144562,0.05482969673795612,0.050560123220949466,0.05016548968637109
0.8,10,0.5,smooth,standard_dml,0.3737451165834802,,,,,1.0415047146885148,,,
0.8,10,0.5,smooth,oracle_state,0.01047299991780637,,,,,0.9784140939944906,,,
0.8,10,0.5,smooth,hard_fe,0.06857593487153468,,,,,0.9904857236066598,,,
0.8,10,1.0,smooth,lin,0.0983360415567609,0.020392512525050966,0.023559097472280962,0.023523837604122556,0.9706518600023822,1.0132309656019924,0.06905052438240566,0.05995490639554352,0.05860666783156101
0.8,10,1.0,smooth,gbm,0.08064275994460379,0.020392512525050966,0.025627781443837105,0.023523837604122556,0.9706518600023822,1.0983112150404253,0.07496222871739888,0.05995490639554352,0.05406672519091242
0.8,10,1.0,filter,lin,0.12559073546934307,0.03399319886787195,0.0368902446463959,0.036761466540464874,0.9843257213147499,1.020100800028213,0.10673331580714122,0.09862695104307669,0.09840315778937253
0.8,10,1.0,smooth,standard_dml,0.623217767725716,,,,,1.2315498390763964,,,
0.8,10,1.0,smooth,oracle_state,0.01047299991780637,,,,,0.9784140939944908,,,
0.8,10,1.0,smooth,hard_fe,0.1105257592618405,,,,,1.0168207878986089,,,
0.8,10,2.0,smooth,lin,0.15802479829841976,0.020392512525050966,0.023559097472280962,0.023523837604122556,1.9646082431798166,1.094761485038268,0.12918103084472346,0.11312727746017931,0.10978637471283256
0.8,10,2.0,smooth,gbm,0.13717258450296876,0.020392512525050966,0.025627781443837105,0.023523837604122556,1.9646082431798166,1.1813069023756155,0.13946951197874322,0.11312727746017931,0.1017431578329778
0.8,10,2.0,filter,lin,0.2112078020945496,0.03399319886787195,0.0368902446463959,0.036761466540464874,1.9787204502310107,1.1351067830253203,0.19287991837365184,0.17954584301693427,0.17777103997922494
0.8,10,2.0,smooth,standard_dml,0.7653060456001677,,,,,1.991434186873917,,,
0.8,10,2.0,smooth,oracle_state,0.01047299991780637,,,,,0.9784140939944906,,,
0.8,10,2.0,smooth,hard_fe,0.1808316113953201,,,,,1.1132329040667397,,,
0.8,10,4.0,smooth,lin,0.22850870121865685,0.020392512525050966,0.023559097472280962,0.023523837604122556,3.952521009534683,1.3991771087445048,0.20531615625996874,0.18450863567642622,0.1728197960545279
0.8,10,4.0,smooth,gbm,0.19258037136429262,0.020392512525050966,0.025627781443837105,0.023523837604122556,3.952521009534683,1.5272948498507657,0.21810189440803138,0.18450863567642622,0.15832273814124137
0.8,10,4.0,filter,lin,0.2918445744606768,0.03399319886787195,0.0368902446463959,0.036761466540464874,3.9675099080635325,1.5864602168979096,0.27837423665905237,0.26421446744463417,0.25503637320090755
0.8,10,4.0,smooth,standard_dml,0.6037561417547637,,,,,5.030379278555989,,,
0.8,10,4.0,smooth,oracle_state,0.01047299991780637,,,,,0.9784140939944906,,,
0.8,10,4.0,smooth,hard_fe,0.25600735859593593,,,,,1.4810250867399313,,,
0.8,10,8.0,smooth,lin,0.2382712152012485,0.020392512525050966,0.023559097472280962,0.023523837604122556,7.928346542244416,2.573426695491722,0.22546548528660246,0.21231872111032998,0.18847893330193036
0.8,10,8.0,smooth,gbm,0.21012510110758909,0.020392512525050966,0.025627781443837105,0.023523837604122556,7.928346542244416,2.802117093994293,0.23296412278340195,0.21231872111032998,0.17309652031906814
0.8,10,8.0,filter,lin,0.26952251317266485,0.03399319886787195,0.0368902446463959,0.036761466540464874,7.94508882372857,3.3745329561565907,0.26342525557191465,0.25691076795022527,0.24010343468287004
0.8,10,8.0,smooth,standard_dml,0.35282296848082706,,,,,17.184975046268256,,,
0.8,10,8.0,smooth,oracle_state,0.01047299991780637,,,,,0.9784140939944906,,,
0.8,10,8.0,smooth,hard_fe,0.25196272417153764,,,,,2.9164812534340334,,,
0.8,10,16.0,smooth,lin,0.1670572358369422,0.020392512525050966,0.023559097472280962,0.023523837604122556,15.879997607663881,7.183599226325129,0.16083287424310988,0.15735764710260844,0.13523849531806068
0.8,10,16.0,smooth,gbm,0.1373041042363501,0.020392512525050966,0.025627781443837105,0.023523837604122556,15.879997607663881,7.938766184992773,0.16270074845207644,0.15735764710260844,0.12237407270826174
0.8,10,16.0,filter,lin,0.17179887664521054,0.03399319886787195,0.0368902446463959,0.036761466540464874,15.900246655058641,10.492141920727958,0.1695469410093128,0.16817460353966027,0.1545443010618723
0.8,10,16.0,smooth,standard_dml,0.1841236303091136,,,,,65.80098891908528,,,
0.8,10,16.0,smooth,oracle_state,0.010472999917806591,,,,,0.9784140939944906,,,
0.8,10,16.0,smooth,hard_fe,0.16842286260706651,,,,,8.58688079221311,,,
0.8,10,32.0,smooth,lin,0.09327348511901645,0.020392512525050966,0.023559097472280962,0.023523837604122556,31.78329973850283,25.450637717347835,0.09001858480764605,0.08946564355183027,0.07639981503053783
0.8,10,32.0,smooth,gbm,0.08172468647225717,0.020392512525050966,0.025627781443837105,0.023523837604122556,31.78329973850283,27.830846043712917,0.09030872986124854,0.08946564355183027,0.06986578887902174
0.8,10,32.0,filter,lin,0.09226775137416277,0.03399319886787195,0.0368902446463959,0.036761466540464874,31.810562317718816,38.89321379408672,0.09133224309694107,0.09113194569268314,0.08340859487904717
0.8,10,32.0,smooth,standard_dml,0.0930608413778582,,,,,260.26030601428937,,,
0.8,10,32.0,smooth,oracle_state,0.01047299991780637,,,,,0.9784140939944908,,,
0.8,10,32.0,smooth,hard_fe,0.09217458824368419,,,,,31.12562869133476,,,
1.2,0,0.25,smooth,lin,-0.02910460847279983,0.004168433316284684,0.005907907110260716,0.005909955977488816,0.2273595025879165,1.0272990313978536,0.004429294841290144,0.0031255107070284143,0.0027676447550187924
1.2,0,0.25,smooth,gbm,-0.056597769896271966,0.004168433316284684,0.006012328352667275,0.005909955977488816,0.2273595025879165,1.1118476380487596,0.004507552459159747,0.0031255107070284143,0.002557183807193075
1.2,0,0.25,filter,lin,-0.023892852921467922,0.00750754473898453,0.009955248450949977,0.009963891204604627,0.22345711880847574,1.0277793279697731,0.007461793587646562,0.005628017767039781,0.004896812781824753
1.2,0,0.25,smooth,standard_dml,0.13302612317169538,,,,,1.038642046854379,,,
1.2,0,0.25,smooth,oracle_state,-0.031585467338275275,,,,,1.0275204560723725,,,
1.2,0,0.25,smooth,hard_fe,-0.031156606157648703,,,,,1.026892817036588,,,
1.2,0,0.5,smooth,lin,-0.024489655380819264,0.004168433316284684,0.005907907110260716,0.005909955977488816,0.47659058149053146,1.0280562517521346,0.008848791206269892,0.006246140819054937,0.005797258821373138
1.2,0,0.5,smooth,gbm,-0.05397721641860831,0.004168433316284684,0.006012328352667275,0.005909955977488816,0.47659058149053146,1.1146851153907371,0.009004957338920075,0.006246140819054937,0.005346719079718495
1.2,0,0.5,filter,lin,-0.016128437646479976,0.00750754473898453,0.009955248450949977,0.009963891204604627,0.47235845607167165,1.0296481845898404,0.014895799829380689,0.01124022049391826,0.01033241925214013
1.2,0,0.5,smooth,standard_dml,0.3025797240404471,,,,,1.0825033704306906,,,
1.2,0,0.5,smooth,oracle_state,-0.031585467338275386,,,,,1.0275204560723725,,,
1.2,0,0.5,smooth,hard_fe,-0.025056548517590205,,,,,1.0274350159344063,,,
1.2,0,1.0,smooth,lin,-0.015247304540370155,0.004168433316284684,0.005907907110260716,0.005909955977488816,0.9750527392957619,1.0317861576270437,0.017619626215781795,0.012453388827962925,0.011817688074909002
1.2,0,1.0,smooth,gbm,-0.032496622583403245,0.004168433316284684,0.006012328352667275,0.005909955977488816,0.9750527392957619,1.1175810900061816,0.017929188887314297,0.012453388827962925,0.010910462855789598
1.2,0,1.0,filter,lin,-0.0006813961677021307,0.00750754473898453,0.009955248450949977,0.009963891204604627,0.9701611305980637,1.037119115999081,0.029571355165149582,0.022354804521874366,0.021068538742454047
1.2,0,1.0,smooth,standard_dml,0.5587097095305205,,,,,1.264158563083696,,,
1.2,0,1.0,smooth,oracle_state,-0.031585467338275386,,,,,1.0275204560723725,,,
1.2,0,1.0,smooth,hard_fe,-0.012838471981695632,,,,,1.0315040498683472,,,
1.2,0,2.0,smooth,lin,0.0030126798473131267,0.004168433316284684,0.005907907110260716,0.005909955977488816,1.9719770549062219,1.0481078300422535,0.034629100622408066,0.024600419071892733,0.023528270524289463
1.2,0,2.0,smooth,gbm,-0.01419638559810621,0.004168433316284684,0.006012328352667275,0.005909955977488816,1.9719770549062219,1.1263397521785596,0.03522679000277508,0.024600419071892733,0.021894072828524964
1.2,0,2.0,filter,lin,0.029140904672622092,0.00750754473898453,0.009955248450949977,0.009963891204604627,1.9657664796508483,1.0669938514939872,0.057444013019197014,0.04373198897877544,0.04149437160779562
1.2,0,2.0,smooth,standard_dml,0.7307340674921319,,,,,2.0031991303912364,,,
1.2,0,2.0,smooth,oracle_state,-0.03158546733827572,,,,,1.0275204560723725,,,
1.2,0,2.0,smooth,hard_fe,0.011182350097178384,,,,,1.0515806622894452,,,
1.2,0,4.0,smooth,lin,0.036675153418775475,0.004168433316284684,0.005907907110260716,0.005909955977488816,3.9658256861271415,1.1161986175342369,0.06477219549420958,0.04689363213894311,0.04443101699896941
1.2,0,4.0,smooth,gbm,0.010229213388871283,0.004168433316284684,0.006012328352667275,0.005909955977488816,3.9658256861271415,1.2053502443887947,0.0658165672211446,0.04689363213894311,0.04114475438219015
1.2,0,4.0,filter,lin,0.07981027095350712,0.00750754473898453,0.009955248450949977,0.009963891204604627,3.956977177756414,1.1864748131894998,0.10304893707275099,0.0804293105154836,0.0751145735153561
1.2,0,4.0,smooth,standard_dml,0.5976529081906174,,,,,4.9842009930124345,,,
1.2,0,4.0,smooth,oracle_state,-0.031585467338275164,,,,,1.0275204560723725,,,
1.2,0,4.0,smooth,hard_fe,0.054202674804879614,,,,,1.139488065344507,,,
1.2,0,8.0,smooth,lin,0.08355870735624227,0.004168433316284684,0.005907907110260716,0.005909955977488816,7.953522948568984,1.3941699631644615,0.10288741575874213,0.078973792400164,0.07134079255028135
1.2,0,8.0,smooth,gbm,0.06624737895413846,0.004168433316284684,0.006012328352667275,0.005909955977488816,7.953522948568984,1.4875020561507972,0.10420062474914082,0.078973792400164,0.06686457320222101
1.2,0,8.0,filter,lin,0.13331967654329535,0.00750754473898453,0.009955248450949977,0.009963891204604627,7.939398573967555,1.6643626994033238,0.1459414350984382,0.12170426163164899,0.1074382224788984
1.2,0,8.0,smooth,standard_dml,0.35433982636004724,,,,,16.957887630279302,,,
1.2,0,8.0,smooth,oracle_state,-0.03158546733827561,,,,,1.0275204560723725,,,
1.2,0,8.0,smooth,hard_fe,0.10739528224481232,,,,,1.5063195843060924,,,
1.2,0,16.0,smooth,lin,0.10631017893239236,0.004168433316284684,0.005907907110260716,0.005909955977488816,15.92891747345266,2.517271737009939,0.11287088343182812,0.0967940433313487,0.07913165985912848
1.2,0,16.0,smooth,gbm,0.09675000916652166,0.004168433316284684,0.006012328352667275,0.005909955977488816,15.92891747345266,2.6176959945923644,0.11365656710489772,0.0967940433313487,0.07609588404366543
1.2,0,16.0,filter,lin,0.13319690705750564,0.00750754473898453,0.009955248450949977,0.009963891204604627,15.904241366389828,3.5758423231221705,0.13466142142988843,0.12333011682360404,0.10017371528859272
1.2,0,16.0,smooth,standard_dml,0.1858129360426728,,,,,64.95199255291094,,,
1.2,0,16.0,smooth,oracle_state,-0.0315854673382755,,,,,1.0275204560723727,,,
1.2,0,16.0,smooth,hard_fe,0.1204335187545087,,,,,3.00404947363511,,,
1.2,0,32.0,smooth,lin,0.08103465610759852,0.004168433316284684,0.005907907110260716,0.005909955977488816,31.87970652322003,7.032111615041009,0.08045155588477747,0.07595547933484768,0.056692116703836025
1.2,0,32.0,smooth,gbm,0.07343598369306181,0.004168433316284684,0.006012328352667275,0.005909955977488816,31.87970652322003,7.297238982189302,0.08065024836486617,0.07595547933484768,0.05463234701883082
1.2,0,32.0,filter,lin,0.08778492630395895,0.00750754473898453,0.009955248450949977,0.009963891204604627,31.83392695123436,11.221616975724654,0.0853751081558409,0.08295891358441172,0.06389309971663613
1.2,0,32.0,smooth,standard_dml,0.0940742872698952,,,,,257.1271289905657,,,
1.2,0,32.0,smooth,oracle_state,-0.03158546733827494,,,,,1.027520456072372,,,
1.2,0,32.0,smooth,hard_fe,0.08412547491292854,,,,,9.05577665791653,,,
1.2,1,0.25,smooth,lin,0.01627504123658552,0.00534425892114764,0.007949013022293118,0.007949335433962486,0.18393675827154526,1.0255923452290887,0.005958799355865026,0.0040068558361702165,0.002875428036955873
1.2,1,0.25,smooth,gbm,0.01858840558079633,0.00534425892114764,0.009297947309280543,0.007949335433962486,0.18393675827154526,1.0824525180298072,0.006969410406289505,0.0040068558361702165,0.0027243846125709157
1.2,1,0.25,filter,lin,0.02223699100597676,0.008723440058545629,0.012320360311022814,0.012314120035757601,0.17854709210523023,1.0261264161590709,0.00923316049176286,0.006539014874890282,0.0045536636551206855
1.2,1,0.25,smooth,standard_dml,0.1485368399067899,,,,,1.0328300750808486,,,
1.2,1,0.25,smooth,oracle_state,0.0017647559221560805,,,,,1.0235314328702225,,,
1.2,1,0.25,smooth,hard_fe,0.016256175954799,,,,,1.0254815297793185,,,
1.2,1,0.5,smooth,lin,0.021885763550272053,0.00534425892114764,0.007949013022293118,0.007949335433962486,0.4325733812854597,1.0286117294127524,0.011899871475109862,0.008005692258653142,0.006742439598581025
1.2,1,0.5,smooth,gbm,0.023945430225784214,0.00534425892114764,0.009297947309280543,0.007949335433962486,0.4325733812854597,1.0972829830645752,0.013914576713642216,0.008005692258653142,0.006320477545899667
1.2,1,0.5,filter,lin,0.031074364432904122,0.008723440058545629,0.012320360311022814,0.012314120035757601,0.4266961382740078,1.0304402187758244,0.01842379352290969,0.01305668528495679,0.010836897039602045
1.2,1,0.5,smooth,standard_dml,0.3157990625110485,,,,,1.0743548921043342,,,
1.2,1,0.5,smooth,oracle_state,0.0017647559221560805,,,,,1.0235314328702225,,,
1.2,1,0.5,smooth,hard_fe,0.023765161368959564,,,,,1.0287091544472602,,,
1.2,1,1.0,smooth,lin,0.032914139451660995,0.00534425892114764,0.007949013022293118,0.007949335433962486,0.9298466273132884,1.0376313776634398,0.023658973577815212,0.015947548932788425,0.014367359855216078
1.2,1,1.0,smooth,gbm,0.02983676232583976,0.00534425892114764,0.009297947309280543,0.007949335433962486,0.9298466273132884,1.1114147463330377,0.02763687571366286,0.015947548932788425,0.013413555514843816
1.2,1,1.0,filter,lin,0.048314150257768196,0.008723440058545629,0.012320360311022814,0.012314120035757601,0.9229942306115626,1.0436879591259651,0.0365112491876708,0.025943999253272017,0.02314394290377637
1.2,1,1.0,smooth,standard_dml,0.5678953721453255,,,,,1.252016140719262,,,
1.2,1,1.0,smooth,oracle_state,0.0017647559221558584,,,,,1.0235314328702223,,,
1.2,1,1.0,smooth,hard_fe,0.038490742496190444,,,,,1.0392499132090407,,,
1.2,1,2.0,smooth,lin,0.05379789974560767,0.00534425892114764,0.007949013022293118,0.007949335433962486,1.9243931193689456,1.0675941936982543,0.04622432702391924,0.03139443359953115,0.028899899859017305
1.2,1,2.0,smooth,gbm,0.05106255723147868,0.00534425892114764,0.009297947309280543,0.007949335433962486,1.9243931193689456,1.1464568763032,0.05378724015614929,0.03139443359953115,0.026911928329511958
1.2,1,2.0,filter,lin,0.08012953716510762,0.008723440058545629,0.012320360311022814,0.012314120035757601,1.9155904152866716,1.0886639802927807,0.07045027097638391,0.05057585847211002,0.04604874910985044
1.2,1,2.0,smooth,standard_dml,0.7324468210601942,,,,,1.9857850962209445,,,
1.2,1,2.0,smooth,oracle_state,0.0017647559221560805,,,,,1.0235314328702223,,,
1.2,1,2.0,smooth,hard_fe,0.06604567342455692,,,,,1.0766734684361918,,,
1.2,1,4.0,smooth,lin,0.0884923911568627,0.00534425892114764,0.007949013022293118,0.007949335433962486,3.9134861034802615,1.1752139039016416,0.08462517089960196,0.059079342225836315,0.05338947135974867
1.2,1,4.0,smooth,gbm,0.08436178122296867,0.00534425892114764,0.009297947309280543,0.007949335433962486,3.9134861034802615,1.280548014688035,0.09712618178234496,0.059079342225836315,0.048997810581292975
1.2,1,4.0,filter,lin,0.12842133744118023,0.008723440058545629,0.012320360311022814,0.012314120035757601,3.9007827846368923,1.2525381844925487,0.12349940838103393,0.09185992755378321,0.08150229324219632
1.2,1,4.0,smooth,standard_dml,0.5921790106357439,,,,,4.967108840311616,,,
1.2,1,4.0,smooth,oracle_state,0.0017647559221560805,,,,,1.0235314328702225,,,
1.2,1,4.0,smooth,hard_fe,0.10956291071819568,,,,,1.216888729704853,,,
1.2,1,8.0,smooth,lin,0.12466488739833603,0.00534425892114764,0.007949013022293118,0.007949335433962486,7.8916720717028905,1.5812296368434515,0.12644770665652072,0.09557310074554991,0.08001710420030288
1.2,1,8.0,smooth,gbm,0.12152918469322382,0.00534425892114764,0.009297947309280543,0.007949335433962486,7.8916720717028905,1.7516189456049553,0.13990039772229715,0.09557310074554991,0.07223341408436956
1.2,1,8.0,filter,lin,0.16422903574628522,0.008723440058545629,0.012320360311022814,0.012314120035757601,7.871167523337334,1.8759752403566325,0.16532744846417963,0.134353166530949,0.10980474038807299
1.2,1,8.0,smooth,standard_dml,0.3482675171695757,,,,,16.98489966084219,,,
1.2,1,8.0,smooth,oracle_state,0.0017647559221556364,,,,,1.0235314328702225,,,
1.2,1,8.0,smooth,hard_fe,0.14655421809662017,,,,,1.7587918554996098,,,
1.2,1,16.0,smooth,lin,0.12146133372054657,0.00534425892114764,0.007949013022293118,0.007949335433962486,15.848044008148152,3.156366352867209,0.1257196857528404,0.10832361292300294,0.08050020920069927
1.2,1,16.0,smooth,gbm,0.10818316918778925,0.00534425892114764,0.009297947309280543,0.007949335433962486,15.848044008148152,3.654281139671982,0.13203113219648582,0.10832361292300294,0.06953163755284196
1.2,1,16.0,filter,lin,0.13994867267186306,0.008723440058545629,0.012320360311022814,0.012314120035757601,15.811937000738208,4.30560394194299,0.1423629158548004,0.12950792960042426,0.09610810921907077
1.2,1,16.0,smooth,standard_dml,0.18183383717903046,,,,,65.24105463130023,,,
1.2,1,16.0,smooth,oracle_state,0.0017647559221558584,,,,,1.0235314328702225,,,
1.2,1,16.0,smooth,hard_fe,0.1302879899009186,,,,,3.8884885201188655,,,
1.2,1,32.0,smooth,lin,0.08076470373040046,0.00534425892114764,0.007949013022293118,0.007949335433962486,31.760787881038663,9.359060785475284,0.08349265198402818,0.07926569040240702,0.05440862428396939
1.2,1,32.0,smooth,gbm,0.06948692246395449,0.00534425892114764,0.009297947309280543,0.007949335433962486,31.760787881038663,11.070287779132066,0.0848393331093709,0.07926569040240702,0.04599822805759794
1.2,1,32.0,filter,lin,0.08574566604600276,0.008723440058545629,0.012320360311022814,0.012314120035757601,31.69347595553996,13.895879704548465,0.08686474273588284,0.08431157626532348,0.05968880206726585
1.2,1,32.0,smooth,standard_dml,0.09186094617030394,,,,,258.63565788980395,,,
1.2,1,32.0,smooth,oracle_state,0.0017647559221565245,,,,,1.023531432870222,,,
1.2,1,32.0,smooth,hard_fe,0.08144653370403199,,,,,12.331443501476341,,,
1.2,2,0.25,smooth,lin,0.007293147579744197,0.0054550831906172515,0.006094717714800435,0.006084538090652155,0.22495965228246428,0.9565421077339673,0.0045692977498540625,0.004089917965291472,0.003848780752497118
1.2,2,0.25,smooth,gbm,-0.015732766971984224,0.0054550831906172515,0.00661946591287834,0.006084538090652155,0.22495965228246428,1.0266557951983843,0.00496254634675979,0.004089917965291472,0.00358593490673096
1.2,2,0.25,filter,lin,0.014656238875790262,0.009231175973478313,0.010935819869050577,0.010924531713253008,0.21909152567848572,0.9573320210788407,0.008196262848406084,0.006919389848526181,0.006337840111803961
1.2,2,0.25,smooth,standard_dml,0.17272051524205567,,,,,0.9684317384109467,,,
1.2,2,0.25,smooth,oracle_state,0.002609894937649404,,,,,0.95600674340028,,,
1.2,2,0.25,smooth,hard_fe,0.0036661035154950117,,,,,0.9557728852622639,,,
1.2,2,0.5,smooth,lin,0.012468461180979551,0.0054550831906172515,0.006094717714800435,0.006084538090652155,0.47474712315794626,0.9576271498206106,0.009128168170138099,0.008171480759093032,0.00811313166659262
1.2,2,0.5,smooth,gbm,-0.008364731966986283,0.0054550831906172515,0.00661946591287834,0.006084538090652155,0.47474712315794626,1.0189193571720434,0.009912794517964252,0.008171480759093032,0.007625093290564097
1.2,2,0.5,filter,lin,0.023577327605386778,0.009231175973478313,0.010935819869050577,0.010924531713253008,0.46835723763261944,0.9599043369161142,0.016359005020540482,0.013814882058384022,0.013512246729488643
1.2,2,0.5,smooth,standard_dml,0.345415785476048,,,,,1.0121877556564456,,,
1.2,2,0.5,smooth,oracle_state,0.002609894937649404,,,,,0.95600674340028,,,
1.2,2,0.5,smooth,hard_fe,0.011342123165053009,,,,,0.9563938315283756,,,
1.2,2,1.0,smooth,lin,0.022729858988721707,0.0054550831906172515,0.006094717714800435,0.006084538090652155,0.9743220649089102,0.9620827531369475,0.018173391453571223,0.01627646012780581,0.01657344308855578
1.2,2,1.0,smooth,gbm,0.007855813364028519,0.0054550831906172515,0.00661946591287834,0.006084538090652155,0.9743220649089102,1.0274235380816632,0.01972781017166793,0.01627646012780581,0.015519426180723623
1.2,2,1.0,filter,lin,0.04110216949137535,0.009231175973478313,0.010935819869050577,0.010924531713253008,0.9668886615408869,0.9691499010415553,0.032452564210655205,0.027440222398720966,0.027628912839548846
1.2,2,1.0,smooth,standard_dml,0.598639786999783,,,,,1.1932732234818706,,,
1.2,2,1.0,smooth,oracle_state,0.002609894937649626,,,,,0.95600674340028,,,
1.2,2,1.0,smooth,hard_fe,0.026571219972581384,,,,,0.9609903215386951,,,
1.2,2,2.0,smooth,lin,0.042569337835794974,0.0054550831906172515,0.006094717714800435,0.006084538090652155,1.9734719484108383,0.9801360363418214,0.03569802865821589,0.03203155984889958,0.032950896366724956
1.2,2,2.0,smooth,gbm,0.026922328301713705,0.0054550831906172515,0.00661946591287834,0.006084538090652155,1.9734719484108383,1.040569280810738,0.038692305877873076,0.03203155984889958,0.0310372039174834
1.2,2,2.0,filter,lin,0.0739394651187808,0.009231175973478313,0.010935819869050577,0.010924531713253008,1.9639515093574225,1.0040447590960133,0.06286499803594615,0.053414732654046664,0.05416964280331362
1.2,2,2.0,smooth,standard_dml,0.7481696002902627,,,,,1.9297378924704296,,,
1.2,2,2.0,smooth,oracle_state,0.002609894937649626,,,,,0.95600674340028,,,
1.2,2,2.0,smooth,hard_fe,0.055824408282826754,,,,,0.9836016914717205,,,
1.2,2,4.0,smooth,lin,0.07735027709189968,0.0054550831906172515,0.006094717714800435,0.006084538090652155,3.971771715414695,1.0528109090403723,0.06663834240277149,0.06020612735454406,0.06173856559334979
1.2,2,4.0,smooth,gbm,0.056785056334430095,0.0054550831906172515,0.00661946591287834,0.006084538090652155,3.971771715414695,1.1201616884739396,0.07182635700507851,0.06020612735454406,0.0580264760293089
1.2,2,4.0,filter,lin,0.12554069626866826,0.009231175973478313,0.010935819869050577,0.010924531713253008,3.9580772049904938,1.1394493944192328,0.11168752410490342,0.0965184508151458,0.09619832361533719
1.2,2,4.0,smooth,standard_dml,0.5923929647762634,,,,,4.899842163798383,,,
1.2,2,4.0,smooth,oracle_state,0.002609894937649404,,,,,0.95600674340028,,,
1.2,2,4.0,smooth,hard_fe,0.10499564685868035,,,,,1.0824979909873127,,,
1.2,2,8.0,smooth,lin,0.11964750736237995,0.0054550831906172515,0.006094717714800435,0.006084538090652155,7.968371249422407,1.3444338795926842,0.1052278474822325,0.09704213109519375,0.0969957587036365
1.2,2,8.0,smooth,gbm,0.09722614455134737,0.0054550831906172515,0.00661946591287834,0.006084538090652155,7.968371249422407,1.4222558558014415,0.11159178768559512,0.09704213109519375,0.09168841432154481
1.2,2,8.0,filter,lin,0.16778960276511357,0.009231175973478313,0.010935819869050577,0.010924531713253008,7.946328596256635,1.6727183419228853,0.1543978111787313,0.1392688478609104,0.13155943073620513
1.2,2,8.0,smooth,standard_dml,0.345857741755476,,,,,16.828750439857632,,,
1.2,2,8.0,smooth,oracle_state,0.002609894937649626,,,,,0.95600674340028,,,
1.2,2,8.0,smooth,hard_fe,0.1546201413628423,,,,,1.4949848286166658,,,
1.2,2,16.0,smooth,lin,0.12723158514447386,0.0054550831906172515,0.006094717714800435,0.006084538090652155,15.961570317437833,2.5127727213181497,0.11426489956905984,0.10926094365126356,0.10395491784330697
1.2,2,16.0,smooth,gbm,0.12268694222844911,0.0054550831906172515,0.00661946591287834,0.006084538090652155,15.961570317437833,2.665649734255105,0.11791595640027934,0.10926094365126356,0.09799302528264302
1.2,2,16.0,filter,lin,0.1467104165701787,0.009231175973478313,0.010935819869050577,0.010924531713253008,15.922831378788915,3.789094944359046,0.13815230918180202,0.1317492101208711,0.11637591082729123
1.2,2,16.0,smooth,standard_dml,0.18031482861620973,,,,,64.6413659255895,,,
1.2,2,16.0,smooth,oracle_state,0.002609894937649182,,,,,0.9560067434002799,,,
1.2,2,16.0,smooth,hard_fe,0.14664609532752748,,,,,3.178735458268047,,,
1.2,2,32.0,smooth,lin,0.08865252069755813,0.0054550831906172515,0.006094717714800435,0.006084538090652155,31.947968453468683,7.189822007252447,0.08080287704716087,0.07951527085306317,0.0727189736445869
1.2,2,32.0,smooth,gbm,0.0807986437057997,0.0054550831906172515,0.00661946591287834,0.006084538090652155,31.947968453468683,7.858747842981047,0.08169728910969039,0.07951527085306317,0.06652923436417765
1.2,2,32.0,filter,lin,0.09052869858885604,0.009231175973478313,0.010935819869050577,0.010924531713253008,31.875836943853496,12.221202978946788,0.08606448995350735,0.08478104623880482,0.07223138196072358
1.2,2,32.0,smooth,standard_dml,0.0910893297440587,,,,,256.0857926315067,,,
1.2,2,32.0,smooth,oracle_state,0.002609894937649404,,,,,0.9560067434002796,,,
1.2,2,32.0,smooth,hard_fe,0.09378875708924816,,,,,9.98134453514151,,,
1.2,3,0.25,smooth,lin,-0.001502137169688944,0.0057218034373784895,0.006084236541249133,0.006074988176303968,0.2170113033470686,1.027746098113301,0.004561442849857605,0.0042898184843995065,0.0036245217288220417
1.2,3,0.25,smooth,gbm,-0.006123344332535918,0.0057218034373784895,0.006961096664493498,0.006074988176303968,0.2170113033470686,1.1011150627917072,0.005218552070531895,0.0042898184843995065,0.0033830143553566
1.2,3,0.25,filter,lin,0.006014360273196795,0.009405201412421163,0.010984322445237624,0.010956036014457387,0.21034196547761327,1.0287204508939167,0.008232589994986694,0.007049757035264293,0.005769230744122238
1.2,3,0.25,smooth,standard_dml,0.1524721245519467,,,,,1.039462374494067,,,
1.2,3,0.25,smooth,oracle_state,-0.008427977011387866,,,,,1.0269514682075636,,,
1.2,3,0.25,smooth,hard_fe,-0.0019157111518255387,,,,,1.0275429652702994,,,
1.2,3,0.5,smooth,lin,0.0028384868706539113,0.0057218034373784895,0.006084236541249133,0.006074988176303968,0.46684372752494363,1.0293345359608674,0.009112494169371897,0.008570445554858822,0.007785189221434111
1.2,3,0.5,smooth,gbm,-0.002721380195809364,0.0057218034373784895,0.006961096664493498,0.006074988176303968,0.46684372752494363,1.105874716345768,0.010423505239850884,0.008570445554858822,0.007246358033297208
1.2,3,0.5,filter,lin,0.013637356867812311,0.009405201412421163,0.010984322445237624,0.010956036014457387,0.459555919375036,1.0319272790220293,0.01643136182373487,0.014074708252148614,0.012565466781987236
1.2,3,0.5,smooth,standard_dml,0.3184732356117288,,,,,1.0836154730591014,,,
1.2,3,0.5,smooth,oracle_state,-0.008427977011387866,,,,,1.0269514682075636,,,
1.2,3,0.5,smooth,hard_fe,0.003687148829723208,,,,,1.0291906883349868,,,
1.2,3,1.0,smooth,lin,0.011454357464103504,0.0057218034373784895,0.006084236541249133,0.006074988176303968,0.9665085758806929,1.0347930003589685,0.0181423274123618,0.01706775199013002,0.016032690856465574
1.2,3,1.0,smooth,gbm,0.002716143636225299,0.0057218034373784895,0.006961096664493498,0.006074988176303968,0.9665085758806929,1.1181120515643261,0.020738924336456802,0.01706775199013002,0.01483797285967751
1.2,3,1.0,filter,lin,0.028628522210937035,0.009405201412421163,0.010984322445237624,0.010956036014457387,0.9579838271698815,1.0424600561952186,0.03259493406980883,0.027952703431468853,0.025929139800117726
1.2,3,1.0,smooth,standard_dml,0.5670733425289545,,,,,1.2667312152725259,,,
1.2,3,1.0,smooth,oracle_state,-0.008427977011388088,,,,,1.0269514682075636,,,
1.2,3,1.0,smooth,hard_fe,0.014796491058575167,,,,,1.0354677132985803,,,
1.2,3,2.0,smooth,lin,0.028170401513842203,0.0057218034373784895,0.006084236541249133,0.006074988176303968,1.965838272592193,1.0548362839670447,0.03563809680414928,0.03356266474231041,0.03199019702795781
1.2,3,2.0,smooth,gbm,0.02152710632095456,0.0057218034373784895,0.006961096664493498,0.006074988176303968,1.965838272592193,1.133735058103489,0.0406351199939561,0.03356266474231041,0.029763938510283205
1.2,3,2.0,filter,lin,0.05683947449381965,0.009405201412421163,0.010984322445237624,0.010956036014457387,1.954839642759573,1.080002094209454,0.06313208208632418,0.05438519367312971,0.05107118032747128
1.2,3,2.0,smooth,standard_dml,0.7279509097715242,,,,,2.0122008800327955,,,
1.2,3,2.0,smooth,oracle_state,-0.008427977011387866,,,,,1.0269514682075636,,,
1.2,3,2.0,smooth,hard_fe,0.03620395052908898,,,,,1.0599480785626407,,,
1.2,3,4.0,smooth,lin,0.05783814034655954,0.0057218034373784895,0.006084236541249133,0.006074988176303968,3.9644976660151934,1.131428270430692,0.06653390977374785,0.06290294835100547,0.060147188201996486
1.2,3,4.0,smooth,gbm,0.052324530478619735,0.0057218034373784895,0.006961096664493498,0.006074988176303968,3.9644976660151934,1.2299946120013099,0.07516182077555446,0.06290294835100547,0.055327257903940906
1.2,3,4.0,filter,lin,0.10194338867155261,0.009405201412421163,0.010984322445237624,0.010956036014457387,3.948551273938955,1.22099210490935,0.11210883573251375,0.09810001113629252,0.09124609373643379
1.2,3,4.0,smooth,standard_dml,0.5891706420274343,,,,,5.02009293088702,,,
1.2,3,4.0,smooth,oracle_state,-0.008427977011387755,,,,,1.0269514682075636,,,
1.2,3,4.0,smooth,hard_fe,0.0730410843476168,,,,,1.1566140704382566,,,
1.2,3,8.0,smooth,lin,0.09568401534682547,0.0057218034373784895,0.006084236541249133,0.006074988176303968,7.961816452861192,1.430633920347965,0.10509760205676695,0.1005151096889678,0.09552957210048003
1.2,3,8.0,smooth,gbm,0.09157005645147587,0.0057218034373784895,0.006961096664493498,0.006074988176303968,7.961816452861192,1.590517795216892,0.11557602395675398,0.1005151096889678,0.08592663763603885
1.2,3,8.0,filter,lin,0.14187892100243604,0.009405201412421163,0.010984322445237624,0.010956036014457387,7.935974536297717,1.766595864994845,0.154799917413956,0.14090779660716984,0.12675129676805308
1.2,3,8.0,smooth,standard_dml,0.3474985764109788,,,,,17.10368791793021,,,
1.2,3,8.0,smooth,oracle_state,-0.008427977011388199,,,,,1.0269514682075636,,,
1.2,3,8.0,smooth,hard_fe,0.11467821585651805,,,,,1.5407670995794664,,,
1.2,3,16.0,smooth,lin,0.10706959597528232,0.0057218034373784895,0.006084236541249133,0.006074988176303968,15.956454026553192,2.613131928142428,0.11418806749541714,0.11142835376707023,0.10481639964011145
1.2,3,16.0,smooth,gbm,0.10616846351677278,0.0057218034373784895,0.006961096664493498,0.006074988176303968,15.956454026553192,2.9423819378560547,0.12010343139756309,0.11142835376707023,0.0930875346156068
1.2,3,16.0,filter,lin,0.12856483744000524,0.009405201412421163,0.010984322445237624,0.010956036014457387,15.910821061015243,3.9122983399086477,0.138313047806349,0.1324780604452672,0.11474928319449317
1.2,3,16.0,smooth,standard_dml,0.18179360993730698,,,,,65.54212143335555,,,
1.2,3,16.0,smooth,oracle_state,-0.008427977011387644,,,,,1.0269514682075636,,,
1.2,3,16.0,smooth,hard_fe,0.11753729610290242,,,,,3.0723573394217985,,,
1.2,3,32.0,smooth,lin,0.07732384903935663,0.0057218034373784895,0.006084236541249133,0.006074988176303968,31.94572917393719,7.314474775571022,0.08078365811147582,0.08008207931144613,0.0749693677012071
1.2,3,32.0,smooth,gbm,0.0632150861811196,0.0057218034373784895,0.006961096664493498,0.006074988176303968,31.94572917393719,8.336721260794931,0.08221602852582396,0.08008207931144613,0.06577664429897231
1.2,3,32.0,filter,lin,0.08112158079523413,0.009405201412421163,0.010984322445237624,0.010956036014457387,31.86051411045031,12.4216831087075,0.08609565545992875,0.08493138929498652,0.07237051928220974
1.2,3,32.0,smooth,standard_dml,0.09193848882877331,,,,,259.50396262956207,,,
1.2,3,32.0,smooth,oracle_state,-0.008427977011387422,,,,,1.0269514682075633,,,
1.2,3,32.0,smooth,hard_fe,0.07944180364097808,,,,,9.188674545346117,,,
1.2,4,0.25,smooth,lin,-0.018006906587883398,0.005392502255453012,0.005182015153456423,0.0051574523416562405,0.3096633079418846,1.0378714968658687,0.0038852530250891282,0.00404301406893441,0.0048267827709410375
1.2,4,0.25,smooth,gbm,-0.043999779001615336,0.005392502255453012,0.00632192202352122,0.0051574523416562405,0.3096633079418846,1.1192370666497446,0.004739568818609893,0.00404301406893441,0.004475888450083528
1.2,4,0.25,filter,lin,-0.013888398227786092,0.00902773061885809,0.010456257415641138,0.010432380423540624,0.309231776065596,1.0383521929447834,0.007837071409478213,0.006766979809716981,0.008065648222480428
1.2,4,0.25,smooth,standard_dml,0.20867511537830907,,,,,1.0611261262276788,,,
1.2,4,0.25,smooth,oracle_state,-0.018282123937917616,,,,,1.0381378199303255,,,
1.2,4,0.25,smooth,hard_fe,-0.015321073586486489,,,,,1.0380776260694695,,,
1.2,4,0.5,smooth,lin,-0.014245812315071271,0.005392502255453012,0.005182015153456423,0.0051574523416562405,0.5597902569695764,1.038277820749306,0.007762965778609504,0.008077863409016426,0.008722145931357398
1.2,4,0.5,smooth,gbm,-0.03464891270517445,0.005392502255453012,0.00632192202352122,0.0051574523416562405,0.5597902569695764,1.1168716565458503,0.00946791917359671,0.008077863409016426,0.008108371823021022
1.2,4,0.5,filter,lin,-0.0066116036759148455,0.00902773061885809,0.010456257415641138,0.010432380423540624,0.5585153280508569,1.0398633957678505,0.01564349302597187,0.013511102280349425,0.014546504710139675
1.2,4,0.5,smooth,standard_dml,0.37367204057047654,,,,,1.115507445758845,,,
1.2,4,0.5,smooth,oracle_state,-0.018282123937917727,,,,,1.0381378199303253,,,
1.2,4,0.5,smooth,hard_fe,-0.009665069321389663,,,,,1.03899851525002,,,
1.2,4,1.0,smooth,lin,-0.0067198809651356495,0.005392502255453012,0.005182015153456423,0.0051574523416562405,1.0600441550249589,1.0410337241987266,0.015465900927401617,0.01609073742848403,0.01647292598878575
1.2,4,1.0,smooth,gbm,-0.02988752112318238,0.005392502255453012,0.00632192202352122,0.0051574523416562405,1.0600441550249589,1.1185263842688378,0.018846619213488985,0.01609073742848403,0.015331664707905441
1.2,4,1.0,filter,lin,0.007849206552833943,0.00902773061885809,0.010456257415641138,0.010432380423540624,1.0570824320213785,1.04680689794485,0.031044166451255083,0.02684087962573989,0.027349042474648866
1.2,4,1.0,smooth,standard_dml,0.612507258017126,,,,,1.3185812680104143,,,
1.2,4,1.0,smooth,oracle_state,-0.018282123937917727,,,,,1.0381378199303253,,,
1.2,4,1.0,smooth,hard_fe,0.0016126648421750378,,,,,1.0435828492331307,,,
1.2,4,2.0,smooth,lin,0.008152520675525077,0.005392502255453012,0.005182015153456423,0.0051574523416562405,2.060551951135725,1.0543185538277524,0.03046069969119981,0.031671851412023236,0.03161719293557883
1.2,4,2.0,smooth,gbm,-0.013357743252974563,0.005392502255453012,0.00632192202352122,0.0051574523416562405,2.060551951135725,1.1305241147183285,0.0369959891078362,0.031671851412023236,0.029485963809129236
1.2,4,2.0,filter,lin,0.035675320100334806,0.00902773061885809,0.010456257415641138,0.010432380423540624,2.0542166399624207,1.0763782884223112,0.06021888772836146,0.05227855680136689,0.051686980287028596
1.2,4,2.0,smooth,standard_dml,0.7560769885696446,,,,,2.1019736452705007,,,
1.2,4,2.0,smooth,oracle_state,-0.018282123937917616,,,,,1.0381378199303253,,,
1.2,4,2.0,smooth,hard_fe,0.02362726315001762,,,,,1.063721739687389,,,
1.2,4,4.0,smooth,lin,0.035771592983531386,0.005392502255453012,0.005182015153456423,0.0051574523416562405,4.061567543357259,1.1119803040065424,0.05742310355683667,0.0595702994768457,0.05908920884474561
1.2,4,4.0,smooth,gbm,0.013811840780253881,0.005392502255453012,0.00632192202352122,0.0051574523416562405,4.061567543357259,1.202250995947132,0.06889434904216182,0.0595702994768457,0.054652511527281504
1.2,4,4.0,filter,lin,0.08242562306368284,0.00902773061885809,0.010456257415641138,0.010432380423540624,4.048485055844508,1.1982586138710798,0.10749171269919831,0.09465976210292998,0.09150436827797122
1.2,4,4.0,smooth,standard_dml,0.6088529247436159,,,,,5.177737330818466,,,
1.2,4,4.0,smooth,oracle_state,-0.018282123937917616,,,,,1.0381378199303253,,,
1.2,4,4.0,smooth,hard_fe,0.0627527057543078,,,,,1.1478804105480533,,,
1.2,4,8.0,smooth,lin,0.07556655771947485,0.005392502255453012,0.005182015153456423,0.0051574523416562405,8.063598727800324,1.3516721680470771,0.09339425516895193,0.09621449405436464,0.09650929127931149
1.2,4,8.0,smooth,gbm,0.07025612986173524,0.005392502255453012,0.00632192202352122,0.0051574523416562405,8.063598727800324,1.4882070489650636,0.10802064892196182,0.09621449405436464,0.08765509011055368
1.2,4,8.0,filter,lin,0.129654648808333,0.00902773061885809,0.010456257415641138,0.010432380423540624,8.03702188760868,1.6929694427440047,0.1503415448257458,0.13732348900458619,0.1285718455643185
1.2,4,8.0,smooth,standard_dml,0.36158183161293,,,,,17.365180426025567,,,
1.2,4,8.0,smooth,oracle_state,-0.018282123937917616,,,,,1.0381378199303253,,,
1.2,4,8.0,smooth,hard_fe,0.11116831050552323,,,,,1.491721312077973,,,
1.2,4,16.0,smooth,lin,0.09743017623916672,0.005392502255453012,0.005182015153456423,0.0051574523416562405,16.067661096686457,2.328529350859962,0.10691015555411613,0.10873439200453046,0.11163041428496964
1.2,4,16.0,smooth,gbm,0.09523327735716003,0.005392502255453012,0.00632192202352122,0.0051574523416562405,16.067661096686457,2.6569222504952017,0.11589171326844272,0.10873439200453046,0.09783300812161964
1.2,4,16.0,filter,lin,0.12505308280419936,0.00902773061885809,0.010456257415641138,0.010432380423540624,16.01409555113702,3.686191812391404,0.13650459552053051,0.13087227675042987,0.11765877748493689
1.2,4,16.0,smooth,standard_dml,0.19021145724449506,,,,,65.88372951288444,,,
1.2,4,16.0,smooth,oracle_state,-0.01828212393791795,,,,,1.0381378199303253,,,
1.2,4,16.0,smooth,hard_fe,0.12265540004802977,,,,,2.8814973543721782,,,
1.2,4,32.0,smooth,lin,0.07594295351443314,0.005392502255453012,0.005182015153456423,0.0051574523416562405,32.07578583445871,6.272137535412997,0.07888411058093629,0.07937540374603426,0.08273196170260176
1.2,4,32.0,smooth,gbm,0.07559500016390075,0.005392502255453012,0.00632192202352122,0.0051574523416562405,32.07578583445871,7.323316933419839,0.08120592539383374,0.07937540374603426,0.07085672340701504
1.2,4,32.0,filter,lin,0.08075968538839962,0.00902773061885809,0.010456257415641138,0.010432380423540624,31.96824287819371,11.687839399292399,0.08574211261521338,0.08459865534353216,0.07407716906514829
1.2,4,32.0,smooth,standard_dml,0.09648589323708445,,,,,259.4954792723809,,,
1.2,4,32.0,smooth,oracle_state,-0.018282123937918393,,,,,1.0381378199303257,,,
1.2,4,32.0,smooth,hard_fe,0.08603054352640549,,,,,8.469426395898049,,,
1.2,5,0.25,smooth,lin,-0.0026719347124188886,0.005246432951963852,0.00822635939295279,0.008234687349658147,0.24289969576794296,0.9969862231811045,0.006166599003487409,0.003933534899778146,0.0038346276155135227
1.2,5,0.25,smooth,gbm,-0.017322276414888038,0.005246432951963852,0.009291396410133063,0.008234687349658147,0.24289969576794296,1.0793465911462825,0.006964502935251612,0.003933534899778146,0.0035420234195918773
1.2,5,0.25,filter,lin,0.004369435944640232,0.00948332017842525,0.012551205459411723,0.012565299235604208,0.2367113150189266,0.9980145741817842,0.009406025534618698,0.007108277004646937,0.006747824876267828
1.2,5,0.25,smooth,standard_dml,0.17426223942624874,,,,,1.0106783614490427,,,
1.2,5,0.25,smooth,oracle_state,-0.0032997822020807144,,,,,0.997244322523594,,,
1.2,5,0.25,smooth,hard_fe,-0.0024668944148847904,,,,,0.9968359676739328,,,
1.2,5,0.5,smooth,lin,0.004205937396436932,0.005246432951963852,0.00822635939295279,0.008234687349658147,0.4912327520180147,0.9974971098049064,0.01231421380233427,0.00785934105147748,0.007751059141741054
1.2,5,0.5,smooth,gbm,-0.012354405118874978,0.005246432951963852,0.009291396410133063,0.008234687349658147,0.4912327520180147,1.077163197886143,0.01390479587258605,0.00785934105147748,0.007177797298484052
1.2,5,0.5,filter,lin,0.01396837741521173,0.00948332017842525,0.012551205459411723,0.012565299235604208,0.4849152231823748,1.0000338849628803,0.018767918189806162,0.014191335024189452,0.013795351507519243
1.2,5,0.5,smooth,standard_dml,0.34476434756319385,,,,,1.0557030211460547,,,
1.2,5,0.5,smooth,oracle_state,-0.0032997822020804923,,,,,0.9972443225235942,,,
1.2,5,0.5,smooth,hard_fe,0.0057001944280192784,,,,,0.9974792406431752,,,
1.2,5,1.0,smooth,lin,0.01788531149882089,0.005246432951963852,0.00822635939295279,0.008234687349658147,0.9878988645181594,1.001603767824867,0.02447771569245372,0.015657154643834152,0.015523938674685564
1.2,5,1.0,smooth,gbm,0.009103063624851027,0.005246432951963852,0.009291396410133063,0.008234687349658147,0.9878988645181594,1.0738741466487092,0.02761758331592109,0.015657154643834152,0.01447919713550348
1.2,5,1.0,filter,lin,0.03289622784656765,0.00948332017842525,0.012551205459411723,0.012565299235604208,0.9813230395092711,1.0087792085723521,0.03718687625397778,0.028182695014957994,0.02767563160417101
1.2,5,1.0,smooth,standard_dml,0.5971027713680335,,,,,1.238748463705109,,,
1.2,5,1.0,smooth,oracle_state,-0.0032997822020804923,,,,,0.9972443225235942,,,
1.2,5,1.0,smooth,hard_fe,0.021921294381221035,,,,,1.0024798083996547,,,
1.2,5,2.0,smooth,lin,0.04436811770863036,0.005246432951963852,0.00822635939295279,0.008234687349658147,1.9812310895184495,1.0221566229542176,0.04778574549258792,0.03083157455691774,0.030507250572216083
1.2,5,2.0,smooth,gbm,0.036437320795326356,0.005246432951963852,0.009291396410133063,0.008234687349658147,1.9812310895184495,1.095376297041724,0.05375070213727669,0.03083157455691774,0.028468014420917048
1.2,5,2.0,filter,lin,0.06852704929431064,0.00948332017842525,0.012551205459411723,0.012565299235604208,1.9741386721630643,1.0450966639804131,0.0717071862464865,0.054820403322481503,0.05374064356907512
1.2,5,2.0,smooth,standard_dml,0.7542618943668709,,,,,1.9768238414833361,,,
1.2,5,2.0,smooth,oracle_state,-0.0032997822020807144,,,,,0.9972443225235942,,,
1.2,5,2.0,smooth,hard_fe,0.0531036184799194,,,,,1.027337031184592,,,
1.2,5,4.0,smooth,lin,0.09008058566174926,0.005246432951963852,0.00822635939295279,0.008234687349658147,3.9678955395190263,1.1126204895706353,0.0872343719890289,0.05808165157216334,0.05613045446390211
1.2,5,4.0,smooth,gbm,0.0877968883810154,0.005246432951963852,0.009291396410133063,0.008234687349658147,3.9678955395190263,1.1970741524545374,0.09706660764459257,0.05808165157216334,0.05217044708332788
1.2,5,4.0,filter,lin,0.12445706669853362,0.00948332017842525,0.012551205459411723,0.012565299235604208,3.9597699374706505,1.1930388075530058,0.12542642102730292,0.09880747534552711,0.0944271868916604
1.2,5,4.0,smooth,standard_dml,0.6059221579210423,,,,,4.940912567680267,,,
1.2,5,4.0,smooth,oracle_state,-0.0032997822020807144,,,,,0.9972443225235942,,,
1.2,5,4.0,smooth,hard_fe,0.10533847580251399,,,,,1.1364758258423813,,,
1.2,5,8.0,smooth,lin,0.14082956563810733,0.005246432951963852,0.00822635939295279,0.008234687349658147,7.941224439520181,1.4909808482343379,0.12933790152307909,0.0942634059441197,0.08383025501858991
1.2,5,8.0,smooth,gbm,0.13215267684108745,0.005246432951963852,0.009291396410133063,0.008234687349658147,7.941224439520181,1.6317524348340897,0.13983858646521233,0.0942634059441197,0.07659820329793256
1.2,5,8.0,filter,lin,0.16881893033338446,0.00948332017842525,0.012551205459411723,0.012565299235604208,7.931032468085822,1.7901520257240724,0.16704527705334474,0.1416361206818301,0.12604379822421363
1.2,5,8.0,smooth,standard_dml,0.35666106720676427,,,,,16.820841902636037,,,
1.2,5,8.0,smooth,oracle_state,-0.0032997822020804923,,,,,0.9972443225235943,,,
1.2,5,8.0,smooth,hard_fe,0.15701161035941347,,,,,1.5924508115096183,,,
1.2,5,16.0,smooth,lin,0.14139297128018313,0.005246432951963852,0.00822635939295279,0.008234687349658147,15.887882239522503,3.0374320672852106,0.12713195786840162,0.10747735758531357,0.08232747966559728
1.2,5,16.0,smooth,gbm,0.13301710903303388,0.005246432951963852,0.009291396410133063,0.008234687349658147,15.887882239522503,3.35639416125361,0.13200359918434765,0.10747735758531357,0.07450380221781151
1.2,5,16.0,filter,lin,0.14553058399962393,0.00948332017842525,0.012551205459411723,0.012565299235604208,15.873557529316166,4.1892941861697315,0.14299604391721799,0.13279907493370036,0.10779908624091487
1.2,5,16.0,smooth,standard_dml,0.18653252020619537,,,,,64.38770810279519,,,
1.2,5,16.0,smooth,oracle_state,-0.0032997822020807144,,,,,0.9972443225235946,,,
1.2,5,16.0,smooth,hard_fe,0.14779808983349896,,,,,3.4551903682507272,,,
1.2,5,32.0,smooth,lin,0.09349147195517582,0.005246432951963852,0.00822635939295279,0.008234687349658147,31.781197839527117,9.289256512280826,0.08380177535570445,0.07903799593673048,0.05384863364826094
1.2,5,32.0,smooth,gbm,0.0836323626852844,0.005246432951963852,0.009291396410133063,0.008234687349658147,31.781197839527117,10.468608973318345,0.08483364815478078,0.07903799593673048,0.04778225761124922
1.2,5,32.0,filter,lin,0.08869173445729395,0.00948332017842525,0.012551205459411723,0.012565299235604208,31.75860765177685,13.807241403475151,0.08698223648944216,0.08499725035742146,0.0654389322200847
1.2,5,32.0,smooth,standard_dml,0.09433788215790284,,,,,254.74947062410402,,,
1.2,5,32.0,smooth,oracle_state,-0.0032997822020801593,,,,,0.9972443225235949,,,
1.2,5,32.0,smooth,hard_fe,0.09395131581127592,,,,,10.98382782335948,,,
1.2,6,0.25,smooth,lin,0.0013812608007164329,0.004683698052689178,0.004867182519758784,0.004861121928807889,0.3228340739181452,1.0010622001775753,0.0036492767838083432,0.0035117455422820133,0.004531358759976887
1.2,6,0.25,smooth,gbm,-0.009480434270870641,0.004683698052689178,0.005459081342266628,0.004861121928807889,0.3228340739181452,1.0887063723487729,0.004092914534614259,0.0035117455422820133,0.0041665706064253705
1.2,6,0.25,filter,lin,0.0057159477748525145,0.007813853037986233,0.008814296086918416,0.008797308718675054,0.3209287159688014,1.0017295975452065,0.006607082266478352,0.005857529161487575,0.007510080050729472
1.2,6,0.25,smooth,standard_dml,0.23280243080706176,,,,,1.0264706056251245,,,
1.2,6,0.25,smooth,oracle_state,-0.004297807786143526,,,,,1.000258078549296,,,
1.2,6,0.25,smooth,hard_fe,-0.0004945563627566374,,,,,1.0004582292225033,,,
1.2,6,0.5,smooth,lin,0.004710565426944147,0.004683698052689178,0.004867182519758784,0.004861121928807889,0.5727210784891548,1.0023775151835799,0.007291901026335379,0.007017330314950963,0.008028270465232126
1.2,6,0.5,smooth,gbm,-0.001692883303809567,0.004683698052689178,0.005459081342266628,0.004861121928807889,0.5727210784891548,1.0877322512596554,0.008177461656311176,0.007017330314950963,0.00739828923049933
1.2,6,0.5,filter,lin,0.01172303462610702,0.007813853037986233,0.008814296086918416,0.008797308718675054,0.5703834652855703,1.0040561832981634,0.013192373758278933,0.011697928084254523,0.013316662893500418
1.2,6,0.5,smooth,standard_dml,0.3942772524768714,,,,,1.0827735183105736,,,
1.2,6,0.5,smooth,oracle_state,-0.004297807786143526,,,,,1.000258078549296,,,
1.2,6,0.5,smooth,hard_fe,0.004150269334742829,,,,,1.00157701621806,,,
1.2,6,1.0,smooth,lin,0.011322468390186025,0.004683698052689178,0.004867182519758784,0.004861121928807889,1.0724950876311747,1.0068333386404977,0.014530823389676416,0.01398558987799028,0.014967451793678994
1.2,6,1.0,smooth,gbm,0.0028862831018772184,0.004683698052689178,0.005459081342266628,0.004861121928807889,1.0724950876311747,1.0861771784377152,0.016288324737130634,0.01398558987799028,0.013874098774608596
1.2,6,1.0,filter,lin,0.023576819297703056,0.007813853037986233,0.008814296086918416,0.008797308718675054,1.0692929639191087,1.012014715836671,0.02621184926038851,0.023259810374004795,0.024768310017238202
1.2,6,1.0,smooth,standard_dml,0.6225867401726832,,,,,1.289473654798532,,,
1.2,6,1.0,smooth,oracle_state,-0.004297807786143304,,,,,1.000258078549296,,,
1.2,6,1.0,smooth,hard_fe,0.013375719467352498,,,,,1.0063016893484247,,,
1.2,6,2.0,smooth,lin,0.024198317613283837,0.004683698052689178,0.004867182519758784,0.004861121928807889,2.072043105915214,1.0230457593339723,0.028645405451806955,0.02758538191784978,0.028458622222082813
1.2,6,2.0,smooth,gbm,0.011705156482598289,0.004683698052689178,0.005459081342266628,0.004861121928807889,2.072043105915214,1.1098969128427878,0.0320545348021069,0.02758538191784978,0.026231690929041544
1.2,6,2.0,filter,lin,0.04614027242429897,0.007813853037986233,0.008814296086918416,0.008797308718675054,2.067111961186184,1.0411532250440647,0.05108467472730882,0.04546217908334201,0.04654101439417452
1.2,6,2.0,smooth,standard_dml,0.7476738178069666,,,,,2.0792511722426905,,,
1.2,6,2.0,smooth,oracle_state,-0.004297807786143304,,,,,1.000258078549296,,,
1.2,6,2.0,smooth,hard_fe,0.03126295826003944,,,,,1.025699432166157,,,
1.2,6,4.0,smooth,lin,0.047450474319967295,0.004683698052689178,0.004867182519758784,0.004861121928807889,4.071139142483292,1.084673695839474,0.05418642658461232,0.05228609977322136,0.05273840385458461
1.2,6,4.0,smooth,gbm,0.036145217122667495,0.004683698052689178,0.005459081342266628,0.004861121928807889,4.071139142483292,1.180348282121183,0.0602467091348621,0.05228609977322136,0.04846362746326603
1.2,6,4.0,filter,lin,0.08365509329182075,0.007813853037986233,0.008814296086918416,0.008797308718675054,4.062749955720332,1.1523160199803624,0.0926984129119302,0.08334616189108095,0.08264850232132873
1.2,6,4.0,smooth,standard_dml,0.5921765961752408,,,,,5.164315185003978,,,
1.2,6,4.0,smooth,oracle_state,-0.004297807786143193,,,,,1.000258078549296,,,
1.2,6,4.0,smooth,hard_fe,0.06273648341005966,,,,,1.1042885040296335,,,
1.2,6,8.0,smooth,lin,0.07917985209785416,0.004683698052689178,0.004867182519758784,0.004861121928807889,8.069331215619448,1.324741949324688,0.08906779173715015,0.08648445927954843,0.08558869352714427
1.2,6,8.0,smooth,gbm,0.06470633761596489,0.004683698052689178,0.005459081342266628,0.004861121928807889,8.069331215619448,1.4523112082718332,0.0970948399466717,0.08648445927954843,0.07807068626718205
1.2,6,8.0,filter,lin,0.12174693378449852,0.007813853037986233,0.008814296086918416,0.008797308718675054,8.05402594478864,1.586184715939,0.1352478001346226,0.12501443157205727,0.11902707382875867
1.2,6,8.0,smooth,standard_dml,0.34945776713090204,,,,,17.356479122018428,,,
1.2,6,8.0,smooth,oracle_state,-0.004297807786143526,,,,,1.0002580785492958,,,
1.2,6,8.0,smooth,hard_fe,0.1011548560897606,,,,,1.4206409926686343,,,
1.2,6,16.0,smooth,lin,0.09319107646154623,0.004683698052689178,0.004867182519758784,0.004861121928807889,16.065715361891765,2.2721279781919606,0.10401820728654364,0.10223500532163203,0.09935218501480973
1.2,6,16.0,smooth,gbm,0.0824666112123702,0.004683698052689178,0.005459081342266628,0.004861121928807889,16.065715361891765,2.5222359990354075,0.10929434467048584,0.10223500532163203,0.08950030027046817
1.2,6,16.0,filter,lin,0.11713154416223737,0.007813853037986233,0.008814296086918416,0.008797308718675054,16.03657792292525,3.300094532200442,0.12992213581119685,0.12500721536951215,0.11391261241089334
1.2,6,16.0,smooth,standard_dml,0.18350127146536543,,,,,65.82895064201483,,,
1.2,6,16.0,smooth,oracle_state,-0.004297807786143637,,,,,1.0002580785492958,,,
1.2,6,16.0,smooth,hard_fe,0.10875506921624356,,,,,2.6900433495948297,,,
1.2,6,32.0,smooth,lin,0.07048502219582464,0.004683698052689178,0.004867182519758784,0.004861121928807889,32.05848365443639,6.035898123513876,0.07808320857336463,0.07757534981865746,0.07462961819029434
1.2,6,32.0,smooth,gbm,0.06540292137547721,0.004683698052689178,0.005459081342266628,0.004861121928807889,32.05848365443639,6.712069038341406,0.07952411419604674,0.07757534981865746,0.06711146292152342
1.2,6,32.0,filter,lin,0.07647973407222497,0.007813853037986233,0.008814296086918416,0.008797308718675054,32.00168187919845,10.112603862099999,0.0843991618112712,0.08333493668708027,0.07418161808244213
1.2,6,32.0,smooth,standard_dml,0.09303710157047984,,,,,259.1264682658777,,,
1.2,6,32.0,smooth,oracle_state,-0.004297807786143082,,,,,1.0002580785492947,,,
1.2,6,32.0,smooth,hard_fe,0.07591121312878446,,,,,7.775637582039989,,,
1.2,7,0.25,smooth,lin,0.011550101837944471,0.005086926746780574,0.006116325658779575,0.006113887204170059,0.18580307663997253,0.990678414111116,0.004585491346685815,0.0038139824694956915,0.002862179977067672
1.2,7,0.25,smooth,gbm,-0.00924999630386858,0.005086926746780574,0.006938366588290364,0.006113887204170059,0.18580307663997253,1.0689835923709776,0.00520151931322957,0.0038139824694956915,0.0026525195904016892
1.2,7,0.25,filter,lin,0.012217072641518723,0.007731037580841909,0.011308624450946679,0.011322526026339184,0.18825858631445766,0.9905603110884464,0.008475477963376877,0.0057954778695559015,0.004407911934551417
1.2,7,0.25,smooth,standard_dml,0.145926443426186,,,,,0.9984161126275737,,,
1.2,7,0.25,smooth,oracle_state,0.0009101349284563742,,,,,0.9896970618053902,,,
1.2,7,0.25,smooth,hard_fe,0.01260335926676781,,,,,0.9907594915995772,,,
1.2,7,0.5,smooth,lin,0.01612311587098736,0.005086926746780574,0.006116325658779575,0.006113887204170059,0.43523333160240185,0.9928257909737163,0.009160481366362399,0.007620698636240399,0.006689995654063211
1.2,7,0.5,smooth,gbm,-0.010019337625457925,0.005086926746780574,0.006938366588290364,0.006113887204170059,0.43523333160240185,1.0710128135339152,0.01038952829344072,0.007620698636240399,0.006201606687542868
1.2,7,0.5,filter,lin,0.020824447458400952,0.007731037580841909,0.011308624450946679,0.011322526026339184,0.4362957159707207,0.9931158612942127,0.016915115005634196,0.011574186254038454,0.0101891995928883
1.2,7,0.5,smooth,standard_dml,0.3224109131390196,,,,,1.0381704633141833,,,
1.2,7,0.5,smooth,oracle_state,0.0009101349284563742,,,,,0.9896970618053902,,,
1.2,7,0.5,smooth,hard_fe,0.018134609903027732,,,,,0.9931917353569397,,,
1.2,7,1.0,smooth,lin,0.02515219765135779,0.005086926746780574,0.006116325658779575,0.006113887204170059,0.9340938415272596,0.9994141668209592,0.018237430909715413,0.01518354267101764,0.014263356787054449
1.2,7,1.0,smooth,gbm,0.008323459357459262,0.005086926746780574,0.006938366588290364,0.006113887204170059,0.9340938415272596,1.079814973971159,0.02067167212567025,0.01518354267101764,0.013201336509512817
1.2,7,1.0,filter,lin,0.03774662547615559,0.007731037580841909,0.011308624450946679,0.011322526026339184,0.9323699752832456,1.0024676958748493,0.03354650848672319,0.023015181509347067,0.021571330471271275
1.2,7,1.0,smooth,standard_dml,0.5880998861702271,,,,,1.2119741105623365,,,
1.2,7,1.0,smooth,oracle_state,0.0009101349284563742,,,,,0.9896970618053902,,,
1.2,7,1.0,smooth,hard_fe,0.029033068626963754,,,,,1.0009151555085511,,,
1.2,7,2.0,smooth,lin,0.04247305413329827,0.005086926746780574,0.006116325658779575,0.006113887204170059,1.931814861376976,1.0217654070036142,0.03582156843992996,0.02991290152531176,0.028853004674482933
1.2,7,2.0,smooth,gbm,0.024937852326869292,0.005086926746780574,0.006938366588290364,0.006113887204170059,1.931814861376976,1.1053764640638413,0.04050601714578603,0.02991290152531176,0.026670553447569655
1.2,7,2.0,filter,lin,0.06950655588406218,0.007731037580841909,0.011308624450946679,0.011322526026339184,1.9245184939082958,1.0381343017125433,0.06491533416496298,0.044994799540297496,0.042995953732246864
1.2,7,2.0,smooth,standard_dml,0.75840560205571,,,,,1.936761188558378,,,
1.2,7,2.0,smooth,oracle_state,0.0009101349284563742,,,,,0.98969706180539,,,
1.2,7,2.0,smooth,hard_fe,0.049773048264012854,,,,,1.0277977263593219,,,
1.2,7,4.0,smooth,lin,0.07244383756022565,0.005086926746780574,0.006116325658779575,0.006113887204170059,3.9272569010764102,1.1031658413216017,0.06685353959196932,0.05644871343801948,0.05432819098431504
1.2,7,4.0,smooth,gbm,0.047269659352153104,0.005086926746780574,0.006938366588290364,0.006113887204170059,3.9272569010764102,1.1990696895471216,0.07494091806726491,0.05644871343801948,0.049982920123123734
1.2,7,4.0,filter,lin,0.1195868266216713,0.007731037580841909,0.011308624450946679,0.011322526026339184,3.9088155311583974,1.177319260093611,0.11491161637684773,0.08256005301013984,0.07700341137431482
1.2,7,4.0,smooth,standard_dml,0.608987692757547,,,,,4.895054478549405,,,
1.2,7,4.0,smooth,oracle_state,0.0009101349284563742,,,,,0.98969706180539,,,
1.2,7,4.0,smooth,hard_fe,0.08458272949937062,,,,,1.1273057902510522,,,
1.2,7,8.0,smooth,lin,0.10826882539073757,0.005086926746780574,0.006116325658779575,0.006113887204170059,7.918140980475272,1.4127585257682864,0.10549596459938637,0.09210140386090489,0.08553267045361732
1.2,7,8.0,smooth,gbm,0.08426303422450543,0.005086926746780574,0.006938366588290364,0.006113887204170059,7.918140980475272,1.5356887017934637,0.11531468322458494,0.09210140386090489,0.07868587512166808
1.2,7,8.0,filter,lin,0.16099934030250362,0.007731037580841909,0.011308624450946679,0.011322526026339184,7.877409605658597,1.7270961636784667,0.1574512994650428,0.12412803682049955,0.10578545245214759
1.2,7,8.0,smooth,standard_dml,0.35647620905939115,,,,,16.846517594527228,,,
1.2,7,8.0,smooth,oracle_state,0.0009101349284563742,,,,,0.9896970618053899,,,
1.2,7,8.0,smooth,hard_fe,0.12173810957188458,,,,,1.5092936067952678,,,
1.2,7,16.0,smooth,lin,0.11417536957649421,0.005086926746780574,0.006116325658779575,0.006113887204170059,15.899909139272992,2.619111157904495,0.11442278911774409,0.10605804732602457,0.0926440324930623
1.2,7,16.0,smooth,gbm,0.09569827119753471,0.005086926746780574,0.006938366588290364,0.006113887204170059,15.899909139272992,2.8585337954031105,0.11996216968234329,0.10605804732602457,0.08488443257380773
1.2,7,16.0,filter,lin,0.14124770582918345,0.007731037580841909,0.011308624450946679,0.011322526026339184,15.814597754658992,3.9122779181390603,0.13936145785419687,0.12456249244834659,0.09375350023087568
1.2,7,16.0,smooth,standard_dml,0.18576494647711206,,,,,64.88894997046594,,,
1.2,7,16.0,smooth,oracle_state,0.0009101349284565963,,,,,0.9896970618053899,,,
1.2,7,16.0,smooth,hard_fe,0.11996530316876086,,,,,3.0051559949267226,,,
1.2,7,32.0,smooth,lin,0.08010293400702762,0.005086926746780574,0.006116325658779575,0.006113887204170059,31.863445456868448,7.380485475148271,0.0808423194719099,0.07865098181940207,0.06588469558740179
1.2,7,32.0,smooth,gbm,0.06556300340550769,0.005086926746780574,0.006938366588290364,0.006113887204170059,31.863445456868448,8.268243927726617,0.08218290529153996,0.07865098181940207,0.058810678914148026
1.2,7,32.0,filter,lin,0.08726057709238866,0.007731037580841909,0.011308624450946679,0.011322526026339184,31.68897405265982,12.62515321622377,0.08629771337704836,0.08323588204269619,0.05821441809940605
1.2,7,32.0,smooth,standard_dml,0.09378068189381228,,,,,257.5318392982757,,,
1.2,7,32.0,smooth,oracle_state,0.0009101349284563742,,,,,0.9896970618053902,,,
1.2,7,32.0,smooth,hard_fe,0.08001255270766028,,,,,8.924427791361719,,,
1.2,9,0.25,smooth,lin,0.03187763743998184,0.004536229194864186,0.004896067881764707,0.004885715216336461,0.263615904407049,1.00353936416618,0.0036709275919060915,0.003401207605070894,0.003574813917126308
1.2,9,0.25,smooth,gbm,0.01344718102863518,0.004536229194864186,0.005365330390600445,0.004885715216336461,0.263615904407049,1.0829461751317346,0.004022648865437306,0.003401207605070894,0.0033126914040478056
1.2,9,0.25,filter,lin,0.03396205079019898,0.008034085493577947,0.008234363719680168,0.00821915707094504,0.26440569176316164,1.003783508339803,0.006172596077185487,0.00602254002009534,0.006348753237021954
1.2,9,0.25,smooth,standard_dml,0.22077308511756422,,,,,1.0200141654625297,,,
1.2,9,0.25,smooth,oracle_state,0.026966864068218133,,,,,1.0032524353618195,,,
1.2,9,0.25,smooth,hard_fe,0.033542341901824146,,,,,1.0036250381185974,,,
1.2,9,0.5,smooth,lin,0.03595865627124062,0.004536229194864186,0.004896067881764707,0.004885715216336461,0.5134364038845439,1.0045896907762453,0.007335123506994217,0.006796636017613787,0.006955273062400675
1.2,9,0.5,smooth,gbm,0.017911084203080074,0.004536229194864186,0.005365330390600445,0.004885715216336461,0.5134364038845439,1.0896434473252068,0.008037215007416896,0.006796636017613787,0.0064123687727147835
1.2,9,0.5,filter,lin,0.04056434003409848,0.008034085493577947,0.008234363719680168,0.00821915707094504,0.5143169567039112,1.0053830923536538,0.01232617103562567,0.012026971810428463,0.012329826607535252
1.2,9,0.5,smooth,standard_dml,0.38688995461784215,,,,,1.0687849015745956,,,
1.2,9,0.5,smooth,oracle_state,0.02696686406821791,,,,,1.0032524353618195,,,
1.2,9,0.5,smooth,hard_fe,0.03905124789494807,,,,,1.0050486057180437,,,
1.2,9,1.0,smooth,lin,0.04401487108523083,0.004536229194864186,0.004896067881764707,0.004885715216336461,1.0130774028395348,1.0085263694520372,0.014616639585679346,0.013547234225190581,0.013670097571910147
1.2,9,1.0,smooth,gbm,0.027917474011362353,0.004536229194864186,0.005365330390600445,0.004885715216336461,1.0130774028395348,1.0958912781490915,0.016010091740032237,0.013547234225190581,0.012580311705316842
1.2,9,1.0,filter,lin,0.05354216693623659,0.008034085493577947,0.008234363719680168,0.00821915707094504,1.01413948658541,1.0116701467762348,0.024501338228448553,0.023910160209446012,0.024161086586187167
1.2,9,1.0,smooth,standard_dml,0.6268553784423005,,,,,1.2604551305233114,,,
1.2,9,1.0,smooth,oracle_state,0.026966864068218133,,,,,1.0032524353618195,,,
1.2,9,1.0,smooth,hard_fe,0.04989899737049264,,,,,1.0103878046115726,,,
1.2,9,2.0,smooth,lin,0.05951008635207322,0.004536229194864186,0.004896067881764707,0.004885715216336461,2.0123594007495162,1.0237438286262686,0.028812142469195216,0.026732319457310364,0.0267504131668036
1.2,9,2.0,smooth,gbm,0.04381477195297956,0.004536229194864186,0.005365330390600445,0.004885715216336461,2.0123594007495162,1.109491254212215,0.03151561558333175,0.026732319457310364,0.02468299798556137
1.2,9,2.0,filter,lin,0.0780782946544849,0.008034085493577947,0.008234363719680168,0.00821915707094504,2.0137845463484103,1.0365958012009169,0.047830758856432294,0.04670362916323648,0.04682321843943111
1.2,9,2.0,smooth,standard_dml,0.7639245855195276,,,,,2.020310615319078,,,
1.2,9,2.0,smooth,oracle_state,0.02696686406821791,,,,,1.0032524353618195,,,
1.2,9,2.0,smooth,hard_fe,0.07056525629505228,,,,,1.0310344571771772,,,
1.2,9,4.0,smooth,lin,0.0867412556591145,0.004536229194864186,0.004896067881764707,0.004885715216336461,4.010923396569479,1.083555154265319,0.05448464616311946,0.05075124208222601,0.05037436554547697
1.2,9,4.0,smooth,gbm,0.06535235995036004,0.004536229194864186,0.005365330390600445,0.004885715216336461,4.010923396569479,1.1838699149393364,0.05929386580438235,0.05075124208222601,0.04610591310823523
1.2,9,4.0,filter,lin,0.11838929758676153,0.008034085493577947,0.008234363719680168,0.00821915707094504,4.013074665874406,1.1358532923683624,0.08730937079231636,0.08542769184598108,0.08515549985470493
1.2,9,4.0,smooth,standard_dml,0.6043993891553783,,,,,5.046081692503955,,,
1.2,9,4.0,smooth,oracle_state,0.026966864068218133,,,,,1.0032524353618193,,,
1.2,9,4.0,smooth,hard_fe,0.10558431293136716,,,,,1.1122007814225716,,,
1.2,9,8.0,smooth,lin,0.1212407398131774,0.004536229194864186,0.004896067881764707,0.004885715216336461,8.008051388209406,1.3206834347057734,0.08947026861566408,0.08437411884129561,0.08251717757615645
1.2,9,8.0,smooth,gbm,0.11401227630004551,0.004536229194864186,0.005365330390600445,0.004885715216336461,8.008051388209406,1.4346395416997442,0.09585360778199795,0.08437411884129561,0.0759626835423673
1.2,9,8.0,filter,lin,0.15766870664614263,0.008034085493577947,0.008234363719680168,0.00821915707094504,8.0116549049264,1.5319930039755776,0.1294203161140064,0.12734144187058813,0.12604428404866508
1.2,9,8.0,smooth,standard_dml,0.35409789966228633,,,,,17.121864277247074,,,
1.2,9,8.0,smooth,oracle_state,0.02696686406821791,,,,,1.003252435361819,,,
1.2,9,8.0,smooth,hard_fe,0.14419718734894738,,,,,1.4340255063701022,,,
1.2,9,16.0,smooth,lin,0.1290900132584496,0.004536229194864186,0.004896067881764707,0.004885715216336461,16.002307371489255,2.264962512236094,0.10429215806130798,0.10074564051688106,0.09614746401971352
1.2,9,16.0,smooth,gbm,0.11573277880799093,0.004536229194864186,0.005365330390600445,0.004885715216336461,16.002307371489255,2.470110869220133,0.10850355665981912,0.10074564051688106,0.08816219723771938
1.2,9,16.0,filter,lin,0.14630169258814152,0.008034085493577947,0.008234363719680168,0.00821915707094504,16.0088153830304,3.114771344279303,0.12717175861853425,0.12615985797518592,0.12387701428651543
1.2,9,16.0,smooth,standard_dml,0.18492701260365796,,,,,65.37039116822677,,,
1.2,9,16.0,smooth,oracle_state,0.02696686406821791,,,,,1.003252435361819,,,
1.2,9,16.0,smooth,hard_fe,0.14194994920732618,,,,,2.71564326209213,,,
1.2,9,32.0,smooth,lin,0.09230142171906652,0.004536229194864186,0.004896067881764707,0.004885715216336461,31.990819338048947,6.033610733894384,0.07816026789983525,0.07714267299718722,0.07215464920549362
1.2,9,32.0,smooth,gbm,0.08841406942498797,0.004536229194864186,0.005365330390600445,0.004885715216336461,31.990819338048947,6.529749962221368,0.07931381573225657,0.07714267299718722,0.06667224142814598
1.2,9,32.0,filter,lin,0.09362041344296212,0.008034085493577947,0.008234363719680168,0.00821915707094504,32.003136339238374,9.442323693243937,0.08381042039731168,0.08358949495749349,0.08169046362900297
1.2,9,32.0,smooth,standard_dml,0.09347580421307011,,,,,258.2552918361601,,,
1.2,9,32.0,smooth,oracle_state,0.026966864068218133,,,,,1.0032524353618189,,,
1.2,9,32.0,smooth,hard_fe,0.0948684596889986,,,,,7.830751996844051,,,
1.2,8,0.25,smooth,lin,0.0245198381776508,0.004115981242805245,0.005120394473168377,0.005115054009308329,0.23581974902408093,0.9674034652545312,0.0038390672587029343,0.003086192012826653,0.003010004714250566
1.2,8,0.25,smooth,gbm,-0.022776752372666298,0.004115981242805245,0.006047737730892366,0.005115054009308329,0.23581974902408093,1.061077315326326,0.00453408948666529,0.003086192012826653,0.002744275981531981
1.2,8,0.25,filter,lin,0.027681593569080176,0.006755766194706207,0.008832140438892492,0.008826973510006447,0.2348191915057864,0.9676334863894371,0.0066204507822270305,0.005064686156309555,0.004918340192304712
1.2,8,0.25,smooth,standard_dml,0.19969581069222686,,,,,0.9800578944105459,,,
1.2,8,0.25,smooth,oracle_state,0.016261444125866387,,,,,0.966625857717337,,,
1.2,8,0.25,smooth,hard_fe,0.02753653142902901,,,,,0.9678151198364158,,,
1.2,8,0.5,smooth,lin,0.02897232755455348,0.004115981242805245,0.005120394473168377,0.005115054009308329,0.4853388958246418,0.9689472559459361,0.007670772364647347,0.006167625406586328,0.00618499855185976
1.2,8,0.5,smooth,gbm,-0.012113281979834634,0.004115981242805245,0.006047737730892366,0.005115054009308329,0.4853388958246418,1.052553614794595,0.009057911627859825,0.006167625406586328,0.005693712216288022
1.2,8,0.5,filter,lin,0.03502111301190158,0.006755766194706207,0.008832140438892492,0.008826973510006447,0.4837408080157246,0.9699070255230712,0.01321902259233863,0.01011656300846451,0.01010830846192719
1.2,8,0.5,smooth,standard_dml,0.3760608199995221,,,,,1.0254505037315487,,,
1.2,8,0.5,smooth,oracle_state,0.016261444125866387,,,,,0.966625857717337,,,
1.2,8,0.5,smooth,hard_fe,0.03302385213904224,,,,,0.9699043276517393,,,
1.2,8,1.0,smooth,lin,0.03776028621723437,0.004115981242805245,0.005120394473168377,0.005115054009308329,0.9843771894257634,0.9739549852561836,0.015282928795367507,0.012297328156387422,0.012480077956958319
1.2,8,1.0,smooth,gbm,0.009160376779594914,0.004115981242805245,0.006047737730892366,0.005115054009308329,0.9843771894257634,1.052277977702648,0.018034147399007647,0.012297328156387422,0.011551162715675613
1.2,8,1.0,filter,lin,0.04942940246852423,0.006755766194706207,0.008832140438892492,0.008826973510006447,0.9815840410356009,0.9777661564549236,0.026264450005677065,0.020131296253434055,0.020346436327070207
1.2,8,1.0,smooth,standard_dml,0.6324092847592171,,,,,1.2104002563763894,,,
1.2,8,1.0,smooth,oracle_state,0.016261444125866387,,,,,0.9666258577173368,,,
1.2,8,1.0,smooth,hard_fe,0.043821407835223924,,,,,0.9764494227873597,,,
1.2,8,2.0,smooth,lin,0.054641341065287286,0.004115981242805245,0.005120394473168377,0.005115054009308329,1.9824537766280066,0.9916510355864314,0.03010575350360848,0.024295881880442217,0.02468532457439691
1.2,8,2.0,smooth,gbm,0.02344781861787726,0.004115981242805245,0.006047737730892366,0.005115054009308329,1.9824537766280066,1.0720622955266093,0.03542935655956805,0.024295881880442217,0.022833773541082708
1.2,8,2.0,filter,lin,0.07654141852646612,0.006755766194706207,0.008832140438892492,0.008826973510006447,1.9772705070753522,1.0067326289769674,0.05118456554844471,0.03946804950964426,0.03980593316935656
1.2,8,2.0,smooth,standard_dml,0.7793430652891262,,,,,1.9569578976774131,,,
1.2,8,2.0,smooth,oracle_state,0.016261444125866165,,,,,0.9666258577173367,,,
1.2,8,2.0,smooth,hard_fe,0.06437217557880848,,,,,0.9990063310784933,,,
1.2,8,4.0,smooth,lin,0.08414132346731384,0.004115981242805245,0.005120394473168377,0.005115054009308329,3.978606951032494,1.057765503085937,0.05679197651531157,0.0463400204352216,0.04644471256200687
1.2,8,4.0,smooth,gbm,0.05993078934587537,0.004115981242805245,0.006047737730892366,0.005115054009308329,3.978606951032494,1.1496755903376144,0.06616999259663571,0.0463400204352216,0.04273171941869801
1.2,8,4.0,filter,lin,0.12034932565885614,0.006755766194706207,0.008832140438892492,0.008826973510006447,3.9686434391548557,1.11765841665441,0.09286284258978582,0.07316105104930533,0.07196624689323632
1.2,8,4.0,smooth,standard_dml,0.6142160032009987,,,,,4.956705724324831,,,
1.2,8,4.0,smooth,oracle_state,0.016261444125866387,,,,,0.9666258577173367,,,
1.2,8,4.0,smooth,hard_fe,0.09921177806594361,,,,,1.0819870197403312,,,
1.2,8,8.0,smooth,lin,0.12082948269780758,0.004115981242805245,0.005120394473168377,0.005115054009308329,7.970913299841467,1.312883905440989,0.09255779300420715,0.0781872464730954,0.07496808246534403
1.2,8,8.0,smooth,gbm,0.09505878712234428,0.004115981242805245,0.006047737730892366,0.005115054009308329,7.970913299841467,1.461692950940621,0.10464306250760215,0.0781872464730954,0.0673358853014824
1.2,8,8.0,filter,lin,0.16075914884184717,0.006755766194706207,0.008832140438892492,0.008826973510006447,7.951389303313866,1.5514813625427146,0.1354227274795281,0.11319596036055565,0.10387052339753278
1.2,8,8.0,smooth,standard_dml,0.3581980192413745,,,,,16.982731553801145,,,
1.2,8,8.0,smooth,oracle_state,0.016261444125866387,,,,,0.9666258577173368,,,
1.2,8,8.0,smooth,hard_fe,0.13821562863582892,,,,,1.3994158853822891,,,
1.2,8,16.0,smooth,lin,0.1287010962746118,0.004115981242805245,0.005120394473168377,0.005115054009308329,15.955525997459414,2.314678579575258,0.1063600063758889,0.09620097696861155,0.08511675828877108
1.2,8,16.0,smooth,gbm,0.11988588541370127,0.004115981242805245,0.006047737730892366,0.005115054009308329,15.955525997459414,2.617943378099501,0.11391925077655898,0.09620097696861155,0.07525676025771366
1.2,8,16.0,filter,lin,0.14668617327055755,0.006755766194706207,0.008832140438892492,0.008826973510006447,15.916881031631869,3.267012736453004,0.13000279275756924,0.11880549967053564,0.09874224755738646
1.2,8,16.0,smooth,standard_dml,0.1866809596158976,,,,,65.14090391747968,,,
1.2,8,16.0,smooth,oracle_state,0.016261444125866387,,,,,0.9666258577173367,,,
1.2,8,16.0,smooth,hard_fe,0.13846660877848116,,,,,2.6401435699393345,,,
1.2,8,32.0,smooth,lin,0.0917232716041756,0.004115981242805245,0.005120394473168377,0.005115054009308329,31.92475139269533,6.284499405540453,0.07873386411813184,0.07577219971024385,0.06272656074931446
1.2,8,32.0,smooth,gbm,0.07499515370249199,0.004115981242805245,0.006047737730892366,0.005115054009308329,31.92475139269533,7.406884482957697,0.0807162839904881,0.07577219971024385,0.053221436711707835
1.2,8,32.0,filter,lin,0.09305081689667016,0.006755766194706207,0.008832140438892492,0.008826973510006447,31.847864488267916,10.089617412808296,0.08441617319890643,0.08190974617870554,0.06397370211787018
1.2,8,32.0,smooth,standard_dml,0.09428871760288282,,,,,257.88173146374044,,,
1.2,8,32.0,smooth,oracle_state,0.016261444125866165,,,,,0.966625857717337,,,
1.2,8,32.0,smooth,hard_fe,0.09408422511287706,,,,,7.545078752145945,,,
1.2,10,0.25,smooth,lin,0.014965070657228408,0.005249003528238715,0.0073167693658091485,0.007282855391468519,0.34547894267292256,0.9984262537924558,0.0054850687129363515,0.003935461567950573,0.005448835651509149
1.2,10,0.25,smooth,gbm,0.001417136999766866,0.005249003528238715,0.007849854534908317,0.007282855391468519,0.34547894267292256,1.0808147567266648,0.005884503869969403,0.003935461567950573,0.005033481022727082
1.2,10,0.25,filter,lin,0.016623292331137574,0.008420644584150424,0.011356792376601352,0.011325240324590254,0.34816704685435146,0.9982474016017893,0.008511552786338705,0.006312161408876448,0.008810814692137597
1.2,10,0.25,smooth,standard_dml,0.260499590120866,,,,,1.026847631287055,,,
1.2,10,0.25,smooth,oracle_state,0.013427377036205446,,,,,0.9990786841935918,,,
1.2,10,0.25,smooth,hard_fe,0.018357737071997615,,,,,0.9989244774309,,,
1.2,10,0.5,smooth,lin,0.020608164578264976,0.005249003528238715,0.0073167693658091485,0.007282855391468519,0.5944986905786039,0.9991154214529634,0.010955115036189797,0.00786318681851967,0.009369865555199914
1.2,10,0.5,smooth,gbm,0.0015382002385093685,0.005249003528238715,0.007849854534908317,0.007282855391468519,0.5944986905786039,1.0912641414530617,0.011751719480248727,0.00786318681851967,0.008578653707686072
1.2,10,0.5,filter,lin,0.025361669805618714,0.008420644584150424,0.011356792376601352,0.011325240324590254,0.5967322742334602,0.9994453041112163,0.016986959222651667,0.012604432514627988,0.015082977645325735
1.2,10,0.5,smooth,standard_dml,0.42053706482847386,,,,,1.0846819246855526,,,
1.2,10,0.5,smooth,oracle_state,0.013427377036205446,,,,,0.9990786841935918,,,
1.2,10,0.5,smooth,hard_fe,0.026087655321168413,,,,,1.0004069341370398,,,
1.2,10,1.0,smooth,lin,0.03178386454505211,0.005249003528238715,0.0073167693658091485,0.007282855391468519,1.0925381863899666,1.003237545286157,0.021790869332242942,0.01566478606737937,0.017148690722477065
1.2,10,1.0,smooth,gbm,0.02038868836556529,0.005249003528238715,0.007849854534908317,0.007282855391468519,1.0925381863899666,1.092518472286538,0.023366142782837777,0.01566478606737937,0.015747294733866237
1.2,10,1.0,filter,lin,0.04259466515855914,0.008420644584150424,0.011356792376601352,0.011325240324590254,1.0938627289916778,1.0060999062712959,0.033687791871888854,0.025050988283633082,0.027465550510261186
1.2,10,1.0,smooth,standard_dml,0.6439283940105911,,,,,1.2943365943447689,,,
1.2,10,1.0,smooth,oracle_state,0.013427377036205446,,,,,0.9990786841935918,,,
1.2,10,1.0,smooth,hard_fe,0.041320118727922184,,,,,1.0072291487628433,,,
1.2,10,2.0,smooth,lin,0.053283836372250315,0.005249003528238715,0.0073167693658091485,0.007282855391468519,2.088617178012692,1.0224569470012583,0.042652307798529514,0.030846370342390038,0.032167101906878964
1.2,10,2.0,smooth,gbm,0.040624598957960556,0.005249003528238715,0.007849854534908317,0.007282855391468519,2.088617178012692,1.115888666111527,0.045665264475719836,0.030846370342390038,0.029473797707968385
1.2,10,2.0,filter,lin,0.07513019498601592,0.008420644584150424,0.011356792376601352,0.011325240324590254,2.0881236385081126,1.0364442991563574,0.06517981954857795,0.048877545741561564,0.050895201088815685
1.2,10,2.0,smooth,standard_dml,0.7599970071989162,,,,,2.0895902651120846,,,
1.2,10,2.0,smooth,oracle_state,0.013427377036205446,,,,,0.9990786841935918,,,
1.2,10,2.0,smooth,hard_fe,0.07011458685929495,,,,,1.036302782868546,,,
1.2,10,4.0,smooth,lin,0.09021368688751008,0.005249003528238715,0.0073167693658091485,0.007282855391468519,4.080775161258143,1.104796366626316,0.07859969852807673,0.05810790478325107,0.058164573671080765
1.2,10,4.0,smooth,gbm,0.08054653119172839,0.005249003528238715,0.007849854534908317,0.007282855391468519,4.080775161258143,1.2218408737137405,0.0836873216029161,0.05810790478325107,0.052592781139218864
1.2,10,4.0,filter,lin,0.12691935976115176,0.008420644584150424,0.011356792376601352,0.011325240324590254,4.076645457540984,1.1652738391860884,0.11532580834297756,0.08905000053431864,0.08837746460742925
1.2,10,4.0,smooth,standard_dml,0.5974925928240253,,,,,5.18387493244225,,,
1.2,10,4.0,smooth,oracle_state,0.013427377036205446,,,,,0.9990786841935918,,,
1.2,10,4.0,smooth,hard_fe,0.1165421461712044,,,,,1.1561668704963337,,,
1.2,10,8.0,smooth,lin,0.131510165173498,0.005249003528238715,0.0073167693658091485,0.007282855391468519,8.065091127749037,1.4450776706558512,0.11959794680298663,0.09429797788558694,0.08788529359651975
1.2,10,8.0,smooth,gbm,0.11909359521932372,0.005249003528238715,0.007849854534908317,0.007282855391468519,8.065091127749037,1.5928602865344461,0.1253978143384528,0.09429797788558694,0.07973145945629546
1.2,10,8.0,filter,lin,0.16983284837788037,0.008420644584150424,0.011356792376601352,0.011325240324590254,8.05368909560673,1.6954959362839828,0.15783966764634738,0.1313228143252945,0.11999542791117594
1.2,10,8.0,smooth,standard_dml,0.3517352744619997,,,,,17.387553570284712,,,
1.2,10,8.0,smooth,oracle_state,0.013427377036205224,,,,,0.9990786841935918,,,
1.2,10,8.0,smooth,hard_fe,0.15760443163593396,,,,,1.6427623234174396,,,
1.2,10,16.0,smooth,lin,0.13111213889830653,0.005249003528238715,0.0073167693658091485,0.007282855391468519,16.03372306073084,2.8280501378325984,0.12223932004151057,0.10749982602984201,0.08927819325835488
1.2,10,16.0,smooth,gbm,0.1247348720921202,0.005249003528238715,0.007849854534908317,0.007282855391468519,16.03372306073084,3.112525324751292,0.1251985911595833,0.10749982602984201,0.08111844255272388
1.2,10,16.0,filter,lin,0.14769441157586471,0.008420644584150424,0.011356792376601352,0.011325240324590254,16.007776371738206,3.8461921986335015,0.13951337604075437,0.12808342350540358,0.10513967200354121
1.2,10,16.0,smooth,standard_dml,0.1845376934679268,,,,,65.85534805869816,,,
1.2,10,16.0,smooth,oracle_state,0.013427377036205446,,,,,0.9990786841935918,,,
1.2,10,16.0,smooth,hard_fe,0.14076494015881358,,,,,3.603422339921772,,,
1.2,10,32.0,smooth,lin,0.08713971322543013,0.005249003528238715,0.0073167693658091485,0.007282855391468519,31.970986926694433,8.403634508656808,0.08271068120070733,0.07904407061788062,0.059908301464070585
1.2,10,32.0,smooth,gbm,0.07615764932951818,0.005249003528238715,0.007849854534908317,0.007282855391468519,31.970986926694433,9.332836048623465,0.08337741800971894,0.07904407061788062,0.05394367445389058
1.2,10,32.0,filter,lin,0.09020051036720478,0.008420644584150424,0.011356792376601352,0.011325240324590254,31.91595092400117,12.50859299594746,0.08632681828739945,0.08400745271385844,0.06445638115732245
1.2,10,32.0,smooth,standard_dml,0.0935277730005335,,,,,259.0326858864392,,,
1.2,10,32.0,smooth,oracle_state,0.013427377036205446,,,,,0.9990786841935915,,,
1.2,10,32.0,smooth,hard_fe,0.08748816511314761,,,,,11.474618815578925,,,
1.2,11,0.25,smooth,lin,0.013967705589197132,0.005415751590895701,0.005905705176152882,0.005896550592982661,0.2625075184582032,0.9630502438519294,0.004427644609384174,0.0040604392975101995,0.004428664609519631
1.2,11,0.25,smooth,gbm,-0.009978527665787995,0.005415751590895701,0.0069499935453127375,0.005896550592982661,0.2625075184582032,1.0467105666599519,0.005210231966575973,0.0040604392975101995,0.004074695209914588
1.2,11,0.25,filter,lin,0.01369183579176858,0.009159863031419573,0.011488614150368037,0.011474297316741511,0.2681125764589713,0.9625564806502859,0.00861027810259802,0.006865966566481724,0.007654224536640302
1.2,11,0.25,smooth,standard_dml,0.20650369186189854,,,,,0.9796354562128496,,,
1.2,11,0.25,smooth,oracle_state,0.013631744229600562,,,,,0.9633343664718759,,,
1.2,11,0.25,smooth,hard_fe,0.018939830552549886,,,,,0.9638109024320444,,,
1.2,11,0.5,smooth,lin,0.018186112872661697,0.005415751590895701,0.005905705176152882,0.005896550592982661,0.5124417099917072,0.9635225823612064,0.008845498038341651,0.008112643371032792,0.008640971338713816
1.2,11,0.5,smooth,gbm,-0.007624120071983431,0.005415751590895701,0.0069499935453127375,0.005896550592982661,0.5124417099917072,1.046224936287628,0.010406908331536397,0.008112643371032792,0.007957916820382292
1.2,11,0.5,filter,lin,0.022170186114457202,0.009159863031419573,0.011488614150368037,0.011474297316741511,0.5171922713089343,0.9633315579475618,0.01718356738170823,0.013708402774181602,0.01475320826048296
1.2,11,0.5,smooth,standard_dml,0.37522757136451235,,,,,1.0273180900875771,,,
1.2,11,0.5,smooth,oracle_state,0.013631744229600784,,,,,0.9633343664718759,,,
1.2,11,0.5,smooth,hard_fe,0.02445594532940354,,,,,0.9652078297372245,,,
1.2,11,1.0,smooth,lin,0.02654956795858987,0.005415751590895701,0.005905705176152882,0.005896550592982661,1.0123100930587163,0.9666818988208172,0.017613097765814986,0.016159737647812505,0.017014138788520126
1.2,11,1.0,smooth,gbm,0.008273372726743666,0.005415751590895701,0.0069499935453127375,0.005896550592982661,1.0123100930587163,1.0519680056617193,0.020706073558358847,0.016159737647812505,0.01563475305557581
1.2,11,1.0,filter,lin,0.038912278775105724,0.009159863031419573,0.011488614150368037,0.011474297316741511,1.0153516610088604,0.9691899428485012,0.03407437510312935,0.02723016451696034,0.028788419273824393
1.2,11,1.0,smooth,standard_dml,0.6182735894085345,,,,,1.216027260412133,,,
1.2,11,1.0,smooth,oracle_state,0.013631744229600562,,,,,0.9633343664718759,,,
1.2,11,1.0,smooth,hard_fe,0.035335909684888867,,,,,0.9708644746690009,,,
1.2,11,2.0,smooth,lin,0.04272456187788354,0.005415751590895701,0.005905705176152882,0.005896550592982661,2.0120468591927345,0.9818590895042689,0.034616491875910024,0.03180550665236701,0.033294225500722543
1.2,11,2.0,smooth,gbm,0.0236244053606236,0.005415751590895701,0.0069499935453127375,0.005896550592982661,2.0120468591927345,1.0667131678925308,0.040572059077054135,0.03180550665236701,0.03064576206598654
1.2,11,2.0,filter,lin,0.0705569496260956,0.009159863031419573,0.011488614150368037,0.011474297316741511,2.011670440408713,0.9981396338759324,0.06590314183103332,0.05301667621835252,0.05538290958434091
1.2,11,2.0,smooth,standard_dml,0.7547999100479255,,,,,1.9668212113616494,,,
1.2,11,2.0,smooth,oracle_state,0.013631744229600562,,,,,0.9633343664718759,,,
1.2,11,2.0,smooth,hard_fe,0.05606620026938769,,,,,0.9936289258182166,,,
1.2,11,4.0,smooth,lin,0.07112937355119908,0.005415751590895701,0.005905705176152882,0.005896550592982661,4.0115203914607696,1.047647701928089,0.06475013846737986,0.059806651594447986,0.06221193795007852
1.2,11,4.0,smooth,gbm,0.05290853537633189,0.005415751590895701,0.0069499935453127375,0.005896550592982661,4.0115203914607696,1.1378875669619326,0.07505393295081667,0.059806651594447986,0.05727823707566097
1.2,11,4.0,filter,lin,0.12075895400359404,0.009159863031419573,0.011488614150368037,0.011474297316741511,4.004307999208419,1.1249707008330028,0.1164565752679822,0.09586813291217906,0.09781298156798407
1.2,11,4.0,smooth,standard_dml,0.594527796322396,,,,,4.961911554462301,,,
1.2,11,4.0,smooth,oracle_state,0.013631744229600562,,,,,0.9633343664718759,,,
1.2,11,4.0,smooth,hard_fe,0.09079967158943036,,,,,1.0849624732592995,,,
1.2,11,8.0,smooth,lin,0.10572339789043594,0.005415751590895701,0.005905705176152882,0.005896550592982661,8.010467455996835,1.3209618510033985,0.10285958694517056,0.0965225428289671,0.0985252568096794
1.2,11,8.0,smooth,gbm,0.08712512981290432,0.005415751590895701,0.0069499935453127375,0.005896550592982661,8.010467455996835,1.4532356005384897,0.11544843077190663,0.0965225428289671,0.08955747131275446
1.2,11,8.0,filter,lin,0.16121010435188166,0.009159863031419573,0.011488614150368037,0.011474297316741511,7.989583116807828,1.6543595743559767,0.15889546419356765,0.13859058379414416,0.13271024297711967
1.2,11,8.0,smooth,standard_dml,0.34744385194715965,,,,,16.926102005470074,,,
1.2,11,8.0,smooth,oracle_state,0.013631744229600784,,,,,0.9633343664718758,,,
1.2,11,8.0,smooth,hard_fe,0.12690832754833026,,,,,1.450848148712071,,,
1.2,11,16.0,smooth,lin,0.11087635259829431,0.005415751590895701,0.005905705176152882,0.005896550592982661,16.008361585068982,2.4345378460646945,0.11285413565890633,0.10893083565708496,0.10683421068451993
1.2,11,16.0,smooth,gbm,0.08780250544584467,0.005415751590895701,0.0069499935453127375,0.005896550592982661,16.008361585068982,2.7733392176734517,0.12003450220207813,0.10893083565708496,0.09378294855113449
1.2,11,16.0,filter,lin,0.13846743639996562,0.009159863031419573,0.011488614150368037,0.011474297316741511,15.960133352006649,3.816044279837255,0.13992427163720764,0.13144493042890615,0.11492998357488163
1.2,11,16.0,smooth,standard_dml,0.181351766703717,,,,,64.75052196671152,,,
1.2,11,16.0,smooth,oracle_state,0.013631744229600562,,,,,0.9633343664718759,,,
1.2,11,16.0,smooth,hard_fe,0.12188180988486463,,,,,2.915493821900039,,,
1.2,11,32.0,smooth,lin,0.07655478209070243,0.005415751590895701,0.005905705176152882,0.005896550592982661,32.004149843213234,6.929480623829994,0.08044730113924063,0.07942768525245113,0.07503875174970061
1.2,11,32.0,smooth,gbm,0.07536120236999477,0.005415751590895701,0.0069499935453127375,0.005896550592982661,32.004149843213234,8.021238708053108,0.08219987232139253,0.07942768525245113,0.06482534621041684
1.2,11,32.0,filter,lin,0.08380138369887025,0.009159863031419573,0.011488614150368037,0.011474297316741511,31.901233822404286,12.551041524541137,0.08640531994106983,0.08471794682788161,0.06984542241577738
1.2,11,32.0,smooth,standard_dml,0.09167045079414549,,,,,255.98351812609798,,,
1.2,11,32.0,smooth,oracle_state,0.01363174422960034,,,,,0.9633343664718754,,,
1.2,11,32.0,smooth,hard_fe,0.0795083305934241,,,,,8.776282457405673,,,
